ID,Label,AAC_A,AAC_C,AAC_F,AAC_G,AAC_I,AAC_L,AAC_M,AAC_N,AAC_P,AAC_Q,AAC_S,AAC_T,AAC_V,AAC_W,AAC_Y,Length,NetCharge,pI,K_frac,R_frac,H_frac,D_frac,E_frac,GRAVY,HydrophobicFrac,AromaticFrac,BomanIndex
Positive_1708,1,0.0,0.0,0.5,0.0,0.0,0.0,0.0,0.0,0.0,0.0,0.0,0.0,0.0,0.0,0.0,2.0,0.557428,9.750021,0.0,0.5,0.0,0.0,0.0,-0.85,0.5,0.5,5.97
Positive_1579,1,0.117647,0.294118,0.0,0.0,0.117647,0.0,0.0,0.0,0.0,0.0,0.294118,0.176471,0.0,0.0,0.0,17.0,-0.565064,5.492488,0.0,0.0,0.0,0.0,0.0,1.117647,0.235294,0.0,0.285294
Positive_1364,1,0.131579,0.0,0.026316,0.131579,0.105263,0.078947,0.026316,0.0,0.052632,0.052632,0.0,0.0,0.078947,0.026316,0.0,38.0,6.280594,11.999968,0.052632,0.184211,0.0,0.052632,0.0,-0.097368,0.473684,0.052632,2.002368
Positive_1214,1,0.095238,0.0,0.285714,0.095238,0.0,0.0,0.0,0.0,0.0,0.0,0.0,0.0,0.0,0.095238,0.0,21.0,6.618128,11.999968,0.238095,0.095238,0.095238,0.0,0.0,-0.814286,0.47619,0.380952,1.850952
Positive_1052,1,0.333333,0.0,0.0,0.166667,0.083333,0.083333,0.0,0.0,0.083333,0.0,0.0,0.0,0.083333,0.0,0.0,12.0,-0.391776,5.88121,0.0,0.083333,0.0,0.083333,0.0,0.775,0.583333,0.0,0.053333
Positive_1161,1,0.0,0.0,0.5,0.5,0.0,0.0,0.0,0.0,0.0,0.0,0.0,0.0,0.0,0.0,0.0,2.0,-0.442547,5.525,0.0,0.0,0.0,0.0,0.0,1.2,0.5,0.5,-1.96
Positive_1644,1,0.333333,0.333333,0.0,0.0,0.0,0.0,0.0,0.0,0.0,0.0,0.0,0.166667,0.166667,0.0,0.0,6.0,-0.441204,5.55342,0.0,0.0,0.0,0.0,0.0,2.016667,0.5,0.0,-1.275
Positive_1187,1,0.0,0.5,0.0,0.0,0.0,0.0,0.0,0.0,0.0,0.0,0.0,0.0,0.0,0.0,0.0,6.0,2.478906,9.157363,0.333333,0.166667,0.0,0.0,0.0,-0.8,0.0,0.0,3.696667
Positive_1226,1,0.2,0.0,0.0,0.0,0.0,0.4,0.0,0.0,0.04,0.0,0.0,0.0,0.0,0.04,0.0,25.0,7.537408,10.845339,0.32,0.0,0.0,0.0,0.0,0.532,0.64,0.04,-0.6472
Positive_1369,1,0.363636,0.0,0.0,0.136364,0.090909,0.090909,0.045455,0.0,0.0,0.0,0.045455,0.0,0.045455,0.0,0.0,22.0,3.54743,10.47774,0.181818,0.0,0.0,0.0,0.0,0.886364,0.636364,0.0,-0.807727
Positive_1051,1,0.0,0.0,0.0,0.2,0.2,0.2,0.0,0.0,0.0,0.2,0.0,0.0,0.0,0.0,0.0,5.0,0.557428,9.750021,0.0,0.2,0.0,0.0,0.0,-0.02,0.4,0.0,1.936
Positive_1392,1,0.0,0.0,0.04,0.0,0.16,0.08,0.08,0.0,0.0,0.16,0.04,0.08,0.12,0.04,0.04,25.0,3.513103,10.461494,0.12,0.04,0.0,0.0,0.0,0.408,0.56,0.12,0.4304
Positive_1049,1,0.0,0.0,0.0,0.0,0.0,0.0,0.333333,0.0,0.333333,0.0,0.0,0.0,0.0,0.0,0.0,3.0,0.284863,9.500077,0.0,0.333333,0.0,0.0,0.0,-1.4,0.333333,0.0,4.19
Positive_1220,1,0.230769,0.0,0.0,0.076923,0.0,0.0,0.0,0.0,0.076923,0.0,0.076923,0.0,0.0,0.0,0.0,13.0,-0.301247,6.860262,0.230769,0.0,0.076923,0.0,0.230769,-1.753846,0.230769,0.0,2.982308
Positive_1634,1,0.027778,0.083333,0.097222,0.111111,0.027778,0.027778,0.013889,0.0,0.041667,0.069444,0.013889,0.055556,0.083333,0.0,0.041667,72.0,3.535124,8.816132,0.111111,0.041667,0.055556,0.041667,0.055556,-0.459722,0.319444,0.138889,1.625694
Positive_1178,1,0.0,0.0,0.25,0.0,0.0,0.25,0.0,0.0,0.25,0.0,0.0,0.0,0.25,0.0,0.0,8.0,-0.476849,5.494989,0.0,0.0,0.0,0.0,0.0,2.3,0.75,0.25,-2.985
Positive_NA13,1,0.138889,0.0,0.027778,0.138889,0.111111,0.055556,0.027778,0.055556,0.027778,0.0,0.0,0.0,0.083333,0.027778,0.0,36.0,6.542105,10.728974,0.194444,0.055556,0.0,0.0,0.055556,-0.080556,0.472222,0.055556,0.903889
Positive_1125,1,0.060606,0.181818,0.0,0.090909,0.030303,0.090909,0.0,0.060606,0.060606,0.090909,0.0,0.0,0.121212,0.0,0.060606,33.0,1.490288,8.345513,0.030303,0.060606,0.030303,0.030303,0.0,0.218182,0.363636,0.060606,0.878485
Positive_1238,1,0.28,0.0,0.0,0.0,0.0,0.24,0.0,0.0,0.04,0.0,0.0,0.0,0.0,0.04,0.0,25.0,7.610661,10.845339,0.32,0.0,0.08,0.0,0.0,-0.188,0.56,0.04,0.368
Positive_1170,1,0.0,0.0,0.5,0.5,0.0,0.0,0.0,0.0,0.0,0.0,0.0,0.0,0.0,0.0,0.0,2.0,-0.442547,5.525,0.0,0.0,0.0,0.0,0.0,1.2,0.5,0.5,-1.96
Positive_1062,1,0.321429,0.0,0.0,0.035714,0.0,0.214286,0.0,0.035714,0.0,0.0,0.0,0.035714,0.107143,0.035714,0.0,28.0,5.592769,10.699383,0.214286,0.0,0.0,0.0,0.0,0.810714,0.678571,0.035714,-0.6675
Positive_1047,1,0.0,0.0,0.0,0.0,0.333333,0.0,0.0,0.0,0.0,0.333333,0.0,0.0,0.0,0.0,0.0,3.0,0.554947,8.750052,0.333333,0.0,0.0,0.0,0.0,-0.966667,0.333333,0.0,2.056667
Positive_1499,1,0.142857,0.0,0.028571,0.114286,0.114286,0.057143,0.028571,0.057143,0.028571,0.0,0.0,0.0,0.085714,0.028571,0.0,35.0,6.542105,10.728974,0.2,0.057143,0.0,0.0,0.057143,-0.071429,0.485714,0.057143,0.956571
Positive_1236,1,0.28,0.0,0.0,0.0,0.0,0.24,0.0,0.0,0.04,0.0,0.0,0.0,0.0,0.04,0.0,25.0,7.610661,10.845339,0.32,0.0,0.08,0.0,0.0,-0.188,0.56,0.04,0.368
Positive_1012,1,0.214286,0.142857,0.0,0.0,0.0,0.214286,0.0,0.0,0.142857,0.0,0.0,0.0,0.142857,0.0,0.0,14.0,0.545047,8.081644,0.0,0.071429,0.071429,0.0,0.0,1.378571,0.571429,0.0,-0.803571
Positive_1040,1,0.409091,0.090909,0.0,0.090909,0.0,0.0,0.0,0.0,0.0,0.0,0.0,0.0,0.0,0.0,0.0,22.0,-3.270456,5.982043,0.0,0.0,0.272727,0.136364,0.0,-0.422727,0.409091,0.0,1.517727
Positive_1281,1,0.0,0.0,0.5,0.0,0.0,0.0,0.0,0.0,0.0,0.0,0.0,0.0,0.0,0.0,0.0,2.0,0.554947,8.750052,0.5,0.0,0.0,0.0,0.0,-0.55,0.5,0.5,1.285
Positive_1173,1,0.0,0.0,0.3,0.0,0.0,0.1,0.0,0.1,0.1,0.1,0.0,0.0,0.1,0.0,0.1,10.0,0.51814,8.561482,0.1,0.0,0.0,0.0,0.0,0.26,0.6,0.4,-0.003
Positive_1158,1,0.0,0.0,0.0,0.0,0.0,0.0,0.0,0.0,0.0,0.0,0.0,0.0,1.0,0.0,0.0,2.0,-0.476849,5.494989,0.0,0.0,0.0,0.0,0.0,4.2,1.0,0.0,-4.04
Positive_1403,1,0.0,0.0,0.142857,0.142857,0.071429,0.071429,0.0,0.0,0.0,0.0,0.0,0.0,0.071429,0.071429,0.0,14.0,5.542419,10.699318,0.428571,0.0,0.0,0.0,0.0,-0.5,0.428571,0.214286,0.660714
Positive_1258,1,0.5,0.0,0.5,0.0,0.0,0.0,0.0,0.0,0.0,0.0,0.0,0.0,0.0,0.0,0.0,2.0,-0.442547,5.525,0.0,0.0,0.0,0.0,0.0,2.3,1.0,0.5,-2.395
Positive_1038,1,0.333333,0.111111,0.0,0.222222,0.0,0.0,0.0,0.0,0.0,0.0,0.0,0.0,0.0,0.0,0.0,9.0,-1.393351,5.96806,0.0,0.0,0.222222,0.111111,0.0,-0.311111,0.333333,0.0,1.05
Positive_1404,1,0.0,0.0,0.142857,0.071429,0.071429,0.071429,0.0,0.0,0.142857,0.0,0.0,0.0,0.071429,0.142857,0.0,14.0,3.54743,10.47774,0.285714,0.0,0.0,0.0,0.0,-0.207143,0.5,0.285714,-0.231429
Positive_1175,1,0.0,0.0,0.2,0.0,0.0,0.1,0.0,0.1,0.1,0.1,0.0,0.0,0.1,0.1,0.1,10.0,0.51814,8.561482,0.1,0.0,0.0,0.0,0.0,-0.11,0.6,0.4,0.062
Positive_1171,1,0.0,0.0,0.0,0.5,0.0,0.0,0.0,0.0,0.0,0.0,0.0,0.0,0.5,0.0,0.0,2.0,-0.476849,5.494989,0.0,0.0,0.0,0.0,0.0,1.9,0.5,0.0,-2.49
Positive_1182,1,0.0,0.0,0.0,0.0,0.0,0.090909,0.0,0.0,0.363636,0.0,0.0,0.0,0.0,0.0,0.090909,11.0,4.554822,11.999968,0.0,0.454545,0.0,0.0,0.0,-2.4,0.181818,0.090909,6.347273
Positive_1681,1,0.0,0.0,0.0,1.0,0.0,0.0,0.0,0.0,0.0,0.0,0.0,0.0,0.0,0.0,0.0,3.0,-0.442547,5.525,0.0,0.0,0.0,0.0,0.0,-0.4,0.0,0.0,-0.94
Positive_1074,1,0.111111,0.123457,0.049383,0.08642,0.049383,0.061728,0.024691,0.024691,0.012346,0.024691,0.049383,0.061728,0.061728,0.0,0.049383,81.0,2.022327,8.354023,0.061728,0.061728,0.0,0.049383,0.037037,0.214815,0.407407,0.098765,1.139012
Positive_1370,1,0.307692,0.0,0.0,0.0,0.0,0.384615,0.0,0.0,0.0,0.0,0.0,0.0,0.0,0.0,0.0,26.0,3.693936,10.477805,0.153846,0.0,0.153846,0.0,0.0,0.923077,0.692308,0.0,-0.878462
Positive_1383,1,0.0,0.333333,0.166667,0.166667,0.0,0.0,0.166667,0.0,0.0,0.0,0.0,0.166667,0.0,0.0,0.0,6.0,-0.491554,5.511416,0.0,0.0,0.0,0.0,0.0,1.433333,0.333333,0.166667,-1.043333
Positive_1528,1,0.0,0.0,0.384615,0.0,0.076923,0.076923,0.0,0.0,0.230769,0.0,0.0,0.0,0.0,0.0,0.0,13.0,2.554897,11.999968,0.076923,0.153846,0.0,0.0,0.0,0.353846,0.538462,0.384615,0.819231
Positive_1744,1,0.053333,0.08,0.013333,0.106667,0.053333,0.04,0.08,0.066667,0.013333,0.04,0.026667,0.053333,0.026667,0.013333,0.026667,75.0,3.497812,8.803625,0.133333,0.026667,0.04,0.026667,0.08,-0.694667,0.306667,0.053333,1.8724
Positive_1377,1,0.181818,0.0,0.090909,0.0,0.0,0.318182,0.0,0.0,0.045455,0.0,0.0,0.0,0.0,0.0,0.0,22.0,3.693936,10.477805,0.181818,0.0,0.181818,0.0,0.0,0.427273,0.590909,0.090909,-0.309091
Positive_NA11,1,0.0,0.0,0.5,0.0,0.0,0.0,0.0,0.0,0.0,0.0,0.0,0.0,0.0,0.0,0.0,4.0,1.552442,10.002737,0.5,0.0,0.0,0.0,0.0,-0.55,0.5,0.5,1.285
Positive_1642,1,0.142857,0.0,0.0,0.071429,0.0,0.285714,0.0,0.0,0.0,0.0,0.0,0.0,0.285714,0.214286,0.0,14.0,-0.476849,5.494989,0.0,0.0,0.0,0.0,0.0,2.321429,0.928571,0.214286,-3.385
Positive_1532,1,0.0,0.0,0.5,0.0,0.0,0.0,0.0,0.0,0.0,0.0,0.0,0.0,0.0,0.0,0.5,2.0,-0.445053,5.524318,0.0,0.0,0.0,0.0,0.0,0.75,1.0,1.0,-1.42
Positive_1636,1,0.019608,0.117647,0.078431,0.137255,0.039216,0.019608,0.019608,0.0,0.039216,0.078431,0.0,0.058824,0.078431,0.0,0.039216,51.0,0.154788,7.554323,0.117647,0.0,0.058824,0.058824,0.039216,-0.307843,0.294118,0.117647,1.097059
Positive_1622,1,0.022727,0.181818,0.0,0.113636,0.0,0.045455,0.0,0.022727,0.045455,0.0,0.113636,0.022727,0.045455,0.045455,0.022727,44.0,0.393306,7.704321,0.068182,0.090909,0.022727,0.045455,0.090909,-0.740909,0.181818,0.068182,2.561136
Positive_1145,1,0.111111,0.0,0.0,0.0,0.166667,0.166667,0.0,0.0,0.0,0.055556,0.055556,0.0,0.0,0.0,0.0,18.0,5.625594,11.999968,0.111111,0.222222,0.111111,0.0,0.0,-0.444444,0.444444,0.0,3.105556
Positive_1033,1,0.321429,0.0,0.0,0.035714,0.0,0.214286,0.035714,0.071429,0.0,0.0,0.0,0.035714,0.107143,0.035714,0.0,28.0,3.59778,10.477869,0.142857,0.0,0.0,0.0,0.0,1.032143,0.714286,0.035714,-0.910714
Positive_NA14,1,0.125,0.15,0.025,0.15,0.025,0.05,0.0,0.075,0.0,0.0,0.075,0.025,0.075,0.0,0.025,40.0,2.490709,8.679008,0.05,0.075,0.025,0.05,0.0,0.0675,0.325,0.05,1.464
Positive_1664,1,0.111111,0.0,0.0,0.0,0.222222,0.222222,0.0,0.0,0.222222,0.0,0.0,0.0,0.111111,0.0,0.111111,9.0,-0.445053,5.524318,0.0,0.0,0.0,0.0,0.0,2.011111,0.777778,0.111111,-2.821111
Positive_NA15,1,0.153846,0.0,0.0,0.0,0.0,0.307692,0.076923,0.0,0.0,0.0,0.0,0.076923,0.076923,0.076923,0.0,13.0,2.600286,10.302322,0.230769,0.0,0.0,0.0,0.0,0.892308,0.692308,0.076923,-0.984615
Positive_1379,1,0.181818,0.0,0.090909,0.0,0.0,0.318182,0.0,0.0,0.045455,0.0,0.0,0.0,0.0,0.0,0.0,22.0,3.744286,10.477934,0.181818,0.0,0.181818,0.0,0.0,0.427273,0.590909,0.090909,-0.309091
Positive_1185,1,0.0,0.25,0.0,0.0,0.0,0.0,0.0,0.0,0.0,0.0,0.0,0.0,0.0,0.25,0.125,8.0,2.503385,9.502076,0.125,0.25,0.0,0.0,0.0,-1.375,0.375,0.375,3.53875
Positive_1246,1,0.135135,0.0,0.027027,0.108108,0.135135,0.027027,0.0,0.027027,0.027027,0.081081,0.0,0.027027,0.108108,0.027027,0.0,37.0,5.541456,10.39103,0.189189,0.027027,0.0,0.027027,0.027027,-0.072973,0.459459,0.054054,0.846757
Positive_1706,1,0.035714,0.214286,0.0,0.107143,0.0,0.035714,0.035714,0.035714,0.107143,0.035714,0.071429,0.071429,0.071429,0.0,0.0,28.0,4.405346,9.216094,0.071429,0.107143,0.0,0.0,0.0,-0.228571,0.178571,0.0,1.868571
Positive_1222,1,0.1,0.0,0.0,0.066667,0.0,0.133333,0.0,0.033333,0.3,0.033333,0.066667,0.033333,0.066667,0.0,0.0,30.0,-1.368426,5.978121,0.0,0.033333,0.066667,0.066667,0.0,-0.446667,0.3,0.0,0.938667
Positive_1647,1,0.166667,0.333333,0.0,0.0,0.0,0.0,0.0,0.0,0.0,0.0,0.0,0.333333,0.166667,0.0,0.0,6.0,-0.441204,5.55342,0.0,0.0,0.0,0.0,0.0,1.6,0.333333,0.0,-0.545
Positive_1257,1,0.5,0.0,0.0,0.0,0.0,0.0,0.0,0.0,0.0,0.0,0.0,0.0,0.0,0.0,0.5,2.0,-0.445053,5.524318,0.0,0.0,0.0,0.0,0.0,0.25,1.0,0.5,-0.835
Positive_1228,1,0.32,0.0,0.0,0.0,0.0,0.32,0.0,0.0,0.0,0.0,0.0,0.0,0.0,0.04,0.0,25.0,7.537408,10.845339,0.32,0.0,0.0,0.0,0.0,0.508,0.68,0.04,-0.4708
Positive_NA8,1,0.0,0.0,0.25,0.0,0.25,0.0,0.0,0.0,0.25,0.0,0.0,0.0,0.25,0.0,0.0,4.0,-0.476849,5.494989,0.0,0.0,0.0,0.0,0.0,2.475,0.75,0.25,-2.985
Positive_1230,1,0.28,0.0,0.0,0.0,0.0,0.32,0.0,0.0,0.04,0.0,0.0,0.0,0.0,0.04,0.0,25.0,7.537408,10.845339,0.32,0.0,0.0,0.0,0.0,0.372,0.64,0.04,-0.3984
Positive_1372,1,0.230769,0.0,0.0,0.0,0.0,0.307692,0.0,0.0,0.0,0.0,0.0,0.0,0.0,0.0,0.0,26.0,7.683914,10.845339,0.307692,0.0,0.153846,0.0,0.0,-0.107692,0.538462,0.0,0.493077
Positive_1490,1,0.133333,0.0,0.0,0.066667,0.0,0.266667,0.0,0.0,0.0,0.0,0.0,0.0,0.266667,0.266667,0.0,15.0,-0.476849,5.494989,0.0,0.0,0.0,0.0,0.0,2.106667,0.933333,0.266667,-3.314667
Positive_1378,1,0.272727,0.0,0.0,0.0,0.0,0.363636,0.0,0.0,0.0,0.0,0.0,0.0,0.0,0.0,0.0,22.0,3.744286,10.477934,0.181818,0.0,0.181818,0.0,0.0,0.581818,0.636364,0.0,-0.426364
Positive_NA4,1,0.0,0.0,0.166667,0.0,0.0,0.0,0.0,0.0,0.166667,0.0,0.0,0.0,0.166667,0.0,0.166667,6.0,-0.444631,5.835682,0.0,0.166667,0.0,0.166667,0.0,-0.65,0.5,0.333333,2.793333
Positive_1380,1,0.391304,0.0,0.0,0.043478,0.0,0.391304,0.0,0.0,0.0,0.0,0.0,0.0,0.0,0.0,0.0,23.0,3.54743,10.47774,0.173913,0.0,0.0,0.0,0.0,1.495652,0.782609,0.0,-1.70913
Positive_NA1,1,0.0,0.0,0.1,0.0,0.1,0.0,0.0,0.0,0.1,0.0,0.0,0.0,0.1,0.0,0.1,10.0,-0.410064,6.746072,0.1,0.1,0.1,0.2,0.0,-1.0,0.4,0.2,3.077
Positive_1283,1,0.0,0.0,0.5,0.0,0.0,0.0,0.0,0.0,0.0,0.0,0.0,0.0,0.5,0.0,0.0,2.0,-0.442547,5.525,0.0,0.0,0.0,0.0,0.0,3.5,1.0,0.5,-3.51
Positive_1635,1,0.047619,0.0,0.142857,0.047619,0.0,0.047619,0.0,0.0,0.047619,0.047619,0.047619,0.047619,0.095238,0.0,0.047619,21.0,2.588729,10.267122,0.095238,0.142857,0.047619,0.0,0.095238,-0.828571,0.380952,0.190476,2.909524
Positive_1608,1,0.0,0.0,0.142857,0.0,0.0,0.0,0.142857,0.285714,0.0,0.0,0.142857,0.0,0.0,0.0,0.0,7.0,-2.441654,4.050028,0.0,0.0,0.0,0.285714,0.0,-1.442857,0.285714,0.142857,4.112857
Positive_1665,1,0.111111,0.0,0.222222,0.0,0.222222,0.222222,0.0,0.0,0.111111,0.0,0.0,0.0,0.111111,0.0,0.0,9.0,-0.442547,5.525,0.0,0.0,0.0,0.0,0.0,2.955556,0.888889,0.222222,-3.498889
Positive_1205,1,0.1,0.0,0.3,0.1,0.0,0.0,0.0,0.0,0.0,0.0,0.0,0.0,0.0,0.1,0.0,10.0,2.589043,11.166263,0.2,0.1,0.1,0.0,0.0,-0.66,0.5,0.4,1.666
Positive_1492,1,0.086957,0.0,0.130435,0.173913,0.086957,0.043478,0.043478,0.043478,0.0,0.0,0.086957,0.0,0.043478,0.0,0.0,23.0,2.585178,10.001383,0.173913,0.0,0.043478,0.0,0.043478,0.082609,0.434783,0.130435,0.41913
Positive_1186,1,0.0,0.333333,0.0,0.0,0.0,0.0,0.0,0.0,0.0,0.0,0.0,0.0,0.0,0.166667,0.166667,6.0,1.50341,8.903229,0.166667,0.166667,0.0,0.0,0.0,-0.933333,0.333333,0.333333,2.62
Positive_NA6,1,0.0,0.0,0.166667,0.0,0.166667,0.0,0.0,0.0,0.166667,0.0,0.0,0.0,0.0,0.0,0.166667,6.0,0.591549,8.754823,0.0,0.166667,0.166667,0.0,0.0,-0.55,0.5,0.333333,1.97
Positive_1666,1,0.222222,0.0,0.222222,0.0,0.222222,0.111111,0.0,0.0,0.111111,0.0,0.0,0.0,0.111111,0.0,0.0,9.0,-0.392198,5.570017,0.0,0.0,0.0,0.0,0.0,2.733333,0.888889,0.222222,-3.153333
Positive_1249,1,0.090909,0.0,0.136364,0.181818,0.090909,0.045455,0.0,0.045455,0.0,0.0,0.090909,0.0,0.045455,0.0,0.0,22.0,2.585178,10.001383,0.181818,0.0,0.045455,0.0,0.045455,-0.0,0.409091,0.136364,0.545
Positive_1224,1,0.2,0.0,0.0,0.0,0.0,0.44,0.0,0.0,0.0,0.0,0.0,0.0,0.0,0.04,0.0,25.0,7.537408,10.845339,0.32,0.0,0.0,0.0,0.0,0.748,0.68,0.04,-0.844
Positive_1039,1,0.375,0.125,0.0,0.125,0.0,0.0,0.0,0.0,0.0,0.0,0.0,0.0,0.0,0.0,0.0,16.0,-2.344155,5.978234,0.0,0.0,0.25,0.125,0.0,-0.3,0.375,0.0,1.29875
Positive_1661,1,0.0,0.0,0.111111,0.0,0.222222,0.222222,0.0,0.0,0.222222,0.0,0.0,0.0,0.111111,0.111111,0.0,9.0,-0.442547,5.525,0.0,0.0,0.0,0.0,0.0,2.166667,0.777778,0.222222,-3.225556
Positive_1251,1,0.076923,0.0,0.038462,0.115385,0.115385,0.192308,0.0,0.0,0.038462,0.0,0.038462,0.076923,0.076923,0.038462,0.0,26.0,4.544925,10.602487,0.192308,0.0,0.0,0.0,0.0,0.842308,0.538462,0.076923,-0.880769
Positive_1172,1,0.0,0.0,0.333333,0.0,0.0,0.111111,0.0,0.111111,0.111111,0.111111,0.0,0.0,0.111111,0.0,0.111111,9.0,-0.479355,5.494364,0.0,0.0,0.0,0.0,0.0,0.722222,0.666667,0.444444,-0.62
Positive_NA10,1,0.0,0.0,0.5,0.0,0.0,0.0,0.0,0.0,0.0,0.0,0.0,0.0,0.0,0.0,0.0,4.0,0.591574,8.757208,0.25,0.0,0.25,0.0,0.0,-0.375,0.5,0.5,1.0625
Positive_NA2,1,0.0,0.0,0.1,0.0,0.1,0.0,0.0,0.0,0.1,0.0,0.0,0.0,0.1,0.0,0.1,10.0,-0.410064,6.746072,0.1,0.1,0.1,0.2,0.0,-1.0,0.4,0.2,3.077
Positive_1362,1,0.038462,0.0,0.038462,0.153846,0.076923,0.153846,0.0,0.0,0.0,0.038462,0.0,0.076923,0.115385,0.038462,0.0,26.0,4.54354,10.301548,0.230769,0.0,0.0,0.0,0.038462,0.273077,0.461538,0.076923,-0.066538
Positive_1067,1,0.321429,0.0,0.0,0.035714,0.0,0.214286,0.0,0.035714,0.0,0.0,0.0,0.035714,0.107143,0.035714,0.0,28.0,1.598673,9.52941,0.142857,0.0,0.0,0.071429,0.0,0.839286,0.678571,0.035714,-0.441071
Positive_1054,1,0.0,0.0,0.066667,0.066667,0.066667,0.066667,0.066667,0.0,0.066667,0.0,0.0,0.0,0.066667,0.0,0.066667,15.0,4.280198,11.834348,0.066667,0.333333,0.0,0.066667,0.0,-1.066667,0.4,0.133333,4.590667
Positive_1174,1,0.0,0.0,0.222222,0.0,0.0,0.111111,0.0,0.111111,0.111111,0.111111,0.0,0.0,0.111111,0.111111,0.111111,9.0,-0.479355,5.494364,0.0,0.0,0.0,0.0,0.0,0.311111,0.666667,0.444444,-0.547778
Positive_1347,1,0.210526,0.0,0.052632,0.0,0.157895,0.105263,0.0,0.105263,0.052632,0.0,0.105263,0.0,0.052632,0.0,0.0,19.0,0.6282,8.764171,0.052632,0.0,0.105263,0.0,0.0,0.778947,0.578947,0.052632,-0.205789
Positive_1073,1,0.153846,0.0,0.0,0.0,0.0,0.307692,0.0,0.0,0.0,0.0,0.0,0.076923,0.076923,0.076923,0.0,13.0,3.59778,10.477869,0.307692,0.0,0.0,0.0,0.0,0.446154,0.615385,0.076923,-0.376923
Positive_1048,1,0.0,0.0,0.0,0.0,0.25,0.0,0.0,0.0,0.0,0.0,0.0,0.0,0.0,0.0,0.0,4.0,0.557849,9.598714,0.0,0.5,0.0,0.25,0.0,-2.0,0.25,0.0,8.41
Positive_1105,1,0.0,0.0,0.0,0.0,0.0,0.666667,0.0,0.0,0.0,0.0,0.0,0.0,0.0,0.0,0.0,3.0,0.557428,9.750021,0.0,0.333333,0.0,0.0,0.0,1.033333,0.666667,0.0,1.693333
Positive_1882,1,0.066667,0.0,0.066667,0.066667,0.066667,0.2,0.0,0.0,0.0,0.0,0.0,0.0,0.133333,0.066667,0.0,15.0,4.544925,10.602487,0.333333,0.0,0.0,0.0,0.0,0.54,0.6,0.133333,-0.538
Positive_1160,1,0.0,0.0,0.0,0.5,0.0,0.0,0.0,0.0,0.0,0.0,0.0,0.0,0.5,0.0,0.0,2.0,-0.442547,5.525,0.0,0.0,0.0,0.0,0.0,1.9,0.5,0.0,-2.49
Positive_1176,1,0.0,0.0,0.111111,0.0,0.0,0.111111,0.0,0.111111,0.111111,0.111111,0.0,0.0,0.111111,0.222222,0.111111,9.0,-0.479355,5.494364,0.0,0.0,0.0,0.0,0.0,-0.1,0.666667,0.444444,-0.475556
Positive_1232,1,0.2,0.0,0.0,0.0,0.0,0.32,0.0,0.0,0.0,0.0,0.0,0.0,0.0,0.04,0.0,25.0,7.647287,10.845339,0.32,0.0,0.12,0.0,0.0,-0.092,0.56,0.04,0.3056
Positive_NA5,1,0.0,0.0,0.25,0.0,0.0,0.0,0.0,0.0,0.25,0.0,0.0,0.0,0.0,0.0,0.25,4.0,0.554922,8.747602,0.0,0.25,0.0,0.0,0.0,-1.15,0.5,0.5,3.02
Positive_1883,1,0.0,0.0,0.066667,0.066667,0.0,0.2,0.0,0.0,0.0,0.0,0.0,0.133333,0.133333,0.066667,0.0,15.0,4.544925,10.602487,0.333333,0.0,0.0,0.0,0.0,0.026667,0.466667,0.133333,0.253333
Positive_NA3,1,0.0,0.0,0.125,0.0,0.125,0.0,0.0,0.0,0.125,0.0,0.0,0.0,0.125,0.0,0.125,8.0,-0.408005,6.743628,0.0,0.125,0.125,0.125,0.0,-0.325,0.5,0.25,2.0625
Positive_1032,1,0.2,0.0,0.0,0.166667,0.033333,0.166667,0.033333,0.033333,0.0,0.0,0.033333,0.0,0.066667,0.033333,0.0,30.0,4.59389,10.301677,0.2,0.0,0.0,0.0,0.033333,0.35,0.533333,0.033333,-0.256333
Positive_1165,1,0.0,0.0,0.0,0.0,0.0,0.0,0.0,0.0,0.0,0.0,0.0,0.0,0.5,0.0,0.0,2.0,0.520645,8.72001,0.5,0.0,0.0,0.0,0.0,0.15,0.5,0.0,0.755
Positive_1044,1,0.131579,0.0,0.026316,0.131579,0.105263,0.078947,0.026316,0.0,0.052632,0.052632,0.0,0.0,0.078947,0.0,0.026316,38.0,6.278089,11.884827,0.052632,0.184211,0.0,0.052632,0.0,-0.107895,0.473684,0.052632,2.067368
Positive_1055,1,0.25,0.0,0.0,0.2,0.1,0.1,0.0,0.0,0.05,0.05,0.0,0.0,0.1,0.0,0.0,20.0,0.557849,9.598714,0.0,0.1,0.0,0.05,0.0,0.74,0.55,0.0,0.1765
Positive_1531,1,0.0,0.0,0.0,0.0,0.0,0.5,0.0,0.0,0.0,0.0,0.0,0.0,0.0,0.0,0.5,2.0,-0.445053,5.524318,0.0,0.0,0.0,0.0,0.0,1.25,1.0,0.5,-2.39
Positive_1398,1,0.083333,0.0,0.0,0.0,0.166667,0.083333,0.0,0.0,0.0,0.0,0.0,0.0,0.25,0.083333,0.0,12.0,3.52305,11.999968,0.0,0.333333,0.0,0.0,0.0,0.691667,0.666667,0.083333,2.388333
Positive_1159,1,0.0,0.0,0.5,0.0,0.0,0.0,0.0,0.0,0.0,0.0,0.0,0.0,0.5,0.0,0.0,2.0,-0.476849,5.494989,0.0,0.0,0.0,0.0,0.0,3.5,1.0,0.5,-3.51
Positive_1376,1,0.227273,0.0,0.0,0.0,0.0,0.363636,0.0,0.0,0.045455,0.0,0.0,0.0,0.0,0.0,0.0,22.0,3.693936,10.477805,0.181818,0.0,0.181818,0.0,0.0,0.427273,0.590909,0.0,-0.344091
Positive_1146,1,0.238095,0.0,0.0,0.095238,0.095238,0.285714,0.0,0.047619,0.0,0.0,0.0,0.0,0.0,0.0,0.047619,21.0,3.595274,10.176995,0.190476,0.0,0.0,0.0,0.0,0.933333,0.666667,0.047619,-1.014762
Negative_F1839,0,0.191176,0.029412,0.044118,0.058824,0.088235,0.102941,0.014706,0.044118,0.0,0.044118,0.058824,0.029412,0.088235,0.029412,0.0,68.0,5.491064,9.835764,0.117647,0.014706,0.0,0.014706,0.029412,0.622059,0.558824,0.073529,0.043235
Negative_F1590,0,0.076923,0.0,0.153846,0.076923,0.230769,0.076923,0.0,0.0,0.0,0.0,0.153846,0.0,0.0,0.076923,0.0,13.0,1.552442,10.002737,0.153846,0.0,0.0,0.0,0.0,1.076923,0.615385,0.230769,-0.986154
Negative_F1789,0,0.014085,0.056338,0.042254,0.028169,0.042254,0.056338,0.0,0.014085,0.056338,0.056338,0.112676,0.112676,0.056338,0.042254,0.042254,71.0,12.152501,10.224444,0.140845,0.070423,0.028169,0.014085,0.014085,-0.739437,0.295775,0.126761,2.205493
Negative_F1515,0,0.0,0.0,0.086957,0.173913,0.217391,0.086957,0.0,0.0,0.0,0.0,0.086957,0.0,0.043478,0.0,0.0,23.0,0.774706,8.789958,0.043478,0.0,0.26087,0.0,0.0,0.591304,0.434783,0.086957,-0.343043
Negative_F1041,0,0.066667,0.166667,0.0,0.033333,0.133333,0.033333,0.0,0.033333,0.0,0.0,0.133333,0.166667,0.066667,0.0,0.0,30.0,4.472757,9.265864,0.166667,0.0,0.0,0.0,0.0,0.54,0.3,0.0,0.573333
Negative_F2183,0,0.058824,0.0,0.0,0.294118,0.117647,0.294118,0.0,0.0,0.058824,0.0,0.0,0.0,0.117647,0.0,0.0,17.0,0.554947,8.750052,0.058824,0.0,0.0,0.0,0.0,1.805882,0.588235,0.0,-2.557647
Negative_F1299,0,0.0,0.0,0.2,0.066667,0.2,0.066667,0.0,0.133333,0.066667,0.0,0.066667,0.0,0.0,0.0,0.0,15.0,2.552417,11.166263,0.133333,0.066667,0.0,0.0,0.0,0.24,0.466667,0.2,0.876
Negative_F224,0,0.0,0.0,0.217391,0.130435,0.086957,0.043478,0.0,0.043478,0.0,0.043478,0.043478,0.0,0.173913,0.0,0.0,23.0,0.669631,9.748474,0.0,0.043478,0.173913,0.0,0.0,0.752174,0.521739,0.217391,0.021739
Negative_F2017,0,0.26087,0.0,0.0,0.086957,0.0,0.0,0.0,0.0,0.108696,0.021739,0.0,0.043478,0.0,0.0,0.0,46.0,19.558786,11.218031,0.434783,0.021739,0.0,0.0,0.021739,-1.715217,0.26087,0.0,2.563696
Negative_F850,0,0.166667,0.0,0.0,0.083333,0.166667,0.041667,0.0,0.083333,0.0,0.041667,0.041667,0.041667,0.041667,0.041667,0.0,24.0,3.545371,10.176866,0.208333,0.0,0.0,0.041667,0.0,-0.145833,0.458333,0.041667,0.882083
Negative_F562,0,0.047619,0.095238,0.0,0.047619,0.0,0.047619,0.0,0.0,0.0,0.0,0.0,0.0,0.238095,0.095238,0.142857,21.0,5.500779,10.851786,0.0,0.285714,0.0,0.0,0.0,-0.071429,0.571429,0.238095,2.611905
Negative_F285,0,0.0,0.142857,0.285714,0.071429,0.142857,0.0,0.0,0.0,0.071429,0.0,0.0,0.071429,0.071429,0.0,0.0,14.0,1.503435,8.903745,0.142857,0.0,0.0,0.0,0.0,1.35,0.5,0.285714,-1.116429
Negative_F585,0,0.166667,0.0,0.0,0.041667,0.083333,0.166667,0.0,0.166667,0.0,0.083333,0.0,0.0,0.041667,0.041667,0.0,24.0,0.601853,8.54111,0.125,0.0,0.0,0.041667,0.041667,-0.225,0.5,0.041667,1.072917
Negative_F2053,0,0.1,0.0,0.1,0.15,0.15,0.1,0.05,0.05,0.05,0.0,0.1,0.0,0.05,0.0,0.0,20.0,1.552442,10.002737,0.1,0.0,0.0,0.0,0.0,1.035,0.55,0.1,-0.9425
Negative_F335,0,0.15625,0.0,0.0,0.15625,0.09375,0.09375,0.0,0.0,0.0625,0.0,0.0625,0.0,0.21875,0.0,0.0,32.0,4.2407,10.602164,0.15625,0.0,0.0,0.0,0.0,1.15625,0.5625,0.0,-1.15625
Negative_F649,0,0.078947,0.0,0.0,0.263158,0.105263,0.078947,0.0,0.026316,0.0,0.105263,0.026316,0.026316,0.052632,0.0,0.026316,38.0,4.580141,10.295295,0.131579,0.026316,0.026316,0.0,0.026316,-0.310526,0.342105,0.026316,0.834211
Negative_F1706,0,0.026316,0.026316,0.013158,0.039474,0.052632,0.131579,0.039474,0.039474,0.065789,0.065789,0.078947,0.052632,0.065789,0.0,0.0,76.0,-1.423804,6.1076,0.078947,0.052632,0.026316,0.052632,0.092105,-0.486842,0.328947,0.013158,2.04
Negative_F21,0,0.058824,0.0,0.058824,0.117647,0.235294,0.058824,0.0,0.0,0.0,0.0,0.117647,0.0,0.117647,0.0,0.0,17.0,0.589515,8.598358,0.117647,0.0,0.058824,0.058824,0.0,1.052941,0.529412,0.058824,-0.474706
Negative_F566,0,0.054054,0.0,0.108108,0.054054,0.108108,0.081081,0.0,0.027027,0.027027,0.054054,0.027027,0.027027,0.027027,0.0,0.0,37.0,5.28101,11.000063,0.135135,0.135135,0.027027,0.027027,0.081081,-0.681081,0.378378,0.108108,2.809459
Negative_F885,0,0.043478,0.0,0.086957,0.086957,0.043478,0.26087,0.043478,0.0,0.043478,0.0,0.043478,0.0,0.086957,0.0,0.0,23.0,5.54738,11.999968,0.173913,0.086957,0.0,0.0,0.0,0.747826,0.565217,0.086957,0.04
Negative_F334,0,0.241379,0.0,0.0,0.068966,0.137931,0.137931,0.0,0.0,0.103448,0.0,0.068966,0.0,0.034483,0.0,0.0,29.0,5.238195,10.69906,0.206897,0.0,0.0,0.0,0.0,0.668966,0.551724,0.0,-0.615517
Negative_F140,0,0.0,0.193548,0.096774,0.032258,0.064516,0.032258,0.0,0.032258,0.032258,0.032258,0.0,0.16129,0.032258,0.0,0.064516,31.0,6.405246,9.802885,0.0,0.225806,0.0,0.0,0.0,-0.2,0.290323,0.16129,3.012581
Negative_F1715,0,0.0,0.083333,0.083333,0.0,0.0,0.25,0.0,0.0,0.166667,0.0,0.166667,0.0,0.083333,0.0,0.0,12.0,1.527938,9.314086,0.166667,0.0,0.0,0.0,0.0,0.691667,0.416667,0.083333,-0.43
Negative_F908,0,0.0,0.153846,0.153846,0.0,0.076923,0.076923,0.076923,0.0,0.076923,0.0,0.153846,0.0,0.0,0.0,0.0,13.0,2.50589,9.695868,0.076923,0.153846,0.0,0.0,0.0,0.361538,0.384615,0.153846,1.652308
Negative_F740,0,0.04878,0.146341,0.02439,0.04878,0.0,0.04878,0.0,0.04878,0.097561,0.02439,0.04878,0.04878,0.0,0.073171,0.04878,41.0,7.398622,9.766074,0.073171,0.170732,0.0,0.04878,0.0,-1.15122,0.243902,0.146341,3.33122
Negative_F1842,0,0.0,0.230769,0.0,0.115385,0.038462,0.0,0.0,0.0,0.038462,0.0,0.192308,0.115385,0.0,0.153846,0.0,26.0,-1.59118,4.207757,0.038462,0.0,0.0,0.076923,0.0,-0.15,0.192308,0.153846,0.883077
Negative_F517,0,0.0,0.0,0.076923,0.153846,0.153846,0.307692,0.0,0.0,0.076923,0.0,0.076923,0.0,0.076923,0.0,0.0,13.0,0.554947,8.750052,0.076923,0.0,0.0,0.0,0.0,1.853846,0.615385,0.076923,-2.266923
Negative_F408,0,0.0,0.0,0.0,0.657895,0.0,0.0,0.0,0.052632,0.0,0.0,0.0,0.0,0.0,0.0,0.078947,38.0,-0.157052,7.280188,0.0,0.0,0.210526,0.0,0.0,-1.223684,0.078947,0.078947,0.723158
Negative_F2113,0,0.05,0.1,0.05,0.15,0.0,0.0,0.0,0.0,0.2,0.05,0.05,0.05,0.0,0.05,0.05,20.0,3.495918,9.595362,0.2,0.0,0.0,0.0,0.0,-1.04,0.2,0.15,1.0675
Negative_F1430,0,0.027027,0.0,0.027027,0.054054,0.094595,0.121622,0.013514,0.027027,0.040541,0.081081,0.040541,0.094595,0.054054,0.0,0.013514,74.0,-0.689673,6.561573,0.094595,0.054054,0.013514,0.067568,0.081081,-0.491892,0.351351,0.040541,2.053108
Negative_F2354,0,0.018018,0.108108,0.054054,0.171171,0.027027,0.009009,0.0,0.045045,0.099099,0.027027,0.054054,0.054054,0.072072,0.009009,0.018018,111.0,0.513135,7.663795,0.027027,0.063063,0.063063,0.054054,0.027027,-0.554054,0.207207,0.081081,1.831802
Negative_F953,0,0.021739,0.173913,0.0,0.130435,0.043478,0.065217,0.043478,0.021739,0.0,0.021739,0.021739,0.108696,0.0,0.021739,0.065217,46.0,6.379474,9.202169,0.108696,0.086957,0.021739,0.021739,0.021739,-0.43913,0.26087,0.086957,1.894565
Negative_F1857,0,0.045455,0.030303,0.015152,0.212121,0.030303,0.030303,0.015152,0.045455,0.090909,0.015152,0.136364,0.045455,0.030303,0.015152,0.0,66.0,7.57036,10.966862,0.075758,0.090909,0.030303,0.045455,0.0,-0.95,0.181818,0.030303,2.423485
Negative_F2349,0,0.021277,0.12766,0.021277,0.021277,0.106383,0.042553,0.021277,0.0,0.042553,0.06383,0.085106,0.042553,0.021277,0.0,0.06383,47.0,0.049555,7.464005,0.085106,0.085106,0.0,0.06383,0.085106,-0.529787,0.297872,0.085106,2.485532
Negative_F2216,0,0.241379,0.0,0.017241,0.12069,0.034483,0.155172,0.0,0.0,0.017241,0.034483,0.068966,0.103448,0.103448,0.034483,0.0,58.0,0.589515,8.598358,0.034483,0.0,0.017241,0.017241,0.0,1.056897,0.586207,0.051724,-0.919655
Negative_F1836,0,0.028571,0.0,0.085714,0.028571,0.114286,0.057143,0.057143,0.057143,0.171429,0.0,0.028571,0.028571,0.085714,0.028571,0.0,35.0,3.895303,11.001997,0.085714,0.085714,0.0,0.028571,0.028571,0.017143,0.457143,0.114286,1.023714
Negative_F1250,0,0.04,0.16,0.06,0.08,0.06,0.0,0.02,0.1,0.02,0.04,0.08,0.02,0.02,0.04,0.06,50.0,-0.577245,6.855942,0.06,0.02,0.04,0.04,0.04,-0.446,0.3,0.16,1.609
Negative_F714,0,0.16,0.0,0.04,0.12,0.04,0.08,0.12,0.04,0.0,0.0,0.04,0.04,0.08,0.04,0.0,25.0,0.551503,8.497658,0.12,0.0,0.0,0.04,0.04,0.416,0.56,0.08,-0.0188
Negative_F981,0,0.16,0.0,0.0,0.12,0.12,0.12,0.0,0.04,0.0,0.0,0.0,0.04,0.12,0.0,0.0,25.0,1.58495,9.528379,0.16,0.0,0.04,0.08,0.0,0.54,0.52,0.0,0.0724
Negative_F580,0,0.095238,0.0,0.0,0.02381,0.095238,0.095238,0.0,0.047619,0.119048,0.0,0.02381,0.047619,0.02381,0.02381,0.047619,42.0,-4.301149,4.511447,0.047619,0.071429,0.02381,0.142857,0.071429,-0.77381,0.380952,0.071429,2.415714
Negative_F1295,0,0.125,0.083333,0.083333,0.0,0.041667,0.166667,0.0,0.0,0.083333,0.0,0.0,0.125,0.166667,0.0,0.0,24.0,1.542542,8.957189,0.041667,0.041667,0.041667,0.0,0.0,1.483333,0.583333,0.083333,-0.91125
Negative_F2410,0,0.064516,0.16129,0.032258,0.129032,0.064516,0.064516,0.032258,0.0,0.032258,0.0,0.064516,0.193548,0.032258,0.0,0.0,31.0,2.429744,8.778354,0.096774,0.0,0.032258,0.0,0.0,0.570968,0.290323,0.032258,0.022581
Negative_F2009,0,0.235294,0.117647,0.117647,0.0,0.117647,0.058824,0.0,0.058824,0.058824,0.0,0.0,0.0,0.0,0.0,0.0,17.0,3.551254,9.851108,0.176471,0.058824,0.0,0.0,0.0,0.547059,0.529412,0.117647,0.452353
Negative_F2245,0,0.066667,0.0,0.133333,0.133333,0.0,0.066667,0.066667,0.0,0.0,0.0,0.133333,0.0,0.0,0.0,0.066667,15.0,4.554822,11.999968,0.0,0.333333,0.0,0.0,0.0,-0.873333,0.4,0.2,4.308
Negative_F1255,0,0.125,0.083333,0.0,0.041667,0.041667,0.125,0.083333,0.0,0.0,0.0,0.041667,0.041667,0.083333,0.0,0.0,24.0,1.497932,8.787637,0.208333,0.0,0.0,0.083333,0.041667,0.275,0.458333,0.0,0.690833
Negative_F2141,0,0.0,0.0,0.041667,0.0,0.0,0.166667,0.0,0.0,0.041667,0.041667,0.0,0.0,0.125,0.083333,0.041667,24.0,10.539788,11.999968,0.25,0.208333,0.0,0.0,0.0,-0.979167,0.458333,0.166667,3.089167
Negative_F1177,0,0.03125,0.125,0.0625,0.09375,0.0,0.0,0.0,0.09375,0.15625,0.0,0.0625,0.0,0.125,0.03125,0.03125,32.0,5.456783,10.663216,0.0,0.1875,0.0,0.0,0.0,-0.509375,0.28125,0.125,2.568125
Negative_F240,0,0.0,0.170213,0.021277,0.148936,0.0,0.106383,0.021277,0.021277,0.021277,0.0,0.042553,0.06383,0.042553,0.0,0.021277,47.0,5.463146,9.120487,0.06383,0.12766,0.06383,0.042553,0.021277,-0.417021,0.212766,0.042553,2.358723
Negative_F1134,0,0.121212,0.121212,0.0,0.060606,0.151515,0.030303,0.0,0.060606,0.030303,0.0,0.060606,0.121212,0.030303,0.030303,0.0,33.0,1.50314,8.526347,0.090909,0.030303,0.0,0.060606,0.0,0.29697,0.363636,0.030303,0.886061
Negative_F1386,0,0.071429,0.190476,0.02381,0.119048,0.071429,0.02381,0.047619,0.047619,0.047619,0.0,0.0,0.071429,0.02381,0.0,0.0,42.0,1.435828,8.205552,0.142857,0.0,0.02381,0.071429,0.02381,-0.033333,0.261905,0.02381,0.955952
Negative_F1360,0,0.095238,0.095238,0.047619,0.047619,0.047619,0.238095,0.047619,0.0,0.047619,0.0,0.047619,0.095238,0.047619,0.0,0.0,21.0,2.50341,9.503945,0.095238,0.047619,0.0,0.0,0.0,1.166667,0.52381,0.047619,-0.545238
Negative_F294,0,0.0,0.0,0.043478,0.0,0.086957,0.086957,0.0,0.0,0.086957,0.043478,0.0,0.043478,0.173913,0.086957,0.0,23.0,5.552763,11.999968,0.086957,0.217391,0.0,0.043478,0.0,-0.295652,0.478261,0.130435,2.567391
Negative_F215,0,0.0,0.157895,0.0,0.078947,0.026316,0.026316,0.026316,0.052632,0.105263,0.026316,0.052632,0.026316,0.078947,0.0,0.0,38.0,10.473487,10.903296,0.105263,0.184211,0.052632,0.0,0.0,-0.95,0.157895,0.0,3.403684
Negative_F1253,0,0.0,0.206897,0.0,0.103448,0.034483,0.068966,0.034483,0.034483,0.103448,0.0,0.068966,0.137931,0.034483,0.034483,0.034483,29.0,-1.593011,4.370146,0.034483,0.0,0.0,0.034483,0.034483,0.213793,0.241379,0.068966,0.377931
Negative_F2133,0,0.0,0.0,0.137931,0.034483,0.103448,0.103448,0.0,0.0,0.034483,0.0,0.034483,0.0,0.068966,0.0,0.0,29.0,9.539549,11.624568,0.275862,0.137931,0.0,0.0,0.068966,-0.5,0.413793,0.137931,2.435862
Negative_F233,0,0.058824,0.156863,0.039216,0.078431,0.039216,0.039216,0.0,0.117647,0.058824,0.039216,0.058824,0.019608,0.039216,0.019608,0.039216,51.0,3.421837,8.721428,0.078431,0.039216,0.039216,0.0,0.039216,-0.45098,0.27451,0.098039,1.636667
Negative_F2036,0,0.030303,0.0,0.090909,0.151515,0.121212,0.151515,0.030303,0.090909,0.0,0.060606,0.0,0.0,0.0,0.030303,0.0,33.0,4.585127,11.166069,0.121212,0.060606,0.030303,0.0,0.030303,-0.078788,0.454545,0.121212,0.912121
Negative_F822,0,0.034483,0.034483,0.034483,0.12069,0.051724,0.12069,0.0,0.034483,0.034483,0.034483,0.034483,0.103448,0.051724,0.034483,0.034483,58.0,9.554534,10.255324,0.155172,0.034483,0.034483,0.017241,0.0,-0.298276,0.362069,0.103448,1.03431
Negative_F1069,0,0.125,0.15,0.0,0.15,0.025,0.1,0.0,0.075,0.0,0.0,0.05,0.05,0.05,0.0,0.025,40.0,3.52937,8.962604,0.025,0.1,0.05,0.025,0.0,0.0775,0.325,0.025,1.5055
Negative_F2110,0,0.1,0.066667,0.066667,0.166667,0.066667,0.133333,0.033333,0.033333,0.0,0.0,0.033333,0.033333,0.033333,0.0,0.0,30.0,2.496811,9.243171,0.166667,0.0,0.0,0.066667,0.0,0.426667,0.433333,0.066667,0.108
Negative_F271,0,0.1,0.0,0.05,0.1,0.2,0.15,0.0,0.0,0.0,0.0,0.05,0.0,0.0,0.0,0.0,20.0,2.628571,11.711343,0.05,0.15,0.1,0.05,0.0,0.345,0.5,0.05,1.4415
Negative_F751,0,0.0,0.206897,0.0,0.172414,0.034483,0.034483,0.0,0.068966,0.103448,0.0,0.068966,0.137931,0.068966,0.034483,0.0,29.0,-0.588472,5.962319,0.0,0.034483,0.0,0.0,0.034483,0.158621,0.172414,0.034483,0.671034
Negative_F497,0,0.136364,0.045455,0.0,0.204545,0.068182,0.022727,0.0,0.159091,0.0,0.0,0.045455,0.068182,0.045455,0.045455,0.045455,44.0,2.493859,9.189984,0.090909,0.0,0.0,0.022727,0.0,-0.313636,0.363636,0.090909,0.861136
Negative_F522,0,0.108108,0.054054,0.081081,0.135135,0.054054,0.108108,0.0,0.027027,0.0,0.027027,0.108108,0.0,0.081081,0.0,0.0,37.0,5.496314,10.207811,0.135135,0.054054,0.0,0.027027,0.0,0.356757,0.432432,0.081081,0.73
Negative_F493,0,0.064516,0.064516,0.064516,0.129032,0.032258,0.064516,0.0,0.064516,0.0,0.0,0.064516,0.16129,0.129032,0.0,0.0,31.0,2.501351,9.388998,0.096774,0.032258,0.0,0.032258,0.0,0.312903,0.354839,0.064516,0.851613
Negative_F538,0,0.012658,0.0,0.189873,0.088608,0.012658,0.0,0.0,0.063291,0.531646,0.0,0.0,0.0,0.012658,0.012658,0.0,79.0,5.607652,11.999968,0.0,0.075949,0.0,0.0,0.0,-0.796203,0.240506,0.202532,0.738481
Negative_F374,0,0.166667,0.083333,0.125,0.0,0.166667,0.041667,0.0,0.0,0.041667,0.0,0.125,0.0,0.083333,0.0,0.0,24.0,3.498424,9.701283,0.166667,0.0,0.0,0.0,0.0,1.3,0.583333,0.125,-0.7925
Negative_F636,0,0.0,0.0,0.142857,0.0,0.142857,0.142857,0.0,0.0,0.071429,0.0,0.214286,0.071429,0.142857,0.0,0.0,14.0,0.250723,8.465102,0.071429,0.0,0.0,0.0,0.0,1.571429,0.571429,0.142857,-1.1
Negative_F322,0,0.021277,0.170213,0.042553,0.06383,0.0,0.042553,0.0,0.085106,0.021277,0.0,0.042553,0.106383,0.0,0.021277,0.021277,47.0,2.428533,8.513066,0.06383,0.12766,0.042553,0.085106,0.042553,-1.174468,0.148936,0.085106,3.773191
Negative_F590,0,0.043478,0.021739,0.021739,0.0,0.043478,0.130435,0.021739,0.065217,0.0,0.021739,0.173913,0.043478,0.173913,0.043478,0.043478,46.0,1.288506,9.101018,0.043478,0.043478,0.021739,0.021739,0.021739,0.5,0.521739,0.108696,0.709565
Negative_F2432,0,0.0,0.0,0.15,0.0,0.05,0.15,0.0,0.0,0.1,0.0,0.1,0.0,0.0,0.15,0.0,20.0,3.553487,11.723012,0.1,0.15,0.0,0.0,0.05,-0.4,0.5,0.3,1.693
Negative_F455,0,0.030303,0.060606,0.030303,0.212121,0.0,0.181818,0.0,0.030303,0.0,0.030303,0.060606,0.0,0.151515,0.0,0.0,33.0,2.497485,9.243171,0.151515,0.0,0.0,0.030303,0.030303,0.469697,0.393939,0.030303,-0.042121
Negative_F2337,0,0.0,0.076923,0.076923,0.0,0.076923,0.153846,0.0,0.0,0.076923,0.0,0.0,0.076923,0.076923,0.0,0.0,13.0,4.522902,10.479352,0.307692,0.076923,0.0,0.0,0.0,-0.061538,0.384615,0.076923,1.279231
Negative_F1151,0,0.052632,0.236842,0.0,0.052632,0.0,0.052632,0.0,0.052632,0.184211,0.026316,0.026316,0.026316,0.0,0.052632,0.0,38.0,6.334688,9.268313,0.026316,0.184211,0.0,0.026316,0.0,-0.815789,0.157895,0.052632,2.946842
Negative_F1504,0,0.040816,0.0,0.061224,0.163265,0.040816,0.0,0.0,0.061224,0.132653,0.071429,0.071429,0.020408,0.061224,0.030612,0.010204,98.0,10.671965,10.390901,0.132653,0.020408,0.040816,0.020408,0.020408,-1.05102,0.244898,0.102041,1.717551
Negative_F2302,0,0.111111,0.0,0.083333,0.0,0.0,0.027778,0.027778,0.0,0.166667,0.027778,0.083333,0.111111,0.083333,0.0,0.027778,36.0,2.543871,9.604452,0.166667,0.0,0.0,0.027778,0.055556,-0.544444,0.361111,0.111111,1.284167
Negative_F2255,0,0.090909,0.0,0.018182,0.054545,0.036364,0.054545,0.0,0.0,0.018182,0.036364,0.018182,0.036364,0.163636,0.018182,0.0,55.0,7.574684,10.229215,0.2,0.090909,0.018182,0.018182,0.127273,-0.718182,0.381818,0.036364,2.512364
Negative_F646,0,0.105263,0.0,0.0,0.184211,0.131579,0.026316,0.0,0.026316,0.026316,0.0,0.026316,0.026316,0.105263,0.0,0.026316,38.0,6.648383,10.46923,0.184211,0.026316,0.078947,0.0,0.026316,-0.139474,0.394737,0.026316,0.731842
Negative_F1292,0,0.111111,0.0,0.111111,0.0,0.111111,0.111111,0.055556,0.055556,0.055556,0.0,0.0,0.055556,0.0,0.0,0.0,18.0,4.584032,11.333751,0.222222,0.055556,0.055556,0.0,0.0,-0.077778,0.5,0.111111,1.076667
Negative_F2121,0,0.056604,0.113208,0.018868,0.09434,0.037736,0.037736,0.018868,0.037736,0.037736,0.075472,0.0,0.018868,0.09434,0.018868,0.075472,53.0,1.515015,8.299483,0.09434,0.037736,0.037736,0.056604,0.037736,-0.428302,0.358491,0.113208,1.507736
Negative_F391,0,0.022222,0.177778,0.0,0.177778,0.0,0.044444,0.0,0.088889,0.044444,0.088889,0.133333,0.0,0.0,0.022222,0.044444,45.0,0.459714,7.761558,0.066667,0.022222,0.0,0.044444,0.022222,-0.888889,0.133333,0.066667,2.077333
Negative_F514,0,0.071429,0.071429,0.0,0.107143,0.071429,0.178571,0.035714,0.071429,0.0,0.0,0.0,0.107143,0.035714,0.0,0.0,28.0,2.496811,9.243171,0.178571,0.0,0.0,0.071429,0.0,0.210714,0.392857,0.0,0.583929
Negative_F583,0,0.033333,0.0,0.05,0.016667,0.066667,0.066667,0.0,0.116667,0.033333,0.083333,0.066667,0.083333,0.033333,0.0,0.033333,60.0,-3.34847,4.79496,0.133333,0.0,0.0,0.05,0.133333,-1.183333,0.283333,0.083333,2.750167
Negative_F1209,0,0.0,0.1875,0.125,0.125,0.0625,0.0,0.0,0.0,0.0625,0.0,0.1875,0.0625,0.0625,0.0,0.0,16.0,-1.134435,5.246944,0.0,0.0,0.0625,0.0,0.0625,0.6,0.25,0.125,0.225
Negative_F2385,0,0.0,0.0,0.0,0.114286,0.171429,0.114286,0.0,0.085714,0.057143,0.0,0.0,0.057143,0.028571,0.028571,0.0,35.0,7.887373,11.203783,0.2,0.085714,0.0,0.028571,0.028571,-0.542857,0.342857,0.028571,1.853429
Negative_F1862,0,0.0625,0.125,0.015625,0.109375,0.0,0.015625,0.03125,0.078125,0.03125,0.0,0.046875,0.0625,0.046875,0.046875,0.109375,64.0,5.333693,8.990648,0.078125,0.078125,0.0,0.046875,0.015625,-0.723437,0.328125,0.171875,2.097031
Negative_F621,0,0.133333,0.066667,0.022222,0.011111,0.044444,0.077778,0.022222,0.077778,0.022222,0.055556,0.022222,0.066667,0.033333,0.0,0.022222,90.0,-8.333045,5.15981,0.033333,0.044444,0.077778,0.066667,0.1,-0.615556,0.355556,0.044444,2.355556
Negative_F2211,0,0.0,0.0,0.0,0.0,0.071429,0.285714,0.071429,0.0,0.0,0.0,0.071429,0.071429,0.071429,0.0,0.0,14.0,3.239957,11.999968,0.142857,0.142857,0.071429,0.0,0.0,0.307143,0.5,0.0,1.47
Negative_F2212,0,0.133333,0.0,0.0,0.133333,0.0,0.133333,0.0,0.0,0.0,0.0,0.066667,0.066667,0.066667,0.066667,0.066667,15.0,3.250622,11.999968,0.0,0.266667,0.0,0.0,0.0,-0.473333,0.466667,0.133333,2.938667
Negative_F157,0,0.0,0.2,0.033333,0.233333,0.0,0.0,0.033333,0.0,0.066667,0.033333,0.066667,0.0,0.066667,0.0,0.066667,30.0,3.367154,8.919539,0.066667,0.1,0.0,0.0,0.033333,-0.346667,0.2,0.1,1.587333
Negative_F939,0,0.166667,0.0,0.055556,0.111111,0.166667,0.277778,0.0,0.055556,0.055556,0.0,0.0,0.0,0.0,0.0,0.0,18.0,1.552442,10.002737,0.111111,0.0,0.0,0.0,0.0,1.5,0.666667,0.055556,-1.772778
Negative_F1557,0,0.0,0.0,0.0,0.628571,0.0,0.0,0.0,0.028571,0.0,0.0,0.028571,0.0,0.0,0.0,0.114286,35.0,-1.23169,6.6233,0.0,0.0,0.171429,0.0,0.028571,-1.171429,0.114286,0.114286,0.705429
Negative_F47,0,0.222222,0.0,0.0,0.185185,0.037037,0.185185,0.0,0.037037,0.0,0.0,0.037037,0.0,0.074074,0.0,0.037037,27.0,2.546046,9.825643,0.148148,0.0,0.0,0.0,0.037037,0.592593,0.555556,0.037037,-0.517407
Negative_F1101,0,0.025641,0.051282,0.0,0.128205,0.102564,0.051282,0.051282,0.076923,0.051282,0.051282,0.076923,0.025641,0.051282,0.025641,0.051282,39.0,0.266514,7.79895,0.076923,0.0,0.051282,0.025641,0.025641,-0.251282,0.358974,0.076923,0.816667
Negative_F1962,0,0.043478,0.0,0.043478,0.304348,0.086957,0.173913,0.043478,0.0,0.0,0.0,0.0,0.0,0.043478,0.0,0.0,23.0,-0.297426,7.098644,0.043478,0.0,0.173913,0.0,0.043478,0.517391,0.434783,0.043478,-0.707826
Negative_F2224,0,0.0,0.0,0.09375,0.03125,0.125,0.03125,0.0,0.0,0.375,0.0,0.0,0.0,0.0,0.0,0.03125,32.0,9.554696,11.999968,0.0,0.3125,0.0,0.0,0.0,-1.115625,0.28125,0.125,3.589375
Negative_F2438,0,0.030303,0.181818,0.0,0.090909,0.0,0.030303,0.060606,0.090909,0.030303,0.060606,0.0,0.090909,0.030303,0.0,0.0,33.0,7.196037,9.697479,0.181818,0.060606,0.060606,0.0,0.0,-0.987879,0.151515,0.0,2.581818
Negative_F512,0,0.107143,0.071429,0.0,0.071429,0.071429,0.142857,0.035714,0.071429,0.0,0.035714,0.0,0.071429,0.071429,0.0,0.0,28.0,2.496811,9.243171,0.178571,0.0,0.0,0.071429,0.0,0.203571,0.428571,0.0,0.690357
Negative_F883,0,0.105263,0.0,0.105263,0.105263,0.0,0.105263,0.0,0.052632,0.0,0.0,0.052632,0.0,0.210526,0.0,0.0,19.0,0.550829,8.497529,0.157895,0.0,0.0,0.105263,0.0,0.515789,0.526316,0.105263,0.351053
Negative_F900,0,0.074074,0.0,0.037037,0.037037,0.0,0.111111,0.037037,0.074074,0.037037,0.037037,0.074074,0.0,0.037037,0.0,0.037037,27.0,3.313406,10.419848,0.111111,0.148148,0.037037,0.074074,0.037037,-1.292593,0.333333,0.074074,3.789259
Negative_F320,0,0.055556,0.0,0.0,0.027778,0.027778,0.083333,0.027778,0.055556,0.138889,0.027778,0.055556,0.055556,0.027778,0.0,0.111111,36.0,-0.4161,6.770911,0.055556,0.083333,0.027778,0.027778,0.111111,-1.208333,0.333333,0.111111,2.699167
Negative_F1947,0,0.014706,0.117647,0.014706,0.132353,0.029412,0.044118,0.0,0.014706,0.161765,0.044118,0.058824,0.088235,0.029412,0.014706,0.014706,68.0,3.73601,8.78725,0.044118,0.088235,0.014706,0.029412,0.044118,-0.747059,0.161765,0.044118,2.097353
Negative_F851,0,0.157895,0.0,0.105263,0.105263,0.0,0.210526,0.0,0.0,0.0,0.0,0.0,0.052632,0.105263,0.0,0.0,19.0,2.547877,10.001383,0.210526,0.0,0.0,0.052632,0.0,0.736842,0.578947,0.105263,-0.396842
Negative_F568,0,0.054054,0.0,0.081081,0.108108,0.081081,0.108108,0.0,0.0,0.027027,0.054054,0.027027,0.027027,0.027027,0.0,0.0,37.0,4.544094,10.11575,0.189189,0.081081,0.0,0.054054,0.081081,-0.678378,0.351351,0.081081,2.262973
Negative_F451,0,0.136364,0.0,0.0,0.068182,0.068182,0.045455,0.0,0.045455,0.045455,0.045455,0.090909,0.045455,0.090909,0.068182,0.022727,44.0,3.540096,9.779354,0.159091,0.0,0.0,0.022727,0.045455,-0.365909,0.431818,0.090909,0.977273
Negative_F1780,0,0.091837,0.020408,0.020408,0.122449,0.030612,0.102041,0.020408,0.030612,0.020408,0.061224,0.061224,0.081633,0.061224,0.05102,0.030612,98.0,1.539287,8.785896,0.020408,0.081633,0.010204,0.030612,0.05102,-0.265306,0.408163,0.102041,1.522755
Negative_F249,0,0.086957,0.043478,0.130435,0.043478,0.043478,0.0,0.0,0.043478,0.043478,0.043478,0.130435,0.0,0.0,0.0,0.130435,23.0,3.518986,9.74596,0.130435,0.086957,0.0,0.0,0.043478,-0.891304,0.391304,0.26087,2.452174
Negative_F1387,0,0.035714,0.214286,0.107143,0.142857,0.071429,0.035714,0.0,0.035714,0.035714,0.0,0.107143,0.0,0.071429,0.0,0.035714,28.0,0.404037,7.769003,0.071429,0.0,0.0,0.0,0.035714,0.882143,0.357143,0.142857,-0.362143
Negative_F488,0,0.142857,0.0,0.142857,0.142857,0.214286,0.142857,0.0,0.0,0.071429,0.0,0.142857,0.0,0.0,0.0,0.0,14.0,-0.442547,5.525,0.0,0.0,0.0,0.0,0.0,1.878571,0.642857,0.142857,-2.09
Negative_F1199,0,0.043478,0.043478,0.043478,0.195652,0.152174,0.043478,0.021739,0.043478,0.0,0.0,0.021739,0.021739,0.086957,0.0,0.0,46.0,4.491511,9.627983,0.173913,0.021739,0.0,0.043478,0.043478,0.221739,0.391304,0.043478,0.570435
Negative_F592,0,0.217391,0.0,0.014493,0.115942,0.101449,0.086957,0.028986,0.028986,0.0,0.043478,0.043478,0.130435,0.101449,0.014493,0.014493,69.0,3.513103,10.461494,0.043478,0.014493,0.0,0.0,0.0,1.007246,0.57971,0.043478,-0.608406
Negative_F548,0,0.047619,0.0,0.0,0.238095,0.047619,0.238095,0.0,0.0,0.047619,0.0,0.047619,0.0,0.047619,0.0,0.047619,21.0,2.546046,9.825643,0.190476,0.0,0.0,0.0,0.047619,0.22381,0.428571,0.047619,-0.358095
Negative_F43,0,0.05,0.0,0.0,0.25,0.15,0.2,0.05,0.0,0.05,0.0,0.05,0.0,0.1,0.0,0.0,20.0,1.552442,10.002737,0.1,0.0,0.0,0.0,0.0,1.43,0.55,0.0,-1.844
Negative_F708,0,0.069767,0.116279,0.023256,0.186047,0.0,0.023256,0.046512,0.0,0.023256,0.0,0.116279,0.046512,0.023256,0.046512,0.116279,43.0,-0.471831,6.970586,0.046512,0.0,0.069767,0.046512,0.0,-0.24186,0.348837,0.186047,0.574651
Negative_F582,0,0.137255,0.0,0.019608,0.019608,0.019608,0.078431,0.0,0.039216,0.019608,0.137255,0.039216,0.058824,0.078431,0.0,0.019608,51.0,1.541218,9.057502,0.176471,0.0,0.019608,0.039216,0.098039,-0.968627,0.352941,0.039216,2.263922
Negative_F1241,0,0.055556,0.0,0.055556,0.0,0.055556,0.0,0.055556,0.111111,0.166667,0.055556,0.111111,0.111111,0.0,0.0,0.055556,18.0,0.246158,8.219542,0.111111,0.0,0.0,0.055556,0.0,-1.105556,0.277778,0.111111,2.147778
Negative_F415,0,0.03125,0.0,0.03125,0.0625,0.0,0.03125,0.0,0.0625,0.0,0.0,0.09375,0.0,0.0,0.0,0.125,32.0,4.795706,9.992422,0.125,0.125,0.21875,0.0625,0.03125,-2.296875,0.21875,0.15625,4.725
Negative_F1637,0,0.058824,0.0,0.235294,0.117647,0.058824,0.294118,0.0,0.0,0.117647,0.0,0.058824,0.0,0.0,0.0,0.0,17.0,0.554947,8.750052,0.058824,0.0,0.0,0.0,0.0,1.635294,0.647059,0.235294,-2.128235
Negative_F1613,0,0.075949,0.151899,0.012658,0.063291,0.012658,0.075949,0.012658,0.063291,0.075949,0.037975,0.088608,0.075949,0.012658,0.0,0.012658,79.0,5.330023,8.822966,0.037975,0.101266,0.025316,0.037975,0.025316,-0.573418,0.21519,0.025316,2.526076
Negative_F965,0,0.012987,0.051948,0.012987,0.025974,0.051948,0.038961,0.025974,0.025974,0.051948,0.025974,0.077922,0.038961,0.051948,0.025974,0.064935,77.0,12.227696,9.898492,0.181818,0.090909,0.038961,0.012987,0.090909,-1.24026,0.285714,0.103896,3.038052
Negative_F1688,0,0.0,0.0,0.076923,0.153846,0.307692,0.076923,0.0,0.0,0.0,0.0,0.076923,0.0,0.0,0.076923,0.0,13.0,0.553562,8.591073,0.153846,0.0,0.0,0.0,0.076923,0.830769,0.538462,0.153846,-0.806154
Negative_F992,0,0.208333,0.083333,0.083333,0.041667,0.166667,0.041667,0.0,0.0,0.041667,0.041667,0.041667,0.0,0.083333,0.0,0.0,24.0,3.498424,9.701283,0.166667,0.0,0.0,0.0,0.0,1.1625,0.583333,0.083333,-0.835417
Negative_F1692,0,0.038168,0.061069,0.038168,0.045802,0.045802,0.053435,0.015267,0.10687,0.068702,0.061069,0.083969,0.083969,0.068702,0.007634,0.038168,131.0,9.496127,9.745831,0.007634,0.10687,0.030534,0.022901,0.015267,-0.585496,0.305344,0.083969,2.513893
Negative_F1231,0,0.076923,0.115385,0.057692,0.173077,0.0,0.096154,0.038462,0.038462,0.0,0.0,0.057692,0.057692,0.057692,0.019231,0.0,52.0,0.369639,7.740811,0.076923,0.038462,0.0,0.057692,0.038462,0.151923,0.346154,0.076923,0.902692
Negative_F2362,0,0.029412,0.117647,0.029412,0.058824,0.029412,0.088235,0.029412,0.029412,0.029412,0.0,0.117647,0.058824,0.029412,0.058824,0.029412,34.0,3.185791,9.24504,0.058824,0.117647,0.029412,0.029412,0.029412,-0.382353,0.323529,0.117647,2.175588
Negative_F427,0,0.068182,0.068182,0.045455,0.045455,0.045455,0.056818,0.011364,0.136364,0.045455,0.056818,0.034091,0.056818,0.022727,0.022727,0.056818,88.0,2.205976,8.625177,0.011364,0.102273,0.034091,0.045455,0.034091,-0.8625,0.329545,0.125,2.802955
Negative_F1588,0,0.153846,0.0,0.153846,0.076923,0.0,0.153846,0.0,0.076923,0.0,0.0,0.076923,0.0,0.153846,0.076923,0.0,13.0,0.554947,8.750052,0.076923,0.0,0.0,0.0,0.0,1.207692,0.692308,0.230769,-1.167692
Negative_F1373,0,0.107143,0.0,0.0,0.071429,0.142857,0.107143,0.0,0.0,0.071429,0.0,0.071429,0.107143,0.107143,0.0,0.0,28.0,3.545371,10.176866,0.178571,0.0,0.0,0.035714,0.0,0.596429,0.464286,0.0,-0.103214
Negative_F1051,0,0.058824,0.0,0.117647,0.117647,0.117647,0.235294,0.0,0.0,0.058824,0.0,0.176471,0.0,0.058824,0.0,0.0,17.0,0.554947,8.750052,0.058824,0.0,0.0,0.0,0.0,1.594118,0.588235,0.117647,-1.615294
Negative_F2103,0,0.12963,0.037037,0.018519,0.240741,0.055556,0.092593,0.037037,0.074074,0.055556,0.0,0.055556,0.0,0.037037,0.0,0.018519,54.0,0.649021,8.130511,0.037037,0.037037,0.018519,0.018519,0.037037,0.127778,0.388889,0.037037,0.412407
Negative_F1454,0,0.041667,0.083333,0.041667,0.0,0.083333,0.166667,0.0,0.083333,0.041667,0.0,0.083333,0.125,0.125,0.0,0.0,24.0,2.500929,9.390159,0.125,0.0,0.0,0.0,0.0,0.933333,0.458333,0.041667,-0.189583
Negative_F258,0,0.052632,0.0,0.0,0.157895,0.105263,0.210526,0.0,0.052632,0.0,0.0,0.0,0.052632,0.157895,0.0,0.0,19.0,1.552863,9.994292,0.105263,0.052632,0.0,0.052632,0.0,0.915789,0.526316,0.0,-0.122105
Negative_F553,0,0.051282,0.205128,0.051282,0.179487,0.025641,0.025641,0.0,0.051282,0.025641,0.025641,0.025641,0.025641,0.0,0.025641,0.102564,39.0,4.42205,8.923472,0.025641,0.102564,0.051282,0.0,0.0,-0.341026,0.282051,0.179487,1.572564
Negative_F350,0,0.129032,0.0,0.096774,0.096774,0.032258,0.096774,0.0,0.032258,0.0,0.0,0.096774,0.064516,0.032258,0.032258,0.064516,31.0,4.615647,10.295295,0.129032,0.032258,0.064516,0.0,0.0,-0.090323,0.483871,0.193548,0.762903
Negative_F694,0,0.076923,0.0,0.230769,0.076923,0.076923,0.230769,0.0,0.076923,0.0,0.0,0.153846,0.0,0.0,0.0,0.0,13.0,-0.405921,6.741127,0.0,0.0,0.076923,0.0,0.0,1.338462,0.615385,0.230769,-1.020769
Negative_F1403,0,0.318182,0.0,0.0,0.181818,0.045455,0.090909,0.045455,0.0,0.0,0.0,0.0,0.090909,0.090909,0.0,0.0,22.0,2.549936,10.302064,0.136364,0.0,0.0,0.0,0.0,0.922727,0.590909,0.0,-0.901364
Negative_F2402,0,0.138889,0.166667,0.0,0.138889,0.0,0.083333,0.027778,0.0,0.055556,0.0,0.0,0.055556,0.027778,0.027778,0.0,36.0,5.391955,9.24446,0.222222,0.0,0.0,0.027778,0.027778,-0.116667,0.305556,0.027778,0.56
Negative_F1093,0,0.035088,0.105263,0.0,0.070175,0.017544,0.035088,0.0,0.035088,0.035088,0.017544,0.070175,0.087719,0.070175,0.0,0.052632,57.0,-1.687185,6.551342,0.087719,0.035088,0.105263,0.052632,0.087719,-0.949123,0.210526,0.052632,2.552105
Negative_F2296,0,0.065789,0.078947,0.013158,0.118421,0.092105,0.026316,0.039474,0.065789,0.0,0.039474,0.013158,0.052632,0.039474,0.013158,0.026316,76.0,6.486719,9.219898,0.184211,0.0,0.039474,0.026316,0.065789,-0.568421,0.315789,0.052632,1.486842
Negative_F1624,0,0.107692,0.061538,0.015385,0.084615,0.038462,0.061538,0.015385,0.076923,0.015385,0.046154,0.046154,0.038462,0.069231,0.038462,0.046154,130.0,7.377073,9.27779,0.038462,0.107692,0.007692,0.061538,0.023077,-0.485385,0.392308,0.1,2.282
Negative_F468,0,0.2,0.066667,0.0,0.066667,0.033333,0.133333,0.0,0.033333,0.0,0.0,0.033333,0.1,0.066667,0.0,0.0,30.0,2.536592,9.306994,0.133333,0.033333,0.033333,0.033333,0.033333,0.213333,0.433333,0.0,0.902667
Negative_F212,0,0.025641,0.153846,0.102564,0.076923,0.051282,0.102564,0.0,0.0,0.025641,0.0,0.128205,0.025641,0.0,0.0,0.025641,39.0,8.39572,9.895784,0.128205,0.128205,0.0,0.025641,0.0,-0.053846,0.307692,0.128205,1.975128
Negative_F1570,0,0.108108,0.054054,0.054054,0.054054,0.027027,0.081081,0.0,0.162162,0.0,0.027027,0.135135,0.135135,0.054054,0.0,0.027027,37.0,1.540036,8.904003,0.027027,0.027027,0.027027,0.0,0.0,-0.097297,0.351351,0.081081,1.489189
Negative_F27,0,0.095238,0.190476,0.095238,0.190476,0.047619,0.047619,0.0,0.047619,0.0,0.0,0.047619,0.0,0.095238,0.047619,0.047619,21.0,-1.54262,4.050028,0.0,0.0,0.0,0.047619,0.0,1.157143,0.47619,0.190476,-0.943333
Negative_F1805,0,0.028571,0.114286,0.0,0.085714,0.0,0.028571,0.028571,0.0,0.0,0.085714,0.0,0.0,0.0,0.028571,0.0,35.0,1.502642,8.549878,0.028571,0.285714,0.028571,0.085714,0.171429,-2.248571,0.114286,0.028571,6.391429
Negative_F653,0,0.139535,0.046512,0.0,0.162791,0.046512,0.0,0.0,0.116279,0.0,0.0,0.116279,0.046512,0.046512,0.093023,0.023256,43.0,3.530486,9.514454,0.116279,0.0,0.023256,0.023256,0.0,-0.548837,0.348837,0.116279,1.14814
Negative_F637,0,0.0,0.0,0.142857,0.0,0.142857,0.214286,0.0,0.0,0.071429,0.0,0.214286,0.071429,0.071429,0.0,0.0,14.0,0.250723,8.465102,0.071429,0.0,0.0,0.0,0.0,1.542857,0.571429,0.142857,-1.162857
Negative_F1439,0,0.066667,0.177778,0.022222,0.111111,0.022222,0.088889,0.0,0.044444,0.044444,0.022222,0.111111,0.022222,0.022222,0.0,0.022222,45.0,9.346267,9.754598,0.111111,0.111111,0.0,0.0,0.0,-0.257778,0.244444,0.044444,1.975333
Negative_F651,0,0.046512,0.093023,0.0,0.232558,0.046512,0.023256,0.0,0.046512,0.023256,0.046512,0.046512,0.046512,0.093023,0.069767,0.069767,43.0,2.093286,8.815165,0.093023,0.0,0.0,0.023256,0.0,-0.118605,0.348837,0.139535,0.269535
Negative_F1307,0,0.135135,0.054054,0.027027,0.135135,0.081081,0.108108,0.027027,0.027027,0.0,0.027027,0.0,0.135135,0.0,0.0,0.0,37.0,4.493149,9.700445,0.189189,0.0,0.0,0.0,0.054054,0.016216,0.378378,0.027027,0.578919
Negative_F1346,0,0.030303,0.060606,0.060606,0.121212,0.0,0.121212,0.030303,0.121212,0.0,0.0,0.060606,0.0,0.151515,0.0,0.0,33.0,3.49498,9.514389,0.181818,0.0,0.0,0.030303,0.030303,0.087879,0.393939,0.060606,0.783939
Negative_F80,0,0.076923,0.0,0.0,0.076923,0.076923,0.384615,0.076923,0.0,0.076923,0.0,0.076923,0.0,0.076923,0.0,0.0,13.0,0.520645,8.72001,0.076923,0.0,0.0,0.0,0.0,1.9,0.692308,0.0,-2.285385
Negative_F2389,0,0.0,0.0,0.15,0.05,0.0,0.2,0.0,0.1,0.0,0.0,0.0,0.1,0.0,0.0,0.05,20.0,5.588943,11.999968,0.05,0.25,0.05,0.0,0.0,-0.805,0.4,0.2,3.6905
Negative_F2401,0,0.16,0.0,0.08,0.28,0.0,0.04,0.0,0.0,0.04,0.04,0.04,0.08,0.2,0.0,0.0,25.0,0.520645,8.72001,0.04,0.0,0.0,0.0,0.0,0.944,0.48,0.08,-1.0108
Negative_F113,0,0.166667,0.0,0.047619,0.071429,0.119048,0.047619,0.0,0.071429,0.047619,0.0,0.02381,0.047619,0.071429,0.0,0.0,42.0,9.585648,11.362504,0.214286,0.047619,0.0,0.02381,0.0,-0.090476,0.452381,0.047619,1.165714
Negative_F2376,0,0.058824,0.0,0.016807,0.134454,0.033613,0.033613,0.008403,0.058824,0.10084,0.033613,0.058824,0.02521,0.05042,0.016807,0.05042,119.0,11.761346,11.189665,0.02521,0.159664,0.05042,0.05042,0.033613,-1.296639,0.268908,0.084034,3.397983
Negative_F2371,0,0.181818,0.0,0.090909,0.090909,0.0,0.0,0.0,0.0,0.0,0.090909,0.181818,0.0,0.090909,0.0,0.090909,11.0,-0.478259,5.971584,0.0,0.090909,0.0,0.0,0.090909,-0.381818,0.454545,0.181818,2.057273
Negative_F1595,0,0.046512,0.139535,0.023256,0.139535,0.023256,0.046512,0.0,0.0,0.023256,0.046512,0.023256,0.069767,0.023256,0.023256,0.093023,43.0,4.509201,9.125065,0.023256,0.139535,0.069767,0.023256,0.023256,-0.693023,0.27907,0.139535,2.471628
Negative_F216,0,0.0,0.16,0.04,0.2,0.04,0.08,0.0,0.0,0.04,0.0,0.16,0.04,0.0,0.0,0.0,25.0,3.527631,9.305641,0.08,0.08,0.08,0.0,0.0,-0.232,0.16,0.04,1.5548
Negative_F1399,0,0.074074,0.0,0.111111,0.148148,0.111111,0.037037,0.0,0.074074,0.074074,0.037037,0.037037,0.037037,0.074074,0.0,0.0,27.0,-0.759099,6.410381,0.074074,0.0,0.037037,0.074074,0.0,0.107407,0.407407,0.111111,0.515185
Negative_F1972,0,0.053571,0.107143,0.017857,0.125,0.053571,0.017857,0.053571,0.053571,0.035714,0.017857,0.071429,0.071429,0.035714,0.017857,0.0,56.0,8.452573,10.13393,0.071429,0.142857,0.0,0.035714,0.017857,-0.614286,0.25,0.035714,2.773929
Negative_F792,0,0.102564,0.0,0.0,0.153846,0.076923,0.0,0.051282,0.076923,0.0,0.051282,0.076923,0.0,0.076923,0.051282,0.025641,39.0,4.275664,10.288848,0.128205,0.051282,0.025641,0.051282,0.0,-0.692308,0.384615,0.076923,1.843846
Negative_F312,0,0.2,0.0,0.1,0.1,0.2,0.1,0.0,0.0,0.05,0.0,0.05,0.05,0.05,0.0,0.0,20.0,1.552442,10.002737,0.1,0.0,0.0,0.0,0.0,1.545,0.65,0.1,-1.5785
Negative_F231,0,0.060606,0.121212,0.060606,0.0,0.0,0.060606,0.090909,0.0,0.030303,0.121212,0.151515,0.0,0.0,0.0,0.030303,33.0,0.293265,7.7108,0.090909,0.0,0.121212,0.030303,0.030303,-0.60303,0.30303,0.090909,1.773636
Negative_F1340,0,0.022222,0.022222,0.088889,0.022222,0.022222,0.133333,0.0,0.044444,0.022222,0.022222,0.044444,0.044444,0.044444,0.0,0.022222,45.0,-4.467578,4.704814,0.088889,0.088889,0.0,0.044444,0.222222,-0.915556,0.333333,0.111111,3.107778
Negative_F1237,0,0.137931,0.068966,0.0,0.206897,0.034483,0.0,0.034483,0.0,0.137931,0.0,0.068966,0.0,0.034483,0.034483,0.068966,29.0,2.501975,9.386677,0.034483,0.103448,0.0,0.0,0.034483,-0.413793,0.344828,0.103448,1.211034
Negative_F2357,0,0.0,0.2,0.033333,0.1,0.066667,0.033333,0.0,0.1,0.066667,0.0,0.066667,0.066667,0.133333,0.0,0.033333,30.0,0.404037,7.769003,0.066667,0.0,0.0,0.0,0.033333,0.563333,0.3,0.066667,0.183667
Negative_F92,0,0.074074,0.074074,0.037037,0.185185,0.037037,0.259259,0.0,0.0,0.037037,0.037037,0.0,0.037037,0.0,0.0,0.0,27.0,3.496365,9.595362,0.185185,0.0,0.0,0.037037,0.0,0.433333,0.407407,0.037037,-0.32
Negative_F1486,0,0.084746,0.0,0.033898,0.101695,0.0,0.016949,0.016949,0.067797,0.050847,0.050847,0.033898,0.050847,0.101695,0.0,0.016949,59.0,18.559946,11.999968,0.220339,0.118644,0.016949,0.0,0.016949,-1.357627,0.271186,0.050847,3.283559
Negative_F1705,0,0.090909,0.0,0.0,0.136364,0.0,0.0,0.0,0.0,0.181818,0.090909,0.136364,0.0,0.0,0.0,0.045455,22.0,-1.44628,4.87067,0.090909,0.045455,0.0,0.045455,0.136364,-1.863636,0.136364,0.045455,3.188636
Negative_F985,0,0.034483,0.0,0.034483,0.137931,0.034483,0.0,0.0,0.034483,0.0,0.034483,0.034483,0.0,0.068966,0.0,0.0,29.0,3.803273,10.166616,0.172414,0.068966,0.241379,0.068966,0.034483,-1.837931,0.172414,0.034483,3.741034
Negative_F1987,0,0.095238,0.0,0.047619,0.047619,0.047619,0.238095,0.0,0.0,0.0,0.047619,0.095238,0.0,0.047619,0.047619,0.0,21.0,3.586381,10.477676,0.190476,0.0,0.095238,0.0,0.0,0.271429,0.52381,0.095238,0.020476
Negative_F1906,0,0.0,0.08,0.0,0.04,0.12,0.12,0.0,0.12,0.04,0.0,0.0,0.08,0.0,0.04,0.04,25.0,2.647875,9.390352,0.08,0.12,0.04,0.04,0.04,-0.708,0.32,0.08,2.636
Negative_F831,0,0.119048,0.0,0.011905,0.22619,0.035714,0.107143,0.011905,0.083333,0.059524,0.035714,0.119048,0.047619,0.047619,0.02381,0.011905,84.0,-4.405966,4.050028,0.0,0.0,0.011905,0.035714,0.011905,0.065476,0.369048,0.047619,0.285714
Negative_F1473,0,0.011494,0.045977,0.034483,0.022989,0.103448,0.057471,0.022989,0.022989,0.08046,0.045977,0.08046,0.022989,0.114943,0.022989,0.022989,87.0,10.408807,10.296713,0.08046,0.126437,0.0,0.022989,0.057471,-0.232184,0.390805,0.08046,2.100345
Negative_F2161,0,0.026316,0.0,0.078947,0.131579,0.078947,0.105263,0.0,0.0,0.078947,0.0,0.026316,0.0,0.078947,0.0,0.0,38.0,14.537232,11.999968,0.210526,0.184211,0.0,0.0,0.0,-0.494737,0.368421,0.078947,2.374474
Negative_F840,0,0.0,0.2,0.05,0.2,0.05,0.1,0.0,0.0,0.05,0.0,0.05,0.2,0.05,0.0,0.0,20.0,-1.53944,4.050028,0.0,0.0,0.0,0.0,0.05,0.94,0.25,0.05,-0.5085
Negative_F1015,0,0.3,0.0,0.05,0.05,0.1,0.15,0.0,0.1,0.05,0.0,0.0,0.05,0.1,0.0,0.0,20.0,-0.405921,6.741127,0.0,0.0,0.05,0.0,0.0,1.475,0.7,0.05,-1.3475
Negative_F1801,0,0.0,0.0,0.153846,0.153846,0.0,0.384615,0.0,0.0,0.076923,0.0,0.076923,0.0,0.076923,0.0,0.0,13.0,0.554947,8.750052,0.076923,0.0,0.0,0.0,0.0,1.669231,0.615385,0.153846,-2.117692
Negative_F1448,0,0.0,0.0,0.043478,0.130435,0.086957,0.043478,0.0,0.043478,0.043478,0.130435,0.086957,0.043478,0.043478,0.0,0.043478,23.0,-4.439553,4.050028,0.0,0.043478,0.0,0.086957,0.130435,-0.982609,0.26087,0.086957,2.650435
Negative_F1921,0,0.046512,0.186047,0.023256,0.162791,0.023256,0.046512,0.0,0.023256,0.023256,0.023256,0.046512,0.069767,0.023256,0.023256,0.046512,43.0,2.389943,8.512486,0.046512,0.093023,0.023256,0.046512,0.023256,-0.35814,0.232558,0.093023,1.909535
Negative_F1248,0,0.0,0.1,0.1,0.0,0.1,0.1,0.0,0.0,0.05,0.0,0.1,0.0,0.0,0.05,0.0,20.0,7.495843,11.132288,0.25,0.15,0.0,0.0,0.0,-0.495,0.35,0.15,2.439
Negative_F266,0,0.147059,0.235294,0.058824,0.117647,0.0,0.0,0.0,0.0,0.0,0.0,0.088235,0.0,0.0,0.029412,0.029412,34.0,9.348747,9.825643,0.117647,0.176471,0.0,0.0,0.0,-0.417647,0.264706,0.117647,2.668235
Negative_F737,0,0.277778,0.055556,0.0,0.0,0.0,0.166667,0.0,0.0,0.0,0.0,0.111111,0.055556,0.111111,0.111111,0.0,18.0,-2.465483,4.050028,0.0,0.0,0.0,0.055556,0.055556,1.122222,0.666667,0.111111,-0.718333
Negative_F57,0,0.021739,0.043478,0.021739,0.173913,0.130435,0.086957,0.021739,0.043478,0.0,0.0,0.043478,0.021739,0.086957,0.0,0.0,46.0,5.491486,9.83441,0.173913,0.043478,0.0,0.043478,0.043478,0.082609,0.369565,0.021739,0.986304
Negative_F1202,0,0.103448,0.068966,0.034483,0.103448,0.034483,0.103448,0.034483,0.068966,0.0,0.0,0.0,0.103448,0.103448,0.0,0.0,29.0,2.496811,9.243171,0.172414,0.0,0.0,0.068966,0.0,0.234483,0.413793,0.034483,0.628966
Negative_F1110,0,0.0,0.0,0.0,0.166667,0.166667,0.083333,0.0,0.0,0.083333,0.0,0.083333,0.0,0.0,0.0,0.083333,12.0,0.587009,8.505008,0.166667,0.0,0.083333,0.083333,0.0,-0.516667,0.333333,0.083333,0.948333
Negative_F572,0,0.043478,0.0,0.0,0.217391,0.0,0.26087,0.0,0.043478,0.0,0.0,0.086957,0.086957,0.130435,0.0,0.0,23.0,0.552888,8.590944,0.086957,0.0,0.0,0.043478,0.0,0.756522,0.434783,0.0,-0.423913
Negative_F1042,0,0.0,0.0,0.0,0.190476,0.0,0.0,0.0,0.0,0.190476,0.0,0.0,0.0,0.0,0.0,0.0,21.0,0.033597,7.420978,0.0,0.0,0.619048,0.0,0.0,-2.361905,0.0,0.0,2.705714
Negative_F830,0,0.045455,0.136364,0.045455,0.090909,0.090909,0.0,0.0,0.045455,0.045455,0.0,0.090909,0.090909,0.090909,0.045455,0.0,22.0,-0.517695,5.939925,0.045455,0.045455,0.0,0.090909,0.0,0.195455,0.318182,0.090909,1.169545
Negative_F1032,0,0.111111,0.0,0.0,0.027778,0.055556,0.055556,0.027778,0.055556,0.111111,0.027778,0.055556,0.027778,0.0,0.0,0.138889,36.0,-0.417474,6.76176,0.027778,0.111111,0.027778,0.083333,0.055556,-1.194444,0.388889,0.138889,3.009722
Negative_F1309,0,0.05,0.0,0.15,0.2,0.1,0.1,0.0,0.05,0.0,0.0,0.05,0.0,0.1,0.0,0.0,20.0,-0.443224,6.28238,0.1,0.0,0.0,0.0,0.1,0.725,0.5,0.15,-0.3755
Negative_F778,0,0.032258,0.193548,0.064516,0.096774,0.064516,0.032258,0.0,0.032258,0.064516,0.0,0.129032,0.064516,0.064516,0.0,0.032258,31.0,1.401531,8.32527,0.096774,0.0,0.0,0.0,0.032258,0.470968,0.290323,0.096774,0.253871
Negative_F2125,0,0.0,0.0,0.162162,0.081081,0.0,0.0,0.0,0.0,0.459459,0.0,0.027027,0.0,0.0,0.027027,0.054054,37.0,6.552266,11.999968,0.0,0.189189,0.0,0.0,0.0,-1.281081,0.243243,0.243243,2.29973
Negative_F1104,0,0.058824,0.117647,0.058824,0.058824,0.039216,0.019608,0.0,0.058824,0.039216,0.019608,0.039216,0.137255,0.058824,0.019608,0.019608,51.0,8.386894,9.651127,0.176471,0.039216,0.0,0.019608,0.019608,-0.470588,0.27451,0.098039,1.796667
Negative_F1796,0,0.058824,0.0,0.117647,0.058824,0.176471,0.235294,0.0,0.0,0.117647,0.0,0.117647,0.0,0.058824,0.0,0.0,17.0,0.554947,8.750052,0.058824,0.0,0.0,0.0,0.0,1.835294,0.647059,0.117647,-2.049412
Negative_F1050,0,0.030303,0.121212,0.0,0.060606,0.060606,0.121212,0.030303,0.090909,0.060606,0.0,0.121212,0.151515,0.030303,0.0,0.030303,33.0,0.103983,7.565975,0.060606,0.0,0.0,0.0,0.030303,0.251515,0.30303,0.030303,0.59697
Negative_F1020,0,0.0,0.0,0.0,0.15,0.2,0.0,0.0,0.0,0.0,0.05,0.05,0.05,0.1,0.1,0.0,20.0,5.510598,11.388421,0.25,0.05,0.0,0.0,0.0,-0.28,0.4,0.1,0.947
Negative_F2136,0,0.0,0.0,0.0,0.0,0.0,0.0,0.0,0.0,0.0,0.0,0.0,0.0,0.0,0.416667,0.0,12.0,6.557277,11.999968,0.0,0.583333,0.0,0.0,0.0,-3.0,0.416667,0.416667,7.7325
Negative_F14,0,0.0625,0.0,0.0625,0.1875,0.0625,0.1875,0.0,0.0,0.0,0.0,0.0625,0.0,0.1875,0.0,0.0,16.0,0.552888,8.590944,0.125,0.0,0.0,0.0625,0.0,1.2375,0.5625,0.0625,-1.011875
Negative_F1763,0,0.0,0.0,0.147059,0.029412,0.088235,0.029412,0.029412,0.0,0.058824,0.0,0.029412,0.029412,0.117647,0.0,0.0,34.0,14.52483,11.999968,0.382353,0.058824,0.0,0.0,0.0,-0.435294,0.411765,0.147059,1.586176
Negative_F904,0,0.0,0.133333,0.1,0.1,0.1,0.066667,0.033333,0.066667,0.066667,0.033333,0.033333,0.066667,0.0,0.0,0.0,30.0,5.456808,10.706474,0.033333,0.166667,0.0,0.0,0.0,-0.07,0.3,0.1,2.122667
Negative_F1755,0,0.095238,0.095238,0.142857,0.0,0.142857,0.142857,0.0,0.047619,0.047619,0.0,0.047619,0.0,0.047619,0.0,0.0,21.0,3.498424,9.701283,0.190476,0.0,0.0,0.0,0.0,1.171429,0.571429,0.142857,-0.782857
Negative_F2363,0,0.071429,0.0,0.0,0.178571,0.0,0.0,0.071429,0.107143,0.0,0.178571,0.0,0.0,0.0,0.035714,0.107143,28.0,4.54031,10.118974,0.142857,0.071429,0.0,0.035714,0.0,-1.982143,0.285714,0.142857,3.3375
Negative_F764,0,0.0,0.193548,0.032258,0.032258,0.096774,0.0,0.0,0.064516,0.064516,0.0,0.064516,0.032258,0.096774,0.032258,0.032258,31.0,0.438488,7.773096,0.129032,0.0,0.032258,0.032258,0.064516,-0.016129,0.290323,0.096774,1.005806
Negative_F256,0,0.052632,0.0,0.052632,0.210526,0.157895,0.105263,0.0,0.052632,0.0,0.0,0.0,0.0,0.157895,0.0,0.0,19.0,1.550383,9.703024,0.157895,0.0,0.0,0.052632,0.0,0.947368,0.526316,0.052632,-0.697895
Negative_F1994,0,0.038462,0.0,0.038462,0.038462,0.115385,0.076923,0.038462,0.076923,0.0,0.0,0.038462,0.076923,0.076923,0.0,0.076923,26.0,5.665971,10.655737,0.153846,0.076923,0.076923,0.0,0.0,-0.276923,0.461538,0.115385,1.642308
Negative_F695,0,0.157895,0.0,0.052632,0.052632,0.105263,0.210526,0.0,0.0,0.052632,0.0,0.105263,0.0,0.105263,0.0,0.0,19.0,0.6282,8.764171,0.052632,0.0,0.105263,0.0,0.0,1.415789,0.631579,0.052632,-1.330526
Negative_F2192,0,0.05,0.0,0.05,0.1,0.1,0.2,0.0,0.05,0.0,0.0,0.0,0.05,0.0,0.0,0.05,20.0,4.625594,11.999968,0.05,0.2,0.1,0.0,0.0,-0.29,0.45,0.1,2.3855
Negative_F226,0,0.043478,0.0,0.173913,0.130435,0.086957,0.086957,0.0,0.043478,0.0,0.0,0.043478,0.0,0.130435,0.0,0.043478,23.0,1.712645,9.99513,0.043478,0.043478,0.130435,0.0,0.0,0.756522,0.565217,0.217391,-0.161739
Negative_F477,0,0.090909,0.0,0.030303,0.121212,0.0,0.015152,0.0,0.090909,0.0,0.045455,0.090909,0.106061,0.075758,0.045455,0.075758,66.0,3.792849,9.69806,0.060606,0.045455,0.060606,0.015152,0.030303,-0.981818,0.333333,0.151515,2.227879
Negative_F2204,0,0.0,0.105263,0.052632,0.0,0.052632,0.105263,0.052632,0.0,0.0,0.052632,0.105263,0.105263,0.0,0.052632,0.052632,19.0,4.503334,10.860038,0.052632,0.210526,0.0,0.0,0.0,-0.463158,0.368421,0.157895,3.045789
Negative_F672,0,0.0,0.0,0.0,0.076923,0.076923,0.461538,0.0,0.153846,0.076923,0.0,0.0,0.0,0.076923,0.0,0.0,13.0,-1.442101,4.050028,0.0,0.0,0.0,0.076923,0.0,1.461538,0.615385,0.0,-1.34
Negative_F1535,0,0.063218,0.005747,0.051724,0.143678,0.051724,0.063218,0.011494,0.057471,0.028736,0.045977,0.08046,0.028736,0.045977,0.017241,0.045977,174.0,5.478728,9.457335,0.063218,0.063218,0.04023,0.068966,0.022989,-0.645977,0.350575,0.114943,2.00023
Negative_F1673,0,0.103448,0.0,0.068966,0.068966,0.137931,0.103448,0.0,0.034483,0.034483,0.034483,0.103448,0.0,0.068966,0.0,0.0,29.0,4.546021,10.582759,0.172414,0.034483,0.0,0.0,0.034483,0.327586,0.482759,0.068966,0.554138
Negative_F272,0,0.052632,0.157895,0.052632,0.157895,0.026316,0.0,0.0,0.052632,0.052632,0.052632,0.026316,0.0,0.026316,0.026316,0.052632,38.0,5.447215,9.303255,0.105263,0.105263,0.0,0.026316,0.026316,-0.831579,0.236842,0.131579,2.401579
Negative_F1672,0,0.083333,0.0,0.041667,0.041667,0.166667,0.083333,0.041667,0.041667,0.083333,0.0,0.083333,0.083333,0.083333,0.0,0.0,24.0,3.54743,10.47774,0.166667,0.0,0.0,0.0,0.0,0.691667,0.5,0.041667,-0.279583
Negative_F2345,0,0.028571,0.171429,0.0,0.085714,0.114286,0.028571,0.0,0.085714,0.028571,0.114286,0.0,0.028571,0.0,0.0,0.028571,35.0,1.481936,8.346093,0.028571,0.114286,0.057143,0.0,0.085714,-0.842857,0.2,0.028571,2.938857
Negative_F947,0,0.0,0.0,0.142857,0.142857,0.142857,0.214286,0.0,0.0,0.0,0.0,0.0,0.142857,0.071429,0.0,0.0,14.0,1.554922,11.000837,0.071429,0.071429,0.0,0.0,0.0,1.4,0.571429,0.142857,-0.776429
Negative_F1019,0,0.071429,0.142857,0.214286,0.0,0.0,0.214286,0.0,0.0,0.071429,0.0,0.0,0.0,0.071429,0.0,0.0,14.0,2.500929,9.390159,0.214286,0.0,0.0,0.0,0.0,1.25,0.571429,0.214286,-1.104286
Negative_F526,0,0.04,0.12,0.02,0.06,0.04,0.08,0.0,0.04,0.04,0.02,0.04,0.06,0.0,0.02,0.06,50.0,5.506896,9.271666,0.08,0.16,0.0,0.04,0.08,-1.008,0.26,0.1,3.4208
Negative_F1186,0,0.0,0.086957,0.0,0.130435,0.086957,0.086957,0.0,0.0,0.130435,0.130435,0.043478,0.130435,0.086957,0.0,0.043478,23.0,-1.492939,4.050028,0.0,0.0,0.0,0.0,0.043478,0.252174,0.304348,0.043478,0.066957
Negative_F439,0,0.025,0.15,0.05,0.2,0.025,0.0,0.025,0.05,0.025,0.025,0.025,0.0,0.025,0.025,0.075,40.0,0.466101,7.771334,0.125,0.0,0.05,0.075,0.025,-0.695,0.25,0.15,1.40175
Negative_F360,0,0.285714,0.0,0.0,0.0,0.142857,0.285714,0.0,0.071429,0.0,0.0,0.0,0.0,0.0,0.0,0.0,14.0,2.549936,10.302064,0.214286,0.0,0.0,0.0,0.0,1.157143,0.714286,0.0,-0.962143
Negative_F2021,0,0.05,0.2,0.05,0.2,0.05,0.05,0.0,0.0,0.0,0.0,0.0,0.1,0.1,0.1,0.0,20.0,-2.539668,4.050028,0.0,0.0,0.0,0.1,0.0,0.975,0.4,0.15,-0.6835
Negative_F2334,0,0.0,0.0,0.083333,0.0,0.166667,0.25,0.083333,0.0,0.0,0.0,0.0,0.0,0.083333,0.0,0.0,12.0,3.554872,11.999968,0.083333,0.25,0.0,0.0,0.0,0.991667,0.666667,0.083333,1.361667
Negative_F2158,0,0.155556,0.0,0.022222,0.066667,0.022222,0.088889,0.022222,0.044444,0.044444,0.022222,0.088889,0.111111,0.044444,0.022222,0.066667,45.0,1.31547,9.397508,0.044444,0.044444,0.044444,0.022222,0.022222,-0.248889,0.444444,0.111111,1.236667
Negative_F1088,0,0.012048,0.144578,0.036145,0.084337,0.024096,0.024096,0.0,0.024096,0.13253,0.024096,0.036145,0.072289,0.048193,0.012048,0.036145,83.0,1.934282,8.263445,0.084337,0.072289,0.012048,0.048193,0.072289,-0.779518,0.192771,0.084337,2.268795
Negative_F1080,0,0.105263,0.0,0.0,0.157895,0.052632,0.157895,0.052632,0.0,0.0,0.0,0.052632,0.052632,0.210526,0.0,0.0,19.0,2.549936,10.302064,0.157895,0.0,0.0,0.0,0.0,1.252632,0.578947,0.0,-1.158421
Negative_F1005,0,0.0,0.0,0.153846,0.076923,0.153846,0.230769,0.0,0.0,0.076923,0.0,0.076923,0.0,0.076923,0.0,0.0,13.0,1.552442,10.002737,0.153846,0.0,0.0,0.0,0.0,1.507692,0.615385,0.153846,-1.618462
Negative_F1159,0,0.058824,0.0,0.0,0.117647,0.176471,0.117647,0.0,0.058824,0.0,0.0,0.117647,0.0,0.058824,0.058824,0.0,17.0,1.551057,9.703024,0.176471,0.0,0.0,0.0,0.058824,0.3,0.470588,0.058824,0.131765
Negative_F790,0,0.027778,0.055556,0.083333,0.055556,0.027778,0.083333,0.0,0.055556,0.111111,0.0,0.111111,0.0,0.055556,0.027778,0.0,36.0,2.607156,9.245749,0.138889,0.055556,0.0,0.083333,0.027778,-0.591667,0.305556,0.111111,2.004444
Negative_F2254,0,0.102564,0.0,0.051282,0.076923,0.025641,0.025641,0.0,0.0,0.025641,0.025641,0.025641,0.051282,0.179487,0.025641,0.0,39.0,6.546777,11.043708,0.153846,0.128205,0.0,0.0,0.102564,-0.482051,0.410256,0.076923,2.378205
Negative_F1091,0,0.227273,0.0,0.0,0.136364,0.0,0.090909,0.0,0.045455,0.0,0.0,0.0,0.090909,0.136364,0.090909,0.090909,22.0,1.549911,9.6998,0.045455,0.045455,0.0,0.0,0.0,0.468182,0.636364,0.181818,-0.270909
Negative_F432,0,0.142857,0.0,0.0,0.0,0.142857,0.214286,0.0,0.0,0.0,0.071429,0.0,0.0,0.0,0.071429,0.0,14.0,0.550829,8.497529,0.214286,0.0,0.0,0.142857,0.0,0.064286,0.571429,0.071429,0.648571
Negative_F1092,0,0.054545,0.109091,0.036364,0.036364,0.018182,0.0,0.0,0.127273,0.018182,0.0,0.018182,0.109091,0.036364,0.0,0.054545,55.0,4.426208,8.934883,0.236364,0.0,0.0,0.127273,0.018182,-1.374545,0.2,0.090909,3.123091
Negative_F703,0,0.021277,0.170213,0.042553,0.042553,0.06383,0.06383,0.0,0.021277,0.085106,0.0,0.06383,0.106383,0.0,0.0,0.0,47.0,5.386727,9.081742,0.12766,0.085106,0.021277,0.021277,0.06383,-0.487234,0.191489,0.042553,2.278085
Negative_F1149,0,0.029412,0.029412,0.058824,0.117647,0.029412,0.029412,0.029412,0.029412,0.029412,0.088235,0.029412,0.088235,0.088235,0.0,0.088235,34.0,-0.405469,6.914259,0.088235,0.0,0.058824,0.0,0.088235,-0.585294,0.352941,0.147059,1.296176
Negative_F2153,0,0.0,0.108108,0.054054,0.162162,0.081081,0.027027,0.027027,0.027027,0.054054,0.135135,0.027027,0.054054,0.027027,0.0,0.0,37.0,3.533013,9.474935,0.0,0.135135,0.054054,0.027027,0.0,-0.6,0.216216,0.054054,2.506216
Negative_F2395,0,0.041667,0.083333,0.041667,0.083333,0.0,0.041667,0.0,0.041667,0.041667,0.0,0.041667,0.0,0.125,0.0,0.125,24.0,2.531556,9.189146,0.125,0.083333,0.041667,0.041667,0.041667,-0.645833,0.375,0.166667,2.119583
Negative_F1181,0,0.0,0.333333,0.055556,0.111111,0.0,0.0,0.0,0.0,0.0,0.0,0.0,0.055556,0.166667,0.0,0.0,18.0,4.410307,9.302804,0.0,0.277778,0.0,0.0,0.0,0.355556,0.222222,0.055556,2.917222
Negative_F991,0,0.166667,0.083333,0.125,0.041667,0.083333,0.125,0.0,0.041667,0.083333,0.0,0.041667,0.0,0.083333,0.0,0.0,24.0,2.500929,9.390159,0.125,0.0,0.0,0.0,0.0,1.241667,0.583333,0.125,-1.069583
Negative_F416,0,0.0,0.0,0.0,0.25,0.166667,0.416667,0.0,0.0,0.0,0.0,0.0,0.083333,0.0,0.0,0.0,12.0,0.554947,8.750052,0.083333,0.0,0.0,0.0,0.0,1.85,0.583333,0.0,-2.428333
Negative_F2397,0,0.1,0.05,0.05,0.15,0.1,0.05,0.0,0.05,0.05,0.05,0.0,0.05,0.15,0.0,0.0,20.0,0.578734,8.241139,0.1,0.0,0.0,0.05,0.0,0.625,0.45,0.05,-0.1505
Negative_F1878,0,0.034483,0.103448,0.017241,0.051724,0.017241,0.103448,0.017241,0.034483,0.017241,0.068966,0.103448,0.017241,0.103448,0.0,0.017241,58.0,5.423728,9.173674,0.172414,0.017241,0.017241,0.034483,0.051724,-0.327586,0.310345,0.034483,1.609828
Negative_F381,0,0.129032,0.129032,0.096774,0.129032,0.0,0.064516,0.0,0.064516,0.064516,0.032258,0.064516,0.032258,0.032258,0.0,0.0,31.0,0.45597,7.877859,0.064516,0.032258,0.0,0.032258,0.032258,0.016129,0.322581,0.096774,0.993548
Negative_F1332,0,0.1,0.1,0.0,0.1,0.05,0.05,0.0,0.0,0.2,0.0,0.05,0.05,0.0,0.05,0.0,20.0,4.551229,10.333009,0.15,0.1,0.0,0.0,0.0,-0.67,0.25,0.05,1.6115
Negative_F1533,0,0.074074,0.024691,0.037037,0.061728,0.037037,0.123457,0.012346,0.024691,0.037037,0.049383,0.037037,0.074074,0.08642,0.037037,0.012346,81.0,-1.454076,5.804478,0.037037,0.08642,0.012346,0.061728,0.074074,-0.201235,0.419753,0.08642,1.762593
Negative_F2370,0,0.0,0.0,0.108108,0.702703,0.054054,0.0,0.0,0.0,0.0,0.0,0.0,0.0,0.0,0.0,0.027027,37.0,3.549886,11.097153,0.054054,0.054054,0.0,0.0,0.0,-0.224324,0.189189,0.135135,-0.138378
Negative_F782,0,0.272727,0.0,0.0,0.136364,0.0,0.136364,0.045455,0.0,0.0,0.0,0.090909,0.0,0.136364,0.0,0.0,22.0,3.54743,10.47774,0.181818,0.0,0.0,0.0,0.0,0.831818,0.590909,0.0,-0.632273
Negative_F1885,0,0.076923,0.0,0.0,0.076923,0.153846,0.307692,0.0,0.0,0.0,0.0,0.076923,0.0,0.0,0.0,0.0,13.0,3.54743,10.47774,0.307692,0.0,0.0,0.0,0.0,0.707692,0.538462,0.0,-0.513077
Negative_F1013,0,0.153846,0.0,0.076923,0.153846,0.153846,0.230769,0.076923,0.0,0.076923,0.0,0.0,0.0,0.0,0.0,0.0,13.0,0.554947,8.750052,0.076923,0.0,0.0,0.0,0.0,1.723077,0.692308,0.076923,-2.298462
Negative_F1778,0,0.035088,0.210526,0.017544,0.105263,0.017544,0.052632,0.0,0.070175,0.052632,0.035088,0.052632,0.122807,0.052632,0.0,0.0,57.0,5.336936,8.859713,0.0,0.122807,0.035088,0.017544,0.0,-0.210526,0.175439,0.017544,2.261579
Negative_F1261,0,0.222222,0.0,0.055556,0.055556,0.055556,0.166667,0.055556,0.0,0.0,0.111111,0.0,0.055556,0.0,0.0,0.0,18.0,1.551057,9.703024,0.166667,0.0,0.0,0.0,0.055556,0.25,0.555556,0.055556,0.217778
Negative_F1320,0,0.125,0.083333,0.083333,0.041667,0.125,0.166667,0.0,0.041667,0.083333,0.041667,0.0,0.0,0.083333,0.0,0.0,24.0,2.50341,9.503945,0.083333,0.041667,0.0,0.0,0.0,1.258333,0.583333,0.083333,-0.800417
Negative_F1521,0,0.0,0.0,0.0,0.0,0.076923,0.307692,0.0,0.0,0.0,0.0,0.0,0.0,0.153846,0.0,0.076923,13.0,1.587658,9.699929,0.153846,0.076923,0.076923,0.0,0.076923,0.6,0.615385,0.076923,0.380769
Negative_F2028,0,0.162791,0.139535,0.046512,0.116279,0.023256,0.116279,0.0,0.046512,0.0,0.023256,0.046512,0.023256,0.046512,0.0,0.0,43.0,2.480166,8.689194,0.046512,0.069767,0.046512,0.023256,0.023256,0.362791,0.395349,0.046512,0.936977
Negative_F848,0,0.0,0.0,0.102564,0.076923,0.025641,0.025641,0.0,0.076923,0.333333,0.051282,0.051282,0.0,0.025641,0.025641,0.076923,39.0,2.618153,9.823322,0.051282,0.025641,0.051282,0.0,0.0,-1.048718,0.282051,0.205128,1.092564
Negative_F629,0,0.096774,0.0,0.0,0.225806,0.096774,0.096774,0.0,0.064516,0.0,0.0,0.032258,0.032258,0.129032,0.0,0.0,31.0,2.548585,9.825643,0.16129,0.0,0.0,0.032258,0.032258,0.3,0.419355,0.0,0.156129
Negative_F2181,0,0.210526,0.0,0.052632,0.052632,0.157895,0.210526,0.0,0.0,0.052632,0.0,0.052632,0.052632,0.0,0.0,0.0,19.0,1.589068,10.002802,0.105263,0.0,0.052632,0.0,0.0,1.273684,0.631579,0.052632,-1.256316
Negative_F1122,0,0.0,0.157895,0.157895,0.105263,0.0,0.0,0.0,0.052632,0.052632,0.052632,0.105263,0.105263,0.052632,0.0,0.0,19.0,0.479378,7.948903,0.105263,0.0,0.0,0.052632,0.0,-0.189474,0.210526,0.157895,1.328421
Negative_F2096,0,0.019608,0.137255,0.078431,0.098039,0.019608,0.098039,0.0,0.058824,0.058824,0.039216,0.058824,0.0,0.019608,0.0,0.0,51.0,1.382278,8.259577,0.078431,0.098039,0.0,0.039216,0.098039,-0.609804,0.235294,0.078431,2.520392
Negative_F341,0,0.136364,0.0,0.090909,0.136364,0.0,0.136364,0.045455,0.090909,0.045455,0.0,0.0,0.0,0.090909,0.0,0.0,22.0,2.547877,10.001383,0.181818,0.0,0.0,0.045455,0.0,0.172727,0.5,0.090909,0.218182
Negative_F2200,0,0.166667,0.0,0.0,0.083333,0.0,0.0,0.0,0.0,0.0,0.0,0.083333,0.083333,0.0,0.166667,0.083333,12.0,2.591498,11.711343,0.0,0.25,0.083333,0.0,0.0,-1.508333,0.416667,0.25,3.859167
Negative_F1068,0,0.02381,0.0,0.071429,0.119048,0.095238,0.02381,0.0,0.0,0.047619,0.02381,0.047619,0.047619,0.047619,0.047619,0.02381,42.0,4.589406,10.86642,0.071429,0.166667,0.02381,0.047619,0.071429,-0.911905,0.333333,0.142857,3.058333
Negative_F2319,0,0.125,0.083333,0.041667,0.041667,0.125,0.208333,0.0,0.041667,0.083333,0.0,0.041667,0.041667,0.041667,0.0,0.0,24.0,2.500929,9.390159,0.125,0.0,0.0,0.0,0.0,1.233333,0.541667,0.041667,-1.085417
Negative_F1477,0,0.067568,0.054054,0.027027,0.027027,0.054054,0.067568,0.013514,0.027027,0.108108,0.054054,0.067568,0.067568,0.040541,0.013514,0.027027,74.0,10.427167,9.924795,0.162162,0.054054,0.0,0.054054,0.013514,-0.7,0.310811,0.067568,2.033108
Negative_F875,0,0.058824,0.117647,0.0,0.058824,0.0,0.0,0.0,0.0,0.235294,0.0,0.117647,0.058824,0.0,0.058824,0.058824,17.0,3.194174,9.697737,0.176471,0.058824,0.0,0.0,0.0,-1.217647,0.176471,0.117647,1.967059
Negative_F1029,0,0.0,0.0,0.181818,0.090909,0.0,0.090909,0.090909,0.0,0.181818,0.181818,0.0,0.0,0.0,0.0,0.0,11.0,1.554922,11.000837,0.090909,0.090909,0.0,0.0,0.0,-0.7,0.363636,0.181818,1.58
Negative_F2120,0,0.136364,0.0,0.181818,0.136364,0.090909,0.0,0.0,0.0,0.0,0.045455,0.045455,0.0,0.0,0.045455,0.0,22.0,5.586487,11.999968,0.136364,0.136364,0.045455,0.0,0.0,-0.418182,0.454545,0.227273,1.939545
Negative_F1984,0,0.0,0.111111,0.111111,0.055556,0.0,0.111111,0.0,0.0,0.111111,0.0,0.055556,0.055556,0.0,0.111111,0.055556,18.0,3.495918,9.595362,0.222222,0.0,0.0,0.0,0.0,-0.311111,0.388889,0.277778,0.241667
Negative_F380,0,0.047619,0.0,0.095238,0.285714,0.095238,0.0,0.0,0.0,0.095238,0.0,0.047619,0.047619,0.095238,0.0,0.095238,21.0,-1.409811,5.24018,0.0,0.0,0.047619,0.0,0.047619,0.4,0.428571,0.190476,-0.648095
Negative_F1335,0,0.05,0.1,0.05,0.15,0.0,0.05,0.0,0.0,0.15,0.0,0.1,0.05,0.05,0.1,0.0,20.0,2.199185,9.499755,0.1,0.05,0.0,0.0,0.0,-0.24,0.3,0.15,0.58
Negative_F693,0,0.0,0.0,0.076923,0.076923,0.076923,0.384615,0.0,0.076923,0.076923,0.0,0.076923,0.076923,0.076923,0.0,0.0,13.0,-0.442547,5.525,0.0,0.0,0.0,0.0,0.0,1.807692,0.615385,0.076923,-1.913077
Negative_F641,0,0.130435,0.086957,0.0,0.26087,0.086957,0.173913,0.0,0.0,0.0,0.0,0.043478,0.043478,0.043478,0.0,0.0,23.0,1.540061,8.904518,0.086957,0.0,0.043478,0.0,0.0,1.03913,0.434783,0.0,-1.106957
Negative_F1014,0,0.117647,0.0,0.117647,0.058824,0.176471,0.235294,0.0,0.0,0.117647,0.0,0.058824,0.0,0.0,0.0,0.0,17.0,1.552442,10.002737,0.117647,0.0,0.0,0.0,0.0,1.511765,0.647059,0.117647,-1.791765
Negative_F1728,0,0.157895,0.0,0.0,0.157895,0.0,0.368421,0.0,0.052632,0.052632,0.0,0.0,0.105263,0.0,0.0,0.0,19.0,1.554922,11.000837,0.052632,0.052632,0.0,0.0,0.0,0.836842,0.526316,0.0,-0.549474
Negative_F1856,0,0.03125,0.0625,0.09375,0.0625,0.0625,0.0,0.0,0.09375,0.0,0.0,0.125,0.0,0.0625,0.0,0.0,32.0,3.542371,10.075844,0.0625,0.1875,0.03125,0.09375,0.03125,-1.059375,0.25,0.09375,4.333125
Negative_F946,0,0.058824,0.0,0.176471,0.117647,0.117647,0.235294,0.0,0.0,0.117647,0.0,0.058824,0.0,0.058824,0.0,0.0,17.0,0.554947,8.750052,0.058824,0.0,0.0,0.0,0.0,1.758824,0.647059,0.176471,-2.190588
Negative_F2187,0,0.2,0.085714,0.057143,0.171429,0.114286,0.028571,0.0,0.028571,0.057143,0.0,0.057143,0.057143,0.028571,0.0,0.0,35.0,-2.516549,4.050028,0.028571,0.0,0.0,0.057143,0.028571,0.72,0.428571,0.057143,-0.239143
Negative_F2023,0,0.162791,0.0,0.023256,0.069767,0.069767,0.046512,0.0,0.069767,0.046512,0.023256,0.069767,0.046512,0.069767,0.069767,0.0,43.0,3.542602,9.876121,0.162791,0.0,0.0,0.023256,0.046512,-0.316279,0.44186,0.093023,0.925814
Negative_F741,0,0.04,0.0,0.0,0.08,0.0,0.16,0.08,0.04,0.0,0.0,0.08,0.0,0.0,0.08,0.0,25.0,8.238827,11.772717,0.28,0.12,0.0,0.0,0.04,-1.248,0.36,0.08,2.8452
Negative_F7,0,0.0,0.166667,0.0,0.0,0.166667,0.083333,0.0,0.0,0.0,0.0,0.0,0.0,0.25,0.0,0.0,12.0,3.508346,11.526383,0.0,0.333333,0.0,0.0,0.0,1.033333,0.5,0.0,2.52
Negative_F1163,0,0.040541,0.094595,0.067568,0.054054,0.040541,0.067568,0.027027,0.027027,0.054054,0.054054,0.067568,0.013514,0.013514,0.013514,0.040541,74.0,5.453296,9.204941,0.027027,0.162162,0.027027,0.040541,0.067568,-0.774324,0.310811,0.121622,3.13
Negative_F2064,0,0.0,0.0,0.0,0.0,0.25,0.0,0.0,0.0,0.0,0.0,0.0,0.0,0.166667,0.166667,0.0,12.0,4.557327,11.999968,0.0,0.416667,0.0,0.0,0.0,-0.2,0.583333,0.166667,3.925
Negative_F38,0,0.025,0.15,0.0,0.125,0.05,0.1,0.025,0.05,0.05,0.05,0.05,0.025,0.05,0.025,0.025,40.0,7.405246,10.210712,0.025,0.175,0.0,0.0,0.0,-0.195,0.3,0.05,2.18475
Negative_F382,0,0.125,0.0,0.071429,0.053571,0.017857,0.089286,0.017857,0.035714,0.089286,0.017857,0.053571,0.017857,0.035714,0.017857,0.017857,56.0,6.535866,10.074039,0.178571,0.053571,0.0,0.017857,0.089286,-0.730357,0.392857,0.107143,1.87625
Negative_F2434,0,0.03125,0.0625,0.03125,0.039062,0.023438,0.015625,0.039062,0.070312,0.054688,0.054688,0.125,0.0625,0.078125,0.0,0.039062,128.0,5.521138,8.978077,0.0625,0.078125,0.039062,0.046875,0.046875,-0.916406,0.257812,0.070312,2.917422
Negative_F1460,0,0.041667,0.05,0.066667,0.066667,0.066667,0.016667,0.016667,0.05,0.075,0.025,0.075,0.05,0.025,0.008333,0.05,120.0,5.527568,9.083418,0.083333,0.083333,0.033333,0.058333,0.058333,-0.905,0.291667,0.125,2.65775
Negative_F132,0,0.16,0.0,0.08,0.16,0.0,0.08,0.0,0.0,0.0,0.0,0.04,0.04,0.08,0.04,0.04,25.0,3.654804,10.176931,0.16,0.0,0.12,0.0,0.0,-0.068,0.48,0.16,0.2032
Negative_F2143,0,0.238095,0.0,0.047619,0.0,0.238095,0.0,0.0,0.0,0.142857,0.0,0.0,0.238095,0.047619,0.0,0.0,21.0,-1.441426,4.050028,0.0,0.0,0.0,0.0,0.047619,1.271429,0.571429,0.047619,-1.000476
Negative_F2223,0,0.098039,0.156863,0.0,0.058824,0.058824,0.019608,0.0,0.058824,0.098039,0.039216,0.117647,0.019608,0.019608,0.0,0.078431,51.0,3.386966,8.730969,0.019608,0.098039,0.019608,0.019608,0.019608,-0.460784,0.27451,0.078431,2.138039
Negative_F2002,0,0.0,0.0,0.0,0.068966,0.068966,0.034483,0.0,0.034483,0.034483,0.034483,0.068966,0.034483,0.034483,0.034483,0.0,29.0,15.200549,11.999968,0.103448,0.448276,0.0,0.0,0.0,-2.268966,0.172414,0.034483,7.212069
Negative_F1480,0,0.043478,0.057971,0.014493,0.043478,0.072464,0.086957,0.0,0.043478,0.072464,0.086957,0.057971,0.057971,0.072464,0.028986,0.043478,69.0,4.485758,9.212033,0.115942,0.028986,0.0,0.043478,0.028986,-0.371014,0.362319,0.086957,1.393478
Negative_F1150,0,0.052632,0.236842,0.0,0.052632,0.0,0.052632,0.0,0.026316,0.210526,0.052632,0.052632,0.0,0.0,0.026316,0.0,38.0,6.332207,9.239754,0.052632,0.157895,0.0,0.026316,0.0,-0.821053,0.131579,0.026316,2.754474
Negative_F1939,0,0.095238,0.095238,0.047619,0.047619,0.047619,0.095238,0.0,0.047619,0.047619,0.047619,0.047619,0.047619,0.0,0.0,0.0,21.0,5.539961,11.556748,0.095238,0.190476,0.047619,0.0,0.0,-0.761905,0.285714,0.047619,3.272857
Negative_F387,0,0.1,0.1,0.0,0.1,0.05,0.05,0.0,0.0,0.15,0.0,0.1,0.05,0.0,0.05,0.0,20.0,4.548748,10.065401,0.2,0.05,0.0,0.0,0.0,-0.6,0.25,0.05,1.313
Negative_F319,0,0.04,0.0,0.0,0.0,0.04,0.28,0.04,0.0,0.0,0.04,0.0,0.04,0.12,0.0,0.0,25.0,4.584875,11.06898,0.16,0.12,0.04,0.08,0.0,0.156,0.52,0.0,1.6612
Negative_F457,0,0.052632,0.052632,0.026316,0.184211,0.026316,0.131579,0.0,0.052632,0.0,0.026316,0.078947,0.026316,0.157895,0.0,0.0,38.0,4.494533,9.788896,0.157895,0.0,0.0,0.0,0.026316,0.442105,0.394737,0.026316,0.057895
Negative_F839,0,0.135135,0.054054,0.027027,0.027027,0.0,0.108108,0.027027,0.0,0.054054,0.0,0.162162,0.054054,0.135135,0.0,0.054054,37.0,-0.730981,6.655641,0.054054,0.0,0.054054,0.027027,0.027027,0.575676,0.486486,0.081081,0.108378
Negative_F2280,0,0.121212,0.060606,0.030303,0.090909,0.060606,0.0,0.0,0.060606,0.0,0.0,0.090909,0.030303,0.181818,0.060606,0.030303,33.0,2.532991,9.243364,0.121212,0.0,0.030303,0.030303,0.0,0.378788,0.484848,0.121212,0.225152
Negative_F383,0,0.065217,0.173913,0.043478,0.043478,0.021739,0.043478,0.0,0.086957,0.0,0.021739,0.043478,0.108696,0.021739,0.021739,0.021739,46.0,0.497839,7.734389,0.086957,0.021739,0.086957,0.065217,0.021739,-0.547826,0.23913,0.086957,2.086522
Negative_F1484,0,0.028986,0.057971,0.028986,0.043478,0.028986,0.086957,0.028986,0.028986,0.086957,0.014493,0.057971,0.028986,0.115942,0.028986,0.057971,69.0,3.480319,9.074135,0.057971,0.101449,0.014493,0.072464,0.028986,-0.27971,0.405797,0.115942,1.856232
Negative_F2062,0,0.050847,0.152542,0.016949,0.016949,0.033898,0.135593,0.033898,0.016949,0.033898,0.016949,0.050847,0.067797,0.016949,0.0,0.016949,59.0,2.35358,8.409466,0.169492,0.016949,0.016949,0.033898,0.101695,-0.232203,0.305085,0.033898,1.480847
Negative_F130,0,0.133333,0.0,0.0,0.133333,0.1,0.133333,0.033333,0.033333,0.033333,0.066667,0.1,0.033333,0.0,0.033333,0.0,30.0,2.598901,10.001706,0.133333,0.0,0.0,0.0,0.033333,0.033333,0.433333,0.033333,0.312667
Negative_F1668,0,0.172414,0.0,0.0,0.068966,0.103448,0.137931,0.034483,0.0,0.034483,0.0,0.068966,0.068966,0.034483,0.0,0.0,29.0,5.54036,10.398315,0.241379,0.0,0.0,0.034483,0.0,0.262069,0.482759,0.0,0.267241
Negative_F2325,0,0.0,0.0,0.121212,0.121212,0.030303,0.060606,0.030303,0.0,0.0,0.030303,0.060606,0.030303,0.090909,0.0,0.0,33.0,12.586311,11.999968,0.090909,0.30303,0.030303,0.0,0.0,-0.893939,0.333333,0.121212,4.257879
Negative_F146,0,0.0625,0.1875,0.0,0.09375,0.03125,0.09375,0.0,0.0,0.0,0.0,0.09375,0.09375,0.03125,0.0,0.0625,32.0,3.457862,8.961637,0.0,0.1875,0.0,0.0,0.0625,-0.1125,0.28125,0.0625,2.609062
Negative_F1924,0,0.235294,0.0,0.0,0.088235,0.058824,0.088235,0.0,0.029412,0.029412,0.0,0.058824,0.029412,0.088235,0.0,0.0,34.0,7.54031,11.30113,0.205882,0.058824,0.0,0.029412,0.0,-0.029412,0.470588,0.0,1.158824
Negative_F1812,0,0.285714,0.0,0.071429,0.142857,0.142857,0.071429,0.0,0.0,0.071429,0.0,0.0,0.0,0.0,0.0,0.0,14.0,0.552888,8.590944,0.142857,0.0,0.0,0.071429,0.0,0.65,0.571429,0.071429,-0.502857
Negative_F1621,0,0.069767,0.0,0.093023,0.093023,0.139535,0.046512,0.046512,0.0,0.023256,0.093023,0.0,0.023256,0.023256,0.069767,0.023256,43.0,5.303012,10.218255,0.162791,0.023256,0.023256,0.023256,0.023256,-0.109302,0.511628,0.186047,0.526279
Negative_F836,0,0.0,0.074074,0.074074,0.111111,0.111111,0.0,0.0,0.074074,0.0,0.0,0.148148,0.074074,0.111111,0.037037,0.037037,27.0,-0.422191,6.900617,0.037037,0.0,0.074074,0.0,0.037037,0.292593,0.37037,0.148148,0.492222
Negative_F1854,0,0.018868,0.037736,0.056604,0.226415,0.056604,0.0,0.0,0.056604,0.075472,0.0,0.132075,0.0,0.056604,0.0,0.0,53.0,5.542321,11.214872,0.037736,0.150943,0.018868,0.056604,0.018868,-0.886792,0.188679,0.056604,3.025283
Negative_F1133,0,0.162162,0.135135,0.027027,0.216216,0.027027,0.081081,0.0,0.027027,0.0,0.108108,0.027027,0.027027,0.027027,0.027027,0.027027,37.0,2.429875,8.797888,0.027027,0.054054,0.0,0.0,0.0,0.240541,0.378378,0.081081,0.445676
Negative_F1200,0,0.043478,0.043478,0.021739,0.173913,0.195652,0.043478,0.021739,0.043478,0.0,0.0,0.021739,0.021739,0.065217,0.0,0.0,46.0,5.491486,9.83441,0.173913,0.043478,0.0,0.043478,0.043478,0.176087,0.391304,0.021739,0.853913
Negative_F2343,0,0.0,0.133333,0.053333,0.093333,0.04,0.013333,0.013333,0.053333,0.053333,0.053333,0.066667,0.053333,0.026667,0.106667,0.013333,75.0,2.298579,8.384065,0.08,0.053333,0.0,0.08,0.013333,-0.728,0.266667,0.173333,1.976
Negative_F33,0,0.0,0.142857,0.047619,0.119048,0.095238,0.0,0.0,0.047619,0.071429,0.047619,0.02381,0.071429,0.071429,0.02381,0.0,42.0,8.444353,11.20114,0.02381,0.190476,0.02381,0.0,0.0,-0.392857,0.238095,0.071429,2.680238
Negative_F1838,0,0.095238,0.031746,0.031746,0.031746,0.031746,0.095238,0.047619,0.047619,0.031746,0.111111,0.031746,0.079365,0.031746,0.031746,0.015873,63.0,11.215422,11.102568,0.126984,0.095238,0.0,0.0,0.031746,-0.715873,0.380952,0.079365,2.311429
Negative_F546,0,0.086957,0.0,0.043478,0.130435,0.086957,0.130435,0.0,0.0,0.0,0.086957,0.043478,0.086957,0.043478,0.043478,0.0,23.0,0.550829,8.497529,0.130435,0.0,0.0,0.086957,0.0,0.043478,0.434783,0.086957,0.57913
Negative_F793,0,0.064516,0.145161,0.032258,0.064516,0.0,0.112903,0.0,0.080645,0.064516,0.0,0.064516,0.016129,0.032258,0.016129,0.096774,62.0,2.387504,8.416106,0.064516,0.048387,0.032258,0.048387,0.016129,-0.279032,0.354839,0.145161,1.389194
Negative_F2163,0,0.115385,0.0,0.0,0.153846,0.038462,0.192308,0.0,0.076923,0.0,0.038462,0.0,0.038462,0.0,0.115385,0.0,26.0,4.242413,11.999968,0.038462,0.153846,0.038462,0.0,0.0,-0.45,0.461538,0.115385,1.753077
Negative_F1059,0,0.012195,0.158537,0.036585,0.097561,0.04878,0.012195,0.0,0.0,0.195122,0.02439,0.073171,0.012195,0.02439,0.012195,0.04878,82.0,-4.04597,4.99708,0.085366,0.012195,0.012195,0.036585,0.097561,-0.585366,0.195122,0.097561,1.265366
Negative_F1063,0,0.079365,0.126984,0.015873,0.126984,0.063492,0.063492,0.031746,0.031746,0.047619,0.031746,0.079365,0.063492,0.031746,0.0,0.015873,63.0,3.350583,8.730712,0.063492,0.063492,0.0,0.063492,0.0,-0.007937,0.301587,0.031746,1.374762
Negative_F1797,0,0.058824,0.0,0.176471,0.058824,0.058824,0.352941,0.0,0.0,0.117647,0.0,0.058824,0.058824,0.0,0.0,0.0,17.0,0.554947,8.750052,0.058824,0.0,0.0,0.0,0.0,1.676471,0.647059,0.176471,-2.035882
Negative_F2155,0,0.176471,0.0,0.058824,0.117647,0.058824,0.294118,0.0,0.0,0.0,0.058824,0.058824,0.058824,0.058824,0.0,0.0,17.0,0.520645,8.72001,0.058824,0.0,0.0,0.0,0.0,1.541176,0.647059,0.058824,-1.575882
Negative_F159,0,0.045455,0.159091,0.0,0.045455,0.045455,0.090909,0.0,0.113636,0.022727,0.045455,0.0,0.0,0.068182,0.022727,0.045455,44.0,1.413051,8.248037,0.090909,0.068182,0.022727,0.0,0.113636,-0.506818,0.318182,0.068182,2.086364
Negative_F44,0,0.05,0.0,0.0,0.25,0.1,0.3,0.0,0.0,0.05,0.0,0.05,0.0,0.1,0.0,0.0,20.0,1.552442,10.002737,0.1,0.0,0.0,0.0,0.0,1.49,0.55,0.0,-1.9725
Negative_F1008,0,0.125,0.083333,0.125,0.041667,0.166667,0.083333,0.041667,0.0,0.083333,0.0,0.041667,0.041667,0.0,0.0,0.0,24.0,3.498424,9.701283,0.166667,0.0,0.0,0.0,0.0,1.066667,0.541667,0.125,-0.89875
Negative_F632,0,0.0,0.0,0.076923,0.153846,0.230769,0.307692,0.0,0.0,0.076923,0.0,0.0,0.076923,0.0,0.0,0.0,13.0,0.554947,8.750052,0.076923,0.0,0.0,0.0,0.0,1.884615,0.615385,0.076923,-2.398462
Negative_F829,0,0.066667,0.133333,0.033333,0.066667,0.0,0.066667,0.033333,0.1,0.0,0.0,0.1,0.133333,0.0,0.1,0.033333,30.0,-1.507378,5.319414,0.033333,0.0,0.033333,0.033333,0.033333,-0.29,0.333333,0.166667,1.116667
Negative_F1463,0,0.059406,0.019802,0.059406,0.059406,0.059406,0.069307,0.049505,0.049505,0.029703,0.029703,0.089109,0.049505,0.009901,0.0,0.029703,101.0,-1.681383,6.268113,0.118812,0.029703,0.029703,0.108911,0.049505,-0.750495,0.336634,0.089109,2.300099
Negative_F1435,0,0.0,0.058824,0.0,0.0,0.0,0.0,0.029412,0.014706,0.029412,0.205882,0.0,0.029412,0.0,0.0,0.058824,68.0,0.52298,7.849429,0.102941,0.176471,0.029412,0.044118,0.220588,-2.929412,0.088235,0.058824,6.405882
Negative_F2010,0,0.176471,0.117647,0.117647,0.0,0.058824,0.058824,0.0,0.058824,0.058824,0.0,0.0,0.0,0.117647,0.0,0.0,17.0,2.590386,9.505428,0.117647,0.058824,0.058824,0.0,0.0,0.711765,0.529412,0.117647,0.320588
Negative_F1139,0,0.083333,0.0,0.0,0.083333,0.0,0.25,0.0,0.0,0.041667,0.0,0.125,0.041667,0.0,0.083333,0.0,24.0,5.591448,11.999968,0.041667,0.208333,0.041667,0.0,0.0,-0.4375,0.416667,0.083333,2.4125
Negative_F1393,0,0.071429,0.214286,0.0,0.071429,0.142857,0.0,0.0,0.035714,0.071429,0.0,0.071429,0.071429,0.071429,0.035714,0.035714,28.0,0.404037,7.769003,0.071429,0.0,0.0,0.0,0.035714,0.75,0.357143,0.071429,-0.237143
Negative_F208,0,0.227273,0.0,0.090909,0.090909,0.045455,0.090909,0.0,0.0,0.045455,0.0,0.0,0.0,0.227273,0.0,0.0,22.0,-0.370679,6.920852,0.045455,0.0,0.090909,0.0,0.045455,1.431818,0.681818,0.090909,-1.371364
Negative_F1447,0,0.272727,0.0,0.0,0.0,0.0,0.090909,0.0,0.0,0.090909,0.0,0.045455,0.227273,0.227273,0.0,0.0,22.0,0.205887,8.41011,0.045455,0.0,0.0,0.0,0.0,1.272727,0.590909,0.0,-0.868182
Negative_F36,0,0.0,0.142857,0.047619,0.142857,0.071429,0.0,0.0,0.02381,0.071429,0.047619,0.0,0.071429,0.095238,0.02381,0.02381,42.0,8.441847,10.739417,0.02381,0.190476,0.02381,0.0,0.0,-0.338095,0.261905,0.095238,2.443095
Negative_F1441,0,0.0,0.129032,0.0,0.032258,0.0,0.0,0.032258,0.0,0.032258,0.193548,0.064516,0.0,0.0,0.0,0.0,31.0,2.570813,8.975111,0.032258,0.225806,0.096774,0.129032,0.032258,-2.425806,0.032258,0.0,6.364194
Negative_F1073,0,0.0,0.095238,0.047619,0.238095,0.095238,0.142857,0.0,0.047619,0.0,0.0,0.142857,0.0,0.095238,0.0,0.0,21.0,1.19921,8.885049,0.095238,0.0,0.0,0.0,0.0,0.995238,0.380952,0.047619,-0.713333
Negative_F1121,0,0.0,0.133333,0.044444,0.088889,0.066667,0.022222,0.044444,0.066667,0.022222,0.022222,0.111111,0.022222,0.044444,0.022222,0.0,45.0,5.443886,9.48525,0.044444,0.155556,0.022222,0.044444,0.022222,-0.571111,0.244444,0.066667,3.050889
Negative_F715,0,0.157895,0.0,0.105263,0.052632,0.105263,0.105263,0.0,0.052632,0.052632,0.0,0.052632,0.0,0.105263,0.0,0.0,19.0,0.664827,8.770875,0.052632,0.0,0.157895,0.0,0.0,0.852632,0.578947,0.105263,-0.553684
Negative_F2111,0,0.076923,0.0,0.307692,0.153846,0.076923,0.230769,0.0,0.0,0.076923,0.0,0.0,0.0,0.0,0.0,0.0,13.0,0.554947,8.750052,0.076923,0.0,0.0,0.0,0.0,1.738462,0.692308,0.307692,-2.287692
Negative_F1831,0,0.162791,0.0,0.046512,0.116279,0.046512,0.023256,0.023256,0.046512,0.0,0.0,0.046512,0.046512,0.162791,0.0,0.0,43.0,6.628407,10.729038,0.162791,0.046512,0.023256,0.023256,0.023256,0.088372,0.465116,0.046512,1.055349
Negative_F376,0,0.045455,0.0,0.136364,0.181818,0.181818,0.045455,0.0,0.0,0.0,0.0,0.045455,0.045455,0.045455,0.0,0.0,22.0,2.667257,11.999968,0.0,0.136364,0.136364,0.0,0.0,0.454545,0.454545,0.136364,0.98
Negative_F1874,0,0.0,0.129032,0.0,0.064516,0.0,0.0,0.064516,0.0,0.0,0.064516,0.032258,0.032258,0.0,0.0,0.064516,31.0,0.177396,7.625769,0.096774,0.16129,0.064516,0.129032,0.096774,-2.03871,0.129032,0.064516,5.21
Negative_F219,0,0.0,0.162162,0.027027,0.081081,0.0,0.081081,0.0,0.054054,0.081081,0.081081,0.108108,0.054054,0.0,0.0,0.027027,37.0,3.432893,8.886661,0.135135,0.027027,0.027027,0.054054,0.0,-0.92973,0.135135,0.054054,2.305676
Negative_F77,0,0.076923,0.0,0.153846,0.076923,0.076923,0.384615,0.0,0.0,0.076923,0.0,0.076923,0.0,0.0,0.0,0.0,13.0,0.554947,8.750052,0.076923,0.0,0.0,0.0,0.0,1.861538,0.692308,0.153846,-2.252308
Negative_F9,0,0.0,0.0,0.05,0.05,0.066667,0.083333,0.0,0.0,0.466667,0.0,0.0,0.0,0.0,0.0,0.0,60.0,16.557026,11.999968,0.0,0.283333,0.0,0.0,0.0,-1.285,0.2,0.05,3.293333
Negative_F303,0,0.2,0.0,0.0,0.166667,0.066667,0.1,0.033333,0.0,0.033333,0.033333,0.0,0.033333,0.033333,0.066667,0.0,30.0,4.542866,10.301548,0.2,0.0,0.0,0.033333,0.0,0.026667,0.5,0.066667,-0.036
Negative_F1923,0,0.0,0.052632,0.04386,0.263158,0.070175,0.04386,0.0,0.04386,0.105263,0.061404,0.078947,0.04386,0.008772,0.008772,0.04386,114.0,9.534703,9.844467,0.035088,0.070175,0.008772,0.008772,0.008772,-0.569298,0.219298,0.096491,1.375175
Negative_F2360,0,0.04,0.0,0.08,0.08,0.32,0.0,0.0,0.04,0.0,0.0,0.04,0.0,0.0,0.0,0.0,25.0,4.735499,11.999968,0.08,0.12,0.2,0.0,0.0,0.04,0.44,0.08,1.6076
Negative_F1491,0,0.064516,0.064516,0.064516,0.129032,0.064516,0.096774,0.0,0.032258,0.0,0.032258,0.0,0.064516,0.064516,0.032258,0.0,31.0,4.496761,9.899523,0.16129,0.064516,0.0,0.064516,0.0,-0.109677,0.387097,0.096774,1.336774
Negative_F1089,0,0.053333,0.133333,0.04,0.053333,0.013333,0.04,0.0,0.08,0.066667,0.026667,0.093333,0.053333,0.026667,0.04,0.013333,75.0,3.304611,8.60603,0.053333,0.106667,0.0,0.08,0.026667,-0.862667,0.226667,0.093333,3.002
Negative_F2259,0,0.057692,0.115385,0.0,0.115385,0.057692,0.019231,0.0,0.076923,0.057692,0.038462,0.115385,0.038462,0.019231,0.019231,0.057692,52.0,4.460197,9.02256,0.134615,0.0,0.038462,0.019231,0.019231,-0.730769,0.230769,0.076923,1.586538
Negative_F2268,0,0.0,0.179487,0.025641,0.051282,0.0,0.025641,0.025641,0.0,0.0,0.025641,0.102564,0.076923,0.0,0.0,0.0,39.0,6.446447,9.330461,0.179487,0.128205,0.051282,0.025641,0.102564,-1.469231,0.076923,0.025641,4.217692
Negative_F95,0,0.142857,0.0,0.028571,0.085714,0.114286,0.057143,0.0,0.028571,0.028571,0.028571,0.0,0.0,0.114286,0.028571,0.0,35.0,5.545032,10.6373,0.171429,0.085714,0.0,0.028571,0.057143,-0.111429,0.485714,0.057143,1.420571
Negative_F619,0,0.0,0.333333,0.111111,0.111111,0.0,0.0,0.0,0.0,0.0,0.0,0.0,0.111111,0.111111,0.0,0.0,18.0,3.410332,9.007539,0.0,0.222222,0.0,0.0,0.0,0.488889,0.222222,0.111111,2.29
Negative_F1730,0,0.0,0.0,0.0,0.117647,0.117647,0.176471,0.0,0.0,0.0,0.058824,0.0,0.0,0.117647,0.058824,0.0,17.0,2.585178,10.001383,0.235294,0.0,0.058824,0.0,0.058824,0.076471,0.470588,0.058824,0.136471
Negative_F1860,0,0.05,0.1,0.1,0.1,0.1,0.0,0.0,0.15,0.05,0.0,0.0,0.05,0.05,0.0,0.05,20.0,3.498399,9.699478,0.15,0.05,0.0,0.0,0.0,-0.275,0.35,0.15,1.4055
Negative_F2166,0,0.068966,0.068966,0.034483,0.068966,0.034483,0.034483,0.034483,0.068966,0.068966,0.0,0.068966,0.0,0.068966,0.0,0.0,29.0,4.495662,9.699285,0.241379,0.034483,0.0,0.034483,0.068966,-0.858621,0.275862,0.034483,2.237241
Negative_F2386,0,0.126214,0.0,0.07767,0.145631,0.019417,0.009709,0.029126,0.029126,0.048544,0.038835,0.038835,0.019417,0.009709,0.029126,0.058252,103.0,-2.351072,5.893089,0.058252,0.07767,0.029126,0.087379,0.067961,-1.068932,0.359223,0.165049,2.525631
Negative_F1937,0,0.063291,0.050633,0.037975,0.063291,0.063291,0.025316,0.0,0.025316,0.050633,0.063291,0.075949,0.063291,0.075949,0.012658,0.050633,79.0,7.657126,9.746604,0.075949,0.075949,0.075949,0.025316,0.025316,-0.610127,0.329114,0.101266,2.124177
Negative_F800,0,0.037037,0.148148,0.018519,0.018519,0.018519,0.055556,0.0,0.074074,0.018519,0.074074,0.037037,0.0,0.037037,0.0,0.111111,54.0,-0.627855,6.714413,0.12963,0.037037,0.018519,0.092593,0.074074,-1.105556,0.277778,0.12963,2.870556
Negative_F1406,0,0.08,0.0,0.04,0.2,0.04,0.16,0.0,0.04,0.04,0.0,0.0,0.12,0.04,0.04,0.0,25.0,2.548551,10.001383,0.16,0.0,0.0,0.0,0.04,0.044,0.4,0.08,0.0436
Negative_F299,0,0.233333,0.0,0.0,0.166667,0.0,0.066667,0.066667,0.0,0.033333,0.033333,0.0,0.0,0.0,0.1,0.0,30.0,6.537855,10.477418,0.266667,0.0,0.0,0.033333,0.0,-0.683333,0.466667,0.1,0.658667
Negative_F1546,0,0.105769,0.096154,0.048077,0.096154,0.048077,0.009615,0.019231,0.038462,0.038462,0.028846,0.076923,0.057692,0.057692,0.009615,0.057692,104.0,-0.909276,6.796147,0.038462,0.048077,0.038462,0.057692,0.028846,-0.216346,0.355769,0.115385,1.509904
Negative_F1841,0,0.076923,0.153846,0.019231,0.076923,0.076923,0.019231,0.019231,0.057692,0.038462,0.019231,0.076923,0.076923,0.038462,0.0,0.019231,52.0,5.348306,9.081613,0.096154,0.076923,0.0,0.038462,0.019231,-0.230769,0.269231,0.038462,1.959808
Negative_F2250,0,0.105263,0.0,0.105263,0.052632,0.157895,0.105263,0.052632,0.0,0.052632,0.0,0.105263,0.052632,0.052632,0.0,0.0,19.0,0.552888,8.590944,0.105263,0.0,0.0,0.052632,0.0,1.094737,0.578947,0.105263,-0.648421
Negative_F537,0,0.05,0.0,0.025,0.05,0.125,0.1,0.025,0.0,0.025,0.075,0.1,0.05,0.025,0.0,0.0,40.0,6.661232,11.999968,0.075,0.15,0.075,0.025,0.025,-0.565,0.35,0.025,2.79725
Negative_F2069,0,0.076923,0.0,0.230769,0.076923,0.076923,0.230769,0.0,0.0,0.0,0.0,0.230769,0.0,0.0,0.0,0.0,13.0,0.554947,8.750052,0.076923,0.0,0.0,0.0,0.0,1.492308,0.615385,0.230769,-1.201538
Negative_F880,0,0.142857,0.0,0.028571,0.114286,0.142857,0.0,0.0,0.028571,0.028571,0.057143,0.0,0.028571,0.142857,0.028571,0.0,35.0,4.546442,10.56503,0.142857,0.057143,0.0,0.028571,0.028571,0.128571,0.485714,0.057143,0.871143
Negative_F69,0,0.0,0.0,0.0,0.076923,0.153846,0.384615,0.0,0.153846,0.076923,0.0,0.076923,0.0,0.076923,0.0,0.0,13.0,-0.476849,5.494989,0.0,0.0,0.0,0.0,0.0,1.723077,0.615385,0.0,-1.749231
Negative_F2373,0,0.025641,0.0,0.051282,0.0,0.025641,0.128205,0.0,0.051282,0.025641,0.128205,0.025641,0.076923,0.025641,0.0,0.076923,39.0,6.56983,10.075844,0.205128,0.051282,0.025641,0.0,0.076923,-1.325641,0.333333,0.128205,2.83359
Negative_F302,0,0.206897,0.0,0.034483,0.103448,0.034483,0.068966,0.068966,0.0,0.034483,0.0,0.0,0.068966,0.0,0.068966,0.0,29.0,2.544433,9.701025,0.206897,0.0,0.0,0.068966,0.034483,-0.358621,0.482759,0.103448,0.755517
Negative_F2322,0,0.148148,0.0,0.055556,0.148148,0.037037,0.055556,0.018519,0.092593,0.0,0.074074,0.018519,0.111111,0.037037,0.018519,0.074074,54.0,0.652745,8.359051,0.037037,0.0,0.055556,0.018519,0.0,-0.244444,0.444444,0.148148,0.745185
Negative_F411,0,0.16,0.0,0.04,0.04,0.04,0.24,0.0,0.0,0.0,0.08,0.04,0.04,0.0,0.04,0.0,25.0,4.618178,10.602487,0.2,0.0,0.08,0.0,0.0,0.064,0.52,0.08,0.2476
Negative_F1993,0,0.0,0.0625,0.125,0.0625,0.0,0.1875,0.0,0.0625,0.125,0.0,0.0,0.0,0.0625,0.0,0.0625,16.0,2.559554,9.630626,0.1875,0.0,0.0625,0.0,0.0,0.025,0.4375,0.1875,0.069375
Negative_F835,0,0.0,0.111111,0.074074,0.111111,0.074074,0.0,0.037037,0.074074,0.0,0.037037,0.148148,0.074074,0.074074,0.037037,0.0,27.0,-0.444189,6.892489,0.037037,0.0,0.074074,0.0,0.037037,0.051852,0.296296,0.111111,0.88963
Negative_F280,0,0.0625,0.0,0.0625,0.1875,0.125,0.125,0.0,0.0,0.0,0.0,0.0625,0.0,0.1875,0.0,0.0,16.0,0.552888,8.590944,0.125,0.0,0.0,0.0625,0.0,1.28125,0.5625,0.0625,-1.011875
Negative_F1334,0,0.05,0.1,0.05,0.15,0.0,0.05,0.0,0.05,0.15,0.0,0.1,0.05,0.05,0.05,0.05,20.0,1.199185,8.884533,0.05,0.05,0.0,0.0,0.0,-0.24,0.3,0.15,0.758
Negative_F1354,0,0.064516,0.064516,0.032258,0.129032,0.129032,0.096774,0.0,0.064516,0.0,0.0,0.032258,0.064516,0.032258,0.032258,0.0,31.0,3.193236,9.592203,0.16129,0.032258,0.0,0.032258,0.032258,0.074194,0.387097,0.064516,0.848065
Negative_F1478,0,0.053333,0.053333,0.04,0.026667,0.053333,0.08,0.013333,0.026667,0.053333,0.053333,0.08,0.093333,0.053333,0.013333,0.026667,75.0,10.503154,9.979335,0.146667,0.053333,0.026667,0.026667,0.026667,-0.501333,0.333333,0.08,1.893333
Negative_F1541,0,0.101449,0.0,0.028986,0.072464,0.072464,0.086957,0.043478,0.014493,0.0,0.043478,0.043478,0.014493,0.043478,0.014493,0.043478,69.0,13.507681,10.158751,0.275362,0.014493,0.0,0.028986,0.057971,-0.604348,0.434783,0.086957,1.486232
Negative_F961,0,0.125,0.15,0.0,0.075,0.0,0.125,0.025,0.075,0.0,0.0,0.075,0.025,0.075,0.025,0.0,40.0,0.530313,7.830088,0.05,0.05,0.05,0.075,0.0,0.2025,0.375,0.025,1.204
Negative_F1240,0,0.069767,0.116279,0.023256,0.116279,0.023256,0.023256,0.046512,0.0,0.023256,0.0,0.162791,0.046512,0.0,0.046512,0.116279,43.0,-0.435204,7.042772,0.046512,0.0,0.093023,0.046512,0.0,-0.318605,0.348837,0.186047,0.886279
Negative_F2221,0,0.052632,0.210526,0.0,0.105263,0.078947,0.0,0.0,0.0,0.052632,0.052632,0.210526,0.0,0.0,0.026316,0.078947,38.0,2.351775,8.511777,0.026316,0.078947,0.0,0.026316,0.0,-0.178947,0.236842,0.105263,1.658421
Negative_F133,0,0.052632,0.0,0.052632,0.210526,0.105263,0.052632,0.105263,0.0,0.0,0.105263,0.157895,0.052632,0.0,0.052632,0.0,19.0,0.554947,8.750052,0.052632,0.0,0.0,0.0,0.0,0.247368,0.421053,0.105263,-0.049474
Negative_F1877,0,0.078947,0.078947,0.026316,0.105263,0.078947,0.039474,0.026316,0.039474,0.026316,0.026316,0.026316,0.013158,0.065789,0.013158,0.013158,76.0,6.491452,9.258321,0.171053,0.026316,0.039474,0.052632,0.052632,-0.409211,0.342105,0.052632,1.514079
Negative_F1235,0,0.021739,0.130435,0.0,0.108696,0.021739,0.021739,0.0,0.043478,0.130435,0.043478,0.065217,0.021739,0.043478,0.043478,0.021739,46.0,3.785727,8.979173,0.043478,0.130435,0.021739,0.065217,0.021739,-1.093478,0.173913,0.065217,3.016304
Negative_F614,0,0.173913,0.0,0.0,0.173913,0.043478,0.130435,0.0,0.0,0.0,0.043478,0.043478,0.0,0.0,0.086957,0.0,23.0,5.581526,11.388421,0.217391,0.043478,0.043478,0.0,0.0,-0.513043,0.434783,0.086957,0.91
Negative_F950,0,0.192308,0.0,0.038462,0.153846,0.038462,0.076923,0.0,0.076923,0.0,0.0,0.038462,0.038462,0.115385,0.076923,0.0,26.0,1.628175,11.000901,0.038462,0.038462,0.076923,0.0,0.0,0.376923,0.538462,0.115385,0.065769
Negative_F298,0,0.136364,0.0,0.0,0.045455,0.045455,0.090909,0.0,0.090909,0.045455,0.0,0.068182,0.068182,0.068182,0.068182,0.0,44.0,3.541217,9.779354,0.181818,0.0,0.0,0.022727,0.068182,-0.518182,0.409091,0.068182,1.2875
Negative_F425,0,0.16,0.0,0.0,0.12,0.08,0.12,0.04,0.04,0.0,0.0,0.04,0.0,0.12,0.0,0.0,25.0,1.58495,9.528379,0.16,0.0,0.04,0.08,0.0,0.432,0.52,0.0,0.2084
Negative_F927,0,0.0,0.147059,0.029412,0.147059,0.117647,0.029412,0.0,0.029412,0.058824,0.029412,0.029412,0.058824,0.029412,0.0,0.058824,34.0,4.459406,9.263736,0.088235,0.088235,0.029412,0.029412,0.0,-0.223529,0.264706,0.088235,1.560882
Negative_F1319,0,0.117647,0.117647,0.176471,0.176471,0.0,0.058824,0.0,0.0,0.058824,0.0,0.0,0.0,0.0,0.0,0.0,17.0,2.5517,9.390417,0.176471,0.058824,0.0,0.058824,0.0,-0.1,0.352941,0.176471,1.025294
Negative_F1238,0,0.032787,0.0,0.0,0.377049,0.016393,0.0,0.016393,0.0,0.016393,0.016393,0.262295,0.032787,0.0,0.0,0.0,61.0,13.532296,11.999968,0.163934,0.065574,0.0,0.0,0.0,-1.237705,0.065574,0.0,2.422131
Negative_F1843,0,0.055556,0.222222,0.055556,0.055556,0.0,0.111111,0.0,0.0,0.0,0.0,0.222222,0.055556,0.0,0.111111,0.0,18.0,-2.843218,4.050028,0.0,0.0,0.0,0.055556,0.055556,0.505556,0.333333,0.166667,0.352778
Negative_F1532,0,0.05,0.025,0.025,0.05,0.0625,0.0625,0.0,0.025,0.05,0.0375,0.075,0.0625,0.0875,0.05,0.0375,80.0,1.57495,8.756628,0.0375,0.1125,0.025,0.05,0.075,-0.5775,0.375,0.1125,2.4155
Negative_F2269,0,0.142857,0.0,0.0,0.071429,0.0,0.142857,0.035714,0.107143,0.0,0.035714,0.0,0.035714,0.142857,0.035714,0.0,28.0,2.596167,9.826029,0.178571,0.0,0.0,0.071429,0.0,-0.064286,0.5,0.035714,0.842143
Negative_F2313,0,0.128205,0.0,0.025641,0.128205,0.153846,0.0,0.0,0.025641,0.025641,0.0,0.025641,0.051282,0.076923,0.025641,0.025641,39.0,5.540046,10.214838,0.179487,0.051282,0.0,0.025641,0.051282,-0.176923,0.435897,0.076923,1.170513
Negative_F1345,0,0.107143,0.071429,0.071429,0.035714,0.071429,0.142857,0.0,0.071429,0.0,0.035714,0.0,0.071429,0.035714,0.0,0.0,28.0,1.497258,8.787573,0.178571,0.0,0.0,0.107143,0.0,0.075,0.428571,0.071429,1.050714
Negative_F1990,0,0.036585,0.158537,0.04878,0.073171,0.04878,0.085366,0.0,0.012195,0.219512,0.012195,0.073171,0.02439,0.0,0.0,0.012195,82.0,-6.918962,4.787287,0.02439,0.012195,0.04878,0.04878,0.060976,-0.104878,0.231707,0.060976,0.703659
Negative_F2267,0,0.0,0.0,0.2,0.05,0.0,0.2,0.0,0.05,0.1,0.0,0.05,0.05,0.05,0.05,0.0,20.0,2.589043,11.166263,0.1,0.05,0.05,0.0,0.0,0.28,0.5,0.25,0.219
Negative_F1336,0,0.117647,0.117647,0.058824,0.058824,0.0,0.058824,0.0,0.058824,0.117647,0.0,0.058824,0.058824,0.0,0.058824,0.058824,17.0,2.551254,9.390417,0.117647,0.058824,0.0,0.0,0.0,-0.464706,0.352941,0.176471,1.26
Negative_F1273,0,0.0,0.0,0.083333,0.083333,0.083333,0.111111,0.0,0.083333,0.083333,0.0,0.027778,0.0,0.055556,0.0,0.0,36.0,13.534777,11.999968,0.25,0.138889,0.0,0.0,0.0,-0.816667,0.333333,0.083333,2.599722
Negative_F300,0,0.166667,0.0,0.0,0.133333,0.033333,0.1,0.0,0.0,0.033333,0.066667,0.0,0.033333,0.033333,0.1,0.0,30.0,4.541481,10.12555,0.233333,0.0,0.0,0.033333,0.033333,-0.626667,0.433333,0.1,0.817
Negative_F1895,0,0.0,0.054054,0.0,0.135135,0.027027,0.054054,0.027027,0.054054,0.108108,0.027027,0.081081,0.027027,0.054054,0.027027,0.054054,37.0,9.193998,11.793476,0.054054,0.216216,0.0,0.0,0.0,-1.132432,0.243243,0.081081,3.447297
Negative_F1352,0,0.0625,0.125,0.0,0.0625,0.0625,0.0,0.0,0.0625,0.0625,0.0625,0.0625,0.1875,0.0625,0.0625,0.0,16.0,0.545047,8.081644,0.0,0.0625,0.0625,0.0,0.0,-0.3125,0.25,0.0625,1.641875
Negative_F2284,0,0.091667,0.008333,0.075,0.133333,0.016667,0.083333,0.008333,0.05,0.1,0.058333,0.075,0.025,0.041667,0.025,0.05,120.0,2.393178,9.355604,0.008333,0.066667,0.033333,0.033333,0.016667,-0.393333,0.391667,0.15,1.31825
Negative_F2088,0,0.067961,0.0,0.019417,0.165049,0.058252,0.07767,0.019417,0.019417,0.009709,0.019417,0.019417,0.067961,0.087379,0.0,0.038835,103.0,17.326028,11.362891,0.106796,0.135922,0.019417,0.029126,0.038835,-0.521359,0.368932,0.058252,2.308835
Negative_F983,0,0.0,0.0,0.0,0.590909,0.0,0.363636,0.0,0.0,0.045455,0.0,0.0,0.0,0.0,0.0,0.0,22.0,-0.442547,5.525,0.0,0.0,0.0,0.0,0.0,1.072727,0.363636,0.0,-2.344545
Negative_F2335,0,0.0,0.0,0.083333,0.0,0.083333,0.25,0.083333,0.0,0.0,0.0,0.0,0.0,0.0,0.166667,0.0,12.0,3.549911,11.263868,0.25,0.083333,0.0,0.0,0.0,0.216667,0.666667,0.25,0.158333
Negative_F430,0,0.026316,0.157895,0.026316,0.157895,0.026316,0.078947,0.0,0.026316,0.026316,0.026316,0.105263,0.052632,0.0,0.026316,0.078947,38.0,4.476043,9.181668,0.0,0.131579,0.052632,0.0,0.0,-0.363158,0.263158,0.131579,1.977368
Negative_F378,0,0.0,0.0,0.0,0.086957,0.130435,0.130435,0.0,0.086957,0.0,0.043478,0.043478,0.043478,0.130435,0.0,0.0,23.0,0.627523,8.513002,0.130435,0.0,0.086957,0.0,0.086957,-0.017391,0.391304,0.0,0.906957
Negative_F2348,0,0.0625,0.0,0.125,0.0625,0.25,0.0,0.0,0.0,0.0,0.0,0.0625,0.0,0.0625,0.0625,0.0,16.0,4.549886,11.999968,0.1875,0.125,0.0,0.0,0.0,0.425,0.5625,0.1875,0.945625
Negative_F687,0,0.0,0.086957,0.0,0.086957,0.043478,0.173913,0.0,0.0,0.0,0.043478,0.043478,0.086957,0.217391,0.0,0.0,23.0,4.495918,9.904294,0.217391,0.0,0.0,0.0,0.0,0.856522,0.434783,0.0,-0.322174
Negative_F920,0,0.130435,0.043478,0.043478,0.173913,0.0,0.086957,0.0,0.0,0.0,0.0,0.086957,0.0,0.130435,0.0,0.086957,23.0,2.520843,9.517806,0.130435,0.043478,0.0,0.043478,0.0,0.234783,0.478261,0.130435,0.52
Negative_F1098,0,0.043478,0.0,0.0,0.0,0.086957,0.043478,0.0,0.0,0.347826,0.086957,0.0,0.086957,0.0,0.0,0.173913,23.0,2.547355,9.988812,0.0,0.130435,0.0,0.0,0.0,-1.1,0.347826,0.173913,1.955217
Negative_F1242,0,0.0,0.0,0.153846,0.076923,0.0,0.076923,0.0,0.076923,0.153846,0.076923,0.230769,0.0,0.0,0.0,0.0,13.0,-0.748157,5.718196,0.076923,0.0,0.0,0.0,0.076923,-0.846154,0.230769,0.153846,1.763077
Negative_F460,0,0.071429,0.071429,0.0,0.107143,0.107143,0.107143,0.035714,0.035714,0.0,0.0,0.0,0.142857,0.071429,0.0,0.0,28.0,2.496811,9.243171,0.178571,0.0,0.0,0.071429,0.0,0.35,0.392857,0.0,0.47
Negative_F1561,0,0.071429,0.071429,0.017857,0.017857,0.053571,0.142857,0.0,0.017857,0.089286,0.107143,0.053571,0.035714,0.053571,0.0,0.017857,56.0,0.906677,8.19975,0.053571,0.053571,0.053571,0.053571,0.035714,-0.246429,0.357143,0.035714,1.571607
Negative_F484,0,0.15,0.1,0.15,0.0,0.0,0.3,0.0,0.0,0.05,0.0,0.05,0.0,0.05,0.0,0.0,20.0,2.500929,9.390159,0.15,0.0,0.0,0.0,0.0,1.585,0.65,0.15,-1.522
Negative_F627,0,0.034483,0.0,0.068966,0.103448,0.0,0.034483,0.068966,0.0,0.137931,0.0,0.103448,0.0,0.0,0.0,0.068966,29.0,-5.443629,4.26505,0.068966,0.034483,0.0,0.0,0.275862,-1.306897,0.275862,0.137931,2.440345
Negative_F71,0,0.0,0.0,0.153846,0.153846,0.230769,0.153846,0.0,0.076923,0.076923,0.0,0.0,0.0,0.076923,0.0,0.0,13.0,0.557428,9.750021,0.0,0.076923,0.0,0.0,0.0,1.576923,0.615385,0.153846,-1.147692
Negative_F48,0,0.111111,0.0,0.074074,0.148148,0.074074,0.148148,0.0,0.0,0.0,0.037037,0.074074,0.074074,0.037037,0.0,0.037037,27.0,2.241821,9.824353,0.148148,0.0,0.0,0.0,0.037037,0.403704,0.481481,0.111111,-0.077037
Negative_F278,0,0.243243,0.0,0.027027,0.027027,0.081081,0.0,0.0,0.027027,0.054054,0.0,0.081081,0.081081,0.135135,0.027027,0.0,37.0,1.90141,10.673079,0.027027,0.108108,0.0,0.027027,0.054054,0.232432,0.513514,0.054054,1.476216
Negative_F1400,0,0.037037,0.0,0.037037,0.148148,0.074074,0.222222,0.0,0.0,0.111111,0.074074,0.037037,0.0,0.074074,0.0,0.0,27.0,3.586537,11.263868,0.111111,0.037037,0.037037,0.0,0.0,0.414815,0.444444,0.037037,-0.195556
Negative_F2431,0,0.0,0.333333,0.111111,0.111111,0.0,0.0,0.0,0.0,0.0,0.0,0.0,0.0,0.111111,0.0,0.0,18.0,5.410282,9.687293,0.0,0.333333,0.0,0.0,0.0,0.066667,0.222222,0.111111,3.662222
Negative_F1826,0,0.09375,0.1875,0.03125,0.0625,0.0625,0.0625,0.0,0.0625,0.0,0.0625,0.09375,0.03125,0.0,0.0,0.03125,32.0,4.473613,9.152786,0.09375,0.0625,0.0625,0.0,0.0,-0.203125,0.28125,0.0625,1.732187
Negative_F1310,0,0.0,0.095238,0.047619,0.238095,0.095238,0.142857,0.047619,0.0,0.0,0.0,0.047619,0.047619,0.047619,0.0,0.0,21.0,1.50205,8.85939,0.142857,0.0,0.0,0.0,0.047619,0.742857,0.380952,0.047619,-0.561905
Negative_F2000,0,0.083333,0.083333,0.083333,0.0,0.0,0.166667,0.083333,0.083333,0.0,0.0,0.083333,0.0,0.0,0.0,0.0,12.0,3.525408,10.318697,0.25,0.083333,0.0,0.0,0.0,-0.325,0.416667,0.083333,1.945833
Negative_F81,0,0.071429,0.0,0.071429,0.071429,0.142857,0.214286,0.071429,0.142857,0.0,0.0,0.0,0.071429,0.0,0.0,0.0,14.0,1.552442,10.002737,0.142857,0.0,0.0,0.0,0.0,0.785714,0.571429,0.071429,-0.409286
Negative_F2332,0,0.0,0.060606,0.030303,0.212121,0.030303,0.151515,0.0,0.030303,0.0,0.030303,0.121212,0.0,0.151515,0.0,0.0,33.0,3.496365,9.595362,0.151515,0.0,0.0,0.030303,0.0,0.493939,0.363636,0.030303,0.012424
Negative_F293,0,0.029412,0.0,0.058824,0.117647,0.147059,0.088235,0.0,0.0,0.0,0.058824,0.029412,0.0,0.0,0.0,0.0,34.0,7.552845,11.910228,0.088235,0.264706,0.0,0.058824,0.058824,-1.008824,0.323529,0.058824,4.281765
Negative_F915,0,0.052632,0.078947,0.0,0.157895,0.052632,0.157895,0.0,0.026316,0.026316,0.026316,0.131579,0.0,0.052632,0.0,0.026316,38.0,1.548715,8.63633,0.078947,0.026316,0.052632,0.026316,0.026316,0.142105,0.342105,0.026316,0.663158
Negative_F2403,0,0.142857,0.171429,0.0,0.114286,0.028571,0.085714,0.057143,0.028571,0.028571,0.057143,0.028571,0.057143,0.028571,0.0,0.0,35.0,1.401978,8.32527,0.114286,0.0,0.0,0.028571,0.028571,0.268571,0.342857,0.0,0.430857
Negative_F1500,0,0.105263,0.105263,0.157895,0.052632,0.105263,0.105263,0.0,0.0,0.052632,0.0,0.0,0.157895,0.0,0.0,0.0,19.0,2.500929,9.390159,0.157895,0.0,0.0,0.0,0.0,0.936842,0.473684,0.157895,-0.598947
Negative_F122,0,0.0,0.333333,0.0,0.111111,0.0,0.0,0.0,0.0,0.0,0.0,0.0,0.0,0.222222,0.0,0.0,18.0,5.410282,9.687293,0.0,0.333333,0.0,0.0,0.0,0.222222,0.222222,0.0,3.544444
Negative_F787,0,0.0,0.176471,0.029412,0.088235,0.088235,0.0,0.0,0.0,0.088235,0.0,0.029412,0.029412,0.058824,0.029412,0.058824,34.0,3.435312,8.886338,0.117647,0.088235,0.029412,0.0,0.088235,-0.414706,0.264706,0.117647,1.754412
Negative_F1343,0,0.0,0.0,0.0,0.166667,0.166667,0.166667,0.083333,0.0,0.0,0.0,0.083333,0.0,0.0,0.083333,0.0,12.0,1.591549,11.000837,0.083333,0.083333,0.083333,0.0,0.0,0.366667,0.5,0.083333,0.190833
Negative_F1948,0,0.045455,0.121212,0.015152,0.121212,0.045455,0.015152,0.0,0.015152,0.136364,0.030303,0.060606,0.060606,0.075758,0.0,0.015152,66.0,2.360759,8.517772,0.030303,0.106061,0.015152,0.045455,0.045455,-0.490909,0.212121,0.030303,2.158788
Negative_F1284,0,0.032258,0.193548,0.032258,0.096774,0.129032,0.0,0.0,0.064516,0.064516,0.0,0.16129,0.0,0.096774,0.0,0.032258,31.0,0.404037,7.769003,0.064516,0.0,0.0,0.0,0.032258,0.716129,0.322581,0.064516,0.04
Negative_F1214,0,0.0,0.0,0.0,0.0,0.071429,0.0,0.0,0.071429,0.357143,0.0,0.0,0.0,0.0,0.0,0.142857,14.0,4.552316,11.834348,0.0,0.357143,0.0,0.0,0.0,-2.292857,0.214286,0.142857,5.471429
Negative_F1851,0,0.0,0.0,0.025,0.025,0.025,0.05,0.0,0.025,0.075,0.05,0.075,0.075,0.075,0.0,0.0,40.0,-0.762643,6.179842,0.25,0.0,0.0,0.075,0.175,-1.6675,0.175,0.025,3.354
Negative_F1556,0,0.0,0.139535,0.023256,0.023256,0.069767,0.069767,0.023256,0.0,0.023256,0.023256,0.046512,0.046512,0.0,0.0,0.046512,43.0,-0.599396,6.370082,0.116279,0.116279,0.0,0.116279,0.116279,-1.011628,0.232558,0.069767,3.58814
Negative_F18,0,0.0625,0.0,0.0625,0.1875,0.1875,0.125,0.0,0.0,0.0,0.0,0.0625,0.0,0.125,0.0,0.0,16.0,0.552888,8.590944,0.125,0.0,0.0,0.0625,0.0,1.3,0.5625,0.0625,-1.066875
Negative_F1684,0,0.0,0.046512,0.0,0.069767,0.046512,0.046512,0.023256,0.023256,0.023256,0.139535,0.046512,0.023256,0.023256,0.023256,0.0,43.0,-6.724622,4.503547,0.093023,0.046512,0.046512,0.232558,0.046512,-1.762791,0.162791,0.023256,4.131395
Negative_F1623,0,0.078431,0.019608,0.039216,0.078431,0.068627,0.058824,0.029412,0.04902,0.039216,0.04902,0.078431,0.068627,0.078431,0.019608,0.039216,102.0,-1.434922,6.093902,0.058824,0.029412,0.019608,0.039216,0.058824,-0.166667,0.411765,0.098039,1.228431
Negative_F1126,0,0.019231,0.115385,0.057692,0.038462,0.038462,0.038462,0.0,0.057692,0.038462,0.0,0.057692,0.115385,0.076923,0.019231,0.019231,52.0,6.427568,9.384937,0.153846,0.057692,0.019231,0.038462,0.038462,-0.511538,0.269231,0.096154,2.155385
Negative_F923,0,0.054054,0.162162,0.027027,0.108108,0.027027,0.081081,0.0,0.054054,0.0,0.0,0.027027,0.027027,0.054054,0.0,0.054054,37.0,7.440398,9.544174,0.189189,0.081081,0.0,0.0,0.054054,-0.4,0.297297,0.081081,1.917838
Negative_F1809,0,0.086957,0.0,0.130435,0.217391,0.043478,0.086957,0.043478,0.0,0.0,0.0,0.086957,0.0,0.043478,0.0,0.0,23.0,2.585178,10.001383,0.173913,0.0,0.043478,0.0,0.043478,0.186957,0.434783,0.130435,0.089565
Negative_F1735,0,0.193548,0.129032,0.0,0.032258,0.0,0.129032,0.0,0.032258,0.0,0.0,0.129032,0.129032,0.096774,0.064516,0.0,31.0,-2.538993,4.050028,0.0,0.0,0.0,0.032258,0.032258,0.964516,0.483871,0.064516,-0.236452
Negative_F2419,0,0.153846,0.0,0.025641,0.102564,0.128205,0.051282,0.0,0.051282,0.0,0.076923,0.0,0.102564,0.025641,0.025641,0.0,39.0,1.555476,9.970761,0.051282,0.102564,0.0,0.051282,0.051282,-0.376923,0.410256,0.051282,2.143846
Negative_F327,0,0.153846,0.0,0.230769,0.076923,0.153846,0.153846,0.0,0.0,0.0,0.0,0.153846,0.0,0.0,0.0,0.0,13.0,0.554947,8.750052,0.076923,0.0,0.0,0.0,0.0,1.746154,0.692308,0.230769,-1.602308
Negative_F1123,0,0.0,0.157895,0.105263,0.105263,0.0,0.052632,0.0,0.052632,0.052632,0.052632,0.105263,0.105263,0.052632,0.0,0.0,19.0,0.481859,7.957736,0.052632,0.052632,0.0,0.052632,0.0,-0.168421,0.210526,0.105263,1.719474
Negative_F361,0,0.0,0.0,0.076923,0.076923,0.0,0.0,0.076923,0.0,0.076923,0.0,0.153846,0.0,0.076923,0.076923,0.076923,13.0,0.285939,8.334231,0.076923,0.076923,0.076923,0.0,0.076923,-0.923077,0.384615,0.230769,2.018462
Negative_F1189,0,0.142857,0.0,0.0,0.0,0.071429,0.214286,0.0,0.0,0.0,0.071429,0.071429,0.071429,0.142857,0.0,0.0,14.0,-0.40798,6.743628,0.071429,0.0,0.071429,0.071429,0.0,0.878571,0.571429,0.0,-0.067143
Negative_F437,0,0.055556,0.0,0.111111,0.055556,0.055556,0.055556,0.111111,0.111111,0.0,0.055556,0.111111,0.0,0.055556,0.0,0.0,18.0,1.552863,9.994292,0.111111,0.055556,0.0,0.055556,0.0,-0.255556,0.444444,0.111111,1.837222
Negative_F1562,0,0.061404,0.052632,0.008772,0.052632,0.04386,0.052632,0.017544,0.026316,0.026316,0.035088,0.114035,0.061404,0.061404,0.008772,0.0,114.0,14.689002,10.66934,0.078947,0.140351,0.070175,0.035088,0.052632,-0.935965,0.254386,0.017544,3.399649
Negative_F1432,0,0.086957,0.086957,0.021739,0.065217,0.043478,0.043478,0.032609,0.065217,0.043478,0.0,0.23913,0.043478,0.076087,0.0,0.01087,92.0,4.316931,8.922118,0.043478,0.054348,0.0,0.032609,0.01087,0.051087,0.315217,0.032609,1.563261
Negative_F2051,0,0.074074,0.0,0.074074,0.111111,0.074074,0.111111,0.0,0.037037,0.037037,0.0,0.222222,0.0,0.037037,0.037037,0.0,27.0,0.550829,8.497529,0.111111,0.0,0.0,0.074074,0.0,0.114815,0.407407,0.111111,0.657778
Negative_F434,0,0.227273,0.0,0.045455,0.045455,0.136364,0.090909,0.0,0.0,0.0,0.090909,0.0,0.0,0.045455,0.0,0.0,22.0,-0.411424,6.753461,0.136364,0.0,0.045455,0.090909,0.045455,0.195455,0.545455,0.045455,0.683182
Negative_F814,0,0.066667,0.0,0.066667,0.166667,0.1,0.033333,0.0,0.066667,0.0,0.0,0.1,0.0,0.133333,0.0,0.033333,30.0,3.586934,11.000257,0.066667,0.1,0.033333,0.033333,0.0,0.086667,0.433333,0.1,1.424667
Negative_F511,0,0.054054,0.054054,0.027027,0.162162,0.081081,0.162162,0.054054,0.027027,0.0,0.0,0.081081,0.0,0.054054,0.0,0.0,37.0,4.492474,9.700445,0.189189,0.0,0.0,0.027027,0.027027,0.467568,0.432432,0.027027,-0.017297
Negative_F418,0,0.02439,0.146341,0.02439,0.146341,0.073171,0.04878,0.0,0.0,0.121951,0.02439,0.02439,0.073171,0.04878,0.0,0.02439,41.0,5.432422,9.303449,0.121951,0.04878,0.02439,0.02439,0.0,-0.102439,0.243902,0.04878,0.901707
Negative_F917,0,0.0,0.133333,0.0,0.066667,0.066667,0.0,0.0,0.0,0.0,0.0,0.133333,0.066667,0.133333,0.0,0.133333,15.0,3.151794,9.842791,0.066667,0.2,0.0,0.0,0.0,-0.32,0.333333,0.133333,2.897333
Negative_F251,0,0.030303,0.181818,0.060606,0.151515,0.030303,0.060606,0.0,0.030303,0.0,0.0,0.090909,0.090909,0.060606,0.0,0.0,33.0,3.413752,9.006443,0.0,0.151515,0.030303,0.0,0.030303,0.112121,0.242424,0.060606,2.049394
Negative_F1549,0,0.0,0.0,0.16,0.08,0.0,0.24,0.0,0.0,0.04,0.04,0.16,0.0,0.04,0.0,0.0,25.0,3.550619,10.461623,0.16,0.04,0.0,0.0,0.04,0.22,0.44,0.16,0.6284
Negative_F1449,0,0.0,0.0,0.153846,0.153846,0.0,0.384615,0.0,0.076923,0.076923,0.0,0.0,0.0,0.076923,0.0,0.0,13.0,0.554947,8.750052,0.076923,0.0,0.0,0.0,0.0,1.461538,0.615385,0.153846,-1.868462
Negative_F1283,0,0.0,0.2,0.033333,0.1,0.133333,0.0,0.0,0.033333,0.066667,0.0,0.2,0.0,0.1,0.0,0.033333,30.0,0.406517,7.773551,0.033333,0.033333,0.0,0.0,0.033333,0.75,0.3,0.066667,0.306
Negative_F1444,0,0.027778,0.166667,0.0,0.111111,0.055556,0.055556,0.0,0.027778,0.027778,0.0,0.083333,0.055556,0.027778,0.0,0.111111,36.0,1.427197,8.287491,0.138889,0.0,0.027778,0.027778,0.055556,-0.313889,0.277778,0.111111,1.12
Negative_F623,0,0.0,0.4,0.1,0.1,0.0,0.05,0.05,0.0,0.05,0.0,0.0,0.0,0.0,0.0,0.0,20.0,4.3613,9.005476,0.0,0.25,0.0,0.0,0.0,0.32,0.2,0.1,2.4625
Negative_F980,0,0.0,0.0,0.043478,0.043478,0.043478,0.173913,0.0,0.086957,0.130435,0.086957,0.0,0.0,0.043478,0.0,0.0,23.0,1.627886,9.986298,0.086957,0.086957,0.086957,0.0,0.086957,-0.986957,0.304348,0.043478,2.42087
Negative_F2049,0,0.0,0.0,0.153846,0.115385,0.038462,0.153846,0.038462,0.0,0.038462,0.0,0.076923,0.038462,0.038462,0.0,0.0,26.0,5.543515,10.67611,0.230769,0.038462,0.0,0.0,0.038462,0.019231,0.423077,0.153846,0.718077
Negative_F99,0,0.25,0.0,0.027778,0.055556,0.055556,0.055556,0.0,0.027778,0.055556,0.055556,0.027778,0.055556,0.083333,0.027778,0.0,36.0,1.555054,9.978304,0.055556,0.083333,0.0,0.027778,0.055556,-0.033333,0.5,0.055556,1.366111
Negative_F2358,0,0.052632,0.157895,0.052632,0.157895,0.052632,0.052632,0.0,0.026316,0.026316,0.052632,0.026316,0.052632,0.0,0.0,0.026316,38.0,7.476018,9.996484,0.052632,0.157895,0.052632,0.0,0.0,-0.484211,0.236842,0.078947,2.467368
Negative_F188,0,0.075,0.15,0.025,0.175,0.05,0.075,0.0,0.05,0.0,0.025,0.05,0.05,0.075,0.0,0.025,40.0,2.529395,8.692933,0.025,0.075,0.05,0.025,0.0,0.2825,0.325,0.05,0.9965
Negative_F567,0,0.027027,0.0,0.081081,0.135135,0.081081,0.108108,0.0,0.054054,0.027027,0.027027,0.027027,0.027027,0.027027,0.0,0.0,37.0,9.538875,11.624568,0.216216,0.108108,0.0,0.027027,0.027027,-0.775676,0.324324,0.081081,2.445135
Negative_F1537,0,0.0,0.0,0.090909,0.181818,0.045455,0.136364,0.0,0.0,0.0,0.0,0.090909,0.045455,0.136364,0.0,0.045455,22.0,1.662296,9.99455,0.045455,0.045455,0.136364,0.0,0.0,0.495455,0.454545,0.136364,0.110909
Negative_F1981,0,0.0,0.2,0.0,0.2,0.066667,0.033333,0.0,0.033333,0.033333,0.0,0.033333,0.1,0.033333,0.0,0.033333,30.0,1.441059,8.33552,0.066667,0.066667,0.033333,0.033333,0.033333,-0.223333,0.166667,0.033333,1.563333
Negative_F2378,0,0.119048,0.0,0.0,0.166667,0.047619,0.047619,0.0,0.119048,0.02381,0.02381,0.0,0.02381,0.142857,0.0,0.02381,42.0,6.667067,11.166069,0.119048,0.071429,0.047619,0.0,0.02381,-0.464286,0.380952,0.02381,1.679524
Negative_F2242,0,0.066667,0.0,0.133333,0.066667,0.066667,0.066667,0.0,0.066667,0.0,0.066667,0.0,0.0,0.0,0.066667,0.0,15.0,1.549672,9.52825,0.266667,0.0,0.0,0.0,0.133333,-1.013333,0.4,0.2,1.808
Negative_F788,0,0.121951,0.146341,0.04878,0.121951,0.073171,0.04878,0.0,0.04878,0.073171,0.073171,0.02439,0.073171,0.02439,0.0,0.0,41.0,1.44495,8.353443,0.02439,0.04878,0.02439,0.02439,0.0,0.197561,0.317073,0.04878,0.823171
Negative_F1803,0,0.206897,0.068966,0.0,0.068966,0.034483,0.206897,0.0,0.0,0.0,0.068966,0.068966,0.068966,0.0,0.0,0.0,29.0,3.496365,9.595362,0.172414,0.0,0.0,0.034483,0.0,0.32069,0.448276,0.0,0.336207
Negative_F591,0,0.310345,0.0,0.034483,0.12069,0.068966,0.137931,0.017241,0.0,0.017241,0.017241,0.034483,0.086207,0.017241,0.034483,0.017241,58.0,-0.410064,6.746072,0.017241,0.017241,0.017241,0.034483,0.0,0.996552,0.637931,0.086207,-0.81569
Negative_F2114,0,0.066667,0.0,0.066667,0.266667,0.066667,0.266667,0.066667,0.0,0.0,0.0,0.0,0.066667,0.0,0.0,0.0,15.0,1.552442,10.002737,0.133333,0.0,0.0,0.0,0.0,1.073333,0.533333,0.066667,-1.455333
Negative_F1081,0,0.119048,0.142857,0.02381,0.071429,0.02381,0.047619,0.0,0.0,0.047619,0.047619,0.142857,0.047619,0.047619,0.02381,0.0,42.0,3.490709,8.94191,0.071429,0.071429,0.02381,0.047619,0.0,-0.157143,0.285714,0.047619,1.724524
Negative_F895,0,0.043478,0.130435,0.021739,0.108696,0.086957,0.0,0.0,0.065217,0.065217,0.0,0.130435,0.086957,0.021739,0.0,0.043478,46.0,4.399371,9.125194,0.065217,0.086957,0.0,0.021739,0.021739,-0.447826,0.217391,0.065217,2.174783
Negative_F975,0,0.208333,0.083333,0.041667,0.041667,0.041667,0.041667,0.083333,0.0,0.041667,0.041667,0.041667,0.0,0.125,0.0,0.041667,24.0,0.538677,8.042898,0.083333,0.0,0.041667,0.0,0.041667,0.808333,0.583333,0.083333,-0.439167
Negative_F1438,0,0.045455,0.0,0.045455,0.136364,0.045455,0.045455,0.045455,0.0,0.136364,0.0,0.090909,0.0,0.090909,0.045455,0.0,22.0,1.623635,9.703282,0.136364,0.0,0.090909,0.045455,0.0,-0.313636,0.363636,0.090909,0.512727
Negative_F1156,0,0.071429,0.0,0.0,0.142857,0.142857,0.285714,0.0,0.071429,0.0,0.0,0.0,0.0,0.0,0.071429,0.0,14.0,2.549936,10.302064,0.214286,0.0,0.0,0.0,0.0,0.65,0.571429,0.071429,-0.875
Negative_F120,0,0.0,0.136364,0.045455,0.113636,0.022727,0.068182,0.0,0.022727,0.068182,0.068182,0.090909,0.068182,0.045455,0.0,0.113636,44.0,5.397754,9.337037,0.0,0.136364,0.0,0.0,0.0,-0.334091,0.295455,0.159091,2.015682
Negative_F2013,0,0.0,0.0,0.133333,0.2,0.066667,0.133333,0.0,0.0,0.066667,0.0,0.2,0.0,0.0,0.066667,0.0,15.0,-0.444606,5.835682,0.066667,0.0,0.0,0.066667,0.0,0.28,0.4,0.2,-0.093333
Negative_F440,0,0.065217,0.173913,0.0,0.065217,0.043478,0.021739,0.0,0.065217,0.108696,0.0,0.021739,0.108696,0.065217,0.0,0.043478,46.0,5.347859,9.081613,0.086957,0.086957,0.0,0.021739,0.021739,-0.356522,0.23913,0.043478,1.923696
Negative_F937,0,0.2,0.0,0.0,0.066667,0.066667,0.133333,0.0,0.0,0.066667,0.133333,0.066667,0.066667,0.0,0.0,0.0,15.0,-1.442811,4.531398,0.066667,0.0,0.0,0.0,0.133333,-0.26,0.4,0.0,1.006
Negative_F1061,0,0.06383,0.0,0.021277,0.106383,0.042553,0.021277,0.021277,0.042553,0.12766,0.042553,0.06383,0.042553,0.085106,0.0,0.085106,47.0,0.187592,7.898167,0.12766,0.0,0.0,0.042553,0.06383,-0.761702,0.340426,0.106383,1.384043
Negative_F2257,0,0.318182,0.0,0.136364,0.090909,0.0,0.045455,0.0,0.045455,0.0,0.0,0.0,0.0,0.0,0.090909,0.0,22.0,4.588993,11.999968,0.090909,0.136364,0.045455,0.0,0.0,-0.263636,0.590909,0.227273,1.549545
Negative_F2239,0,0.1,0.0,0.05,0.15,0.05,0.1,0.0,0.05,0.05,0.0,0.05,0.05,0.1,0.0,0.05,20.0,-0.477163,6.113738,0.0,0.1,0.0,0.0,0.1,0.09,0.45,0.1,1.1975
Negative_F1737,0,0.25,0.0,0.0,0.078125,0.1875,0.046875,0.015625,0.0,0.0,0.0,0.09375,0.09375,0.03125,0.015625,0.046875,64.0,4.53329,9.82474,0.109375,0.0,0.0,0.03125,0.0,0.85,0.59375,0.0625,-0.432656
Negative_F1297,0,0.151515,0.060606,0.030303,0.090909,0.030303,0.181818,0.0,0.121212,0.0,0.0,0.121212,0.060606,0.030303,0.0,0.0,33.0,1.501376,8.85939,0.090909,0.0,0.0,0.030303,0.0,0.40303,0.424242,0.030303,0.447879
Negative_F1211,0,0.216216,0.054054,0.054054,0.135135,0.027027,0.135135,0.027027,0.054054,0.0,0.027027,0.027027,0.054054,0.027027,0.0,0.0,37.0,2.536171,9.307897,0.108108,0.0,0.027027,0.0,0.027027,0.475676,0.486486,0.054054,-0.06973
Negative_F1327,0,0.148148,0.0,0.037037,0.222222,0.037037,0.222222,0.0,0.0,0.037037,0.074074,0.074074,0.0,0.0,0.0,0.0,27.0,2.586563,10.302064,0.111111,0.0,0.037037,0.0,0.0,0.362963,0.444444,0.037037,-0.411481
Negative_F1459,0,0.051546,0.061856,0.061856,0.072165,0.041237,0.041237,0.030928,0.061856,0.072165,0.020619,0.103093,0.051546,0.051546,0.0,0.030928,97.0,7.539563,9.541337,0.061856,0.082474,0.041237,0.020619,0.041237,-0.514433,0.309278,0.092784,2.127526
Negative_F861,0,0.078431,0.078431,0.058824,0.058824,0.039216,0.039216,0.019608,0.039216,0.019608,0.019608,0.098039,0.019608,0.039216,0.019608,0.019608,51.0,10.481014,10.657994,0.117647,0.156863,0.019608,0.019608,0.039216,-0.8,0.313725,0.098039,3.169216
Negative_F1615,0,0.171429,0.0,0.014286,0.128571,0.085714,0.085714,0.014286,0.014286,0.014286,0.0,0.057143,0.057143,0.114286,0.028571,0.014286,70.0,5.266771,10.092284,0.114286,0.028571,0.0,0.0,0.057143,0.538571,0.528571,0.057143,0.008714
Negative_F1102,0,0.1,0.1,0.033333,0.233333,0.133333,0.066667,0.0,0.033333,0.0,0.0,0.1,0.066667,0.1,0.0,0.0,30.0,-1.514936,4.050028,0.0,0.0,0.0,0.0,0.033333,1.343333,0.433333,0.033333,-1.056
Negative_F1107,0,0.020833,0.041667,0.0625,0.125,0.0625,0.020833,0.03125,0.041667,0.052083,0.03125,0.041667,0.03125,0.0625,0.03125,0.041667,96.0,1.477091,8.407467,0.083333,0.072917,0.010417,0.083333,0.052083,-0.6875,0.333333,0.135417,2.154375
Negative_F865,0,0.222222,0.0,0.0,0.0,0.166667,0.222222,0.0,0.0,0.0,0.0,0.0,0.0,0.111111,0.0,0.0,18.0,4.597755,11.333816,0.222222,0.055556,0.0,0.0,0.0,1.344444,0.722222,0.0,-0.702222
Negative_F1062,0,0.04,0.106667,0.026667,0.16,0.013333,0.026667,0.026667,0.013333,0.066667,0.026667,0.12,0.026667,0.066667,0.013333,0.0,75.0,7.478361,9.489375,0.053333,0.12,0.026667,0.04,0.026667,-0.598667,0.213333,0.04,2.4552
Negative_F1395,0,0.0,0.206897,0.034483,0.103448,0.034483,0.034483,0.0,0.068966,0.068966,0.034483,0.068966,0.034483,0.068966,0.0,0.103448,29.0,-0.597373,6.101291,0.034483,0.034483,0.0,0.0,0.068966,-0.068966,0.275862,0.137931,1.07931
Negative_F2070,0,0.136364,0.0,0.090909,0.136364,0.045455,0.090909,0.045455,0.0,0.0,0.0,0.045455,0.0,0.045455,0.045455,0.0,22.0,0.701874,8.77513,0.045455,0.045455,0.181818,0.045455,0.0,0.072727,0.5,0.136364,0.615455
Negative_F970,0,0.027027,0.0,0.027027,0.081081,0.081081,0.081081,0.0,0.054054,0.162162,0.0,0.054054,0.054054,0.0,0.0,0.0,37.0,1.560147,10.529315,0.027027,0.189189,0.0,0.054054,0.108108,-1.289189,0.216216,0.027027,3.858378
Negative_F2436,0,0.026316,0.0,0.210526,0.184211,0.0,0.0,0.0,0.052632,0.026316,0.026316,0.105263,0.0,0.157895,0.0,0.0,38.0,-6.43675,4.050028,0.0,0.026316,0.0,0.078947,0.105263,0.060526,0.394737,0.210526,1.165
Negative_F943,0,0.0,0.0,0.181818,0.090909,0.0,0.0,0.090909,0.0,0.0,0.0,0.181818,0.090909,0.181818,0.0,0.090909,11.0,-1.792992,4.050028,0.0,0.0,0.0,0.0,0.090909,0.763636,0.545455,0.272727,-0.091818
Negative_F1973,0,0.1875,0.0,0.0,0.0625,0.125,0.125,0.125,0.0,0.0,0.0,0.125,0.0,0.0,0.0,0.0,16.0,2.586563,10.302064,0.1875,0.0,0.0625,0.0,0.0,0.55625,0.5625,0.0,-0.165
Negative_F2380,0,0.25,0.083333,0.083333,0.0,0.083333,0.083333,0.0,0.0,0.0,0.0,0.0,0.083333,0.083333,0.083333,0.0,12.0,1.583249,10.353574,0.0,0.166667,0.0,0.0,0.0,1.05,0.666667,0.166667,0.5425
Negative_F487,0,0.0,0.0,0.0,0.214286,0.214286,0.357143,0.0,0.0,0.071429,0.0,0.071429,0.0,0.0,0.0,0.0,14.0,0.554947,8.750052,0.071429,0.0,0.0,0.0,0.0,1.785714,0.571429,0.0,-2.373571
Negative_F1462,0,0.060403,0.040268,0.033557,0.073826,0.026846,0.073826,0.006711,0.04698,0.067114,0.020134,0.154362,0.040268,0.053691,0.040268,0.04698,149.0,0.606775,7.828734,0.04698,0.053691,0.020134,0.040268,0.053691,-0.495973,0.342282,0.120805,1.778725
Negative_F2328,0,0.08,0.04,0.0,0.12,0.04,0.04,0.0,0.0,0.0,0.08,0.08,0.12,0.04,0.04,0.0,25.0,1.530551,9.308993,0.08,0.12,0.0,0.04,0.08,-1.04,0.24,0.04,3.1944
Negative_F66,0,0.108108,0.054054,0.054054,0.135135,0.054054,0.108108,0.027027,0.0,0.0,0.054054,0.081081,0.054054,0.054054,0.0,0.0,37.0,3.494306,9.514389,0.162162,0.0,0.0,0.054054,0.0,0.245946,0.405405,0.054054,0.452703
Negative_F135,0,0.0,0.0,0.0,0.0625,0.0,0.0625,0.0,0.125,0.3125,0.0,0.0,0.125,0.0625,0.0,0.0625,16.0,2.552391,11.000385,0.0625,0.125,0.0,0.0,0.0,-1.4375,0.1875,0.0625,2.753125
Negative_F1004,0,0.208333,0.083333,0.041667,0.083333,0.125,0.041667,0.041667,0.0,0.041667,0.0,0.0,0.083333,0.041667,0.0,0.041667,24.0,3.495918,9.595362,0.166667,0.0,0.0,0.0,0.0,0.8125,0.541667,0.083333,-0.6275
Negative_F109,0,0.0,0.0,0.0,0.0,0.0,0.454545,0.0,0.0,0.0,0.0,0.0,0.0,0.0,0.090909,0.0,11.0,4.544925,10.602487,0.454545,0.0,0.0,0.0,0.0,-0.127273,0.545455,0.090909,0.074545
Negative_F902,0,0.162162,0.0,0.013514,0.189189,0.040541,0.040541,0.054054,0.054054,0.094595,0.054054,0.054054,0.027027,0.094595,0.027027,0.0,74.0,1.589911,9.986233,0.027027,0.027027,0.013514,0.027027,0.0,0.109459,0.432432,0.040541,0.280811
Negative_F1547,0,0.070423,0.0,0.028169,0.028169,0.028169,0.084507,0.014085,0.014085,0.098592,0.0,0.098592,0.056338,0.056338,0.014085,0.0,71.0,-1.323046,6.156197,0.098592,0.084507,0.028169,0.070423,0.126761,-0.977465,0.295775,0.042254,2.904366
Negative_F1064,0,0.096774,0.0,0.0,0.096774,0.096774,0.129032,0.0,0.032258,0.0,0.0,0.129032,0.032258,0.032258,0.032258,0.032258,31.0,4.240386,10.288783,0.16129,0.064516,0.0,0.0,0.064516,-0.258065,0.419355,0.064516,1.454839
Negative_F716,0,0.166667,0.0,0.0,0.055556,0.166667,0.277778,0.055556,0.0,0.055556,0.0,0.166667,0.0,0.0,0.0,0.0,18.0,0.554947,8.750052,0.055556,0.0,0.0,0.0,0.0,1.75,0.666667,0.0,-1.796111
Negative_F446,0,0.076923,0.0,0.0,0.038462,0.115385,0.076923,0.0,0.038462,0.038462,0.0,0.0,0.038462,0.153846,0.038462,0.076923,26.0,7.542319,11.603681,0.153846,0.153846,0.0,0.0,0.0,-0.069231,0.538462,0.115385,1.681538
Negative_F2055,0,0.0,0.0,0.0,0.307692,0.0,0.269231,0.0,0.076923,0.038462,0.0,0.0,0.038462,0.115385,0.0,0.0,26.0,3.549911,11.263868,0.115385,0.038462,0.0,0.0,0.0,0.403846,0.384615,0.0,-0.256154
Negative_F925,0,0.064935,0.077922,0.025974,0.077922,0.064935,0.142857,0.0,0.051948,0.012987,0.025974,0.025974,0.038961,0.12987,0.0,0.012987,77.0,-3.526042,5.13696,0.077922,0.012987,0.025974,0.064935,0.064935,0.475325,0.441558,0.038961,0.51987
Negative_F456,0,0.066667,0.133333,0.0,0.066667,0.133333,0.2,0.0,0.0,0.066667,0.0,0.0,0.0,0.133333,0.066667,0.0,15.0,1.469133,8.90065,0.133333,0.0,0.0,0.0,0.0,1.66,0.6,0.066667,-1.948
Negative_F645,0,0.093023,0.0,0.023256,0.116279,0.186047,0.023256,0.0,0.046512,0.046512,0.046512,0.046512,0.023256,0.023256,0.0,0.0,43.0,9.606071,10.91864,0.232558,0.023256,0.046512,0.023256,0.0,-0.486047,0.348837,0.023256,1.37093
Negative_F2019,0,0.037037,0.185185,0.0,0.037037,0.074074,0.0,0.0,0.037037,0.0,0.0,0.111111,0.222222,0.111111,0.037037,0.0,27.0,3.424914,9.044737,0.148148,0.0,0.0,0.0,0.0,0.32963,0.259259,0.037037,0.778519
Negative_F87,0,0.125,0.083333,0.125,0.0,0.125,0.083333,0.0,0.0,0.083333,0.0,0.083333,0.041667,0.083333,0.0,0.0,24.0,3.500904,9.850656,0.125,0.041667,0.0,0.0,0.0,1.108333,0.541667,0.125,-0.36125
Negative_F1017,0,0.25,0.0,0.05,0.05,0.25,0.05,0.0,0.1,0.05,0.0,0.0,0.05,0.05,0.0,0.0,20.0,0.591574,8.757208,0.05,0.0,0.05,0.0,0.0,1.275,0.65,0.05,-1.0235
Negative_F2318,0,0.021277,0.170213,0.085106,0.106383,0.0,0.021277,0.0,0.042553,0.042553,0.042553,0.06383,0.085106,0.021277,0.0,0.0,47.0,9.435523,11.034038,0.0,0.234043,0.042553,0.0,0.021277,-0.910638,0.148936,0.085106,3.988511
Negative_F498,0,0.139535,0.046512,0.0,0.209302,0.046512,0.0,0.0,0.162791,0.0,0.0,0.023256,0.069767,0.046512,0.069767,0.046512,43.0,1.569618,8.789249,0.069767,0.0,0.046512,0.023256,0.0,-0.574419,0.348837,0.116279,1.064419
Negative_F1481,0,0.051948,0.051948,0.025974,0.051948,0.064935,0.077922,0.012987,0.025974,0.077922,0.064935,0.051948,0.064935,0.077922,0.012987,0.025974,77.0,6.484834,9.838794,0.051948,0.116883,0.012987,0.051948,0.025974,-0.402597,0.350649,0.064935,2.236753
Negative_F1165,0,0.133333,0.066667,0.066667,0.166667,0.066667,0.133333,0.0,0.033333,0.0,0.033333,0.066667,0.033333,0.033333,0.0,0.0,30.0,4.495918,9.904294,0.166667,0.0,0.0,0.0,0.0,0.513333,0.433333,0.066667,-0.157333
Negative_F676,0,0.076923,0.0,0.153846,0.076923,0.153846,0.230769,0.0,0.0,0.0,0.0,0.153846,0.0,0.076923,0.0,0.0,13.0,0.554947,8.750052,0.076923,0.0,0.0,0.0,0.0,2.007692,0.692308,0.153846,-1.923077
Negative_F819,0,0.085714,0.014286,0.028571,0.071429,0.042857,0.028571,0.042857,0.042857,0.042857,0.042857,0.085714,0.071429,0.085714,0.014286,0.114286,70.0,10.49388,10.111689,0.114286,0.057143,0.0,0.0,0.014286,-0.417143,0.442857,0.157143,1.439714
Negative_F966,0,0.060241,0.048193,0.0,0.072289,0.096386,0.096386,0.012048,0.036145,0.036145,0.036145,0.060241,0.048193,0.048193,0.0,0.012048,83.0,1.511953,8.409401,0.13253,0.036145,0.024096,0.072289,0.072289,-0.445783,0.325301,0.012048,1.870241
Negative_F1236,0,0.02439,0.097561,0.073171,0.219512,0.02439,0.0,0.0,0.02439,0.146341,0.02439,0.073171,0.0,0.073171,0.0,0.04878,41.0,6.150028,10.749539,0.0,0.170732,0.0,0.0,0.0,-0.473171,0.243902,0.121951,2.090976
Negative_F1989,0,0.188889,0.077778,0.0,0.2,0.022222,0.055556,0.0,0.022222,0.022222,0.055556,0.011111,0.133333,0.011111,0.011111,0.022222,90.0,6.365739,9.276565,0.077778,0.044444,0.0,0.033333,0.011111,-0.295556,0.311111,0.033333,1.217111
Negative_F1620,0,0.113636,0.0,0.068182,0.113636,0.068182,0.090909,0.022727,0.022727,0.0,0.022727,0.045455,0.022727,0.068182,0.113636,0.045455,44.0,3.271372,9.994614,0.090909,0.045455,0.0,0.022727,0.022727,0.240909,0.590909,0.227273,0.139773
Negative_F1330,0,0.235294,0.0,0.0,0.176471,0.058824,0.294118,0.0,0.058824,0.0,0.0,0.058824,0.0,0.0,0.0,0.0,17.0,1.552442,10.002737,0.117647,0.0,0.0,0.0,0.0,1.023529,0.588235,0.0,-1.084706
Negative_F342,0,0.111111,0.0,0.0,0.166667,0.055556,0.333333,0.0,0.055556,0.055556,0.0,0.055556,0.0,0.055556,0.0,0.0,18.0,1.552442,10.002737,0.111111,0.0,0.0,0.0,0.0,1.122222,0.555556,0.0,-1.321111
Negative_F1312,0,0.0,0.095238,0.0,0.285714,0.095238,0.238095,0.0,0.0,0.0,0.0,0.095238,0.0,0.095238,0.0,0.0,21.0,1.503435,8.903745,0.095238,0.0,0.0,0.0,0.0,1.409524,0.428571,0.0,-1.562857
Negative_F1341,0,0.0,0.045455,0.181818,0.045455,0.045455,0.227273,0.045455,0.0,0.0,0.045455,0.181818,0.090909,0.0,0.0,0.0,22.0,1.527938,9.314086,0.090909,0.0,0.0,0.0,0.0,1.036364,0.5,0.181818,-0.483182
Negative_F584,0,0.179487,0.0,0.051282,0.076923,0.153846,0.025641,0.0,0.025641,0.025641,0.076923,0.025641,0.025641,0.025641,0.0,0.0,39.0,-0.334666,6.473131,0.076923,0.076923,0.0,0.051282,0.102564,-0.289744,0.435897,0.051282,1.933077
Negative_F1784,0,0.038462,0.0,0.096154,0.096154,0.057692,0.096154,0.0,0.0,0.0,0.057692,0.096154,0.057692,0.0,0.0,0.057692,52.0,-0.453496,6.376846,0.076923,0.096154,0.0,0.096154,0.076923,-0.807692,0.346154,0.153846,2.823269
Negative_F774,0,0.0,0.2,0.033333,0.133333,0.1,0.033333,0.0,0.066667,0.066667,0.0,0.133333,0.033333,0.133333,0.0,0.033333,30.0,-1.590952,4.050028,0.0,0.0,0.0,0.0,0.033333,1.046667,0.333333,0.066667,-0.462
Negative_F1944,0,0.071429,0.0,0.071429,0.071429,0.142857,0.142857,0.0,0.0,0.071429,0.0,0.071429,0.0,0.0,0.214286,0.0,14.0,1.605272,11.00103,0.071429,0.071429,0.0,0.0,0.0,0.521429,0.642857,0.285714,-0.609286
Negative_F2180,0,0.137931,0.068966,0.034483,0.068966,0.034483,0.137931,0.034483,0.034483,0.034483,0.068966,0.034483,0.068966,0.068966,0.034483,0.0,29.0,1.504531,8.903229,0.068966,0.034483,0.0,0.0,0.034483,0.455172,0.482759,0.068966,0.243793
Negative_F1942,0,0.0,0.0,0.055556,0.055556,0.055556,0.0,0.0,0.0,0.166667,0.0,0.0,0.0,0.055556,0.277778,0.0,18.0,5.557302,11.999968,0.0,0.333333,0.0,0.0,0.0,-1.4,0.444444,0.333333,3.610556
Negative_F1767,0,0.042553,0.170213,0.085106,0.085106,0.0,0.0,0.0,0.021277,0.021277,0.042553,0.106383,0.085106,0.021277,0.0,0.0,47.0,5.468806,9.166389,0.042553,0.148936,0.06383,0.021277,0.042553,-0.870213,0.148936,0.085106,3.474043
Negative_F2188,0,0.125,0.0,0.0,0.1875,0.0,0.1875,0.0,0.0625,0.0,0.0,0.0625,0.0625,0.1875,0.0,0.0,16.0,1.602791,10.003317,0.125,0.0,0.0,0.0,0.0,0.85,0.5,0.0,-0.600625
Negative_F2128,0,0.083333,0.0,0.0,0.083333,0.0,0.166667,0.0,0.083333,0.083333,0.083333,0.083333,0.083333,0.0,0.0,0.0,12.0,-1.443485,4.370259,0.083333,0.0,0.0,0.083333,0.083333,-1.0,0.25,0.0,2.22
Negative_F407,0,0.0,0.0,0.0,0.678571,0.0,0.0,0.0,0.0,0.0,0.0,0.0,0.0,0.0,0.0,0.035714,28.0,-0.152041,7.282973,0.0,0.0,0.285714,0.0,0.0,-1.232143,0.035714,0.035714,0.698571
Negative_F91,0,0.071429,0.071429,0.0,0.107143,0.035714,0.142857,0.071429,0.071429,0.0,0.0,0.0,0.071429,0.071429,0.0,0.0,28.0,2.533438,9.243364,0.178571,0.0,0.035714,0.071429,0.0,0.042857,0.392857,0.0,0.781786
Negative_F2228,0,0.103448,0.0,0.068966,0.172414,0.068966,0.068966,0.0,0.0,0.0,0.0,0.034483,0.034483,0.034483,0.068966,0.034483,29.0,8.205661,11.999968,0.0,0.310345,0.0,0.0,0.0,-0.527586,0.448276,0.172414,3.307586
Negative_F1136,0,0.033333,0.133333,0.033333,0.066667,0.0,0.033333,0.033333,0.1,0.0,0.0,0.133333,0.133333,0.0,0.1,0.033333,30.0,-0.509884,6.715891,0.066667,0.0,0.033333,0.033333,0.033333,-0.633333,0.266667,0.166667,1.639333
Negative_F2252,0,0.04,0.0,0.12,0.12,0.16,0.08,0.04,0.0,0.0,0.0,0.0,0.04,0.04,0.0,0.0,25.0,4.698872,11.999968,0.08,0.12,0.16,0.0,0.0,0.236,0.48,0.12,1.1036
Negative_F203,0,0.12,0.0,0.0,0.2,0.04,0.16,0.0,0.0,0.04,0.04,0.12,0.0,0.12,0.0,0.0,25.0,1.552863,9.994292,0.08,0.04,0.0,0.04,0.0,0.496,0.44,0.0,0.1452
Negative_F1950,0,0.152174,0.130435,0.021739,0.086957,0.021739,0.086957,0.0,0.043478,0.021739,0.0,0.108696,0.065217,0.043478,0.021739,0.021739,46.0,3.526889,8.942168,0.043478,0.065217,0.043478,0.021739,0.0,0.191304,0.369565,0.065217,1.085435
Negative_F1756,0,0.092308,0.015385,0.061538,0.030769,0.046154,0.061538,0.061538,0.030769,0.169231,0.061538,0.076923,0.046154,0.046154,0.0,0.030769,65.0,6.246119,10.614155,0.061538,0.076923,0.0,0.030769,0.0,-0.304615,0.4,0.092308,1.427231
Negative_F2393,0,0.0,0.0,0.0,0.08,0.0,0.04,0.0,0.04,0.28,0.0,0.04,0.0,0.08,0.0,0.16,25.0,6.24055,11.395061,0.04,0.24,0.0,0.0,0.0,-1.608,0.28,0.16,3.6316
Negative_F1483,0,0.063063,0.054054,0.009009,0.09009,0.027027,0.072072,0.009009,0.0,0.09009,0.09009,0.09009,0.036036,0.027027,0.009009,0.018018,111.0,15.104223,10.039162,0.144144,0.081081,0.009009,0.045045,0.036036,-1.063964,0.234234,0.036036,2.656667
Negative_F209,0,0.26087,0.0,0.086957,0.086957,0.043478,0.086957,0.0,0.086957,0.043478,0.043478,0.0,0.0,0.086957,0.0,0.0,23.0,-0.370679,6.920852,0.043478,0.0,0.086957,0.0,0.043478,0.443478,0.565217,0.086957,-0.045217
Negative_F465,0,0.135135,0.054054,0.027027,0.135135,0.081081,0.135135,0.027027,0.027027,0.0,0.027027,0.0,0.108108,0.027027,0.0,0.0,37.0,3.495654,9.514389,0.162162,0.0,0.0,0.0,0.054054,0.356757,0.432432,0.027027,0.117297
Negative_F1048,0,0.0,0.0,0.047619,0.047619,0.0,0.095238,0.047619,0.0,0.095238,0.0,0.047619,0.095238,0.047619,0.0,0.095238,21.0,4.581922,10.548849,0.142857,0.142857,0.047619,0.047619,0.0,-1.133333,0.333333,0.142857,3.021905
Negative_F2392,0,0.1,0.0,0.0,0.1,0.0,0.0,0.0,0.05,0.2,0.0,0.1,0.0,0.0,0.0,0.2,20.0,4.2406,10.533699,0.05,0.2,0.0,0.0,0.0,-1.79,0.3,0.2,3.6865
Negative_F1574,0,0.105263,0.105263,0.052632,0.0,0.0,0.157895,0.052632,0.0,0.052632,0.0,0.052632,0.0,0.052632,0.052632,0.105263,19.0,3.498374,9.697608,0.105263,0.105263,0.0,0.0,0.0,0.326316,0.578947,0.210526,0.630526
Negative_F745,0,0.071429,0.0,0.214286,0.107143,0.0,0.071429,0.035714,0.035714,0.0,0.0,0.035714,0.0,0.0,0.0,0.035714,28.0,8.538454,11.235244,0.25,0.107143,0.0,0.0,0.035714,-0.757143,0.428571,0.25,2.288929
Negative_F1853,0,0.014085,0.028169,0.042254,0.28169,0.084507,0.028169,0.0,0.042254,0.070423,0.0,0.126761,0.0,0.042254,0.0,0.0,71.0,7.54227,11.642168,0.028169,0.140845,0.014085,0.042254,0.014085,-0.58169,0.211268,0.042254,2.321972
Negative_F2441,0,0.0,0.15,0.1,0.1,0.0,0.1,0.1,0.0,0.05,0.0,0.0,0.05,0.05,0.0,0.0,20.0,3.209219,9.800049,0.05,0.2,0.0,0.05,0.0,0.01,0.35,0.1,2.313
Negative_F235,0,0.04,0.12,0.08,0.08,0.08,0.0,0.0,0.08,0.0,0.0,0.12,0.12,0.04,0.0,0.0,25.0,5.476351,10.344935,0.12,0.12,0.0,0.0,0.0,-0.376,0.24,0.08,2.6092
Negative_F1677,0,0.083333,0.055556,0.055556,0.055556,0.027778,0.111111,0.111111,0.0,0.027778,0.0,0.166667,0.055556,0.0,0.055556,0.027778,36.0,5.230745,11.438899,0.027778,0.138889,0.0,0.0,0.0,0.144444,0.472222,0.138889,1.426111
Negative_F169,0,0.09375,0.0,0.0,0.03125,0.0625,0.0625,0.0,0.03125,0.03125,0.15625,0.0,0.0625,0.03125,0.03125,0.09375,32.0,3.541852,9.870513,0.125,0.09375,0.0,0.0625,0.03125,-1.33125,0.375,0.125,3.084062
Negative_F1617,0,0.090909,0.022727,0.136364,0.022727,0.068182,0.090909,0.022727,0.068182,0.045455,0.022727,0.0,0.068182,0.090909,0.0,0.090909,44.0,4.513301,9.807334,0.090909,0.045455,0.0,0.022727,0.0,0.475,0.590909,0.227273,0.322727
Negative_F2262,0,0.058065,0.0,0.032258,0.167742,0.045161,0.051613,0.019355,0.051613,0.025806,0.03871,0.058065,0.051613,0.045161,0.025806,0.03871,155.0,0.793512,8.26396,0.045161,0.090323,0.025806,0.083871,0.045161,-0.876774,0.316129,0.096774,2.526968
Negative_F2206,0,0.058824,0.0,0.0,0.0,0.176471,0.058824,0.117647,0.0,0.0,0.0,0.176471,0.058824,0.0,0.058824,0.0,17.0,4.279802,11.999968,0.117647,0.176471,0.0,0.0,0.0,-0.141176,0.470588,0.058824,2.359412
Negative_F1530,0,0.052632,0.021053,0.063158,0.084211,0.031579,0.094737,0.010526,0.031579,0.031579,0.031579,0.084211,0.052632,0.042105,0.042105,0.031579,95.0,8.599287,10.17274,0.073684,0.105263,0.031579,0.042105,0.042105,-0.622105,0.368421,0.136842,2.287158
Negative_F1794,0,0.060606,0.060606,0.090909,0.151515,0.030303,0.060606,0.0,0.060606,0.0,0.0,0.090909,0.090909,0.030303,0.0,0.0,33.0,7.529989,10.674369,0.181818,0.060606,0.030303,0.0,0.0,-0.478788,0.272727,0.090909,1.829394
Negative_F1840,0,0.02439,0.097561,0.02439,0.121951,0.073171,0.02439,0.04878,0.02439,0.073171,0.04878,0.073171,0.073171,0.04878,0.02439,0.02439,41.0,1.251648,8.476577,0.073171,0.02439,0.04878,0.02439,0.02439,-0.231707,0.292683,0.073171,1.043659
Negative_F1197,0,0.079545,0.056818,0.056818,0.045455,0.034091,0.079545,0.011364,0.011364,0.068182,0.022727,0.068182,0.056818,0.136364,0.0,0.022727,88.0,-3.806083,4.993328,0.045455,0.056818,0.011364,0.056818,0.079545,0.177273,0.420455,0.079545,1.207045
Negative_F1811,0,0.285714,0.0,0.071429,0.142857,0.142857,0.142857,0.0,0.071429,0.0,0.0,0.0,0.0,0.0,0.0,0.0,14.0,-0.444606,5.835682,0.071429,0.0,0.0,0.071429,0.0,1.064286,0.642857,0.071429,-0.776429
Negative_F1494,0,0.058824,0.0,0.235294,0.058824,0.0,0.235294,0.117647,0.0,0.117647,0.0,0.117647,0.0,0.0,0.0,0.0,17.0,0.554947,8.750052,0.058824,0.0,0.0,0.0,0.0,1.347059,0.647059,0.235294,-1.570588
Negative_F52,0,0.117647,0.0,0.0,0.058824,0.117647,0.176471,0.0,0.0,0.0,0.0,0.058824,0.058824,0.117647,0.0,0.0,17.0,1.282784,9.700187,0.176471,0.0,0.058824,0.058824,0.0,0.711765,0.529412,0.0,-0.072941
Negative_F2276,0,0.0,0.162162,0.081081,0.162162,0.027027,0.027027,0.0,0.027027,0.027027,0.081081,0.027027,0.027027,0.027027,0.0,0.054054,37.0,5.473984,9.37849,0.054054,0.135135,0.054054,0.027027,0.0,-0.713514,0.216216,0.135135,2.624595
Negative_F678,0,0.125,0.083333,0.125,0.041667,0.041667,0.208333,0.0,0.0,0.083333,0.0,0.041667,0.041667,0.041667,0.0,0.0,24.0,3.498424,9.701283,0.166667,0.0,0.0,0.0,0.0,1.075,0.541667,0.125,-0.969167
Negative_F1911,0,0.042857,0.0,0.014286,0.114286,0.014286,0.028571,0.0,0.028571,0.028571,0.057143,0.257143,0.042857,0.014286,0.028571,0.057143,70.0,3.495083,9.866322,0.042857,0.071429,0.1,0.028571,0.028571,-1.385714,0.2,0.1,3.149286
Negative_F690,0,0.047619,0.0,0.095238,0.142857,0.142857,0.142857,0.0,0.0,0.0,0.095238,0.0,0.047619,0.095238,0.0,0.0,21.0,-0.446665,5.959762,0.095238,0.0,0.0,0.095238,0.0,0.809524,0.52381,0.095238,-0.285714
Negative_F399,0,0.1,0.0,0.2,0.1,0.0,0.1,0.0,0.0,0.05,0.0,0.05,0.0,0.25,0.0,0.0,20.0,2.549936,10.302064,0.15,0.0,0.0,0.0,0.0,1.425,0.65,0.2,-1.3705
Negative_F1908,0,0.071429,0.0,0.071429,0.142857,0.071429,0.428571,0.0,0.071429,0.071429,0.0,0.0,0.0,0.0,0.0,0.0,14.0,0.554947,8.750052,0.071429,0.0,0.0,0.0,0.0,1.578571,0.642857,0.071429,-2.065714
Negative_F824,0,0.113636,0.0,0.022727,0.022727,0.068182,0.068182,0.045455,0.045455,0.090909,0.045455,0.0,0.068182,0.022727,0.045455,0.113636,44.0,5.259518,9.918413,0.136364,0.045455,0.0,0.0,0.045455,-0.588636,0.5,0.181818,1.219091
Negative_F762,0,0.032258,0.193548,0.064516,0.064516,0.096774,0.032258,0.032258,0.064516,0.0,0.0,0.16129,0.032258,0.064516,0.0,0.032258,31.0,-0.899067,5.850858,0.064516,0.0,0.0,0.0,0.064516,0.690323,0.354839,0.096774,0.33129
Negative_F2202,0,0.133333,0.066667,0.0,0.066667,0.0,0.133333,0.0,0.0,0.0,0.0,0.0,0.066667,0.0,0.066667,0.0,15.0,5.220365,11.999968,0.0,0.4,0.066667,0.0,0.0,-1.233333,0.333333,0.066667,5.249333
Negative_F1168,0,0.05,0.0,0.1,0.1,0.05,0.35,0.0,0.05,0.0,0.0,0.05,0.0,0.05,0.0,0.0,20.0,1.553537,9.994292,0.1,0.05,0.0,0.0,0.05,1.09,0.6,0.1,-0.509
Negative_F355,0,0.030303,0.181818,0.060606,0.090909,0.060606,0.030303,0.0,0.030303,0.0,0.0,0.030303,0.060606,0.030303,0.0,0.060606,33.0,7.408641,10.196013,0.0,0.272727,0.030303,0.0,0.030303,-0.524242,0.272727,0.121212,3.761818
Negative_F1918,0,0.121212,0.060606,0.060606,0.030303,0.030303,0.151515,0.0,0.060606,0.0,0.060606,0.090909,0.090909,0.030303,0.0,0.0,33.0,1.231719,8.802271,0.121212,0.0,0.030303,0.060606,0.0,0.024242,0.393939,0.060606,1.100303
Negative_F388,0,0.142857,0.0,0.047619,0.047619,0.0,0.047619,0.0,0.0,0.0,0.047619,0.095238,0.0,0.047619,0.0,0.0,21.0,6.549546,11.844277,0.190476,0.238095,0.0,0.0,0.095238,-1.638095,0.285714,0.047619,4.97381
Negative_F2100,0,0.058824,0.176471,0.029412,0.088235,0.029412,0.0,0.029412,0.058824,0.147059,0.0,0.058824,0.029412,0.029412,0.0,0.058824,34.0,3.438082,8.920893,0.058824,0.088235,0.029412,0.0,0.029412,-0.502941,0.235294,0.088235,1.819118
Negative_F1289,0,0.041667,0.125,0.083333,0.125,0.083333,0.0,0.125,0.0,0.083333,0.020833,0.020833,0.041667,0.020833,0.0,0.041667,48.0,4.406139,9.214418,0.0,0.145833,0.0,0.041667,0.0,0.1625,0.395833,0.125,1.449167
Negative_F2412,0,0.035714,0.0,0.035714,0.035714,0.071429,0.178571,0.0,0.035714,0.0,0.071429,0.0,0.035714,0.0,0.035714,0.107143,28.0,4.581782,10.277566,0.107143,0.142857,0.035714,0.035714,0.035714,-0.846429,0.464286,0.178571,2.668929
Negative_F1488,0,0.0,0.034483,0.068966,0.103448,0.034483,0.103448,0.0,0.0,0.068966,0.0,0.137931,0.034483,0.103448,0.0,0.0,29.0,2.226976,10.036454,0.068966,0.137931,0.0,0.0,0.103448,-0.275862,0.310345,0.068966,2.25931
Negative_F805,0,0.035714,0.0,0.035714,0.071429,0.0,0.142857,0.0,0.035714,0.035714,0.035714,0.071429,0.071429,0.035714,0.107143,0.107143,28.0,4.576515,10.122262,0.142857,0.035714,0.035714,0.0,0.0,-0.653571,0.464286,0.25,1.033571
Negative_F458,0,0.05,0.1,0.15,0.05,0.0,0.4,0.0,0.0,0.1,0.0,0.0,0.0,0.0,0.0,0.0,20.0,2.500929,9.390159,0.15,0.0,0.0,0.0,0.0,1.515,0.6,0.15,-1.848
Negative_F2109,0,0.166667,0.083333,0.083333,0.041667,0.125,0.125,0.041667,0.0,0.083333,0.0,0.0,0.041667,0.041667,0.0,0.0,24.0,3.498424,9.701283,0.166667,0.0,0.0,0.0,0.0,1.204167,0.583333,0.083333,-1.16
Negative_F1863,0,0.030303,0.121212,0.030303,0.106061,0.030303,0.075758,0.0,0.121212,0.0,0.015152,0.045455,0.030303,0.030303,0.045455,0.106061,66.0,3.330553,8.649417,0.106061,0.030303,0.0,0.030303,0.045455,-0.577273,0.348485,0.181818,1.600455
Negative_F1457,0,0.101266,0.075949,0.063291,0.113924,0.025316,0.0,0.0,0.113924,0.012658,0.063291,0.113924,0.037975,0.063291,0.025316,0.063291,79.0,2.19756,8.60358,0.037975,0.025316,0.037975,0.012658,0.012658,-0.451899,0.341772,0.151899,1.547468
Negative_F1525,0,0.112245,0.020408,0.040816,0.091837,0.030612,0.061224,0.010204,0.020408,0.020408,0.071429,0.071429,0.05102,0.071429,0.05102,0.030612,98.0,8.51952,9.95329,0.102041,0.061224,0.010204,0.010204,0.061224,-0.468367,0.408163,0.122449,1.622245
Negative_F971,0,0.0,0.15,0.075,0.15,0.05,0.075,0.0,0.05,0.025,0.0,0.1,0.0,0.025,0.0,0.05,40.0,7.400681,9.860327,0.05,0.175,0.0,0.025,0.0,-0.29,0.275,0.125,2.513
Negative_F529,0,0.0,0.0,0.052632,0.105263,0.131579,0.078947,0.0,0.026316,0.026316,0.078947,0.026316,0.052632,0.0,0.0,0.0,38.0,5.547223,10.605259,0.157895,0.131579,0.0,0.026316,0.105263,-1.139474,0.263158,0.052632,3.331053
Negative_F717,0,0.105263,0.0,0.052632,0.052632,0.052632,0.263158,0.0,0.0,0.052632,0.0,0.210526,0.0,0.105263,0.0,0.0,19.0,1.552442,10.002737,0.105263,0.0,0.0,0.0,0.0,1.331579,0.578947,0.052632,-1.075789
Negative_F1543,0,0.0,0.181818,0.136364,0.181818,0.090909,0.0,0.0,0.045455,0.045455,0.0,0.136364,0.136364,0.0,0.0,0.0,22.0,0.456934,7.884242,0.045455,0.0,0.0,0.0,0.0,0.559091,0.227273,0.136364,0.110909
Negative_F1067,0,0.025641,0.076923,0.0,0.076923,0.025641,0.051282,0.0,0.0,0.128205,0.025641,0.128205,0.230769,0.0,0.0,0.025641,39.0,3.548244,9.420265,0.076923,0.051282,0.051282,0.0,0.025641,-0.858974,0.128205,0.025641,2.184615
Negative_F1513,0,0.114035,0.0,0.035088,0.087719,0.061404,0.04386,0.026316,0.04386,0.04386,0.078947,0.061404,0.070175,0.105263,0.035088,0.026316,114.0,-5.650949,4.800701,0.04386,0.008772,0.017544,0.017544,0.078947,-0.064912,0.447368,0.096491,0.787895
Negative_F691,0,0.029412,0.0,0.176471,0.029412,0.058824,0.029412,0.0,0.029412,0.058824,0.0,0.058824,0.0,0.088235,0.0,0.0,34.0,14.52731,11.999968,0.352941,0.088235,0.0,0.0,0.0,-0.735294,0.382353,0.176471,2.273235
Negative_F410,0,0.15,0.1,0.1,0.1,0.05,0.15,0.05,0.0,0.05,0.0,0.0,0.05,0.05,0.0,0.0,20.0,2.500929,9.390159,0.15,0.0,0.0,0.0,0.0,1.16,0.55,0.1,-1.134
Negative_F2298,0,0.125,0.0,0.125,0.1875,0.0,0.3125,0.0,0.0625,0.0,0.0625,0.0,0.0,0.0625,0.0,0.0,16.0,0.554947,8.750052,0.0625,0.0,0.0,0.0,0.0,1.26875,0.625,0.125,-1.456875
Negative_F2323,0,0.0,0.0,0.166667,0.033333,0.066667,0.033333,0.0,0.0,0.066667,0.0,0.066667,0.0,0.133333,0.0,0.0,30.0,11.564012,11.041516,0.4,0.0,0.033333,0.0,0.0,-0.386667,0.4,0.166667,1.043333
Negative_F1726,0,0.142857,0.0,0.0,0.238095,0.0,0.190476,0.0,0.0,0.190476,0.0,0.0,0.095238,0.0,0.0,0.0,21.0,2.203356,11.16594,0.095238,0.047619,0.0,0.0,0.0,-0.071429,0.333333,0.0,0.064286
Negative_F1474,0,0.043011,0.021505,0.010753,0.053763,0.053763,0.053763,0.021505,0.043011,0.032258,0.053763,0.086022,0.172043,0.107527,0.010753,0.010753,93.0,8.460406,10.632207,0.064516,0.096774,0.0,0.043011,0.021505,-0.437634,0.311828,0.032258,2.416022
Negative_F766,0,0.103448,0.206897,0.0,0.068966,0.137931,0.0,0.0,0.034483,0.068966,0.0,0.103448,0.0,0.068966,0.034483,0.034483,29.0,1.404012,8.33378,0.068966,0.034483,0.0,0.0,0.034483,0.651724,0.37931,0.068966,0.163103
Negative_F2082,0,0.184211,0.105263,0.0,0.078947,0.078947,0.026316,0.0,0.0,0.052632,0.026316,0.131579,0.157895,0.026316,0.0,0.0,38.0,4.502222,9.583113,0.078947,0.052632,0.0,0.0,0.0,0.192105,0.315789,0.0,1.055789
Negative_F663,0,0.0,0.333333,0.055556,0.111111,0.111111,0.111111,0.0,0.0,0.0,0.0,0.0,0.055556,0.055556,0.0,0.0,18.0,2.410357,8.71698,0.0,0.166667,0.0,0.0,0.0,1.311111,0.333333,0.055556,0.615
Negative_F2215,0,0.055556,0.055556,0.111111,0.0,0.0,0.222222,0.055556,0.055556,0.0,0.0,0.0,0.0,0.055556,0.0,0.0,18.0,4.250759,10.46388,0.222222,0.111111,0.0,0.055556,0.0,-0.022222,0.5,0.111111,1.793333
Negative_F85,0,0.096774,0.064516,0.032258,0.16129,0.032258,0.193548,0.0,0.0,0.032258,0.0,0.0,0.064516,0.032258,0.0,0.0,31.0,2.495426,9.190049,0.193548,0.0,0.0,0.064516,0.032258,0.187097,0.387097,0.032258,0.275484
Negative_F962,0,0.030303,0.181818,0.0,0.090909,0.030303,0.0,0.0,0.090909,0.0,0.0,0.121212,0.060606,0.121212,0.030303,0.060606,33.0,2.401325,8.648128,0.090909,0.030303,0.030303,0.0,0.030303,-0.139394,0.272727,0.090909,1.401818
Negative_F239,0,0.043478,0.130435,0.021739,0.152174,0.0,0.043478,0.0,0.021739,0.130435,0.021739,0.065217,0.065217,0.043478,0.0,0.0,46.0,1.58873,8.360792,0.065217,0.065217,0.043478,0.021739,0.065217,-0.697826,0.152174,0.021739,1.982391
Negative_F1741,0,0.121951,0.146341,0.097561,0.121951,0.0,0.02439,0.0,0.02439,0.04878,0.0,0.02439,0.04878,0.073171,0.02439,0.097561,41.0,-0.599458,6.139373,0.02439,0.04878,0.0,0.02439,0.04878,0.273171,0.439024,0.219512,0.506098
Negative_F1072,0,0.0,0.095238,0.0,0.285714,0.095238,0.238095,0.047619,0.0,0.0,0.0,0.095238,0.0,0.047619,0.0,0.0,21.0,1.503435,8.903745,0.095238,0.0,0.0,0.0,0.0,1.3,0.428571,0.0,-1.482381
Negative_F1347,0,0.189189,0.054054,0.054054,0.108108,0.054054,0.135135,0.0,0.081081,0.0,0.054054,0.0,0.027027,0.027027,0.0,0.0,37.0,4.53116,9.788896,0.162162,0.0,0.027027,0.0,0.027027,0.148649,0.459459,0.054054,0.402973
Negative_F58,0,0.135135,0.054054,0.027027,0.189189,0.081081,0.162162,0.0,0.0,0.0,0.027027,0.027027,0.0,0.054054,0.0,0.0,37.0,4.493149,9.700445,0.189189,0.0,0.0,0.0,0.054054,0.543243,0.459459,0.027027,-0.327568
Negative_F843,0,0.0,0.333333,0.0,0.111111,0.222222,0.0,0.0,0.0,0.0,0.0,0.0,0.0,0.0,0.0,0.0,18.0,5.410282,9.687293,0.0,0.333333,0.0,0.0,0.0,0.288889,0.222222,0.0,3.348889
Negative_F669,0,0.06383,0.021277,0.042553,0.106383,0.021277,0.042553,0.042553,0.0,0.021277,0.042553,0.06383,0.170213,0.042553,0.042553,0.085106,47.0,1.247295,8.888981,0.085106,0.021277,0.021277,0.042553,0.021277,-0.459574,0.382979,0.170213,1.25234
Negative_F804,0,0.073171,0.146341,0.0,0.146341,0.04878,0.0,0.02439,0.02439,0.073171,0.02439,0.04878,0.0,0.073171,0.0,0.073171,41.0,1.529081,8.34706,0.0,0.121951,0.04878,0.02439,0.04878,-0.370732,0.292683,0.073171,2.014634
Negative_F2359,0,0.027778,0.166667,0.083333,0.138889,0.0,0.0,0.0,0.083333,0.027778,0.0,0.027778,0.0,0.0,0.055556,0.055556,36.0,5.47756,9.425616,0.027778,0.194444,0.055556,0.027778,0.027778,-1.191667,0.222222,0.194444,3.629167
Negative_F1542,0,0.095238,0.190476,0.0,0.095238,0.095238,0.047619,0.0,0.0,0.0,0.0,0.095238,0.142857,0.095238,0.047619,0.0,21.0,-0.489116,6.013986,0.0,0.047619,0.0,0.0,0.047619,1.019048,0.380952,0.047619,0.021429
Negative_F1896,0,0.131579,0.026316,0.026316,0.105263,0.105263,0.078947,0.0,0.105263,0.105263,0.078947,0.052632,0.052632,0.131579,0.0,0.0,38.0,-0.46705,5.518123,0.0,0.0,0.0,0.0,0.0,0.768421,0.473684,0.026316,-0.436579
Negative_F1378,0,0.057692,0.115385,0.057692,0.173077,0.038462,0.115385,0.057692,0.0,0.038462,0.0,0.038462,0.038462,0.057692,0.019231,0.0,52.0,3.124823,8.880278,0.115385,0.019231,0.0,0.038462,0.019231,0.573077,0.403846,0.076923,-0.133846
Negative_F1162,0,0.0,0.0,0.0,0.071429,0.071429,0.214286,0.142857,0.0,0.0,0.0,0.0,0.0,0.142857,0.071429,0.0,14.0,-0.446665,5.959762,0.142857,0.0,0.0,0.142857,0.0,0.857143,0.642857,0.071429,-0.513571
Negative_F2446,0,0.259259,0.0,0.0,0.074074,0.074074,0.074074,0.037037,0.111111,0.037037,0.0,0.111111,0.0,0.074074,0.037037,0.0,27.0,0.251144,8.463103,0.037037,0.037037,0.0,0.037037,0.0,0.422222,0.555556,0.037037,0.456296
Negative_F1185,0,0.095238,0.0,0.071429,0.142857,0.071429,0.047619,0.02381,0.02381,0.0,0.02381,0.047619,0.0,0.142857,0.0,0.02381,42.0,-3.335508,5.311115,0.047619,0.02381,0.071429,0.071429,0.071429,0.204762,0.47619,0.095238,0.778571
Negative_F1813,0,0.12,0.0,0.08,0.16,0.0,0.16,0.0,0.04,0.04,0.0,0.08,0.04,0.0,0.04,0.0,25.0,1.549672,9.52825,0.16,0.0,0.0,0.0,0.08,-0.252,0.4,0.12,0.5868
Negative_F753,0,0.054054,0.162162,0.027027,0.108108,0.027027,0.054054,0.0,0.027027,0.054054,0.0,0.054054,0.108108,0.054054,0.0,0.027027,37.0,-1.591747,4.779955,0.027027,0.081081,0.0,0.108108,0.027027,-0.189189,0.243243,0.054054,2.026486
Negative_F2275,0,0.0,0.157895,0.026316,0.236842,0.078947,0.026316,0.0,0.052632,0.0,0.0,0.052632,0.0,0.0,0.026316,0.105263,38.0,4.464037,9.059114,0.105263,0.052632,0.052632,0.026316,0.0,-0.465789,0.263158,0.157895,1.305
Negative_F338,0,0.054545,0.127273,0.0,0.090909,0.036364,0.054545,0.0,0.018182,0.072727,0.036364,0.072727,0.109091,0.072727,0.0,0.072727,55.0,8.407346,9.724621,0.036364,0.127273,0.018182,0.0,0.0,-0.252727,0.290909,0.072727,1.957273
Negative_F2086,0,0.113821,0.0,0.00813,0.113821,0.04065,0.121951,0.01626,0.04878,0.04065,0.03252,0.04878,0.02439,0.081301,0.0,0.02439,123.0,14.326514,10.722011,0.105691,0.089431,0.01626,0.01626,0.056911,-0.35935,0.406504,0.03252,1.75813
Negative_F1511,0,0.084211,0.105263,0.021053,0.157895,0.0,0.0,0.0,0.094737,0.094737,0.042105,0.115789,0.063158,0.0,0.021053,0.021053,95.0,3.335408,8.592427,0.052632,0.052632,0.010526,0.042105,0.021053,-1.1,0.147368,0.063158,2.510842
Negative_F1727,0,0.052632,0.0,0.0,0.157895,0.0,0.210526,0.0,0.0,0.105263,0.052632,0.157895,0.0,0.052632,0.0,0.0,19.0,3.549911,11.263868,0.157895,0.052632,0.0,0.0,0.0,-0.278947,0.315789,0.0,0.997895
Negative_F1215,0,0.0,0.083333,0.041667,0.041667,0.041667,0.25,0.0,0.0,0.125,0.0,0.041667,0.125,0.125,0.0,0.0,24.0,2.500929,9.390159,0.125,0.0,0.0,0.0,0.0,1.1625,0.458333,0.041667,-1.053333
Negative_F206,0,0.045455,0.0,0.0,0.136364,0.090909,0.090909,0.0,0.045455,0.0,0.0,0.045455,0.0,0.136364,0.045455,0.0,22.0,-0.445606,6.290565,0.136364,0.045455,0.0,0.0,0.181818,-0.254545,0.409091,0.045455,1.367727
Negative_F55,0,0.166667,0.083333,0.083333,0.041667,0.083333,0.125,0.0,0.0,0.083333,0.0,0.0,0.041667,0.125,0.0,0.0,24.0,3.498424,9.701283,0.166667,0.0,0.0,0.0,0.0,1.2875,0.583333,0.083333,-1.19375
Negative_F1119,0,0.054054,0.162162,0.054054,0.108108,0.081081,0.027027,0.0,0.054054,0.054054,0.0,0.054054,0.054054,0.0,0.0,0.054054,37.0,3.433543,8.886532,0.108108,0.054054,0.027027,0.027027,0.027027,-0.289189,0.27027,0.108108,1.541351
Negative_F1174,0,0.12,0.0,0.04,0.08,0.08,0.2,0.0,0.0,0.08,0.0,0.04,0.0,0.12,0.0,0.0,25.0,1.62431,9.703282,0.12,0.0,0.08,0.0,0.04,0.896,0.56,0.04,-0.8268
Negative_F336,0,0.166667,0.0,0.0,0.111111,0.111111,0.055556,0.0,0.0,0.055556,0.027778,0.055556,0.027778,0.222222,0.0,0.0,36.0,5.238195,10.69906,0.166667,0.0,0.0,0.0,0.0,1.0,0.555556,0.0,-0.784722
Negative_F1821,0,0.175,0.0,0.025,0.125,0.075,0.025,0.0,0.025,0.0,0.1,0.0,0.075,0.1,0.025,0.0,40.0,2.593462,11.417689,0.025,0.125,0.025,0.05,0.025,-0.3275,0.425,0.05,2.17625
Negative_F1740,0,0.092105,0.0,0.026316,0.144737,0.026316,0.0,0.0,0.118421,0.039474,0.013158,0.078947,0.052632,0.092105,0.039474,0.118421,76.0,0.743542,8.241525,0.065789,0.0,0.039474,0.039474,0.013158,-0.693421,0.394737,0.184211,1.287632
Negative_F275,0,0.08,0.0,0.0,0.08,0.04,0.2,0.0,0.0,0.08,0.0,0.08,0.0,0.24,0.0,0.0,25.0,0.626815,8.605578,0.08,0.0,0.08,0.0,0.04,1.16,0.56,0.0,-1.0092
Negative_F1645,0,0.121212,0.060606,0.0,0.151515,0.030303,0.181818,0.0,0.030303,0.0,0.030303,0.030303,0.060606,0.121212,0.0,0.0,33.0,1.499317,8.821225,0.121212,0.0,0.0,0.060606,0.0,0.681818,0.454545,0.0,-0.143636
Negative_F2387,0,0.134615,0.009615,0.038462,0.105769,0.009615,0.019231,0.028846,0.048077,0.048077,0.019231,0.076923,0.019231,0.028846,0.048077,0.038462,104.0,6.347302,9.860391,0.076923,0.105769,0.028846,0.086538,0.028846,-1.128846,0.346154,0.125,2.924327
Negative_F1625,0,0.064516,0.16129,0.0,0.096774,0.0,0.064516,0.0,0.064516,0.064516,0.0,0.096774,0.096774,0.032258,0.0,0.064516,31.0,2.462611,8.762688,0.064516,0.064516,0.032258,0.0,0.032258,-0.454839,0.225806,0.064516,1.843871
Negative_F1338,0,0.032258,0.064516,0.032258,0.16129,0.129032,0.064516,0.032258,0.064516,0.064516,0.0,0.032258,0.032258,0.032258,0.032258,0.0,31.0,2.496811,9.243171,0.16129,0.0,0.0,0.064516,0.0,0.006452,0.354839,0.064516,0.456452
Negative_F606,0,0.16,0.0,0.04,0.12,0.0,0.08,0.0,0.0,0.0,0.0,0.0,0.08,0.08,0.08,0.04,25.0,5.615647,10.67611,0.2,0.04,0.08,0.0,0.0,-0.404,0.48,0.16,0.866
Negative_F98,0,0.179487,0.0,0.0,0.128205,0.102564,0.076923,0.0,0.025641,0.0,0.102564,0.0,0.076923,0.025641,0.025641,0.0,39.0,4.588029,11.567578,0.076923,0.102564,0.025641,0.025641,0.025641,-0.415385,0.410256,0.025641,1.919231
Negative_F507,0,0.166667,0.083333,0.125,0.041667,0.125,0.166667,0.0,0.041667,0.083333,0.0,0.0,0.041667,0.0,0.0,0.0,24.0,2.500929,9.390159,0.125,0.0,0.0,0.0,0.0,1.241667,0.583333,0.125,-1.1775
Negative_F1446,0,0.166667,0.133333,0.0,0.166667,0.066667,0.033333,0.0,0.0,0.066667,0.066667,0.2,0.0,0.033333,0.0,0.033333,30.0,0.507258,7.922729,0.0,0.033333,0.0,0.0,0.0,0.44,0.333333,0.033333,0.295667
Negative_F1416,0,0.095238,0.0,0.047619,0.119048,0.119048,0.02381,0.0,0.02381,0.047619,0.02381,0.02381,0.047619,0.095238,0.0,0.0,42.0,9.608552,11.362504,0.214286,0.047619,0.047619,0.02381,0.0,-0.297619,0.380952,0.047619,1.30881
Negative_F2081,0,0.1,0.166667,0.0,0.1,0.033333,0.066667,0.0,0.133333,0.0,0.0,0.1,0.033333,0.033333,0.066667,0.0,30.0,0.504298,7.843175,0.066667,0.0,0.066667,0.0,0.033333,-0.12,0.3,0.066667,0.948333
Negative_F372,0,0.166667,0.083333,0.166667,0.041667,0.125,0.083333,0.041667,0.0,0.083333,0.0,0.041667,0.0,0.0,0.0,0.0,24.0,3.498424,9.701283,0.166667,0.0,0.0,0.0,0.0,1.1,0.583333,0.166667,-1.000417
Negative_F854,0,0.159091,0.022727,0.011364,0.170455,0.068182,0.056818,0.022727,0.056818,0.068182,0.022727,0.090909,0.034091,0.034091,0.022727,0.034091,88.0,-0.416081,6.784211,0.034091,0.022727,0.011364,0.034091,0.022727,-0.003409,0.409091,0.068182,0.567727
Negative_F1192,0,0.06,0.16,0.02,0.12,0.04,0.02,0.0,0.04,0.06,0.02,0.08,0.02,0.02,0.02,0.06,50.0,2.418393,8.482637,0.1,0.04,0.04,0.02,0.06,-0.602,0.24,0.1,1.721
Negative_F2231,0,0.076923,0.0,0.153846,0.076923,0.230769,0.153846,0.0,0.0,0.0,0.076923,0.0,0.076923,0.0,0.0,0.0,13.0,-0.369294,6.917726,0.0,0.0,0.153846,0.0,0.0,1.346154,0.615385,0.153846,-1.221538
Negative_F1709,0,0.111111,0.0,0.166667,0.111111,0.166667,0.166667,0.0,0.0,0.055556,0.0,0.111111,0.0,0.0,0.0,0.0,18.0,0.591574,8.757208,0.055556,0.0,0.055556,0.0,0.0,1.433333,0.611111,0.166667,-1.497222
Negative_F1434,0,0.0,0.146341,0.0,0.02439,0.02439,0.0,0.0,0.02439,0.04878,0.243902,0.02439,0.02439,0.0,0.0,0.04878,41.0,-2.587822,4.968888,0.02439,0.146341,0.0,0.02439,0.195122,-2.173171,0.073171,0.04878,5.19561
Negative_F108,0,0.0,0.0,0.0,0.157895,0.0,0.473684,0.0,0.0,0.0,0.0,0.0,0.0,0.0,0.0,0.0,19.0,6.539914,10.778421,0.368421,0.0,0.0,0.0,0.0,0.3,0.473684,0.0,-0.434211
Negative_F1001,0,0.181818,0.060606,0.090909,0.121212,0.060606,0.060606,0.030303,0.060606,0.0,0.0,0.090909,0.0,0.030303,0.0,0.0,33.0,4.493859,9.788896,0.181818,0.0,0.0,0.030303,0.0,0.272727,0.454545,0.090909,0.403333
Negative_F2445,0,0.142857,0.0,0.035714,0.071429,0.035714,0.071429,0.035714,0.107143,0.0,0.035714,0.071429,0.035714,0.142857,0.035714,0.0,28.0,2.598226,10.001706,0.142857,0.0,0.0,0.035714,0.0,0.132143,0.5,0.071429,0.644643
Negative_F2043,0,0.046875,0.09375,0.070312,0.15625,0.007812,0.03125,0.0,0.007812,0.148438,0.023438,0.054688,0.03125,0.054688,0.015625,0.03125,128.0,2.323942,8.294132,0.039062,0.078125,0.015625,0.039062,0.054688,-0.5125,0.257812,0.117188,1.609844
Negative_F1581,0,0.0,0.12,0.06,0.1,0.08,0.08,0.0,0.02,0.04,0.02,0.12,0.02,0.04,0.02,0.04,50.0,-1.862561,5.557569,0.04,0.06,0.02,0.06,0.06,-0.034,0.32,0.12,1.429
Negative_F1175,0,0.111111,0.111111,0.055556,0.055556,0.0,0.111111,0.111111,0.166667,0.055556,0.0,0.055556,0.0,0.0,0.0,0.0,18.0,2.50589,9.695868,0.055556,0.111111,0.0,0.0,0.0,-0.188889,0.388889,0.055556,1.892778
Negative_F1499,0,0.166667,0.083333,0.083333,0.041667,0.125,0.125,0.0,0.0,0.083333,0.0,0.0,0.041667,0.083333,0.0,0.0,24.0,3.498424,9.701283,0.166667,0.0,0.0,0.0,0.0,1.3,0.583333,0.083333,-1.230417
Negative_F1850,0,0.033333,0.033333,0.016667,0.083333,0.033333,0.05,0.016667,0.033333,0.116667,0.25,0.066667,0.033333,0.066667,0.0,0.016667,60.0,5.542838,11.610772,0.0,0.116667,0.016667,0.016667,0.0,-1.105,0.233333,0.033333,2.935167
Negative_F1682,0,0.032258,0.193548,0.0,0.096774,0.064516,0.064516,0.0,0.032258,0.064516,0.0,0.064516,0.064516,0.096774,0.0,0.064516,31.0,0.399472,7.76025,0.096774,0.0,0.0,0.032258,0.032258,0.445161,0.322581,0.064516,0.223548
Negative_F748,0,0.033333,0.2,0.033333,0.1,0.066667,0.033333,0.0,0.066667,0.066667,0.0,0.066667,0.066667,0.1,0.0,0.033333,30.0,1.404012,8.33378,0.066667,0.033333,0.0,0.0,0.033333,0.45,0.3,0.066667,0.534
Negative_F552,0,0.054054,0.162162,0.027027,0.189189,0.027027,0.027027,0.0,0.027027,0.081081,0.0,0.027027,0.027027,0.0,0.0,0.081081,37.0,4.510611,9.152012,0.027027,0.135135,0.081081,0.027027,0.0,-0.710811,0.216216,0.108108,2.302162
Negative_F104,0,0.0,0.171429,0.0,0.085714,0.0,0.114286,0.057143,0.028571,0.0,0.0,0.0,0.085714,0.028571,0.0,0.057143,35.0,7.438403,9.858521,0.057143,0.228571,0.028571,0.028571,0.028571,-0.72,0.257143,0.057143,3.610286
Negative_F2270,0,0.214286,0.0,0.0,0.071429,0.0,0.142857,0.035714,0.107143,0.0,0.035714,0.035714,0.035714,0.107143,0.035714,0.0,28.0,2.598226,10.001706,0.142857,0.0,0.0,0.035714,0.0,0.15,0.535714,0.035714,0.468929
Negative_F1256,0,0.103448,0.068966,0.034483,0.103448,0.034483,0.068966,0.034483,0.068966,0.0,0.0,0.0,0.103448,0.137931,0.0,0.0,29.0,2.499292,9.306801,0.137931,0.034483,0.0,0.068966,0.0,0.227586,0.413793,0.034483,0.982414
Negative_F791,0,0.076923,0.0,0.0,0.153846,0.076923,0.051282,0.0,0.076923,0.0,0.051282,0.051282,0.025641,0.076923,0.051282,0.025641,39.0,3.582815,10.161458,0.102564,0.076923,0.025641,0.076923,0.0,-0.74359,0.358974,0.076923,2.201026
Negative_F1407,0,0.08,0.0,0.0,0.16,0.08,0.16,0.04,0.0,0.08,0.0,0.12,0.04,0.08,0.0,0.0,25.0,1.550383,9.703024,0.12,0.0,0.0,0.04,0.0,0.6,0.44,0.0,-0.3676
Negative_F351,0,0.06,0.16,0.04,0.06,0.0,0.02,0.0,0.1,0.02,0.06,0.06,0.04,0.0,0.06,0.02,50.0,0.499609,7.734843,0.08,0.04,0.08,0.04,0.06,-1.174,0.2,0.12,2.7498
Negative_F1708,0,0.214286,0.0,0.0,0.071429,0.142857,0.142857,0.071429,0.071429,0.0,0.0,0.0,0.0,0.0,0.071429,0.0,14.0,2.549936,10.302064,0.214286,0.0,0.0,0.0,0.0,0.528571,0.642857,0.071429,-0.531429
Negative_F414,0,0.0,0.2,0.0,0.2,0.0,0.0,0.0,0.0,0.05,0.05,0.0,0.0,0.0,0.15,0.05,20.0,5.456783,10.663216,0.0,0.3,0.0,0.0,0.0,-1.385,0.2,0.2,3.9665
Negative_F921,0,0.047619,0.095238,0.0,0.285714,0.047619,0.238095,0.0,0.0,0.0,0.047619,0.095238,0.0,0.047619,0.0,0.0,21.0,1.503435,8.903745,0.095238,0.0,0.0,0.0,0.0,0.914286,0.380952,0.0,-0.958571
Negative_F2293,0,0.05,0.1,0.15,0.0,0.0,0.35,0.0,0.0,0.1,0.0,0.1,0.0,0.05,0.0,0.0,20.0,1.503435,8.903745,0.1,0.0,0.0,0.0,0.0,1.67,0.6,0.15,-1.6945
Negative_F565,0,0.026316,0.157895,0.105263,0.105263,0.052632,0.052632,0.0,0.0,0.052632,0.026316,0.078947,0.0,0.052632,0.026316,0.0,38.0,9.105957,11.634883,0.0,0.263158,0.0,0.0,0.0,-0.094737,0.315789,0.131579,2.886316
Negative_F987,0,0.107143,0.071429,0.0,0.107143,0.071429,0.142857,0.035714,0.035714,0.0,0.0,0.035714,0.035714,0.071429,0.0,0.0,28.0,3.49498,9.514389,0.214286,0.0,0.0,0.035714,0.035714,0.296429,0.428571,0.0,0.381429
Negative_F1807,0,0.0,0.363636,0.090909,0.136364,0.0,0.045455,0.045455,0.136364,0.0,0.0,0.0,0.0,0.045455,0.0,0.0,22.0,2.35639,8.528603,0.090909,0.045455,0.0,0.0,0.0,0.522727,0.227273,0.090909,0.709545
Negative_F1188,0,0.0,0.0,0.0,0.133333,0.2,0.266667,0.0,0.0,0.0,0.0,0.133333,0.066667,0.0,0.0,0.0,15.0,2.549936,10.302064,0.2,0.0,0.0,0.0,0.0,0.926667,0.466667,0.0,-0.686667
Negative_F1759,0,0.111111,0.0,0.055556,0.111111,0.166667,0.111111,0.055556,0.055556,0.055556,0.0,0.055556,0.0,0.111111,0.0,0.0,18.0,1.552442,10.002737,0.111111,0.0,0.0,0.0,0.0,1.294444,0.611111,0.055556,-1.242778
Negative_F1849,0,0.058824,0.0,0.176471,0.117647,0.117647,0.176471,0.0,0.0,0.058824,0.0,0.176471,0.0,0.058824,0.0,0.0,17.0,0.554947,8.750052,0.058824,0.0,0.0,0.0,0.0,1.535294,0.588235,0.176471,-1.501176
Negative_F2209,0,0.0625,0.1875,0.0625,0.0625,0.0625,0.0625,0.0,0.0,0.0625,0.0,0.0,0.125,0.0,0.0625,0.0,16.0,3.129821,9.612832,0.125,0.125,0.0,0.0,0.0,-0.04375,0.3125,0.125,1.52125
Negative_F1369,0,0.061224,0.122449,0.0,0.081633,0.040816,0.020408,0.040816,0.040816,0.020408,0.061224,0.061224,0.081633,0.040816,0.040816,0.081633,49.0,-1.438782,6.271637,0.020408,0.040816,0.061224,0.040816,0.040816,-0.489796,0.326531,0.122449,1.679592
Negative_F1765,0,0.055118,0.062992,0.03937,0.03937,0.047244,0.03937,0.015748,0.070866,0.062992,0.070866,0.062992,0.062992,0.055118,0.007874,0.03937,127.0,4.661865,8.811297,0.07874,0.03937,0.070866,0.031496,0.047244,-0.761417,0.299213,0.086614,2.15685
Negative_F1223,0,0.185185,0.0,0.037037,0.185185,0.037037,0.222222,0.0,0.074074,0.0,0.0,0.037037,0.0,0.074074,0.0,0.0,27.0,1.550383,9.703024,0.111111,0.0,0.0,0.037037,0.0,0.833333,0.555556,0.037037,-0.637037
Negative_F1145,0,0.0,0.0,0.0,0.0,0.05,0.05,0.0,0.1,0.35,0.0,0.0,0.0,0.05,0.0,0.1,20.0,3.51598,10.931533,0.05,0.2,0.0,0.05,0.0,-1.685,0.25,0.1,3.6815
Negative_F1503,0,0.071429,0.142857,0.047619,0.238095,0.0,0.047619,0.0,0.0,0.071429,0.02381,0.047619,0.071429,0.0,0.02381,0.071429,42.0,-0.522314,6.867594,0.0,0.047619,0.047619,0.02381,0.02381,-0.228571,0.261905,0.142857,0.821905
Negative_F1507,0,0.031746,0.126984,0.015873,0.031746,0.047619,0.079365,0.031746,0.031746,0.15873,0.031746,0.047619,0.063492,0.031746,0.0,0.031746,63.0,0.350378,7.681699,0.079365,0.047619,0.0,0.079365,0.031746,-0.396825,0.269841,0.047619,1.650635
Negative_F2089,0,0.103175,0.0,0.015873,0.055556,0.047619,0.047619,0.02381,0.02381,0.047619,0.02381,0.111111,0.063492,0.071429,0.0,0.039683,126.0,17.341112,10.314571,0.15873,0.063492,0.02381,0.02381,0.055556,-0.738095,0.349206,0.055556,2.262302
Negative_F1970,0,0.052632,0.0,0.0,0.105263,0.052632,0.052632,0.0,0.0,0.157895,0.0,0.0,0.052632,0.157895,0.0,0.105263,19.0,4.592744,10.295359,0.210526,0.052632,0.0,0.0,0.0,-0.331579,0.421053,0.105263,0.753684
Negative_F210,0,0.111111,0.0,0.111111,0.111111,0.055556,0.055556,0.0,0.055556,0.0,0.0,0.0,0.111111,0.222222,0.0,0.0,18.0,0.552888,8.590944,0.111111,0.0,0.0,0.055556,0.0,0.961111,0.555556,0.111111,-0.325556
Negative_F234,0,0.047619,0.142857,0.047619,0.047619,0.0,0.0,0.0,0.095238,0.095238,0.0,0.142857,0.095238,0.0,0.0,0.0,21.0,0.168714,7.672661,0.095238,0.047619,0.047619,0.0,0.095238,-1.180952,0.095238,0.047619,3.016667
Negative_F1912,0,0.105263,0.0,0.105263,0.0,0.210526,0.210526,0.0,0.0,0.105263,0.0,0.157895,0.0,0.0,0.0,0.0,19.0,1.552442,10.002737,0.105263,0.0,0.0,0.0,0.0,1.526316,0.631579,0.105263,-1.454737
Negative_F2352,0,0.037975,0.151899,0.012658,0.075949,0.025316,0.050633,0.0,0.050633,0.177215,0.012658,0.075949,0.025316,0.037975,0.0,0.063291,79.0,1.438742,8.0409,0.063291,0.025316,0.050633,0.037975,0.025316,-0.491139,0.227848,0.075949,1.307595
Negative_F2159,0,0.0,0.0,0.023256,0.0,0.046512,0.046512,0.023256,0.046512,0.046512,0.046512,0.139535,0.139535,0.023256,0.0,0.0,43.0,-2.726646,4.927225,0.186047,0.0,0.0,0.093023,0.139535,-1.555814,0.162791,0.023256,3.517907
Negative_F180,0,0.0,0.222222,0.055556,0.222222,0.055556,0.055556,0.0,0.0,0.0,0.0,0.0,0.0,0.055556,0.055556,0.055556,18.0,3.456833,9.374364,0.0,0.222222,0.0,0.0,0.0,0.194444,0.333333,0.166667,1.763889
Negative_F22,0,0.092784,0.072165,0.072165,0.082474,0.051546,0.030928,0.0,0.134021,0.082474,0.010309,0.020619,0.092784,0.030928,0.0,0.020619,97.0,2.466229,8.584626,0.020619,0.092784,0.010309,0.082474,0.0,-0.569072,0.298969,0.092784,2.440825
Negative_F371,0,0.125,0.083333,0.041667,0.041667,0.041667,0.208333,0.083333,0.0,0.083333,0.0,0.041667,0.041667,0.083333,0.0,0.0,24.0,2.500929,9.390159,0.125,0.0,0.0,0.0,0.0,1.3375,0.583333,0.041667,-1.31625
Negative_F597,0,0.1875,0.0,0.041667,0.0625,0.041667,0.145833,0.020833,0.041667,0.020833,0.0625,0.041667,0.0,0.041667,0.0,0.0,48.0,9.536394,11.263739,0.1875,0.0625,0.0,0.020833,0.020833,-0.204167,0.479167,0.041667,1.399167
Negative_F1965,0,0.090909,0.0,0.0,0.045455,0.0,0.318182,0.045455,0.0,0.136364,0.0,0.0,0.090909,0.045455,0.045455,0.0,22.0,0.640538,8.641229,0.090909,0.0,0.045455,0.0,0.045455,0.65,0.545455,0.045455,-0.909545
Negative_F1866,0,0.0,0.0,0.0,0.153846,0.307692,0.153846,0.0,0.0,0.0,0.0,0.0,0.0,0.0,0.076923,0.0,13.0,-0.445991,6.069006,0.153846,0.0,0.0,0.076923,0.076923,0.7,0.538462,0.076923,-0.546154
Negative_F5,0,0.117647,0.0,0.088235,0.058824,0.147059,0.058824,0.0,0.088235,0.058824,0.029412,0.0,0.0,0.088235,0.0,0.0,34.0,-0.447111,6.731465,0.117647,0.0,0.029412,0.058824,0.058824,0.220588,0.5,0.088235,0.551765
Negative_F1820,0,0.15,0.0,0.0,0.125,0.1,0.05,0.0,0.025,0.0,0.1,0.0,0.1,0.075,0.025,0.0,40.0,4.583068,10.56503,0.125,0.05,0.025,0.025,0.025,-0.3225,0.4,0.025,1.43325
Negative_F1936,0,0.034483,0.068966,0.0,0.034483,0.068966,0.034483,0.057471,0.034483,0.045977,0.057471,0.045977,0.057471,0.103448,0.011494,0.011494,87.0,11.562388,9.840406,0.149425,0.057471,0.057471,0.045977,0.022989,-0.558621,0.321839,0.022989,2.093218
Negative_F1461,0,0.073826,0.040268,0.026846,0.09396,0.020134,0.067114,0.020134,0.067114,0.04698,0.013423,0.161074,0.020134,0.04698,0.040268,0.060403,149.0,2.485138,8.526153,0.060403,0.040268,0.020134,0.033557,0.04698,-0.525503,0.355705,0.127517,1.656577
Negative_F1472,0,0.073529,0.058824,0.029412,0.0,0.058824,0.117647,0.0,0.102941,0.058824,0.044118,0.044118,0.014706,0.073529,0.014706,0.029412,68.0,8.51132,9.897783,0.117647,0.073529,0.029412,0.014706,0.044118,-0.413235,0.397059,0.073529,1.94
Negative_F1191,0,0.0,0.170213,0.042553,0.085106,0.021277,0.06383,0.0,0.12766,0.042553,0.0,0.042553,0.06383,0.0,0.021277,0.0,47.0,2.430617,8.521383,0.06383,0.106383,0.042553,0.06383,0.042553,-1.0,0.148936,0.06383,3.249574
Negative_F1702,0,0.0,0.1,0.0,0.1,0.2,0.1,0.0,0.0,0.05,0.0,0.05,0.2,0.1,0.0,0.0,20.0,1.154374,8.883373,0.1,0.0,0.0,0.0,0.0,1.26,0.4,0.0,-0.863
Negative_F4,0,0.061224,0.163265,0.040816,0.102041,0.0,0.040816,0.0,0.102041,0.0,0.020408,0.040816,0.081633,0.0,0.061224,0.020408,49.0,1.464342,8.210194,0.061224,0.061224,0.061224,0.040816,0.040816,-0.84898,0.22449,0.122449,2.433673
Negative_F1772,0,0.2,0.066667,0.022222,0.088889,0.066667,0.022222,0.022222,0.022222,0.022222,0.0,0.177778,0.044444,0.111111,0.0,0.022222,45.0,0.477968,7.940523,0.044444,0.022222,0.0,0.022222,0.022222,0.702222,0.466667,0.044444,0.257111
Negative_F1539,0,0.026316,0.157895,0.052632,0.131579,0.052632,0.0,0.0,0.052632,0.026316,0.0,0.105263,0.026316,0.105263,0.026316,0.0,38.0,4.394461,9.079743,0.184211,0.0,0.0,0.026316,0.026316,-0.039474,0.263158,0.078947,0.930263
Negative_F168,0,0.117647,0.088235,0.029412,0.088235,0.029412,0.058824,0.0,0.029412,0.029412,0.058824,0.058824,0.117647,0.058824,0.0,0.0,34.0,7.119799,10.331333,0.176471,0.058824,0.0,0.0,0.0,-0.355882,0.294118,0.029412,1.712353
Negative_F1997,0,0.0,0.076923,0.0,0.153846,0.0,0.153846,0.0,0.0,0.076923,0.0,0.0,0.0,0.153846,0.0,0.153846,13.0,1.562034,9.196496,0.076923,0.076923,0.076923,0.0,0.0,0.146154,0.461538,0.153846,0.333077
Negative_F24,0,0.0,0.0,0.0,0.384615,0.0,0.0,0.0,0.0,0.0,0.076923,0.076923,0.0,0.153846,0.0,0.0,13.0,-0.296041,7.097735,0.0,0.0,0.307692,0.0,0.0,-0.823077,0.153846,0.0,1.138462
Negative_F1663,0,0.064516,0.064516,0.064516,0.096774,0.096774,0.096774,0.0,0.096774,0.0,0.032258,0.032258,0.032258,0.032258,0.032258,0.0,31.0,3.198197,9.842856,0.096774,0.096774,0.0,0.032258,0.032258,-0.209677,0.387097,0.096774,1.855484
Negative_F1858,0,0.071429,0.0,0.0,0.0,0.071429,0.214286,0.0,0.0,0.0,0.0,0.142857,0.0,0.142857,0.0,0.071429,14.0,3.547405,10.461623,0.214286,0.071429,0.0,0.0,0.0,0.5,0.571429,0.071429,0.638571
Negative_F1230,0,0.135135,0.0,0.027027,0.108108,0.108108,0.0,0.0,0.027027,0.027027,0.027027,0.0,0.027027,0.189189,0.027027,0.0,37.0,6.543911,11.166005,0.162162,0.081081,0.0,0.027027,0.027027,0.094595,0.486486,0.054054,1.142162
Negative_F2353,0,0.025316,0.151899,0.012658,0.037975,0.025316,0.075949,0.0,0.037975,0.113924,0.025316,0.025316,0.025316,0.037975,0.0,0.063291,79.0,0.806807,7.837631,0.088608,0.050633,0.075949,0.063291,0.063291,-0.775949,0.240506,0.075949,2.171139
Negative_F967,0,0.02439,0.146341,0.04878,0.146341,0.0,0.0,0.0,0.04878,0.04878,0.0,0.04878,0.073171,0.02439,0.0,0.121951,41.0,-3.598854,4.441138,0.02439,0.073171,0.0,0.073171,0.097561,-0.929268,0.219512,0.170732,2.611463
Negative_F1355,0,0.125,0.083333,0.083333,0.083333,0.208333,0.083333,0.0,0.0,0.083333,0.0,0.0,0.041667,0.041667,0.0,0.0,24.0,3.498424,9.701283,0.166667,0.0,0.0,0.0,0.0,1.25,0.541667,0.083333,-1.230833
Negative_F2442,0,0.0,0.095238,0.071429,0.071429,0.119048,0.0,0.0,0.095238,0.02381,0.02381,0.095238,0.047619,0.02381,0.02381,0.02381,42.0,6.486786,10.097764,0.071429,0.142857,0.02381,0.047619,0.0,-0.735714,0.261905,0.119048,3.128571
Negative_F1155,0,0.0,0.0,0.071429,0.0,0.142857,0.071429,0.0,0.142857,0.0,0.0,0.0,0.0,0.142857,0.071429,0.0,14.0,2.548551,10.001383,0.285714,0.0,0.0,0.0,0.071429,-0.214286,0.5,0.142857,1.01
Negative_F244,0,0.0,0.181818,0.090909,0.0,0.181818,0.0,0.090909,0.0,0.181818,0.0,0.0,0.090909,0.0,0.0,0.090909,11.0,0.505915,8.058242,0.0,0.090909,0.0,0.0,0.0,0.818182,0.454545,0.181818,-0.009091
Negative_F483,0,0.173913,0.043478,0.0,0.130435,0.0,0.130435,0.0,0.0,0.0,0.0,0.086957,0.0,0.086957,0.043478,0.086957,23.0,2.523323,9.626822,0.086957,0.086957,0.0,0.043478,0.0,0.126087,0.521739,0.130435,0.879565
Negative_F1158,0,0.117647,0.0,0.0,0.058824,0.176471,0.117647,0.0,0.058824,0.0,0.0,0.058824,0.0,0.058824,0.058824,0.0,17.0,2.548551,10.001383,0.235294,0.0,0.0,0.0,0.058824,0.247059,0.529412,0.058824,0.207059
Negative_F2217,0,0.0,0.125,0.083333,0.083333,0.041667,0.083333,0.041667,0.125,0.0,0.041667,0.041667,0.125,0.041667,0.041667,0.0,24.0,-0.480816,6.722313,0.041667,0.0,0.041667,0.0,0.041667,0.0875,0.333333,0.125,0.767917
Negative_F1408,0,0.083333,0.0,0.0,0.25,0.083333,0.416667,0.0,0.0,0.0,0.0,0.083333,0.0,0.0,0.0,0.0,12.0,-1.442101,4.050028,0.0,0.0,0.0,0.083333,0.0,1.65,0.583333,0.0,-1.835833
Negative_F1823,0,0.2,0.0,0.0,0.125,0.125,0.025,0.0,0.025,0.0,0.1,0.025,0.05,0.05,0.025,0.0,40.0,4.585549,11.06898,0.1,0.075,0.025,0.025,0.025,-0.32,0.425,0.025,1.6345
Negative_F1271,0,0.055556,0.055556,0.027778,0.111111,0.083333,0.083333,0.0,0.055556,0.027778,0.0,0.055556,0.027778,0.111111,0.027778,0.0,36.0,3.497494,9.513422,0.166667,0.027778,0.0,0.055556,0.027778,0.036111,0.388889,0.055556,0.949722
Negative_F1828,0,0.183333,0.0,0.016667,0.116667,0.066667,0.016667,0.0,0.05,0.0,0.016667,0.033333,0.05,0.15,0.0,0.0,60.0,4.724324,9.998676,0.133333,0.016667,0.083333,0.016667,0.05,-0.066667,0.433333,0.016667,1.021833
Negative_F955,0,0.139535,0.139535,0.046512,0.116279,0.046512,0.093023,0.0,0.023256,0.0,0.0,0.069767,0.023256,0.046512,0.0,0.0,43.0,2.44944,8.700798,0.023256,0.116279,0.046512,0.023256,0.046512,0.281395,0.372093,0.046512,1.49814
Negative_F1640,0,0.216216,0.054054,0.108108,0.135135,0.027027,0.108108,0.0,0.054054,0.0,0.027027,0.027027,0.0,0.0,0.0,0.0,37.0,3.532281,9.514454,0.162162,0.0,0.027027,0.0,0.054054,0.091892,0.459459,0.108108,0.42
Negative_F192,0,0.042553,0.170213,0.0,0.042553,0.085106,0.021277,0.0,0.06383,0.06383,0.0,0.085106,0.085106,0.021277,0.021277,0.042553,47.0,5.3458,9.064142,0.106383,0.085106,0.0,0.042553,0.021277,-0.510638,0.234043,0.06383,2.320213
Negative_F1585,0,0.0,0.0,0.071429,0.214286,0.142857,0.142857,0.0,0.0,0.0,0.0,0.071429,0.0,0.071429,0.071429,0.0,14.0,0.553562,8.591073,0.142857,0.0,0.0,0.0,0.071429,0.671429,0.5,0.142857,-0.752857
Negative_F2107,0,0.034483,0.068966,0.034483,0.172414,0.103448,0.137931,0.0,0.0,0.0,0.0,0.034483,0.068966,0.034483,0.034483,0.0,29.0,3.49746,9.594137,0.172414,0.034483,0.0,0.034483,0.034483,0.22069,0.37931,0.068966,0.478621
Negative_F673,0,0.0,0.0,0.153846,0.076923,0.153846,0.307692,0.0,0.0,0.076923,0.0,0.076923,0.0,0.0,0.0,0.0,13.0,1.552442,10.002737,0.153846,0.0,0.0,0.0,0.0,1.476923,0.615385,0.153846,-1.686154
Negative_F958,0,0.15,0.15,0.025,0.125,0.025,0.05,0.0,0.05,0.0,0.0,0.1,0.025,0.075,0.0,0.05,40.0,3.490238,8.941717,0.025,0.1,0.025,0.025,0.0,0.23,0.375,0.075,1.381
Negative_F681,0,0.0,0.0,0.0,0.09375,0.03125,0.0625,0.0,0.0,0.03125,0.09375,0.15625,0.03125,0.0625,0.0625,0.03125,32.0,3.588451,10.878153,0.0625,0.15625,0.03125,0.0625,0.03125,-1.39375,0.25,0.09375,3.769375
Negative_F2327,0,0.156863,0.0,0.039216,0.078431,0.078431,0.137255,0.019608,0.039216,0.078431,0.039216,0.058824,0.058824,0.058824,0.0,0.0,51.0,-1.677232,5.510222,0.019608,0.039216,0.019608,0.019608,0.058824,0.441176,0.490196,0.039216,0.366275
Negative_F2194,0,0.0,0.0,0.15,0.05,0.0,0.15,0.0,0.0,0.0,0.0,0.05,0.05,0.05,0.0,0.05,20.0,5.625413,11.999968,0.1,0.2,0.15,0.0,0.0,-0.73,0.4,0.2,3.1095
Negative_F489,0,0.116667,0.0,0.05,0.016667,0.016667,0.083333,0.033333,0.016667,0.033333,0.083333,0.033333,0.016667,0.016667,0.0,0.016667,60.0,-11.353431,4.290855,0.083333,0.05,0.016667,0.1,0.216667,-1.306667,0.333333,0.066667,3.351
Negative_F1411,0,0.111111,0.0,0.055556,0.111111,0.111111,0.111111,0.0,0.0,0.055556,0.0,0.111111,0.0,0.166667,0.0,0.0,18.0,0.552888,8.590944,0.111111,0.0,0.0,0.055556,0.0,1.127778,0.555556,0.055556,-0.758889
Negative_F1734,0,0.0,0.0,0.0,0.0,0.142857,0.071429,0.0,0.0,0.0,0.0,0.071429,0.0,0.071429,0.0,0.142857,14.0,4.506033,10.122133,0.357143,0.071429,0.0,0.071429,0.0,-0.992857,0.428571,0.142857,2.590714
Negative_F560,0,0.0,0.333333,0.111111,0.111111,0.111111,0.0,0.0,0.0,0.0,0.0,0.0,0.111111,0.0,0.0,0.0,18.0,3.410332,9.007539,0.0,0.222222,0.0,0.0,0.0,0.522222,0.222222,0.111111,2.192222
Negative_F1160,0,0.117647,0.0,0.0,0.058824,0.176471,0.117647,0.0,0.058824,0.0,0.058824,0.058824,0.0,0.058824,0.058824,0.0,17.0,1.551057,9.703024,0.176471,0.0,0.0,0.0,0.058824,0.270588,0.529412,0.058824,0.206471
Negative_F1599,0,0.220339,0.169492,0.016949,0.101695,0.033898,0.101695,0.0,0.0,0.016949,0.0,0.033898,0.0,0.084746,0.0,0.0,59.0,-0.586648,6.940405,0.084746,0.0,0.050847,0.050847,0.033898,0.877966,0.457627,0.016949,-0.274576
Negative_F1351,0,0.0,0.052632,0.105263,0.052632,0.105263,0.0,0.0,0.0,0.105263,0.052632,0.052632,0.105263,0.0,0.105263,0.0,19.0,2.528621,9.787026,0.157895,0.052632,0.0,0.0,0.052632,-0.721053,0.315789,0.210526,1.567368
Negative_F1783,0,0.0,0.32,0.04,0.08,0.0,0.08,0.0,0.08,0.0,0.04,0.08,0.0,0.0,0.0,0.08,25.0,3.38798,8.741994,0.08,0.08,0.04,0.0,0.0,-0.204,0.2,0.12,1.8624
Negative_F720,0,0.085106,0.212766,0.021277,0.021277,0.042553,0.042553,0.0,0.021277,0.042553,0.0,0.06383,0.06383,0.042553,0.021277,0.0,47.0,5.382435,8.904389,0.170213,0.042553,0.021277,0.042553,0.042553,-0.210638,0.255319,0.042553,1.711915
Negative_F379,0,0.105263,0.157895,0.026316,0.157895,0.052632,0.0,0.0,0.078947,0.052632,0.052632,0.105263,0.0,0.026316,0.0,0.078947,38.0,3.448204,8.904905,0.052632,0.052632,0.0,0.0,0.0,-0.231579,0.289474,0.105263,1.277368
Negative_F1816,0,0.105263,0.0,0.105263,0.052632,0.157895,0.157895,0.0,0.052632,0.052632,0.0,0.157895,0.0,0.105263,0.0,0.0,19.0,0.557428,9.750021,0.0,0.052632,0.0,0.0,0.0,1.584211,0.631579,0.105263,-0.861053
Negative_F1322,0,0.151515,0.060606,0.030303,0.060606,0.030303,0.151515,0.030303,0.0,0.0,0.030303,0.121212,0.121212,0.0,0.0,0.0,33.0,2.497485,9.243171,0.151515,0.0,0.0,0.030303,0.030303,0.163636,0.393939,0.030303,0.738182
Negative_F994,0,0.107143,0.071429,0.0,0.107143,0.071429,0.107143,0.035714,0.0,0.0,0.0,0.035714,0.107143,0.071429,0.035714,0.0,28.0,2.496811,9.243171,0.178571,0.0,0.0,0.071429,0.0,0.342857,0.428571,0.035714,0.290357
Negative_F2374,0,0.1,0.0,0.0,0.08,0.1,0.08,0.02,0.1,0.04,0.04,0.08,0.0,0.1,0.04,0.02,50.0,5.338543,10.221994,0.14,0.0,0.04,0.02,0.0,-0.064,0.46,0.06,0.6122
Negative_F444,0,0.166667,0.0,0.047619,0.095238,0.119048,0.02381,0.0,0.02381,0.047619,0.0,0.047619,0.02381,0.047619,0.0,0.02381,42.0,9.603566,10.642328,0.238095,0.02381,0.047619,0.02381,0.0,-0.295238,0.428571,0.071429,1.062381
Negative_F960,0,0.130435,0.130435,0.0,0.130435,0.021739,0.130435,0.021739,0.0,0.021739,0.0,0.021739,0.043478,0.086957,0.021739,0.021739,46.0,-0.473266,6.911701,0.086957,0.0,0.043478,0.043478,0.043478,0.595652,0.434783,0.043478,-0.178261
Negative_F6,0,0.0,0.0,0.0,0.055556,0.111111,0.0,0.0,0.111111,0.333333,0.055556,0.0,0.0,0.055556,0.0,0.055556,18.0,2.591498,11.711343,0.0,0.166667,0.055556,0.0,0.0,-1.405556,0.222222,0.055556,2.975556
Negative_F1085,0,0.016667,0.133333,0.0,0.083333,0.033333,0.05,0.0,0.016667,0.033333,0.05,0.083333,0.083333,0.016667,0.083333,0.016667,60.0,5.346632,9.047638,0.116667,0.083333,0.0,0.033333,0.066667,-0.948333,0.216667,0.1,2.572333
Negative_F1552,0,0.075472,0.0,0.0,0.301887,0.018868,0.0,0.018868,0.018868,0.037736,0.0,0.188679,0.018868,0.0,0.0,0.0,53.0,12.548047,11.999968,0.075472,0.207547,0.0,0.037736,0.0,-1.515094,0.113208,0.0,4.102264
Negative_F1917,0,0.04,0.12,0.08,0.08,0.12,0.12,0.0,0.0,0.08,0.0,0.04,0.08,0.12,0.0,0.0,25.0,0.482533,7.957929,0.04,0.04,0.0,0.0,0.04,1.372,0.48,0.08,-0.7724
Negative_F1635,0,0.1875,0.125,0.0,0.0,0.0625,0.0,0.0625,0.0625,0.0625,0.0,0.0,0.1875,0.0625,0.0625,0.0,16.0,0.545047,8.081644,0.0,0.0625,0.0625,0.0,0.0,0.325,0.4375,0.0625,0.76875
Negative_F823,0,0.088235,0.058824,0.029412,0.088235,0.058824,0.088235,0.058824,0.058824,0.029412,0.029412,0.029412,0.029412,0.0,0.058824,0.058824,34.0,3.218079,9.391641,0.176471,0.0,0.0,0.0,0.058824,-0.358824,0.441176,0.147059,0.712941
Negative_F1913,0,0.08,0.0,0.08,0.16,0.04,0.12,0.04,0.04,0.04,0.0,0.16,0.0,0.04,0.04,0.0,25.0,3.54743,10.47774,0.16,0.0,0.0,0.0,0.0,0.192,0.44,0.12,0.028
Negative_F1610,0,0.095238,0.0,0.0,0.0,0.095238,0.142857,0.047619,0.047619,0.047619,0.047619,0.047619,0.0,0.047619,0.0,0.047619,21.0,4.543515,10.29523,0.238095,0.047619,0.0,0.0,0.047619,-0.385714,0.47619,0.047619,1.456667
Negative_F1349,0,0.0,0.0,0.153846,0.153846,0.076923,0.307692,0.0,0.0,0.076923,0.0,0.076923,0.0,0.076923,0.0,0.0,13.0,0.554947,8.750052,0.076923,0.0,0.0,0.0,0.0,1.723077,0.615385,0.153846,-2.117692
Negative_F696,0,0.033333,0.2,0.033333,0.233333,0.0,0.0,0.033333,0.0,0.066667,0.066667,0.066667,0.0,0.033333,0.0,0.066667,30.0,2.454311,8.678428,0.033333,0.1,0.0,0.0,0.033333,-0.413333,0.2,0.1,1.661333
Negative_F1845,0,0.05,0.0,0.1,0.05,0.1,0.25,0.0,0.0,0.1,0.05,0.15,0.05,0.05,0.0,0.0,20.0,0.554947,8.750052,0.05,0.0,0.0,0.0,0.0,1.275,0.55,0.1,-1.1665
Negative_F2199,0,0.058824,0.058824,0.0,0.058824,0.0,0.0,0.0,0.0,0.0,0.058824,0.0,0.058824,0.058824,0.235294,0.058824,17.0,5.527813,11.834864,0.058824,0.294118,0.0,0.0,0.0,-1.611765,0.411765,0.294118,4.177059
Negative_F1976,0,0.076923,0.0,0.076923,0.076923,0.0,0.153846,0.0,0.076923,0.0,0.0,0.230769,0.076923,0.0,0.076923,0.0,13.0,1.250698,11.000192,0.076923,0.076923,0.0,0.0,0.0,-0.315385,0.384615,0.153846,1.690769
Negative_F600,0,0.108108,0.0,0.081081,0.108108,0.054054,0.081081,0.0,0.027027,0.0,0.054054,0.081081,0.0,0.054054,0.0,0.0,37.0,6.539372,10.461301,0.216216,0.054054,0.0,0.054054,0.027027,-0.562162,0.378378,0.081081,1.994324
Negative_F1518,0,0.047619,0.0,0.095238,0.142857,0.095238,0.190476,0.0,0.0,0.0,0.0,0.047619,0.0,0.047619,0.0,0.0,21.0,-1.293904,6.425216,0.0,0.047619,0.190476,0.095238,0.0,0.452381,0.47619,0.095238,0.488095
Negative_F2444,0,0.055556,0.111111,0.027778,0.027778,0.055556,0.055556,0.0,0.083333,0.055556,0.083333,0.055556,0.055556,0.055556,0.0,0.027778,36.0,6.502568,10.335072,0.055556,0.166667,0.0,0.027778,0.0,-0.716667,0.277778,0.055556,3.265
Negative_F1956,0,0.052632,0.157895,0.078947,0.184211,0.026316,0.026316,0.0,0.026316,0.026316,0.052632,0.052632,0.052632,0.0,0.0,0.052632,38.0,5.476043,9.42697,0.026316,0.131579,0.052632,0.0,0.0,-0.473684,0.236842,0.131579,2.177632
Negative_F2072,0,0.0,0.166667,0.0,0.041667,0.041667,0.041667,0.0,0.041667,0.125,0.083333,0.0,0.0,0.041667,0.0,0.083333,24.0,5.454699,10.14908,0.0,0.291667,0.0,0.041667,0.0,-1.283333,0.208333,0.083333,4.634167
Negative_F2256,0,0.076923,0.0,0.051282,0.102564,0.025641,0.025641,0.0,0.0,0.025641,0.025641,0.025641,0.051282,0.179487,0.025641,0.0,39.0,7.582282,11.493117,0.153846,0.128205,0.025641,0.0,0.076923,-0.530769,0.384615,0.076923,2.345385
Negative_F2399,0,0.0,0.0,0.086957,0.086957,0.0,0.130435,0.043478,0.043478,0.0,0.0,0.043478,0.0,0.086957,0.0,0.086957,23.0,3.583718,10.161458,0.130435,0.130435,0.043478,0.0,0.086957,-0.686957,0.434783,0.173913,2.477391
Negative_F2191,0,0.0,0.0,0.052632,0.0,0.052632,0.052632,0.0,0.052632,0.052632,0.0,0.105263,0.052632,0.157895,0.105263,0.0,19.0,5.549861,11.999968,0.157895,0.157895,0.0,0.0,0.0,-0.563158,0.421053,0.157895,2.516842
Negative_F1247,0,0.027027,0.0,0.054054,0.108108,0.135135,0.081081,0.0,0.027027,0.027027,0.189189,0.027027,0.0,0.027027,0.0,0.0,37.0,2.553644,10.256678,0.081081,0.108108,0.0,0.027027,0.081081,-0.816216,0.324324,0.054054,2.685676
Negative_F1492,0,0.045455,0.0,0.181818,0.090909,0.090909,0.090909,0.045455,0.045455,0.0,0.045455,0.0,0.045455,0.045455,0.0,0.0,22.0,1.275759,9.524575,0.181818,0.0,0.0,0.090909,0.0,0.209091,0.5,0.181818,0.577727
Negative_F1304,0,0.021739,0.043478,0.065217,0.195652,0.130435,0.043478,0.021739,0.021739,0.0,0.0,0.021739,0.0,0.152174,0.0,0.0,46.0,5.527016,9.835764,0.173913,0.021739,0.021739,0.043478,0.021739,0.517391,0.434783,0.065217,0.141522
Negative_F25,0,0.08,0.08,0.08,0.04,0.04,0.04,0.04,0.0,0.04,0.04,0.04,0.04,0.04,0.08,0.0,25.0,7.500804,11.840344,0.12,0.2,0.0,0.0,0.0,-0.576,0.4,0.16,2.7516
Negative_F2145,0,0.146341,0.0,0.04878,0.02439,0.02439,0.073171,0.02439,0.0,0.02439,0.097561,0.02439,0.146341,0.0,0.02439,0.04878,41.0,-1.414929,5.647034,0.097561,0.02439,0.02439,0.02439,0.121951,-0.843902,0.390244,0.121951,2.04122
Negative_F2210,0,0.0,0.0,0.0,0.105263,0.157895,0.210526,0.052632,0.0,0.0,0.0,0.105263,0.0,0.052632,0.052632,0.0,19.0,3.589018,11.999968,0.105263,0.105263,0.052632,0.0,0.0,0.605263,0.526316,0.052632,0.387368
Negative_F705,0,0.224138,0.0,0.051724,0.103448,0.137931,0.034483,0.017241,0.017241,0.034483,0.034483,0.034483,0.068966,0.086207,0.051724,0.034483,58.0,-2.44805,4.050028,0.017241,0.0,0.0,0.034483,0.017241,1.001724,0.637931,0.137931,-0.896034
Negative_F2415,0,0.0,0.2,0.0,0.0,0.0,0.1,0.0,0.0,0.0,0.0,0.15,0.1,0.1,0.1,0.0,20.0,-3.540606,4.050028,0.05,0.0,0.0,0.15,0.05,0.125,0.3,0.1,1.308
Negative_F2118,0,0.148148,0.074074,0.074074,0.111111,0.111111,0.037037,0.0,0.074074,0.037037,0.037037,0.074074,0.0,0.0,0.037037,0.0,27.0,1.545444,9.023334,0.0,0.111111,0.037037,0.037037,0.0,-0.033333,0.407407,0.111111,1.598889
Negative_F1143,0,0.0,0.09375,0.03125,0.09375,0.0625,0.03125,0.03125,0.09375,0.0,0.0,0.09375,0.15625,0.15625,0.0,0.03125,32.0,1.477522,8.655864,0.0625,0.03125,0.0,0.0,0.03125,0.353125,0.34375,0.0625,0.905937
Negative_F794,0,0.06383,0.0,0.06383,0.085106,0.06383,0.042553,0.0,0.042553,0.021277,0.021277,0.106383,0.021277,0.085106,0.06383,0.085106,47.0,2.585181,9.401376,0.12766,0.021277,0.0,0.06383,0.021277,-0.351064,0.468085,0.212766,1.154468
Negative_F849,0,0.208333,0.0,0.083333,0.125,0.083333,0.041667,0.0,0.041667,0.0,0.0,0.0,0.041667,0.125,0.0,0.0,24.0,2.586984,10.289686,0.125,0.041667,0.041667,0.041667,0.0,0.4875,0.541667,0.083333,0.39375
Negative_F1961,0,0.038462,0.0,0.153846,0.0,0.038462,0.192308,0.0,0.0,0.115385,0.0,0.076923,0.0,0.115385,0.038462,0.076923,26.0,2.925427,9.835635,0.115385,0.0,0.038462,0.0,0.0,0.934615,0.653846,0.269231,-1.127308
Negative_F114,0,0.078431,0.156863,0.019608,0.078431,0.039216,0.0,0.0,0.039216,0.019608,0.019608,0.039216,0.039216,0.019608,0.0,0.117647,51.0,8.36911,9.268765,0.235294,0.019608,0.0,0.058824,0.019608,-0.913725,0.27451,0.137255,2.117451
Negative_F1047,0,0.08,0.16,0.04,0.1,0.0,0.02,0.02,0.02,0.0,0.04,0.06,0.06,0.02,0.04,0.02,50.0,-0.393597,7.087049,0.1,0.02,0.08,0.06,0.06,-0.704,0.24,0.1,1.9912
Negative_F1193,0,0.117647,0.0,0.058824,0.235294,0.0,0.294118,0.0,0.058824,0.0,0.0,0.058824,0.0,0.058824,0.0,0.0,17.0,1.554922,11.000837,0.058824,0.058824,0.0,0.0,0.0,0.9,0.529412,0.058824,-0.499412
Negative_F1946,0,0.0,0.115385,0.115385,0.076923,0.038462,0.038462,0.038462,0.076923,0.0,0.038462,0.115385,0.076923,0.038462,0.038462,0.0,26.0,0.553305,7.969147,0.076923,0.0,0.076923,0.0,0.038462,-0.130769,0.307692,0.153846,1.083462
Negative_F191,0,0.026316,0.157895,0.0,0.105263,0.078947,0.0,0.026316,0.052632,0.078947,0.026316,0.052632,0.026316,0.131579,0.0,0.0,38.0,8.397804,10.002157,0.131579,0.105263,0.0,0.0,0.0,-0.092105,0.263158,0.0,1.712105
Negative_F547,0,0.142857,0.0,0.047619,0.190476,0.142857,0.142857,0.0,0.095238,0.047619,0.0,0.047619,0.0,0.0,0.0,0.0,21.0,2.549936,10.302064,0.142857,0.0,0.0,0.0,0.0,0.495238,0.47619,0.047619,-0.398095
Negative_F1632,0,0.096774,0.064516,0.032258,0.064516,0.096774,0.064516,0.0,0.064516,0.064516,0.0,0.064516,0.032258,0.064516,0.032258,0.0,31.0,1.498606,8.787637,0.16129,0.0,0.0,0.032258,0.064516,-0.048387,0.387097,0.064516,0.802581
Negative_F482,0,0.047619,0.0,0.047619,0.142857,0.142857,0.095238,0.047619,0.047619,0.0,0.047619,0.047619,0.047619,0.047619,0.047619,0.0,21.0,1.550383,9.703024,0.142857,0.0,0.0,0.047619,0.0,0.285714,0.47619,0.095238,0.123333
Negative_F101,0,0.129032,0.0,0.0,0.096774,0.129032,0.064516,0.0,0.032258,0.032258,0.032258,0.129032,0.032258,0.0,0.032258,0.0,31.0,4.242892,10.564708,0.16129,0.064516,0.0,0.0,0.064516,-0.558065,0.354839,0.032258,1.859677
Negative_F1960,0,0.0,0.2,0.0,0.1,0.0,0.133333,0.0,0.033333,0.033333,0.033333,0.1,0.1,0.066667,0.0,0.033333,30.0,0.405727,7.769515,0.066667,0.033333,0.0,0.033333,0.033333,0.123333,0.233333,0.033333,1.117333
Negative_F2295,0,0.0,0.0,0.038462,0.038462,0.0,0.076923,0.0,0.0,0.076923,0.038462,0.115385,0.038462,0.038462,0.038462,0.076923,26.0,6.696291,11.999968,0.038462,0.230769,0.153846,0.0,0.0,-1.646154,0.269231,0.153846,4.314231
Negative_F968,0,0.090909,0.0,0.090909,0.068182,0.022727,0.022727,0.0,0.068182,0.045455,0.045455,0.022727,0.022727,0.068182,0.022727,0.022727,44.0,4.627243,11.232149,0.045455,0.181818,0.045455,0.045455,0.068182,-1.227273,0.340909,0.136364,3.829318
Negative_F625,0,0.0,0.3,0.0,0.05,0.0,0.1,0.0,0.1,0.0,0.05,0.15,0.0,0.0,0.05,0.0,20.0,2.444503,8.702797,0.05,0.1,0.05,0.0,0.0,-0.385,0.15,0.05,2.414
Negative_F242,0,0.025641,0.153846,0.102564,0.076923,0.051282,0.102564,0.0,0.025641,0.025641,0.0,0.076923,0.025641,0.0,0.025641,0.025641,39.0,7.432372,9.696319,0.128205,0.102564,0.025641,0.025641,0.0,-0.092308,0.333333,0.153846,1.648205
Negative_F930,0,0.025,0.15,0.05,0.1,0.1,0.025,0.0,0.05,0.1,0.025,0.025,0.05,0.0,0.025,0.05,40.0,6.403187,9.690968,0.025,0.175,0.0,0.025,0.0,-0.4725,0.275,0.125,2.50525
Negative_F879,0,0.142857,0.071429,0.035714,0.071429,0.035714,0.142857,0.035714,0.035714,0.0,0.0,0.035714,0.035714,0.071429,0.0,0.0,28.0,3.496786,9.594137,0.178571,0.035714,0.0,0.071429,0.0,0.292857,0.464286,0.035714,0.8225
Negative_F2234,0,0.076923,0.0,0.115385,0.076923,0.115385,0.153846,0.0,0.038462,0.038462,0.0,0.153846,0.0,0.0,0.0,0.0,26.0,3.552813,11.723012,0.076923,0.115385,0.0,0.038462,0.0,0.261538,0.461538,0.115385,1.382308
Negative_F1681,0,0.064516,0.193548,0.0,0.064516,0.032258,0.096774,0.0,0.032258,0.064516,0.0,0.064516,0.064516,0.129032,0.032258,0.032258,31.0,-0.595517,6.028707,0.064516,0.0,0.0,0.032258,0.032258,0.767742,0.387097,0.064516,-0.193548
Negative_F1670,0,0.04,0.0,0.12,0.16,0.12,0.04,0.04,0.0,0.08,0.04,0.0,0.04,0.08,0.0,0.0,25.0,3.545371,10.176866,0.2,0.0,0.0,0.04,0.0,0.232,0.44,0.12,-0.0016
Negative_F1894,0,0.107692,0.092308,0.0,0.046154,0.030769,0.076923,0.0,0.046154,0.015385,0.046154,0.015385,0.015385,0.107692,0.0,0.030769,65.0,5.545021,9.270247,0.076923,0.123077,0.061538,0.046154,0.061538,-0.549231,0.353846,0.030769,2.708462
Negative_F2006,0,0.095238,0.0,0.095238,0.190476,0.047619,0.142857,0.0,0.0,0.0,0.0,0.047619,0.0,0.190476,0.0,0.0,21.0,1.550383,9.703024,0.142857,0.0,0.0,0.047619,0.0,1.157143,0.571429,0.095238,-0.971905
Negative_F1371,0,0.137931,0.0,0.068966,0.103448,0.068966,0.068966,0.034483,0.0,0.068966,0.0,0.068966,0.068966,0.103448,0.0,0.0,29.0,3.545371,10.176866,0.172414,0.0,0.0,0.034483,0.0,0.465517,0.482759,0.068966,-0.06069
Negative_F2169,0,0.028571,0.0,0.0,0.0,0.057143,0.028571,0.028571,0.0,0.285714,0.028571,0.028571,0.028571,0.0,0.085714,0.142857,35.0,8.544699,11.719143,0.0,0.257143,0.0,0.0,0.0,-1.548571,0.371429,0.228571,3.445143
Negative_F697,0,0.0,0.2,0.0,0.15,0.0,0.0,0.0,0.05,0.05,0.05,0.0,0.0,0.0,0.1,0.1,20.0,5.451797,9.930984,0.05,0.25,0.0,0.0,0.0,-1.53,0.2,0.2,4.0005
Negative_F2016,0,0.053435,0.045802,0.045802,0.114504,0.022901,0.076336,0.007634,0.038168,0.145038,0.045802,0.068702,0.068702,0.083969,0.007634,0.045802,131.0,10.117055,9.990488,0.022901,0.083969,0.0,0.015267,0.007634,-0.189313,0.343511,0.099237,1.226107
Negative_F1210,0,0.162162,0.054054,0.054054,0.135135,0.0,0.162162,0.027027,0.027027,0.0,0.027027,0.054054,0.081081,0.027027,0.0,0.0,37.0,3.533665,9.595426,0.135135,0.0,0.027027,0.0,0.027027,0.308108,0.432432,0.054054,0.16
Negative_F2235,0,0.045455,0.0,0.181818,0.045455,0.090909,0.136364,0.0,0.0,0.045455,0.045455,0.045455,0.045455,0.0,0.0,0.0,22.0,3.587245,10.461623,0.181818,0.045455,0.045455,0.0,0.045455,-0.018182,0.454545,0.181818,0.946818
Negative_F1627,0,0.0,0.076923,0.038462,0.0,0.076923,0.115385,0.076923,0.0,0.038462,0.076923,0.0,0.115385,0.076923,0.0,0.038462,26.0,6.495843,10.572702,0.153846,0.115385,0.0,0.0,0.0,-0.026923,0.423077,0.076923,1.652692
Negative_F595,0,0.047619,0.0,0.0,0.142857,0.047619,0.285714,0.0,0.0,0.047619,0.047619,0.095238,0.047619,0.142857,0.0,0.0,21.0,-0.369294,6.917726,0.0,0.0,0.095238,0.0,0.0,1.271429,0.52381,0.0,-1.28381
Negative_F2104,0,0.069767,0.139535,0.069767,0.139535,0.0,0.139535,0.0,0.0,0.069767,0.023256,0.139535,0.0,0.069767,0.023256,0.046512,43.0,0.369709,7.744392,0.023256,0.023256,0.0,0.0,0.023256,0.774419,0.418605,0.139535,-0.422326
Negative_F1194,0,0.041667,0.333333,0.083333,0.166667,0.0,0.0,0.041667,0.041667,0.083333,0.0,0.041667,0.0,0.041667,0.0,0.0,24.0,2.057126,8.529635,0.0,0.125,0.0,0.0,0.0,0.454167,0.208333,0.083333,1.11
Negative_F1146,0,0.071429,0.178571,0.0,0.071429,0.035714,0.071429,0.035714,0.107143,0.035714,0.0,0.071429,0.071429,0.035714,0.035714,0.071429,28.0,0.428515,7.815518,0.035714,0.035714,0.0,0.0,0.035714,0.107143,0.357143,0.107143,0.858571
Negative_F1099,0,0.0,0.0,0.033333,0.133333,0.0,0.0,0.0,0.0,0.0,0.033333,0.066667,0.0,0.0,0.0,0.066667,30.0,1.845246,9.520127,0.066667,0.166667,0.266667,0.033333,0.133333,-2.663333,0.1,0.1,5.494
Negative_F2196,0,0.111111,0.055556,0.055556,0.0,0.0,0.055556,0.0,0.055556,0.0,0.0,0.166667,0.0,0.055556,0.166667,0.0,18.0,4.580693,11.999968,0.055556,0.222222,0.0,0.0,0.0,-0.755556,0.444444,0.222222,3.235556
Negative_F463,0,0.121212,0.060606,0.030303,0.060606,0.0,0.212121,0.0,0.090909,0.0,0.0,0.151515,0.060606,0.060606,0.0,0.0,33.0,2.49887,9.307704,0.121212,0.0,0.0,0.030303,0.0,0.430303,0.424242,0.030303,0.478788
Negative_F2112,0,0.0,0.125,0.125,0.0625,0.125,0.125,0.0,0.0,0.125,0.0,0.0,0.0625,0.0625,0.0,0.0,16.0,2.50589,9.695868,0.0625,0.125,0.0,0.0,0.0,0.8875,0.4375,0.125,0.29875
Negative_F1572,0,0.105263,0.105263,0.052632,0.105263,0.0,0.052632,0.105263,0.0,0.052632,0.0,0.052632,0.0,0.052632,0.052632,0.052632,19.0,3.500879,9.847497,0.105263,0.105263,0.0,0.0,0.0,0.052632,0.473684,0.157895,0.918421
Negative_F166,0,0.058824,0.147059,0.0,0.088235,0.088235,0.058824,0.058824,0.029412,0.029412,0.0,0.117647,0.147059,0.029412,0.0,0.0,34.0,2.500672,8.780803,0.088235,0.0,0.058824,0.0,0.0,0.414706,0.294118,0.0,0.378824
Negative_F2038,0,0.0,0.0,0.137931,0.034483,0.137931,0.068966,0.0,0.068966,0.0,0.0,0.034483,0.0,0.0,0.0,0.0,29.0,6.554676,11.907842,0.068966,0.310345,0.0,0.103448,0.034483,-1.162069,0.344828,0.137931,5.263793
Negative_F847,0,0.0,0.0,0.0,0.058824,0.058824,0.058824,0.0,0.058824,0.411765,0.0,0.0,0.0,0.058824,0.0,0.058824,17.0,2.591498,11.711343,0.0,0.176471,0.058824,0.0,0.0,-1.211765,0.235294,0.058824,2.434118
Negative_F1094,0,0.034483,0.103448,0.017241,0.086207,0.0,0.051724,0.0,0.068966,0.017241,0.017241,0.068966,0.051724,0.068966,0.0,0.034483,58.0,3.609787,8.829671,0.137931,0.034483,0.103448,0.051724,0.051724,-1.031034,0.206897,0.051724,2.63069
Negative_F1397,0,0.146341,0.04878,0.04878,0.243902,0.02439,0.04878,0.02439,0.02439,0.02439,0.0,0.04878,0.04878,0.073171,0.04878,0.073171,41.0,2.144352,9.184182,0.073171,0.0,0.0,0.0,0.0,0.45122,0.487805,0.170732,-0.659024
Negative_F2448,0,0.105263,0.0,0.105263,0.052632,0.157895,0.157895,0.0,0.052632,0.052632,0.0,0.157895,0.0,0.052632,0.0,0.0,19.0,0.591574,8.757208,0.052632,0.0,0.052632,0.0,0.0,1.226316,0.578947,0.105263,-0.896316
Negative_F1339,0,0.029412,0.029412,0.0,0.029412,0.058824,0.058824,0.029412,0.029412,0.029412,0.0,0.029412,0.0,0.088235,0.0,0.0,34.0,-6.463469,4.38589,0.088235,0.117647,0.0,0.147059,0.235294,-1.355882,0.264706,0.0,4.302059
Negative_F1344,0,0.0,0.0,0.0,0.083333,0.083333,0.25,0.083333,0.0,0.0,0.0,0.083333,0.0,0.0,0.083333,0.0,12.0,2.586563,10.302064,0.25,0.0,0.083333,0.0,0.0,0.066667,0.5,0.083333,-0.049167
Negative_F685,0,0.095238,0.0,0.0,0.190476,0.0,0.0,0.0,0.0,0.666667,0.0,0.0,0.0,0.0,0.0,0.0,21.0,0.607777,9.79502,0.0,0.047619,0.0,0.0,0.0,-1.185714,0.095238,0.0,0.359048
Negative_F1716,0,0.0,0.0,0.132075,0.471698,0.018868,0.018868,0.0,0.018868,0.018868,0.0,0.056604,0.0,0.0,0.0,0.037736,53.0,5.77205,11.999968,0.0,0.113208,0.113208,0.0,0.0,-0.724528,0.207547,0.169811,1.516981
Negative_F2340,0,0.0,0.0,0.181818,0.090909,0.181818,0.090909,0.0,0.0,0.0,0.0,0.0,0.0,0.181818,0.0,0.0,11.0,2.552417,11.166263,0.181818,0.090909,0.0,0.0,0.0,1.281818,0.636364,0.181818,-0.338182
Negative_F1366,0,0.214286,0.0,0.071429,0.0,0.071429,0.214286,0.0,0.071429,0.0,0.0,0.0,0.142857,0.0,0.071429,0.0,14.0,1.605272,11.00103,0.071429,0.071429,0.0,0.0,0.0,0.707143,0.642857,0.142857,0.130714
Negative_F820,0,0.068182,0.045455,0.0,0.136364,0.068182,0.022727,0.0,0.113636,0.045455,0.022727,0.0,0.022727,0.068182,0.090909,0.068182,44.0,2.580521,9.145695,0.090909,0.045455,0.022727,0.022727,0.045455,-0.745455,0.386364,0.159091,1.500455
Negative_F297,0,0.146341,0.0,0.04878,0.121951,0.121951,0.02439,0.0,0.02439,0.04878,0.0,0.02439,0.04878,0.04878,0.0,0.02439,41.0,8.608552,10.843018,0.195122,0.04878,0.04878,0.02439,0.0,-0.273171,0.414634,0.073171,1.182439
Negative_F2165,0,0.093023,0.0,0.023256,0.116279,0.093023,0.069767,0.046512,0.023256,0.023256,0.046512,0.023256,0.023256,0.046512,0.116279,0.046512,43.0,3.310479,10.160943,0.069767,0.069767,0.023256,0.023256,0.023256,-0.151163,0.534884,0.186047,0.73907
Negative_F1270,0,0.02381,0.119048,0.119048,0.142857,0.0,0.142857,0.0,0.0,0.095238,0.0,0.119048,0.02381,0.071429,0.02381,0.0,42.0,1.517996,8.437316,0.047619,0.02381,0.02381,0.0,0.02381,0.721429,0.380952,0.142857,-0.372857
Negative_F639,0,0.15,0.1,0.1,0.1,0.1,0.1,0.05,0.0,0.05,0.0,0.0,0.05,0.05,0.0,0.0,20.0,2.500929,9.390159,0.15,0.0,0.0,0.0,0.0,1.195,0.55,0.1,-1.134
Negative_F116,0,0.0,0.0,0.0,0.0,0.076923,0.076923,0.0,0.0,0.230769,0.0,0.0,0.0,0.0,0.384615,0.0,13.0,2.554897,11.999968,0.076923,0.153846,0.0,0.0,0.0,-1.069231,0.538462,0.384615,1.069231
Negative_F2281,0,0.0,0.0,0.076923,0.076923,0.0,0.153846,0.153846,0.076923,0.0,0.0,0.0,0.0,0.0,0.0,0.0,13.0,-3.403199,4.527817,0.076923,0.0,0.076923,0.153846,0.153846,-0.830769,0.384615,0.076923,2.265385
Negative_F170,0,0.083333,0.0,0.0,0.166667,0.041667,0.208333,0.0,0.083333,0.0,0.041667,0.041667,0.041667,0.125,0.0,0.041667,24.0,2.54743,10.001383,0.125,0.0,0.0,0.0,0.0,0.545833,0.5,0.041667,-0.31
Negative_F2175,0,0.0,0.0,0.0,0.571429,0.0,0.0,0.0,0.0,0.0,0.0,0.107143,0.0,0.035714,0.178571,0.0,28.0,0.555369,8.747731,0.035714,0.035714,0.0,0.035714,0.0,-0.75,0.214286,0.178571,0.309286
Negative_F421,0,0.0,0.15625,0.03125,0.0625,0.0625,0.0625,0.0,0.03125,0.03125,0.0625,0.09375,0.15625,0.09375,0.03125,0.0,32.0,0.467672,7.832409,0.0625,0.0,0.03125,0.0,0.03125,0.321875,0.28125,0.0625,0.560937
Negative_F1348,0,0.0,0.0,0.1875,0.1875,0.0625,0.3125,0.0,0.0,0.0625,0.0,0.0625,0.0,0.0625,0.0,0.0,16.0,0.554947,8.750052,0.0625,0.0,0.0,0.0,0.0,1.7875,0.625,0.1875,-2.273125
Negative_F428,0,0.433333,0.0,0.0,0.033333,0.0,0.0,0.0,0.0,0.2,0.0,0.033333,0.0,0.033333,0.0,0.0,30.0,5.591384,10.398444,0.233333,0.0,0.0,0.0,0.033333,-0.466667,0.466667,0.0,0.685
Negative_F42,0,0.222222,0.0,0.037037,0.222222,0.037037,0.185185,0.0,0.037037,0.0,0.0,0.074074,0.0,0.0,0.0,0.0,27.0,1.587683,9.703153,0.111111,0.0,0.037037,0.0,0.037037,0.414815,0.481481,0.037037,-0.275556
Negative_F471,0,0.076923,0.0,0.153846,0.076923,0.076923,0.384615,0.0,0.0,0.076923,0.0,0.076923,0.0,0.0,0.0,0.0,13.0,-0.405921,6.741127,0.0,0.0,0.076923,0.0,0.0,1.915385,0.692308,0.153846,-2.320769
Negative_F429,0,0.166667,0.055556,0.0,0.111111,0.0,0.277778,0.0,0.111111,0.0,0.0,0.0,0.0,0.055556,0.055556,0.0,18.0,0.603697,8.239656,0.055556,0.0,0.111111,0.0,0.0,0.672222,0.555556,0.055556,-0.633889
Negative_F803,0,0.034483,0.022989,0.022989,0.068966,0.091954,0.08046,0.022989,0.126437,0.034483,0.034483,0.057471,0.068966,0.057471,0.034483,0.034483,87.0,-3.656323,5.435649,0.011494,0.057471,0.034483,0.034483,0.068966,-0.403448,0.37931,0.091954,1.820345
Negative_F811,0,0.204545,0.045455,0.0,0.181818,0.090909,0.068182,0.0,0.0,0.022727,0.0,0.068182,0.090909,0.090909,0.022727,0.022727,44.0,0.541157,8.055147,0.022727,0.022727,0.022727,0.0,0.022727,0.911364,0.5,0.045455,-0.607727
Negative_F1675,0,0.037037,0.018519,0.037037,0.12963,0.018519,0.092593,0.037037,0.074074,0.0,0.037037,0.018519,0.12963,0.037037,0.037037,0.074074,54.0,5.581989,9.84479,0.111111,0.037037,0.037037,0.037037,0.0,-0.646296,0.37037,0.148148,1.575741
Negative_F2174,0,0.081081,0.162162,0.054054,0.108108,0.027027,0.054054,0.0,0.027027,0.027027,0.0,0.027027,0.054054,0.027027,0.0,0.027027,37.0,9.480929,11.414144,0.0,0.27027,0.054054,0.0,0.0,-0.521622,0.27027,0.081081,3.573243
Negative_F1603,0,0.0,0.181818,0.022727,0.136364,0.068182,0.022727,0.0,0.045455,0.022727,0.045455,0.090909,0.022727,0.0,0.0,0.090909,44.0,3.384519,8.71092,0.068182,0.090909,0.022727,0.045455,0.022727,-0.690909,0.204545,0.113636,2.449773
Negative_F1043,0,0.090909,0.181818,0.090909,0.090909,0.090909,0.0,0.0,0.045455,0.045455,0.0,0.136364,0.090909,0.0,0.0,0.045455,22.0,1.451923,8.518095,0.090909,0.0,0.0,0.0,0.0,0.427273,0.318182,0.136364,0.309091
Negative_F1611,0,0.03125,0.15625,0.03125,0.09375,0.0625,0.03125,0.0,0.0625,0.0,0.03125,0.125,0.15625,0.0625,0.03125,0.0,32.0,3.078334,9.066592,0.09375,0.03125,0.0,0.0,0.0,0.0875,0.25,0.0625,1.176875
Negative_F2,0,0.0,0.0,0.088235,0.117647,0.029412,0.029412,0.0,0.058824,0.294118,0.088235,0.0,0.029412,0.058824,0.029412,0.058824,34.0,3.54738,10.446795,0.058824,0.058824,0.0,0.0,0.0,-0.911765,0.294118,0.176471,1.198235
Negative_F1622,0,0.115702,0.016529,0.041322,0.107438,0.066116,0.016529,0.0,0.123967,0.041322,0.033058,0.082645,0.082645,0.057851,0.024793,0.057851,121.0,1.541218,8.686551,0.016529,0.057851,0.0,0.033058,0.024793,-0.438843,0.380165,0.123967,1.766942
Negative_F1308,0,0.15,0.05,0.05,0.1,0.05,0.1,0.0,0.1,0.05,0.0,0.0,0.1,0.05,0.0,0.05,20.0,0.525879,8.175316,0.1,0.0,0.0,0.05,0.0,0.18,0.45,0.1,0.4005
Negative_F459,0,0.076923,0.076923,0.0,0.0,0.115385,0.115385,0.038462,0.038462,0.038462,0.076923,0.038462,0.115385,0.0,0.038462,0.038462,26.0,2.195295,9.30203,0.115385,0.038462,0.0,0.0,0.038462,-0.057692,0.423077,0.076923,1.037308
Negative_F2423,0,0.259259,0.0,0.0,0.111111,0.0,0.148148,0.037037,0.111111,0.0,0.037037,0.037037,0.0,0.074074,0.037037,0.0,27.0,1.246832,9.700058,0.111111,0.0,0.0,0.0,0.037037,0.222222,0.555556,0.037037,0.162593
Negative_F860,0,0.064516,0.0,0.032258,0.080645,0.064516,0.032258,0.0,0.032258,0.145161,0.064516,0.032258,0.016129,0.016129,0.016129,0.080645,62.0,0.57583,8.2022,0.096774,0.064516,0.016129,0.016129,0.129032,-1.3,0.306452,0.129032,2.460645
Negative_F1458,0,0.04,0.048,0.04,0.064,0.056,0.04,0.008,0.072,0.08,0.048,0.072,0.056,0.04,0.008,0.032,125.0,10.60944,9.861423,0.056,0.112,0.048,0.048,0.032,-0.984,0.264,0.08,2.99464
Negative_F1769,0,0.153846,0.0,0.153846,0.0,0.0,0.230769,0.0,0.0,0.0,0.0,0.0,0.0,0.076923,0.0,0.0,13.0,3.591498,11.999968,0.076923,0.230769,0.076923,0.0,0.0,0.323077,0.615385,0.153846,2.045385
Negative_F333,0,0.040541,0.0,0.027027,0.175676,0.040541,0.027027,0.0,0.081081,0.081081,0.094595,0.040541,0.040541,0.040541,0.040541,0.013514,74.0,4.31217,10.10911,0.081081,0.067568,0.027027,0.067568,0.013514,-1.316216,0.22973,0.081081,2.661892
Negative_F254,0,0.105263,0.0,0.052632,0.210526,0.105263,0.105263,0.0,0.052632,0.0,0.0,0.0,0.0,0.157895,0.0,0.0,19.0,1.552863,9.994292,0.105263,0.052632,0.0,0.052632,0.0,0.773684,0.526316,0.052632,-0.041053
Negative_F286,0,0.047619,0.095238,0.047619,0.047619,0.095238,0.285714,0.047619,0.0,0.095238,0.0,0.047619,0.0,0.0,0.0,0.0,21.0,3.500904,9.850656,0.142857,0.047619,0.0,0.0,0.0,1.080952,0.52381,0.047619,-0.715714
Negative_F1445,0,0.0,0.0,0.130435,0.130435,0.130435,0.043478,0.0,0.0,0.0,0.0,0.0,0.130435,0.130435,0.0,0.0,23.0,2.698922,11.166327,0.086957,0.043478,0.173913,0.0,0.0,0.430435,0.434783,0.130435,0.383043
Negative_F1417,0,0.096774,0.0,0.064516,0.193548,0.064516,0.032258,0.0,0.064516,0.0,0.0,0.032258,0.032258,0.193548,0.0,0.0,31.0,4.550307,11.733971,0.096774,0.096774,0.0,0.032258,0.0,0.303226,0.451613,0.064516,1.075806
Negative_F2124,0,0.0625,0.166667,0.041667,0.083333,0.0,0.0,0.020833,0.041667,0.083333,0.020833,0.0625,0.0625,0.041667,0.0,0.020833,48.0,5.427194,9.120358,0.0625,0.125,0.041667,0.020833,0.041667,-0.804167,0.1875,0.0625,2.893333
Negative_F1683,0,0.0,0.2,0.0,0.133333,0.066667,0.066667,0.0,0.0,0.066667,0.0,0.1,0.066667,0.033333,0.0,0.033333,30.0,2.400716,8.649868,0.133333,0.033333,0.0,0.033333,0.033333,-0.04,0.2,0.033333,1.099
Negative_F2156,0,0.0,0.1,0.05,0.05,0.1,0.2,0.05,0.0,0.1,0.0,0.0,0.05,0.15,0.0,0.0,20.0,2.500929,9.390159,0.15,0.0,0.0,0.0,0.0,1.525,0.55,0.05,-1.5625
Negative_F1685,0,0.098039,0.117647,0.039216,0.098039,0.039216,0.098039,0.019608,0.039216,0.0,0.0,0.058824,0.058824,0.039216,0.019608,0.0,51.0,2.404409,8.647934,0.098039,0.058824,0.019608,0.039216,0.058824,-0.003922,0.352941,0.058824,1.404706
Negative_F1980,0,0.0,0.206897,0.034483,0.103448,0.034483,0.034483,0.0,0.034483,0.068966,0.0,0.068966,0.103448,0.034483,0.0,0.068966,29.0,3.396495,8.886403,0.137931,0.034483,0.0,0.0,0.034483,-0.258621,0.206897,0.103448,1.310345
Negative_F1103,0,0.020833,0.125,0.041667,0.041667,0.0625,0.020833,0.0,0.020833,0.041667,0.020833,0.041667,0.083333,0.104167,0.0,0.020833,48.0,5.511442,9.337295,0.083333,0.125,0.0625,0.020833,0.0625,-0.4625,0.270833,0.0625,2.646667
Negative_F287,0,0.0,0.0,0.0625,0.0625,0.0625,0.09375,0.03125,0.0625,0.25,0.0,0.0,0.03125,0.03125,0.0,0.09375,32.0,2.545743,9.818551,0.0625,0.09375,0.0,0.0625,0.0,-0.66875,0.375,0.15625,1.585625
Negative_F1190,0,0.034483,0.137931,0.068966,0.103448,0.0,0.034483,0.017241,0.051724,0.017241,0.017241,0.086207,0.086207,0.051724,0.0,0.0,58.0,3.468567,8.753404,0.051724,0.103448,0.051724,0.017241,0.068966,-0.593103,0.206897,0.068966,2.68431
Negative_F549,0,0.095238,0.0,0.047619,0.190476,0.0,0.238095,0.0,0.0,0.047619,0.0,0.047619,0.0,0.047619,0.0,0.047619,21.0,2.546046,9.825643,0.190476,0.0,0.0,0.0,0.047619,0.247619,0.47619,0.095238,-0.307143
Negative_F2435,0,0.0,0.0,0.090909,0.227273,0.136364,0.136364,0.0,0.0,0.0,0.0,0.045455,0.045455,0.090909,0.0,0.0,22.0,1.664801,11.000901,0.045455,0.045455,0.136364,0.0,0.0,0.790909,0.454545,0.090909,-0.356364
Negative_F838,0,0.076923,0.115385,0.076923,0.076923,0.038462,0.076923,0.0,0.076923,0.0,0.0,0.076923,0.115385,0.038462,0.038462,0.0,26.0,0.553305,7.969147,0.076923,0.0,0.076923,0.0,0.038462,0.111538,0.346154,0.115385,0.715
Negative_F144,0,0.1,0.2,0.033333,0.1,0.1,0.033333,0.0,0.0,0.033333,0.033333,0.0,0.033333,0.0,0.033333,0.1,30.0,1.404383,8.333522,0.0,0.133333,0.0,0.033333,0.033333,0.123333,0.4,0.166667,1.427333
Negative_F1943,0,0.0,0.0,0.111111,0.055556,0.055556,0.0,0.0,0.0,0.277778,0.0,0.0,0.0,0.0,0.277778,0.0,18.0,3.557352,11.999968,0.0,0.222222,0.0,0.0,0.0,-1.155556,0.444444,0.388889,2.011667
Negative_F1201,0,0.135135,0.054054,0.027027,0.108108,0.081081,0.108108,0.027027,0.027027,0.0,0.027027,0.027027,0.108108,0.054054,0.0,0.0,37.0,3.495654,9.514389,0.162162,0.0,0.0,0.0,0.054054,0.356757,0.432432,0.027027,0.258378
Negative_F2227,0,0.068966,0.0,0.137931,0.137931,0.068966,0.068966,0.034483,0.034483,0.0,0.0,0.068966,0.0,0.0,0.0,0.0,29.0,8.618077,11.999968,0.172414,0.137931,0.068966,0.0,0.0,-0.596552,0.37931,0.137931,2.374483
Negative_F1747,0,0.054545,0.109091,0.054545,0.127273,0.0,0.018182,0.036364,0.054545,0.054545,0.0,0.0,0.054545,0.090909,0.036364,0.054545,55.0,6.076687,9.382874,0.109091,0.072727,0.018182,0.054545,0.0,-0.429091,0.345455,0.145455,1.613455
Negative_F245,0,0.083333,0.166667,0.083333,0.0,0.166667,0.083333,0.0,0.0,0.166667,0.0,0.0,0.0,0.083333,0.0,0.0,12.0,0.545047,8.081644,0.0,0.083333,0.083333,0.0,0.0,1.308333,0.5,0.083333,-0.5475
Negative_F2007,0,0.086957,0.0,0.043478,0.130435,0.086957,0.130435,0.0,0.043478,0.0,0.043478,0.0,0.043478,0.173913,0.0,0.0,23.0,0.626141,8.605449,0.086957,0.0,0.086957,0.043478,0.0,0.73913,0.521739,0.043478,-0.273478
Negative_F1935,0,0.085714,0.0,0.028571,0.2,0.085714,0.028571,0.028571,0.0,0.028571,0.028571,0.057143,0.0,0.142857,0.0,0.0,35.0,4.583068,10.56503,0.142857,0.057143,0.028571,0.028571,0.028571,0.005714,0.4,0.028571,0.94
Negative_F604,0,0.083333,0.0,0.083333,0.208333,0.166667,0.083333,0.041667,0.041667,0.0,0.041667,0.0,0.0,0.0,0.0,0.0,24.0,1.701428,11.000901,0.041667,0.041667,0.166667,0.0,0.0,0.270833,0.458333,0.083333,0.214167
Negative_F642,0,0.0,0.0,0.0,0.25,0.15,0.25,0.0,0.05,0.05,0.0,0.05,0.05,0.1,0.0,0.0,20.0,0.554947,8.750052,0.05,0.0,0.0,0.0,0.0,1.42,0.5,0.0,-1.699
Negative_F1418,0,0.070423,0.112676,0.042254,0.070423,0.028169,0.028169,0.014085,0.028169,0.098592,0.028169,0.056338,0.084507,0.014085,0.014085,0.028169,71.0,5.419859,9.047703,0.084507,0.084507,0.028169,0.028169,0.056338,-0.785915,0.239437,0.084507,2.382394
Negative_F384,0,0.190476,0.0,0.047619,0.071429,0.047619,0.02381,0.0,0.02381,0.0,0.0,0.047619,0.095238,0.142857,0.0,0.0,42.0,5.653816,10.655673,0.142857,0.047619,0.071429,0.02381,0.02381,-0.002381,0.452381,0.047619,1.288333
Negative_F518,0,0.130435,0.086957,0.043478,0.043478,0.086957,0.130435,0.0,0.0,0.086957,0.0,0.086957,0.0,0.130435,0.0,0.0,23.0,3.503385,10.106725,0.086957,0.086957,0.0,0.0,0.0,1.052174,0.521739,0.043478,-0.038696
Negative_F1800,0,0.057143,0.057143,0.0,0.085714,0.085714,0.171429,0.0,0.085714,0.0,0.0,0.114286,0.057143,0.057143,0.0,0.0,35.0,3.190755,9.512326,0.171429,0.0,0.0,0.028571,0.028571,0.188571,0.371429,0.0,0.746571
Negative_F1898,0,0.0,0.0,0.076923,0.153846,0.153846,0.307692,0.0,0.076923,0.0,0.0,0.076923,0.0,0.0,0.0,0.0,13.0,1.554922,11.000837,0.076923,0.076923,0.0,0.0,0.0,1.038462,0.538462,0.076923,-0.297692
Negative_F1852,0,0.064516,0.112903,0.040323,0.08871,0.016129,0.048387,0.008065,0.048387,0.016129,0.024194,0.080645,0.080645,0.024194,0.0,0.064516,124.0,14.313638,9.383261,0.104839,0.080645,0.032258,0.040323,0.024194,-0.73629,0.266129,0.104839,2.498629
Negative_F999,0,0.142857,0.095238,0.047619,0.238095,0.0,0.238095,0.0,0.0,0.0,0.0,0.095238,0.0,0.047619,0.0,0.0,21.0,1.503435,8.903745,0.095238,0.0,0.0,0.0,0.0,1.190476,0.47619,0.047619,-1.257619
Negative_F2024,0,0.0,0.153846,0.025641,0.153846,0.0,0.051282,0.0,0.076923,0.051282,0.0,0.153846,0.025641,0.051282,0.0,0.128205,39.0,2.094026,8.635621,0.0,0.102564,0.0,0.025641,0.0,-0.405128,0.25641,0.153846,1.994103
Negative_F1012,0,0.166667,0.083333,0.125,0.041667,0.041667,0.125,0.0,0.0,0.041667,0.041667,0.041667,0.0,0.125,0.0,0.0,24.0,3.498424,9.701283,0.166667,0.0,0.0,0.0,0.0,1.133333,0.583333,0.125,-0.8475
Negative_F50,0,0.05,0.0,0.0,0.25,0.1,0.25,0.0,0.1,0.05,0.0,0.0,0.0,0.1,0.0,0.0,20.0,-0.441839,6.21747,0.05,0.0,0.0,0.0,0.05,1.01,0.5,0.0,-1.1695
Negative_F818,0,0.133333,0.066667,0.0,0.166667,0.066667,0.0,0.0,0.133333,0.033333,0.033333,0.033333,0.066667,0.066667,0.0,0.066667,30.0,0.585846,8.070233,0.066667,0.0,0.033333,0.033333,0.0,-0.36,0.333333,0.066667,1.099333
Negative_F557,0,0.083333,0.041667,0.0,0.125,0.083333,0.291667,0.0,0.041667,0.0,0.0,0.0,0.0,0.0,0.0,0.0,24.0,7.522827,11.999968,0.166667,0.166667,0.0,0.0,0.0,0.141667,0.458333,0.0,1.521667
Negative_F198,0,0.04,0.0,0.0,0.08,0.08,0.16,0.0,0.0,0.08,0.0,0.08,0.0,0.28,0.0,0.0,25.0,-0.334053,7.024072,0.04,0.0,0.12,0.0,0.04,1.312,0.56,0.0,-1.134
Negative_F2249,0,0.105263,0.0,0.052632,0.105263,0.157895,0.210526,0.0,0.052632,0.052632,0.0,0.105263,0.0,0.052632,0.0,0.0,19.0,1.552442,10.002737,0.105263,0.0,0.0,0.0,0.0,1.263158,0.578947,0.052632,-1.18
Negative_F721,0,0.061224,0.204082,0.020408,0.061224,0.061224,0.040816,0.0,0.020408,0.081633,0.020408,0.020408,0.081633,0.020408,0.020408,0.0,49.0,4.335265,8.763075,0.142857,0.040816,0.020408,0.020408,0.061224,-0.287755,0.22449,0.040816,1.497143
Negative_F864,0,0.033333,0.0,0.166667,0.033333,0.066667,0.033333,0.0,0.0,0.066667,0.0,0.066667,0.0,0.1,0.0,0.0,30.0,10.535948,11.789736,0.3,0.1,0.0,0.0,0.033333,-0.536667,0.4,0.166667,2.126333
Negative_F2236,0,0.055556,0.0,0.0,0.027778,0.027778,0.166667,0.0,0.194444,0.0,0.0,0.055556,0.0,0.055556,0.0,0.027778,36.0,7.535709,10.359054,0.25,0.055556,0.0,0.0,0.083333,-1.197222,0.333333,0.027778,2.96
Negative_F813,0,0.142857,0.095238,0.142857,0.142857,0.047619,0.095238,0.0,0.0,0.047619,0.0,0.047619,0.142857,0.047619,0.0,0.0,21.0,0.15688,7.735071,0.047619,0.0,0.0,0.0,0.0,1.214286,0.47619,0.142857,-1.042381
Negative_F990,0,0.125,0.083333,0.125,0.041667,0.208333,0.083333,0.0,0.0,0.083333,0.0,0.041667,0.041667,0.0,0.0,0.0,24.0,3.498424,9.701283,0.166667,0.0,0.0,0.0,0.0,1.175,0.541667,0.125,-1.005833
Negative_F1324,0,0.0625,0.0,0.0,0.479167,0.020833,0.0,0.0,0.0,0.0,0.0,0.125,0.0,0.020833,0.0,0.020833,48.0,11.591272,11.999968,0.0,0.25,0.020833,0.0,0.0,-1.216667,0.125,0.020833,3.504792
Negative_F815,0,0.12,0.0,0.08,0.16,0.04,0.04,0.0,0.04,0.0,0.0,0.08,0.0,0.0,0.08,0.04,25.0,3.551403,10.931533,0.08,0.16,0.0,0.04,0.04,-0.932,0.4,0.2,2.8096
Negative_F365,0,0.166667,0.083333,0.125,0.083333,0.125,0.083333,0.0,0.0,0.083333,0.041667,0.041667,0.0,0.041667,0.0,0.0,24.0,2.500929,9.390159,0.125,0.0,0.0,0.0,0.0,1.079167,0.541667,0.125,-0.98625
Negative_F1382,0,0.153846,0.0,0.153846,0.076923,0.230769,0.153846,0.0,0.0,0.0,0.0,0.076923,0.0,0.0,0.0,0.0,13.0,1.554922,11.000837,0.076923,0.076923,0.0,0.0,0.0,1.592308,0.692308,0.153846,-0.865385
Negative_F1055,0,0.066667,0.0,0.066667,0.066667,0.066667,0.266667,0.0,0.066667,0.0,0.0,0.066667,0.066667,0.066667,0.0,0.0,15.0,2.549936,10.302064,0.2,0.0,0.0,0.0,0.0,0.76,0.533333,0.066667,-0.340667
Negative_F648,0,0.131579,0.0,0.0,0.184211,0.078947,0.026316,0.0,0.026316,0.026316,0.0,0.026316,0.052632,0.131579,0.0,0.026316,38.0,5.653369,10.655673,0.131579,0.052632,0.078947,0.0,0.026316,-0.15,0.394737,0.026316,1.005
Negative_F1111,0,0.0,0.142857,0.071429,0.0,0.071429,0.214286,0.071429,0.0,0.071429,0.0,0.0,0.0,0.142857,0.0,0.0,14.0,2.50341,9.503945,0.142857,0.071429,0.0,0.0,0.0,1.435714,0.571429,0.071429,-0.687857
Negative_F2422,0,0.054054,0.054054,0.0,0.108108,0.027027,0.135135,0.0,0.054054,0.054054,0.0,0.081081,0.081081,0.027027,0.027027,0.054054,37.0,8.189062,11.052025,0.108108,0.135135,0.0,0.0,0.0,-0.583784,0.324324,0.081081,2.228108
Negative_F246,0,0.083333,0.166667,0.0,0.0,0.166667,0.083333,0.0,0.0,0.166667,0.0,0.0,0.0,0.083333,0.0,0.166667,12.0,0.50341,8.045155,0.0,0.083333,0.0,0.0,0.0,1.125,0.583333,0.166667,-0.664167
Negative_F264,0,0.157895,0.0,0.157895,0.105263,0.0,0.0,0.0,0.052632,0.0,0.0,0.105263,0.052632,0.052632,0.0,0.0,19.0,3.620683,10.47774,0.210526,0.0,0.105263,0.0,0.0,-0.557895,0.368421,0.157895,1.433684
Negative_F660,0,0.081081,0.108108,0.027027,0.162162,0.0,0.027027,0.0,0.081081,0.0,0.027027,0.081081,0.054054,0.081081,0.027027,0.054054,37.0,4.517634,9.386677,0.108108,0.027027,0.054054,0.0,0.0,-0.421622,0.297297,0.108108,1.323784
Negative_F603,0,0.061224,0.081633,0.020408,0.040816,0.061224,0.0,0.020408,0.020408,0.081633,0.122449,0.081633,0.020408,0.081633,0.040816,0.0,49.0,8.453289,11.240724,0.061224,0.163265,0.0,0.020408,0.020408,-0.85102,0.285714,0.061224,3.147959
Negative_F1356,0,0.083333,0.083333,0.083333,0.083333,0.208333,0.125,0.0,0.0,0.083333,0.0,0.0,0.083333,0.0,0.0,0.0,24.0,3.498424,9.701283,0.166667,0.0,0.0,0.0,0.0,1.129167,0.5,0.083333,-1.085
Negative_F119,0,0.0,0.16,0.0,0.08,0.08,0.0,0.0,0.04,0.04,0.04,0.04,0.04,0.04,0.0,0.12,25.0,7.446761,10.223284,0.08,0.24,0.0,0.0,0.0,-1.056,0.24,0.12,3.9324
Negative_F1264,0,0.025,0.2,0.05,0.1,0.0,0.075,0.0,0.025,0.025,0.0,0.075,0.075,0.025,0.0,0.075,40.0,5.495303,9.100889,0.05,0.1,0.1,0.0,0.0,-0.2675,0.25,0.125,1.8455
Negative_F1844,0,0.05,0.2,0.05,0.05,0.0,0.0,0.0,0.05,0.05,0.0,0.2,0.1,0.1,0.1,0.0,20.0,-1.843664,4.050028,0.0,0.0,0.0,0.0,0.05,0.38,0.3,0.15,0.43
Negative_F1512,0,0.059406,0.039604,0.029703,0.069307,0.069307,0.079208,0.0,0.089109,0.009901,0.059406,0.118812,0.09901,0.039604,0.009901,0.029703,101.0,-3.513005,5.020782,0.049505,0.029703,0.009901,0.049505,0.059406,-0.446535,0.316832,0.069307,1.95802
Negative_F1732,0,0.105263,0.0,0.157895,0.0,0.0,0.263158,0.0,0.0,0.052632,0.0,0.052632,0.0,0.0,0.052632,0.052632,19.0,4.5449,10.582759,0.210526,0.052632,0.0,0.0,0.0,0.331579,0.631579,0.263158,0.061579
Negative_F1451,0,0.096774,0.064516,0.032258,0.16129,0.129032,0.064516,0.0,0.064516,0.0,0.0,0.0,0.064516,0.032258,0.032258,0.0,31.0,3.49746,9.594137,0.16129,0.032258,0.0,0.032258,0.032258,0.022581,0.387097,0.064516,0.808387
Negative_F1774,0,0.015152,0.181818,0.030303,0.136364,0.030303,0.0,0.045455,0.030303,0.060606,0.015152,0.090909,0.030303,0.015152,0.0,0.030303,66.0,9.272332,9.20146,0.151515,0.060606,0.015152,0.045455,0.015152,-0.715152,0.166667,0.060606,2.195909
Negative_F204,0,0.12,0.0,0.0,0.16,0.04,0.16,0.0,0.0,0.04,0.04,0.08,0.04,0.12,0.0,0.0,25.0,0.551503,8.497658,0.12,0.0,0.0,0.04,0.04,0.4,0.44,0.0,0.0472
Negative_F1819,0,0.051282,0.051282,0.025641,0.051282,0.025641,0.051282,0.0,0.025641,0.153846,0.025641,0.051282,0.102564,0.051282,0.0,0.025641,39.0,2.540565,9.38455,0.051282,0.128205,0.025641,0.051282,0.051282,-0.992308,0.230769,0.051282,2.998462
Negative_F783,0,0.098039,0.0,0.019608,0.078431,0.039216,0.137255,0.019608,0.039216,0.019608,0.019608,0.039216,0.019608,0.078431,0.098039,0.058824,51.0,7.254557,10.067077,0.196078,0.0,0.0,0.0,0.039216,-0.084314,0.54902,0.176471,0.147059
Negative_F934,0,0.133333,0.0,0.0,0.133333,0.0,0.066667,0.0,0.066667,0.0,0.0,0.066667,0.0,0.066667,0.0,0.0,15.0,2.244748,9.996097,0.266667,0.066667,0.0,0.066667,0.066667,-1.373333,0.266667,0.0,3.215333
Negative_F1674,0,0.074074,0.0,0.074074,0.111111,0.148148,0.111111,0.0,0.0,0.037037,0.0,0.111111,0.037037,0.074074,0.0,0.0,27.0,3.550619,10.461623,0.148148,0.037037,0.0,0.0,0.037037,0.648148,0.481481,0.074074,0.065926
Negative_F2398,0,0.076923,0.076923,0.0,0.076923,0.115385,0.038462,0.0,0.0,0.153846,0.038462,0.076923,0.038462,0.115385,0.0,0.0,26.0,2.467723,9.388225,0.115385,0.038462,0.0,0.0,0.038462,0.223077,0.346154,0.0,0.516538
Negative_F680,0,0.090909,0.030303,0.0,0.151515,0.030303,0.212121,0.0,0.0,0.0,0.030303,0.151515,0.030303,0.060606,0.0,0.0,33.0,2.21709,9.516388,0.151515,0.0,0.0,0.060606,0.0,0.324242,0.393939,0.0,0.34697
Negative_F499,0,0.090909,0.090909,0.0,0.181818,0.045455,0.0,0.022727,0.090909,0.0,0.022727,0.045455,0.090909,0.045455,0.045455,0.045455,44.0,2.554732,8.847528,0.090909,0.0,0.068182,0.022727,0.0,-0.493182,0.295455,0.090909,1.126136
Negative_F1291,0,0.208333,0.083333,0.083333,0.0,0.083333,0.083333,0.0,0.041667,0.083333,0.0,0.041667,0.041667,0.125,0.0,0.0,24.0,2.50341,9.503945,0.083333,0.041667,0.0,0.0,0.0,1.179167,0.583333,0.083333,-0.4475
Negative_F1220,0,0.071429,0.0,0.142857,0.0,0.142857,0.214286,0.0,0.142857,0.0,0.0,0.0,0.071429,0.0,0.0,0.0,14.0,0.552888,8.590944,0.142857,0.0,0.0,0.071429,0.0,0.628571,0.571429,0.142857,0.235714
Negative_F554,0,0.054054,0.162162,0.081081,0.162162,0.027027,0.027027,0.0,0.054054,0.027027,0.054054,0.027027,0.027027,0.0,0.0,0.054054,37.0,6.476018,9.692451,0.027027,0.162162,0.054054,0.0,0.0,-0.651351,0.243243,0.135135,2.683243
Negative_F1745,0,0.153846,0.0,0.0,0.153846,0.0,0.0,0.0,0.076923,0.0,0.0,0.0,0.076923,0.0,0.076923,0.076923,13.0,-3.445098,4.050028,0.076923,0.0,0.0,0.230769,0.076923,-1.653846,0.307692,0.153846,3.08
Negative_F2226,0,0.0,0.0,0.193548,0.096774,0.193548,0.0,0.0,0.0,0.032258,0.0,0.0,0.064516,0.0,0.0,0.0,31.0,12.532322,11.999968,0.322581,0.096774,0.0,0.0,0.0,-0.416129,0.387097,0.193548,1.78
Negative_F608,0,0.08,0.0,0.04,0.16,0.0,0.12,0.0,0.0,0.0,0.0,0.04,0.04,0.12,0.04,0.04,25.0,4.579467,10.295295,0.2,0.04,0.04,0.04,0.0,-0.224,0.44,0.12,0.9036
Negative_F2079,0,0.034483,0.034483,0.0,0.137931,0.137931,0.068966,0.0,0.034483,0.034483,0.0,0.068966,0.068966,0.103448,0.034483,0.0,29.0,5.557023,10.595395,0.172414,0.034483,0.034483,0.0,0.0,0.162069,0.37931,0.034483,0.520345
Negative_F447,0,0.069767,0.186047,0.023256,0.116279,0.023256,0.069767,0.0,0.093023,0.023256,0.023256,0.046512,0.069767,0.0,0.023256,0.023256,43.0,3.386367,8.731292,0.093023,0.046512,0.023256,0.046512,0.0,-0.411628,0.232558,0.069767,1.756512
Negative_F1097,0,0.012048,0.0,0.048193,0.228916,0.012048,0.048193,0.024096,0.060241,0.096386,0.060241,0.060241,0.060241,0.036145,0.024096,0.060241,83.0,-1.348735,6.278685,0.036145,0.024096,0.036145,0.048193,0.024096,-0.884337,0.26506,0.13253,1.478916
Negative_F940,0,0.068966,0.0,0.137931,0.103448,0.0,0.068966,0.0,0.0,0.068966,0.034483,0.103448,0.103448,0.034483,0.0,0.034483,29.0,1.657756,9.528701,0.103448,0.0,0.103448,0.034483,0.0,-0.410345,0.344828,0.172414,1.058621
Negative_F1443,0,0.047619,0.095238,0.047619,0.285714,0.095238,0.190476,0.0,0.0,0.0,0.0,0.047619,0.0,0.047619,0.0,0.0,21.0,2.500929,9.390159,0.142857,0.0,0.0,0.0,0.0,1.1,0.428571,0.047619,-1.261905
Negative_F1754,0,0.096774,0.064516,0.032258,0.064516,0.064516,0.16129,0.0,0.0,0.064516,0.032258,0.064516,0.064516,0.032258,0.0,0.0,31.0,1.497258,8.787573,0.16129,0.0,0.0,0.096774,0.0,0.158065,0.387097,0.032258,0.647097
Negative_F1548,0,0.032609,0.130435,0.054348,0.119565,0.021739,0.021739,0.0,0.01087,0.163043,0.043478,0.065217,0.032609,0.065217,0.01087,0.032609,92.0,0.632518,7.821321,0.043478,0.054348,0.01087,0.043478,0.043478,-0.388043,0.23913,0.097826,1.398152
Negative_F1693,0,0.049587,0.066116,0.033058,0.057851,0.041322,0.066116,0.008264,0.07438,0.024793,0.041322,0.057851,0.057851,0.049587,0.033058,0.033058,121.0,8.400359,9.283463,0.107438,0.07438,0.016529,0.07438,0.033058,-0.801653,0.31405,0.099174,2.576942
Negative_F1509,0,0.04,0.0,0.026667,0.146667,0.066667,0.04,0.0,0.066667,0.106667,0.04,0.066667,0.053333,0.026667,0.053333,0.013333,75.0,0.390448,8.151979,0.066667,0.04,0.053333,0.04,0.053333,-0.985333,0.266667,0.093333,1.910667
Negative_F2341,0,0.071429,0.071429,0.0,0.0,0.142857,0.071429,0.071429,0.0,0.0,0.0,0.071429,0.0,0.071429,0.0,0.0,14.0,5.525357,11.735067,0.214286,0.214286,0.0,0.0,0.0,-0.2,0.428571,0.0,2.897857
Negative_F1520,0,0.09375,0.0,0.0625,0.09375,0.0625,0.0625,0.0,0.03125,0.03125,0.09375,0.0,0.0,0.09375,0.03125,0.0,32.0,1.658624,9.526832,0.125,0.03125,0.09375,0.09375,0.0,-0.553125,0.40625,0.09375,1.630625
Negative_F2123,0,0.020408,0.163265,0.061224,0.061224,0.0,0.040816,0.020408,0.061224,0.020408,0.020408,0.122449,0.020408,0.061224,0.0,0.0,49.0,4.462486,8.92373,0.102041,0.081633,0.061224,0.020408,0.061224,-0.634694,0.204082,0.061224,2.670816
Negative_F1569,0,0.065693,0.043796,0.065693,0.051095,0.021898,0.080292,0.0,0.007299,0.065693,0.080292,0.043796,0.043796,0.072993,0.014599,0.007299,137.0,2.693127,8.597649,0.072993,0.087591,0.036496,0.029197,0.109489,-0.679562,0.328467,0.087591,2.387591
Negative_F1872,0,0.05,0.133333,0.033333,0.1,0.066667,0.033333,0.0,0.066667,0.033333,0.033333,0.033333,0.066667,0.016667,0.0,0.016667,60.0,6.51767,9.132027,0.183333,0.016667,0.033333,0.033333,0.05,-0.713333,0.216667,0.05,1.953167
Negative_F394,0,0.029412,0.0,0.088235,0.147059,0.088235,0.117647,0.0,0.0,0.0,0.088235,0.0,0.0,0.029412,0.0,0.0,34.0,3.545467,9.872382,0.205882,0.058824,0.0,0.0,0.147059,-0.682353,0.352941,0.088235,1.924412
Negative_F732,0,0.083333,0.083333,0.083333,0.0,0.25,0.083333,0.0,0.083333,0.0,0.0,0.083333,0.0,0.0,0.0,0.0,12.0,-2.428857,4.353094,0.0,0.0,0.083333,0.083333,0.083333,0.825,0.5,0.083333,0.373333
Negative_F1567,0,0.0,0.0,0.0,0.0,0.0,0.25,0.0,0.083333,0.166667,0.0,0.25,0.0,0.083333,0.0,0.083333,12.0,0.552442,8.59088,0.083333,0.0,0.0,0.0,0.0,0.108333,0.416667,0.083333,0.310833
Negative_F1781,0,0.084211,0.021053,0.063158,0.073684,0.063158,0.084211,0.010526,0.052632,0.042105,0.021053,0.031579,0.094737,0.084211,0.021053,0.021053,95.0,-2.500489,4.955076,0.052632,0.052632,0.0,0.073684,0.052632,-0.017895,0.431579,0.105263,1.322316
Negative_F1534,0,0.067485,0.01227,0.042945,0.153374,0.042945,0.08589,0.02454,0.04908,0.01227,0.03681,0.07362,0.055215,0.055215,0.018405,0.030675,163.0,4.344025,9.227118,0.08589,0.03681,0.02454,0.067485,0.02454,-0.366258,0.368098,0.092025,1.454663
Negative_F2455,0,0.088235,0.058824,0.029412,0.088235,0.058824,0.117647,0.0,0.029412,0.0,0.0,0.029412,0.205882,0.117647,0.0,0.0,34.0,3.194621,9.697737,0.117647,0.029412,0.0,0.029412,0.0,0.594118,0.411765,0.029412,0.423529
Negative_F2150,0,0.0,0.0,0.0,0.0,0.058824,0.294118,0.0,0.117647,0.117647,0.117647,0.0,0.058824,0.058824,0.0,0.058824,17.0,-1.407306,5.24018,0.0,0.0,0.058824,0.0,0.058824,0.105882,0.470588,0.058824,0.292941
Negative_F2361,0,0.0,0.307692,0.076923,0.076923,0.0,0.076923,0.0,0.076923,0.0,0.038462,0.076923,0.0,0.0,0.038462,0.038462,26.0,3.390485,8.753082,0.076923,0.076923,0.038462,0.0,0.0,-0.073077,0.230769,0.153846,1.581154
Negative_F176,0,0.1,0.15,0.0,0.175,0.025,0.1,0.0,0.1,0.0,0.0,0.05,0.05,0.05,0.0,0.025,40.0,2.529395,8.692933,0.025,0.075,0.05,0.025,0.0,0.0475,0.3,0.025,1.32025
Negative_F733,0,0.133333,0.0,0.044444,0.088889,0.066667,0.044444,0.022222,0.111111,0.0,0.155556,0.044444,0.088889,0.022222,0.022222,0.088889,45.0,1.629395,9.310927,0.044444,0.0,0.022222,0.0,0.0,-0.477778,0.444444,0.155556,1.144
Negative_F1928,0,0.029412,0.0,0.117647,0.147059,0.147059,0.088235,0.0,0.029412,0.029412,0.029412,0.029412,0.0,0.0,0.0,0.0,34.0,9.557623,11.999968,0.0,0.323529,0.0,0.029412,0.0,-0.514706,0.382353,0.117647,3.842059
Negative_F2449,0,0.105263,0.0,0.105263,0.052632,0.105263,0.210526,0.0,0.0,0.052632,0.0,0.210526,0.0,0.052632,0.0,0.0,19.0,0.591574,8.757208,0.052632,0.0,0.052632,0.0,0.0,1.331579,0.578947,0.105263,-1.066842
Negative_F1597,0,0.037975,0.075949,0.037975,0.063291,0.088608,0.050633,0.050633,0.025316,0.050633,0.012658,0.050633,0.063291,0.063291,0.0,0.0,79.0,-4.529051,5.06631,0.126582,0.0,0.025316,0.063291,0.113924,-0.201266,0.329114,0.037975,1.322911
Negative_F1377,0,0.0,0.148148,0.074074,0.0,0.074074,0.074074,0.037037,0.037037,0.074074,0.0,0.148148,0.037037,0.111111,0.037037,0.0,27.0,3.152634,9.371205,0.037037,0.111111,0.0,0.0,0.0,0.659259,0.407407,0.111111,0.946667
Negative_F111,0,0.083333,0.041667,0.041667,0.166667,0.041667,0.0,0.0,0.083333,0.020833,0.041667,0.145833,0.041667,0.104167,0.020833,0.041667,48.0,3.465167,9.695545,0.041667,0.0625,0.0,0.0,0.020833,-0.277083,0.333333,0.104167,1.539167
Negative_F949,0,0.25,0.0,0.0,0.178571,0.071429,0.107143,0.0,0.035714,0.0,0.035714,0.035714,0.035714,0.035714,0.035714,0.0,28.0,0.552178,8.497852,0.107143,0.0,0.0,0.0,0.071429,0.253571,0.5,0.035714,0.002857
Negative_F392,0,0.052632,0.0,0.105263,0.0,0.052632,0.105263,0.0,0.052632,0.0,0.052632,0.052632,0.0,0.052632,0.0,0.0,19.0,4.594311,10.295359,0.315789,0.052632,0.0,0.052632,0.052632,-1.0,0.368421,0.105263,2.776842
Negative_F655,0,0.116279,0.046512,0.0,0.162791,0.069767,0.046512,0.0,0.116279,0.0,0.0,0.139535,0.046512,0.046512,0.046512,0.046512,43.0,2.493859,9.189984,0.093023,0.0,0.0,0.023256,0.0,-0.151163,0.372093,0.093023,0.800233
Negative_F699,0,0.081081,0.162162,0.0,0.162162,0.054054,0.027027,0.0,0.054054,0.054054,0.054054,0.081081,0.0,0.054054,0.0,0.081081,37.0,3.48235,8.888595,0.081081,0.027027,0.027027,0.0,0.0,-0.1,0.297297,0.081081,0.800541
Negative_F2364,0,0.090909,0.0,0.136364,0.090909,0.136364,0.0,0.045455,0.0,0.0,0.090909,0.045455,0.0,0.045455,0.0,0.0,22.0,1.593661,10.73729,0.045455,0.136364,0.045455,0.090909,0.0,-0.209091,0.454545,0.136364,2.331818
Negative_F1368,0,0.125,0.083333,0.125,0.0,0.125,0.125,0.0,0.041667,0.083333,0.0,0.041667,0.041667,0.041667,0.0,0.0,24.0,3.498424,9.701283,0.166667,0.0,0.0,0.0,0.0,1.004167,0.541667,0.125,-0.653333
Negative_F480,0,0.071429,0.0,0.071429,0.071429,0.071429,0.285714,0.0,0.142857,0.0,0.0,0.0,0.071429,0.071429,0.0,0.0,14.0,1.552442,10.002737,0.142857,0.0,0.0,0.0,0.0,0.9,0.571429,0.071429,-0.53
Negative_F2248,0,0.069767,0.0,0.069767,0.069767,0.023256,0.116279,0.0,0.023256,0.046512,0.046512,0.023256,0.023256,0.046512,0.0,0.069767,43.0,15.52969,11.999968,0.186047,0.186047,0.0,0.0,0.0,-0.972093,0.395349,0.139535,3.094884
Negative_F1033,0,0.0,0.206897,0.0,0.068966,0.068966,0.068966,0.034483,0.034483,0.0,0.0,0.034483,0.0,0.0,0.034483,0.0,29.0,1.554331,8.367755,0.068966,0.172414,0.034483,0.103448,0.068966,-0.810345,0.206897,0.034483,3.664138
Negative_F1618,0,0.090909,0.0,0.090909,0.0,0.363636,0.0,0.0,0.0,0.0,0.090909,0.181818,0.090909,0.0,0.0,0.0,11.0,0.557428,9.750021,0.0,0.090909,0.0,0.0,0.0,1.118182,0.545455,0.090909,0.487273
Negative_F353,0,0.0,0.205128,0.025641,0.205128,0.025641,0.025641,0.0,0.051282,0.076923,0.025641,0.025641,0.025641,0.0,0.025641,0.076923,39.0,4.461182,8.938171,0.025641,0.102564,0.076923,0.0,0.0,-0.646154,0.179487,0.128205,1.83359
Negative_F911,0,0.071429,0.035714,0.035714,0.107143,0.107143,0.107143,0.0,0.0,0.142857,0.0,0.035714,0.035714,0.035714,0.0,0.0,28.0,2.615732,10.046124,0.071429,0.107143,0.035714,0.071429,0.0,-0.092857,0.357143,0.035714,1.416786
Negative_F1450,0,0.162162,0.054054,0.081081,0.081081,0.027027,0.135135,0.0,0.054054,0.0,0.027027,0.054054,0.054054,0.027027,0.0,0.0,37.0,4.188924,9.699349,0.189189,0.0,0.0,0.0,0.054054,0.078378,0.432432,0.081081,0.661892
Negative_F2424,0,0.217391,0.086957,0.0,0.043478,0.086957,0.0,0.0,0.0,0.043478,0.0,0.304348,0.086957,0.043478,0.043478,0.043478,23.0,-0.798284,5.235974,0.0,0.0,0.0,0.0,0.0,0.695652,0.434783,0.086957,0.013913
Negative_F536,0,0.0,0.0,0.185185,0.0,0.0,0.148148,0.0,0.0,0.111111,0.111111,0.037037,0.0,0.0,0.037037,0.0,27.0,2.594136,11.417689,0.037037,0.185185,0.037037,0.037037,0.074074,-1.033333,0.37037,0.222222,3.342963
Negative_F2417,0,0.166667,0.083333,0.083333,0.041667,0.083333,0.125,0.0,0.0,0.041667,0.0,0.125,0.0,0.083333,0.0,0.0,24.0,3.498424,9.701283,0.166667,0.0,0.0,0.0,0.0,1.108333,0.541667,0.083333,-0.7075
Negative_F520,0,0.162162,0.054054,0.054054,0.162162,0.054054,0.135135,0.027027,0.027027,0.0,0.027027,0.027027,0.081081,0.0,0.0,0.0,37.0,3.533665,9.595426,0.135135,0.0,0.027027,0.0,0.027027,0.345946,0.432432,0.054054,0.018919
Negative_F2324,0,0.025,0.0,0.025,0.2,0.1,0.125,0.025,0.0,0.05,0.075,0.025,0.0,0.0,0.0,0.0,40.0,12.57887,11.999968,0.15,0.175,0.025,0.0,0.0,-0.8075,0.3,0.025,2.587
Negative_F1938,0,0.064103,0.051282,0.025641,0.051282,0.064103,0.038462,0.038462,0.051282,0.051282,0.064103,0.051282,0.025641,0.076923,0.012821,0.025641,78.0,4.54612,9.185858,0.128205,0.038462,0.038462,0.038462,0.064103,-0.619231,0.346154,0.064103,1.934103
Negative_F617,0,0.0,0.0,0.0,0.166667,0.111111,0.277778,0.0,0.0,0.111111,0.0,0.055556,0.0,0.111111,0.0,0.0,18.0,-1.440719,4.856574,0.055556,0.0,0.0,0.0,0.111111,1.127778,0.5,0.0,-1.265
Negative_F2060,0,0.133333,0.0,0.0,0.0,0.266667,0.0,0.066667,0.133333,0.0,0.0,0.066667,0.0,0.0,0.066667,0.0,15.0,3.54743,10.47774,0.266667,0.0,0.0,0.0,0.0,-0.053333,0.533333,0.066667,0.726667
Negative_F594,0,0.12,0.0,0.08,0.08,0.04,0.12,0.04,0.0,0.08,0.0,0.04,0.04,0.16,0.0,0.0,25.0,0.626815,8.605578,0.08,0.0,0.08,0.0,0.04,0.896,0.56,0.08,-0.7304
Negative_F282,0,0.116279,0.139535,0.023256,0.116279,0.023256,0.069767,0.0,0.046512,0.0,0.0,0.046512,0.023256,0.116279,0.0,0.023256,43.0,3.404648,8.919604,0.069767,0.093023,0.023256,0.046512,0.023256,0.17907,0.372093,0.046512,1.482326
Negative_F1422,0,0.0,0.117647,0.117647,0.0,0.176471,0.176471,0.0,0.0,0.117647,0.0,0.0,0.058824,0.058824,0.0,0.0,17.0,2.500929,9.390159,0.176471,0.0,0.0,0.0,0.0,1.417647,0.529412,0.117647,-1.344706
Negative_F1272,0,0.051948,0.0,0.0,0.155844,0.012987,0.012987,0.012987,0.051948,0.025974,0.051948,0.064935,0.051948,0.051948,0.038961,0.038961,77.0,1.356527,9.292811,0.038961,0.142857,0.038961,0.090909,0.064935,-1.662338,0.220779,0.077922,4.057143
Negative_F1808,0,0.065217,0.086957,0.021739,0.065217,0.021739,0.043478,0.043478,0.086957,0.043478,0.021739,0.108696,0.108696,0.021739,0.021739,0.065217,46.0,1.252272,8.476255,0.021739,0.065217,0.043478,0.0,0.043478,-0.580435,0.304348,0.108696,2.031304
Negative_F1795,0,0.0,0.0,0.0625,0.1875,0.0625,0.3125,0.0,0.0,0.0625,0.0,0.0,0.0,0.1875,0.0,0.0,16.0,1.552442,10.002737,0.125,0.0,0.0,0.0,0.0,1.76875,0.625,0.0625,-2.27125
Negative_F187,0,0.029412,0.176471,0.0,0.029412,0.029412,0.176471,0.0,0.0,0.0,0.088235,0.058824,0.029412,0.058824,0.0,0.058824,34.0,3.438504,8.9207,0.058824,0.117647,0.029412,0.029412,0.029412,0.020588,0.352941,0.058824,1.890882
Negative_F288,0,0.0,0.0,0.0625,0.03125,0.0625,0.125,0.03125,0.09375,0.21875,0.0,0.0,0.03125,0.0,0.03125,0.0625,32.0,1.549369,9.522577,0.0625,0.09375,0.0,0.0625,0.03125,-0.825,0.375,0.15625,1.930625
Negative_F257,0,0.052632,0.0,0.0,0.210526,0.263158,0.105263,0.0,0.052632,0.0,0.0,0.0,0.0,0.105263,0.0,0.0,19.0,1.552863,9.994292,0.105263,0.052632,0.0,0.052632,0.0,1.021053,0.526316,0.0,-0.353158
Negative_F909,0,0.15,0.1,0.05,0.05,0.1,0.15,0.0,0.05,0.05,0.05,0.0,0.1,0.05,0.0,0.05,20.0,0.503435,8.045284,0.05,0.0,0.0,0.0,0.0,1.11,0.55,0.1,-0.877
Negative_F2301,0,0.03125,0.0,0.0625,0.15625,0.125,0.0625,0.0,0.03125,0.0,0.03125,0.03125,0.0625,0.0,0.0625,0.0,32.0,10.203155,11.999968,0.0625,0.28125,0.0,0.0,0.0,-0.884375,0.34375,0.125,3.732813
Negative_F541,0,0.130435,0.0,0.0,0.130435,0.173913,0.173913,0.0,0.043478,0.043478,0.0,0.086957,0.043478,0.0,0.043478,0.0,23.0,2.602766,11.166392,0.086957,0.043478,0.0,0.0,0.0,0.730435,0.521739,0.043478,-0.343913
Negative_F2391,0,0.056338,0.070423,0.014085,0.042254,0.014085,0.028169,0.042254,0.014085,0.042254,0.014085,0.169014,0.042254,0.042254,0.028169,0.042254,71.0,8.338062,10.404117,0.014085,0.183099,0.070423,0.056338,0.014085,-1.033803,0.267606,0.084507,3.768732
Negative_F1086,0,0.02,0.16,0.06,0.1,0.0,0.0,0.02,0.08,0.08,0.0,0.04,0.08,0.06,0.0,0.06,50.0,6.376994,9.182377,0.12,0.06,0.02,0.02,0.02,-0.662,0.22,0.12,2.043
Negative_F2041,0,0.034483,0.017241,0.103448,0.051724,0.068966,0.086207,0.0,0.051724,0.017241,0.034483,0.068966,0.034483,0.034483,0.0,0.0,58.0,6.169263,10.209616,0.137931,0.12069,0.0,0.086207,0.051724,-0.815517,0.327586,0.103448,3.183621
Negative_F918,0,0.0,0.125,0.0,0.1875,0.25,0.0,0.0,0.0,0.0,0.0625,0.0625,0.0,0.0,0.0625,0.0,16.0,0.546738,8.081966,0.0,0.125,0.0625,0.0625,0.0,0.05625,0.3125,0.0625,1.548125
Negative_F2095,0,0.117647,0.0,0.058824,0.058824,0.098039,0.098039,0.039216,0.019608,0.0,0.078431,0.039216,0.039216,0.019608,0.078431,0.039216,51.0,7.295074,10.24314,0.176471,0.0,0.019608,0.0,0.019608,-0.019608,0.54902,0.176471,0.246275
Negative_F684,0,0.071429,0.071429,0.0,0.142857,0.071429,0.178571,0.035714,0.035714,0.0,0.0,0.071429,0.035714,0.035714,0.0,0.0,28.0,2.496811,9.243171,0.178571,0.0,0.0,0.071429,0.0,0.314286,0.392857,0.0,0.3725
Negative_F997,0,0.121212,0.060606,0.0,0.090909,0.030303,0.212121,0.0,0.090909,0.0,0.030303,0.121212,0.060606,0.030303,0.0,0.0,33.0,2.49887,9.307704,0.121212,0.0,0.0,0.030303,0.0,0.260606,0.393939,0.0,0.578788
Negative_F1830,0,0.051282,0.025641,0.025641,0.076923,0.0,0.076923,0.0,0.0,0.0,0.025641,0.025641,0.025641,0.128205,0.0,0.0,39.0,2.888638,9.433933,0.153846,0.025641,0.25641,0.0,0.102564,-0.994872,0.282051,0.025641,2.254103
Negative_F2117,0,0.0,0.142857,0.0,0.095238,0.047619,0.047619,0.0,0.095238,0.0,0.0,0.095238,0.047619,0.095238,0.095238,0.047619,21.0,3.473895,9.42091,0.142857,0.047619,0.0,0.0,0.0,-0.247619,0.333333,0.142857,1.240952
Negative_F1176,0,0.111111,0.111111,0.055556,0.055556,0.0,0.055556,0.0,0.111111,0.055556,0.0,0.222222,0.0,0.0,0.0,0.0,18.0,1.506337,8.955835,0.055556,0.111111,0.0,0.055556,0.0,-0.744444,0.222222,0.055556,3.109444
Negative_F1814,0,0.16,0.0,0.08,0.2,0.04,0.16,0.0,0.0,0.04,0.08,0.08,0.04,0.0,0.0,0.0,25.0,2.549936,10.302064,0.12,0.0,0.0,0.0,0.0,0.316,0.44,0.08,-0.216
Negative_F951,0,0.264706,0.0,0.029412,0.205882,0.029412,0.058824,0.0,0.029412,0.0,0.029412,0.029412,0.0,0.088235,0.058824,0.0,34.0,4.581551,10.602487,0.147059,0.0,0.029412,0.0,0.0,0.252941,0.529412,0.088235,-0.276471
Negative_F2304,0,0.044444,0.177778,0.044444,0.155556,0.022222,0.066667,0.0,0.022222,0.044444,0.044444,0.088889,0.022222,0.022222,0.0,0.022222,45.0,3.34903,8.720654,0.111111,0.044444,0.0,0.022222,0.044444,-0.253333,0.222222,0.066667,1.418667
Negative_F2220,0,0.090909,0.060606,0.0,0.121212,0.060606,0.181818,0.0,0.060606,0.0,0.030303,0.090909,0.090909,0.030303,0.0,0.0,33.0,3.496365,9.595362,0.151515,0.0,0.0,0.030303,0.0,0.206061,0.363636,0.0,0.54697
Negative_F513,0,0.107143,0.071429,0.0,0.107143,0.071429,0.142857,0.035714,0.035714,0.0,0.035714,0.0,0.071429,0.035714,0.0,0.0,28.0,1.499738,8.820838,0.142857,0.035714,0.0,0.107143,0.0,0.017857,0.392857,0.0,1.21
Negative_F2005,0,0.040541,0.054054,0.027027,0.054054,0.033784,0.141892,0.02027,0.054054,0.013514,0.006757,0.074324,0.047297,0.087838,0.02027,0.0,148.0,-5.8156,5.310945,0.101351,0.033784,0.02027,0.067568,0.101351,-0.187838,0.371622,0.047297,1.623041
Negative_F316,0,0.021277,0.12766,0.042553,0.085106,0.085106,0.042553,0.0,0.0,0.12766,0.0,0.106383,0.042553,0.021277,0.0,0.06383,47.0,4.474405,9.151497,0.021277,0.12766,0.042553,0.042553,0.0,-0.268085,0.276596,0.106383,1.949362
Negative_F2146,0,0.058824,0.0,0.058824,0.058824,0.058824,0.352941,0.0,0.0,0.058824,0.0,0.0,0.0,0.058824,0.0,0.0,17.0,2.623189,10.302128,0.176471,0.0,0.117647,0.0,0.0,0.941176,0.588235,0.058824,-1.072941
Negative_F2305,0,0.086957,0.043478,0.043478,0.173913,0.086957,0.086957,0.0,0.0,0.0,0.043478,0.043478,0.043478,0.130435,0.0,0.0,23.0,2.529009,10.053603,0.086957,0.086957,0.0,0.0,0.043478,0.486957,0.434783,0.043478,0.687826
Negative_F1361,0,0.095238,0.095238,0.095238,0.047619,0.047619,0.190476,0.0,0.0,0.047619,0.0,0.047619,0.095238,0.047619,0.0,0.0,21.0,3.503385,10.106725,0.095238,0.095238,0.0,0.0,0.0,0.814286,0.47619,0.095238,0.369524
Negative_F870,0,0.022222,0.133333,0.066667,0.111111,0.044444,0.088889,0.0,0.044444,0.022222,0.022222,0.044444,0.022222,0.022222,0.0,0.0,45.0,11.394959,10.412692,0.155556,0.155556,0.0,0.0,0.044444,-0.635556,0.244444,0.066667,2.853556
Negative_F706,0,0.142857,0.085714,0.057143,0.2,0.085714,0.085714,0.0,0.028571,0.057143,0.0,0.028571,0.057143,0.028571,0.028571,0.0,35.0,-2.516549,4.050028,0.028571,0.0,0.0,0.057143,0.028571,0.691429,0.428571,0.085714,-0.466857
Negative_F577,0,0.05,0.1,0.05,0.05,0.025,0.075,0.05,0.05,0.05,0.0,0.1,0.075,0.05,0.025,0.0,40.0,3.188999,9.368497,0.025,0.15,0.0,0.025,0.05,-0.2825,0.325,0.075,2.51575
Negative_F1410,0,0.08,0.0,0.04,0.12,0.08,0.16,0.0,0.0,0.08,0.0,0.04,0.0,0.2,0.0,0.0,25.0,-0.334053,7.024072,0.04,0.0,0.12,0.0,0.04,1.176,0.56,0.04,-1.176
Negative_F2164,0,0.09375,0.0625,0.0,0.09375,0.0625,0.125,0.0,0.09375,0.0,0.0,0.03125,0.03125,0.15625,0.0,0.0,32.0,5.544858,10.045673,0.1875,0.03125,0.0,0.0,0.03125,0.34375,0.4375,0.0,0.637187
Negative_F2400,0,0.0625,0.125,0.125,0.125,0.0,0.0,0.0625,0.0625,0.0,0.0,0.0,0.0,0.1875,0.125,0.125,16.0,-0.530867,5.481973,0.0,0.0,0.0,0.0,0.0,1.1375,0.6875,0.375,-1.52625
Negative_F2001,0,0.0,0.0,0.0,0.055556,0.111111,0.055556,0.0,0.111111,0.0,0.055556,0.166667,0.0,0.0,0.166667,0.0,18.0,1.664801,11.000901,0.055556,0.055556,0.166667,0.0,0.0,-1.177778,0.333333,0.166667,2.265556
Negative_F735,0,0.0,0.111111,0.037037,0.037037,0.0,0.0,0.037037,0.074074,0.037037,0.074074,0.074074,0.074074,0.148148,0.111111,0.037037,27.0,0.519134,7.968115,0.0,0.074074,0.037037,0.0,0.037037,-0.359259,0.37037,0.185185,1.647778
Negative_F1035,0,0.071429,0.0,0.035714,0.0,0.035714,0.107143,0.035714,0.107143,0.0,0.035714,0.071429,0.071429,0.071429,0.0,0.071429,28.0,2.582394,9.820936,0.107143,0.071429,0.035714,0.071429,0.0,-0.639286,0.428571,0.107143,2.484286
Negative_F779,0,0.032258,0.193548,0.0,0.064516,0.064516,0.096774,0.0,0.032258,0.064516,0.0,0.096774,0.064516,0.096774,0.0,0.064516,31.0,1.399025,8.316889,0.096774,0.0,0.0,0.0,0.032258,0.667742,0.354839,0.064516,-0.076452
Negative_F763,0,0.033333,0.2,0.033333,0.1,0.1,0.0,0.0,0.033333,0.066667,0.0,0.133333,0.033333,0.1,0.0,0.033333,30.0,1.404012,8.33378,0.066667,0.033333,0.0,0.0,0.033333,0.56,0.3,0.066667,0.453667
Negative_F13,0,0.0625,0.0,0.0625,0.1875,0.0625,0.1875,0.0,0.0,0.0,0.0,0.0625,0.0,0.1875,0.0,0.0,16.0,0.552888,8.590944,0.125,0.0,0.0,0.0625,0.0,1.2375,0.5625,0.0625,-1.011875
Negative_F453,0,0.0,0.117647,0.058824,0.117647,0.176471,0.176471,0.058824,0.0,0.0,0.0,0.058824,0.058824,0.0,0.0,0.0,17.0,1.542542,8.957189,0.058824,0.058824,0.058824,0.0,0.0,1.217647,0.470588,0.058824,-0.481765
Negative_F147,0,0.03125,0.1875,0.0625,0.0625,0.03125,0.03125,0.03125,0.03125,0.0,0.0,0.09375,0.125,0.03125,0.0,0.09375,32.0,1.527564,8.347125,0.0,0.09375,0.0625,0.0,0.03125,-0.0,0.3125,0.15625,1.714687
Negative_F1592,0,0.0,0.0,0.153846,0.076923,0.076923,0.307692,0.0,0.0,0.076923,0.0,0.153846,0.0,0.076923,0.0,0.0,13.0,0.557428,9.750021,0.0,0.076923,0.0,0.0,0.0,1.646154,0.615385,0.153846,-1.063077
Negative_F1971,0,0.116279,0.139535,0.0,0.093023,0.069767,0.093023,0.023256,0.046512,0.0,0.046512,0.069767,0.023256,0.069767,0.0,0.0,43.0,3.406058,8.938944,0.069767,0.069767,0.023256,0.046512,0.0,0.304651,0.372093,0.0,1.191628
Negative_F773,0,0.0,0.181818,0.090909,0.242424,0.030303,0.030303,0.0,0.060606,0.030303,0.0,0.030303,0.151515,0.0,0.0,0.090909,33.0,-2.595517,4.050028,0.0,0.0,0.0,0.030303,0.030303,0.142424,0.242424,0.181818,0.348485
Negative_F1476,0,0.026667,0.053333,0.04,0.013333,0.12,0.04,0.013333,0.053333,0.08,0.053333,0.053333,0.053333,0.066667,0.013333,0.013333,75.0,5.823509,9.472936,0.106667,0.08,0.013333,0.053333,0.053333,-0.517333,0.333333,0.066667,2.278667
Negative_F1383,0,0.026316,0.157895,0.052632,0.078947,0.052632,0.0,0.026316,0.026316,0.026316,0.026316,0.052632,0.078947,0.052632,0.0,0.078947,38.0,1.360544,8.286847,0.131579,0.026316,0.0,0.0,0.105263,-0.360526,0.289474,0.131579,1.538947
Negative_F1482,0,0.086614,0.031496,0.03937,0.055118,0.03937,0.094488,0.007874,0.062992,0.047244,0.03937,0.125984,0.023622,0.062992,0.015748,0.031496,127.0,14.609017,10.302902,0.086614,0.070866,0.03937,0.015748,0.023622,-0.388189,0.377953,0.086614,1.815039
Negative_F1671,0,0.043478,0.0,0.043478,0.086957,0.217391,0.043478,0.043478,0.0,0.086957,0.0,0.043478,0.086957,0.086957,0.0,0.0,23.0,2.547877,10.001383,0.173913,0.0,0.0,0.043478,0.0,0.691304,0.478261,0.043478,-0.311304
Negative_F148,0,0.0,0.157895,0.026316,0.157895,0.026316,0.078947,0.026316,0.0,0.052632,0.078947,0.052632,0.105263,0.0,0.0,0.052632,38.0,2.47654,8.675784,0.026316,0.078947,0.052632,0.026316,0.0,-0.389474,0.210526,0.078947,1.684211
Negative_F2264,0,0.0,0.157895,0.052632,0.184211,0.052632,0.078947,0.0,0.026316,0.026316,0.026316,0.052632,0.052632,0.0,0.0,0.026316,38.0,1.481548,8.337454,0.052632,0.078947,0.052632,0.0,0.078947,-0.339474,0.210526,0.078947,1.711842
Negative_F1704,0,0.076923,0.0,0.076923,0.153846,0.076923,0.0,0.0,0.0,0.0,0.076923,0.076923,0.076923,0.0,0.0,0.0,13.0,2.553512,11.000385,0.153846,0.153846,0.0,0.0,0.076923,-1.307692,0.230769,0.076923,3.666923
Negative_F404,0,0.121212,0.060606,0.0,0.121212,0.060606,0.181818,0.030303,0.030303,0.0,0.030303,0.090909,0.030303,0.030303,0.0,0.0,33.0,2.496811,9.243171,0.151515,0.0,0.0,0.060606,0.0,0.360606,0.424242,0.0,0.328182
Negative_F1301,0,0.0,0.153846,0.076923,0.0,0.076923,0.0,0.0,0.0,0.0,0.0,0.153846,0.076923,0.0,0.0,0.076923,13.0,4.151794,10.32076,0.153846,0.230769,0.0,0.0,0.0,-0.969231,0.230769,0.153846,4.223846
Negative_F1076,0,0.136364,0.0,0.045455,0.136364,0.090909,0.090909,0.045455,0.045455,0.0,0.0,0.0,0.045455,0.136364,0.0,0.0,22.0,0.601853,8.54111,0.136364,0.0,0.0,0.045455,0.045455,0.690909,0.545455,0.045455,-0.181364
Negative_F2439,0,0.0,0.114286,0.028571,0.057143,0.057143,0.057143,0.057143,0.028571,0.171429,0.0,0.0,0.057143,0.028571,0.0,0.0,35.0,5.248418,9.695739,0.142857,0.085714,0.057143,0.057143,0.0,-0.694286,0.228571,0.028571,2.075714
Negative_F1742,0,0.269231,0.0,0.038462,0.038462,0.038462,0.153846,0.0,0.0,0.038462,0.038462,0.038462,0.038462,0.038462,0.038462,0.038462,26.0,4.508117,10.301484,0.192308,0.0,0.0,0.0,0.0,0.407692,0.615385,0.115385,-0.313846
Negative_F1105,0,0.1,0.033333,0.1,0.166667,0.033333,0.033333,0.0,0.0,0.0,0.033333,0.1,0.033333,0.066667,0.033333,0.0,30.0,4.632781,10.479416,0.133333,0.033333,0.1,0.0,0.0,-0.206667,0.366667,0.133333,0.960333
Negative_F1608,0,0.055556,0.0,0.111111,0.111111,0.0,0.055556,0.0,0.0,0.0,0.055556,0.055556,0.055556,0.0,0.111111,0.0,18.0,3.587633,11.097217,0.166667,0.111111,0.055556,0.0,0.055556,-1.322222,0.333333,0.222222,2.791111
Negative_F398,0,0.043478,0.0,0.086957,0.173913,0.173913,0.130435,0.0,0.0,0.0,0.0,0.043478,0.0,0.130435,0.0,0.0,23.0,0.703934,9.775035,0.0,0.043478,0.173913,0.0,0.0,1.291304,0.565217,0.086957,-0.918696
Negative_F2014,0,0.04,0.0,0.12,0.0,0.04,0.12,0.04,0.0,0.0,0.04,0.12,0.0,0.08,0.04,0.0,25.0,3.589861,11.553847,0.08,0.16,0.04,0.08,0.0,-0.256,0.48,0.16,2.6172
Negative_F519,0,0.125,0.0,0.125,0.083333,0.041667,0.166667,0.0,0.0,0.041667,0.0,0.166667,0.0,0.0,0.041667,0.0,24.0,2.549146,10.001383,0.166667,0.0,0.0,0.041667,0.0,0.329167,0.5,0.166667,0.055833
Negative_F1127,0,0.234375,0.0625,0.0,0.140625,0.125,0.015625,0.03125,0.015625,0.03125,0.0,0.0625,0.046875,0.03125,0.03125,0.03125,64.0,1.488656,8.504428,0.03125,0.046875,0.015625,0.015625,0.03125,0.53125,0.5,0.0625,0.135
Negative_F1793,0,0.0,0.071429,0.142857,0.035714,0.178571,0.0,0.0,0.0,0.071429,0.035714,0.071429,0.0,0.071429,0.0,0.0,28.0,8.485896,10.321276,0.321429,0.0,0.0,0.0,0.0,0.117857,0.392857,0.142857,0.506786
Negative_F2326,0,0.090909,0.0,0.090909,0.090909,0.090909,0.030303,0.0,0.0,0.0,0.0,0.030303,0.030303,0.060606,0.060606,0.0,33.0,8.238868,11.999968,0.090909,0.242424,0.030303,0.030303,0.030303,-0.693939,0.424242,0.151515,3.410909
Negative_F308,0,0.08,0.0,0.04,0.12,0.04,0.2,0.0,0.0,0.04,0.04,0.08,0.0,0.08,0.04,0.0,25.0,5.542419,10.699318,0.24,0.0,0.0,0.0,0.0,0.244,0.48,0.08,-0.1484
Negative_F647,0,0.105263,0.0,0.0,0.184211,0.105263,0.052632,0.0,0.052632,0.026316,0.026316,0.0,0.026316,0.105263,0.0,0.026316,38.0,6.614237,10.728974,0.157895,0.052632,0.052632,0.0,0.026316,-0.252632,0.394737,0.026316,1.086842
Negative_F656,0,0.093023,0.046512,0.0,0.186047,0.023256,0.023256,0.023256,0.186047,0.0,0.0,0.046512,0.046512,0.069767,0.069767,0.046512,43.0,1.569618,8.789249,0.069767,0.0,0.046512,0.023256,0.0,-0.606977,0.348837,0.116279,1.195581
Negative_F1396,0,0.0,0.214286,0.035714,0.107143,0.107143,0.0,0.035714,0.0,0.071429,0.0,0.142857,0.0,0.071429,0.035714,0.035714,28.0,-0.595517,6.028707,0.071429,0.0,0.0,0.035714,0.035714,0.607143,0.321429,0.107143,-0.0225
Negative_F2356,0,0.0,0.0,0.0,0.153846,0.0,0.615385,0.0,0.0,0.0,0.0,0.153846,0.0,0.0,0.0,0.0,13.0,0.554947,8.750052,0.076923,0.0,0.0,0.0,0.0,1.853846,0.615385,0.0,-2.222308
Negative_F1398,0,0.140845,0.042254,0.028169,0.28169,0.042254,0.084507,0.042254,0.028169,0.014085,0.0,0.042254,0.042254,0.070423,0.0,0.028169,71.0,-0.341336,6.976156,0.028169,0.014085,0.028169,0.014085,0.028169,0.580282,0.43662,0.056338,-0.409577
Negative_F1423,0,0.061224,0.163265,0.061224,0.081633,0.020408,0.040816,0.020408,0.061224,0.020408,0.040816,0.102041,0.040816,0.020408,0.0,0.020408,49.0,4.385631,8.909676,0.102041,0.061224,0.020408,0.020408,0.040816,-0.45102,0.244898,0.081633,2.107551
Negative_F892,0,0.107143,0.071429,0.0,0.107143,0.035714,0.142857,0.071429,0.071429,0.0,0.035714,0.0,0.107143,0.035714,0.0,0.0,28.0,1.499317,8.821225,0.142857,0.0,0.0,0.071429,0.0,0.060714,0.392857,0.0,0.786429
Negative_F160,0,0.0,0.09375,0.09375,0.078125,0.046875,0.15625,0.03125,0.0,0.0625,0.03125,0.109375,0.0,0.09375,0.015625,0.015625,64.0,4.206852,9.211839,0.015625,0.09375,0.03125,0.03125,0.0,0.7,0.453125,0.125,0.49
Negative_F46,0,0.148148,0.0,0.0,0.185185,0.074074,0.185185,0.0,0.0,0.0,0.0,0.074074,0.074074,0.0,0.0,0.037037,27.0,2.582672,9.825643,0.148148,0.0,0.037037,0.0,0.037037,0.244444,0.444444,0.037037,-0.023333
Negative_F2330,0,0.097826,0.119565,0.021739,0.097826,0.054348,0.043478,0.021739,0.01087,0.021739,0.043478,0.108696,0.086957,0.054348,0.021739,0.0,92.0,-1.9743,5.691311,0.01087,0.076087,0.01087,0.032609,0.065217,0.021739,0.315217,0.043478,1.591304
Negative_F1824,0,0.029412,0.176471,0.058824,0.058824,0.058824,0.117647,0.0,0.029412,0.0,0.0,0.029412,0.058824,0.058824,0.0,0.029412,34.0,5.474009,9.379006,0.088235,0.117647,0.058824,0.029412,0.0,0.223529,0.352941,0.088235,1.610588
Negative_F79,0,0.076923,0.0,0.153846,0.0,0.0,0.384615,0.0,0.0,0.076923,0.0,0.076923,0.076923,0.076923,0.0,0.0,13.0,0.554947,8.750052,0.076923,0.0,0.0,0.0,0.0,1.815385,0.692308,0.153846,-1.914615
Negative_F1940,0,0.0,0.0,0.142857,0.142857,0.071429,0.285714,0.0,0.0,0.071429,0.0,0.0,0.0,0.0,0.142857,0.0,14.0,1.557403,11.999968,0.0,0.142857,0.0,0.0,0.0,0.864286,0.642857,0.285714,-0.518571
Negative_F2052,0,0.0,0.0,0.0,0.214286,0.214286,0.142857,0.0,0.0,0.0,0.0,0.071429,0.0,0.071429,0.071429,0.0,14.0,0.553562,8.591073,0.142857,0.0,0.0,0.0,0.071429,0.792857,0.5,0.071429,-0.891429
Negative_F1501,0,0.083333,0.166667,0.027778,0.138889,0.027778,0.055556,0.0,0.055556,0.0,0.0,0.166667,0.083333,0.111111,0.0,0.0,36.0,0.374721,7.753486,0.027778,0.027778,0.0,0.0,0.027778,0.675,0.305556,0.027778,0.471111
Negative_F913,0,0.0,0.0,0.071429,0.214286,0.071429,0.142857,0.0,0.071429,0.142857,0.0,0.142857,0.0,0.0,0.0,0.0,14.0,1.554922,11.000837,0.071429,0.071429,0.0,0.0,0.0,-0.214286,0.285714,0.071429,0.953571
Negative_F1006,0,0.125,0.083333,0.083333,0.041667,0.083333,0.166667,0.0,0.0,0.083333,0.0,0.041667,0.041667,0.083333,0.0,0.0,24.0,3.498424,9.701283,0.166667,0.0,0.0,0.0,0.0,1.1625,0.541667,0.083333,-1.013333
Negative_F277,0,0.114286,0.0,0.028571,0.114286,0.114286,0.028571,0.0,0.0,0.028571,0.028571,0.0,0.057143,0.142857,0.028571,0.0,35.0,5.583043,11.122295,0.142857,0.085714,0.028571,0.028571,0.028571,0.017143,0.457143,0.057143,1.207714
Negative_F2138,0,0.047619,0.0,0.047619,0.190476,0.142857,0.190476,0.0,0.047619,0.0,0.0,0.095238,0.0,0.0,0.0,0.0,21.0,4.544925,10.602487,0.238095,0.0,0.0,0.0,0.0,0.338095,0.428571,0.047619,-0.085714
Negative_F1589,0,0.153846,0.0,0.153846,0.0,0.076923,0.153846,0.0,0.076923,0.0,0.0,0.153846,0.076923,0.0,0.076923,0.0,13.0,0.554947,8.750052,0.076923,0.0,0.0,0.0,0.0,0.823077,0.615385,0.230769,-0.393077
Negative_F1899,0,0.21875,0.0,0.0,0.109375,0.140625,0.078125,0.0,0.03125,0.0,0.0,0.0625,0.09375,0.09375,0.015625,0.046875,64.0,4.535349,9.903843,0.09375,0.0,0.0,0.015625,0.0,0.953125,0.59375,0.0625,-0.666094
Negative_F2093,0,0.184211,0.0,0.026316,0.157895,0.026316,0.052632,0.026316,0.0,0.026316,0.026316,0.078947,0.0,0.052632,0.0,0.0,38.0,8.343454,11.999968,0.157895,0.105263,0.052632,0.026316,0.0,-0.615789,0.368421,0.026316,2.112632
Negative_F671,0,0.076923,0.0,0.153846,0.076923,0.076923,0.307692,0.0,0.0,0.076923,0.0,0.076923,0.0,0.076923,0.0,0.0,13.0,0.554947,8.750052,0.076923,0.0,0.0,0.0,0.0,1.892308,0.692308,0.153846,-2.184615
Negative_F253,0,0.105263,0.0,0.052632,0.210526,0.157895,0.052632,0.0,0.052632,0.0,0.0,0.0,0.0,0.157895,0.0,0.0,19.0,1.552863,9.994292,0.105263,0.052632,0.0,0.052632,0.0,0.810526,0.526316,0.052632,-0.041053
Negative_F1676,0,0.081081,0.0,0.081081,0.162162,0.162162,0.027027,0.027027,0.108108,0.027027,0.027027,0.0,0.054054,0.054054,0.0,0.054054,37.0,2.196286,9.821903,0.081081,0.027027,0.0,0.027027,0.0,0.262162,0.486486,0.135135,0.349459
Negative_F1806,0,0.038462,0.307692,0.076923,0.076923,0.038462,0.038462,0.0,0.076923,0.0,0.038462,0.076923,0.0,0.0,0.038462,0.0,26.0,3.39051,8.753211,0.115385,0.038462,0.038462,0.0,0.0,0.096154,0.230769,0.115385,1.145769
Negative_F54,0,0.125,0.083333,0.125,0.041667,0.083333,0.208333,0.0,0.041667,0.083333,0.0,0.0,0.041667,0.0,0.0,0.0,24.0,3.500904,9.850656,0.125,0.041667,0.0,0.0,0.0,0.95,0.541667,0.125,-0.480417
Negative_F1967,0,0.14876,0.099174,0.016529,0.07438,0.024793,0.07438,0.008264,0.049587,0.033058,0.008264,0.033058,0.033058,0.033058,0.008264,0.07438,121.0,8.978632,9.061241,0.132231,0.041322,0.016529,0.041322,0.049587,-0.400826,0.38843,0.099174,1.532727
Negative_F156,0,0.0,0.32,0.08,0.08,0.08,0.0,0.04,0.0,0.04,0.0,0.04,0.08,0.0,0.0,0.0,25.0,1.430089,8.220057,0.08,0.04,0.08,0.04,0.0,0.388,0.2,0.08,0.8932
Negative_F2144,0,0.119048,0.0,0.047619,0.071429,0.047619,0.047619,0.02381,0.047619,0.047619,0.0,0.02381,0.142857,0.047619,0.0,0.071429,42.0,-0.452857,6.741411,0.095238,0.02381,0.02381,0.02381,0.095238,-0.466667,0.404762,0.119048,1.48381
Negative_F1452,0,0.125,0.083333,0.083333,0.0,0.041667,0.125,0.0,0.041667,0.041667,0.0,0.041667,0.125,0.125,0.0,0.0,24.0,3.498424,9.701283,0.166667,0.0,0.0,0.0,0.0,0.870833,0.5,0.083333,-0.241667
Negative_F2454,0,0.393939,0.0,0.0,0.090909,0.060606,0.030303,0.030303,0.030303,0.0,0.0,0.060606,0.0,0.030303,0.030303,0.0,33.0,3.543987,10.000932,0.181818,0.0,0.0,0.030303,0.030303,0.142424,0.575758,0.030303,0.37697
Negative_F476,0,0.166667,0.083333,0.083333,0.041667,0.083333,0.208333,0.0,0.0,0.083333,0.0,0.0,0.041667,0.041667,0.0,0.0,24.0,3.498424,9.701283,0.166667,0.0,0.0,0.0,0.0,1.254167,0.583333,0.083333,-1.267083
Negative_F1046,0,0.081081,0.054054,0.054054,0.162162,0.081081,0.135135,0.027027,0.027027,0.0,0.0,0.054054,0.027027,0.054054,0.0,0.0,37.0,4.492474,9.700445,0.189189,0.0,0.0,0.027027,0.027027,0.440541,0.432432,0.054054,0.027297
Negative_F1316,0,0.137931,0.068966,0.034483,0.034483,0.034483,0.103448,0.068966,0.103448,0.0,0.0,0.0,0.103448,0.068966,0.0,0.0,29.0,2.496811,9.243171,0.172414,0.0,0.0,0.068966,0.0,0.124138,0.448276,0.034483,0.918621
Negative_F445,0,0.095238,0.0,0.047619,0.095238,0.190476,0.095238,0.047619,0.0,0.095238,0.0,0.047619,0.0,0.047619,0.0,0.047619,21.0,0.587009,8.505008,0.095238,0.0,0.047619,0.047619,0.0,0.833333,0.571429,0.095238,-0.779524
Negative_F2029,0,0.021277,0.170213,0.06383,0.12766,0.0,0.0,0.0,0.06383,0.021277,0.0,0.06383,0.06383,0.042553,0.0,0.021277,47.0,7.499975,9.490278,0.06383,0.148936,0.085106,0.0,0.042553,-0.951064,0.148936,0.085106,3.332128
Negative_F1506,0,0.0,0.052632,0.0,0.263158,0.105263,0.105263,0.157895,0.0,0.0,0.0,0.0,0.052632,0.0,0.0,0.0,19.0,2.531489,10.763593,0.052632,0.157895,0.0,0.0,0.052632,0.063158,0.368421,0.0,1.42
Negative_F1198,0,0.068966,0.057471,0.045977,0.057471,0.045977,0.068966,0.011494,0.045977,0.068966,0.022989,0.057471,0.068966,0.126437,0.0,0.022989,87.0,-2.768519,5.548247,0.034483,0.057471,0.022989,0.045977,0.068966,0.050575,0.390805,0.068966,1.342299
Negative_F2031,0,0.02439,0.146341,0.0,0.170732,0.0,0.0,0.0,0.04878,0.02439,0.0,0.073171,0.02439,0.04878,0.04878,0.073171,41.0,-0.525493,6.948305,0.073171,0.04878,0.073171,0.073171,0.04878,-1.043902,0.195122,0.121951,2.388049
Negative_F533,0,0.0,0.0,0.0,0.0,0.053191,0.138298,0.0,0.0,0.446809,0.021277,0.021277,0.0,0.0,0.0,0.0,94.0,29.551738,11.999968,0.021277,0.297872,0.0,0.0,0.0,-1.464894,0.191489,0.0,3.810426
Negative_F2099,0,0.0,0.181818,0.030303,0.212121,0.030303,0.030303,0.030303,0.030303,0.030303,0.030303,0.090909,0.0,0.0,0.0,0.030303,33.0,6.476043,9.693805,0.060606,0.151515,0.060606,0.0,0.0,-0.721212,0.151515,0.060606,2.67
Negative_F89,0,0.125,0.0625,0.0,0.125,0.09375,0.125,0.0,0.03125,0.0,0.03125,0.0625,0.0625,0.09375,0.0,0.0,32.0,3.496365,9.595362,0.15625,0.0,0.0,0.03125,0.0,0.590625,0.4375,0.0,0.014687
Negative_F2065,0,0.076923,0.0,0.076923,0.076923,0.076923,0.0,0.0,0.0,0.0,0.0,0.153846,0.0,0.153846,0.076923,0.0,13.0,1.516755,9.702508,0.230769,0.0,0.0,0.0,0.076923,-0.046154,0.461538,0.153846,0.707692
Negative_F1282,0,0.032258,0.193548,0.032258,0.096774,0.129032,0.0,0.0,0.032258,0.064516,0.0,0.16129,0.0,0.096774,0.0,0.032258,31.0,1.401531,8.32527,0.096774,0.0,0.0,0.0,0.032258,0.703226,0.322581,0.064516,0.004839
Negative_F185,0,0.096774,0.193548,0.0,0.16129,0.064516,0.096774,0.0,0.032258,0.0,0.0,0.032258,0.032258,0.032258,0.0,0.064516,31.0,3.456766,8.961895,0.0,0.16129,0.0,0.0,0.032258,0.303226,0.354839,0.064516,1.543548
Negative_F545,0,0.086957,0.0,0.043478,0.130435,0.130435,0.086957,0.0,0.0,0.0,0.086957,0.043478,0.086957,0.043478,0.043478,0.0,23.0,0.550829,8.497529,0.130435,0.0,0.0,0.086957,0.0,0.073913,0.434783,0.086957,0.57913
Negative_F1141,0,0.1,0.1,0.033333,0.033333,0.033333,0.033333,0.0,0.0,0.066667,0.066667,0.1,0.1,0.1,0.0,0.0,30.0,4.170092,9.751182,0.133333,0.066667,0.0,0.033333,0.0,-0.22,0.3,0.033333,1.82
Negative_F1714,0,0.307692,0.0,0.0,0.0,0.153846,0.153846,0.0,0.153846,0.0,0.0,0.0,0.0,0.0,0.0,0.076923,13.0,1.552417,9.994292,0.076923,0.076923,0.0,0.0,0.0,0.546154,0.692308,0.076923,0.536154
Negative_F532,0,0.0,0.0,0.0,0.0,0.083333,0.116667,0.0,0.0,0.366667,0.05,0.016667,0.0,0.0,0.033333,0.0,60.0,19.556951,11.999968,0.0,0.333333,0.0,0.0,0.0,-1.486667,0.233333,0.033333,4.245333
Negative_F742,0,0.115385,0.0,0.076923,0.153846,0.076923,0.076923,0.0,0.0,0.0,0.0,0.038462,0.0,0.038462,0.0,0.038462,26.0,8.573984,11.333687,0.269231,0.076923,0.038462,0.0,0.0,-0.438462,0.423077,0.115385,1.462308
Negative_F2271,0,0.0,0.210526,0.026316,0.157895,0.052632,0.026316,0.0,0.026316,0.078947,0.026316,0.105263,0.026316,0.026316,0.026316,0.026316,38.0,-2.911229,4.6565,0.052632,0.0,0.026316,0.078947,0.026316,-0.144737,0.184211,0.078947,0.979737
Negative_F486,0,0.05,0.1,0.15,0.05,0.0,0.4,0.0,0.0,0.1,0.0,0.0,0.0,0.0,0.0,0.0,20.0,2.500929,9.390159,0.15,0.0,0.0,0.0,0.0,1.515,0.6,0.15,-1.848
Negative_F37,0,0.0,0.15,0.05,0.125,0.1,0.025,0.0,0.05,0.075,0.05,0.0,0.05,0.075,0.0,0.0,40.0,8.444353,11.20114,0.025,0.2,0.025,0.0,0.0,-0.2575,0.25,0.05,2.60025
Negative_F346,0,0.071429,0.0,0.0,0.0,0.0,0.071429,0.0,0.0,0.142857,0.0,0.0,0.071429,0.0,0.142857,0.0,14.0,6.195814,11.999968,0.357143,0.142857,0.0,0.0,0.0,-2.042857,0.285714,0.142857,3.483571
Negative_F1376,0,0.0,0.212121,0.0,0.060606,0.060606,0.090909,0.030303,0.060606,0.030303,0.030303,0.151515,0.121212,0.090909,0.0,0.0,33.0,1.349097,8.274727,0.030303,0.030303,0.0,0.0,0.0,0.736364,0.272727,0.0,0.504848
Negative_F433,0,0.08,0.0,0.0,0.16,0.08,0.16,0.0,0.0,0.0,0.0,0.04,0.0,0.16,0.0,0.0,25.0,0.586071,8.438734,0.16,0.0,0.04,0.08,0.04,0.516,0.48,0.0,0.058
Negative_F435,0,0.238095,0.0,0.0,0.047619,0.142857,0.142857,0.0,0.095238,0.0,0.047619,0.0,0.0,0.047619,0.0,0.0,21.0,-0.409365,6.751131,0.095238,0.0,0.047619,0.047619,0.047619,0.438095,0.571429,0.0,0.312381
Negative_F1544,0,0.0,0.117647,0.117647,0.0,0.117647,0.235294,0.0,0.0,0.058824,0.0,0.058824,0.058824,0.058824,0.0,0.0,17.0,2.500929,9.390159,0.176471,0.0,0.0,0.0,0.0,1.423529,0.529412,0.117647,-1.144706
Negative_F1034,0,0.108108,0.054054,0.054054,0.108108,0.0,0.081081,0.0,0.081081,0.027027,0.0,0.081081,0.108108,0.135135,0.0,0.0,37.0,2.590807,9.503559,0.054054,0.054054,0.027027,0.027027,0.0,0.210811,0.378378,0.054054,1.087568
Negative_F100,0,0.085714,0.0,0.028571,0.2,0.028571,0.142857,0.0,0.0,0.028571,0.0,0.028571,0.028571,0.085714,0.0,0.028571,35.0,6.537119,10.297164,0.228571,0.028571,0.0,0.0,0.057143,-0.16,0.4,0.057143,0.640571
Negative_F402,0,0.285714,0.0,0.0,0.0,0.0,0.285714,0.0,0.0,0.0,0.0,0.0,0.0,0.0,0.0,0.0,14.0,5.542419,10.699318,0.428571,0.0,0.0,0.0,0.0,-0.071429,0.571429,0.0,0.455714
Negative_F2071,0,0.0,0.0,0.136364,0.227273,0.136364,0.136364,0.0,0.045455,0.0,0.0,0.045455,0.0,0.045455,0.0,0.0,22.0,1.664801,11.000901,0.045455,0.045455,0.136364,0.0,0.0,0.6,0.454545,0.136364,-0.123182
Negative_F161,0,0.081081,0.054054,0.054054,0.216216,0.0,0.027027,0.0,0.108108,0.0,0.0,0.081081,0.027027,0.081081,0.054054,0.054054,37.0,1.572772,8.822515,0.054054,0.027027,0.054054,0.0,0.027027,-0.391892,0.351351,0.162162,1.042973
Negative_F1686,0,0.022222,0.177778,0.044444,0.088889,0.022222,0.044444,0.022222,0.044444,0.044444,0.022222,0.088889,0.044444,0.044444,0.0,0.0,45.0,3.468856,8.765073,0.044444,0.111111,0.066667,0.022222,0.044444,-0.455556,0.2,0.044444,2.502667
Negative_F2309,0,0.0,0.0,0.052632,0.421053,0.157895,0.0,0.0,0.0,0.0,0.0,0.0,0.0,0.105263,0.0,0.105263,19.0,0.551032,8.49682,0.052632,0.052632,0.0,0.0,0.052632,0.368421,0.421053,0.157895,-0.304211
Negative_F564,0,0.0,0.193548,0.0,0.129032,0.0,0.096774,0.0,0.064516,0.0,0.0,0.032258,0.193548,0.064516,0.0,0.064516,31.0,0.403222,7.765025,0.064516,0.032258,0.0,0.032258,0.032258,-0.022581,0.225806,0.064516,1.279032
Negative_F466,0,0.0,0.095238,0.047619,0.285714,0.047619,0.190476,0.047619,0.0,0.0,0.0,0.047619,0.0,0.095238,0.0,0.0,21.0,2.500929,9.390159,0.142857,0.0,0.0,0.0,0.0,1.090476,0.428571,0.047619,-1.245714
Negative_F891,0,0.021739,0.043478,0.065217,0.152174,0.130435,0.043478,0.021739,0.021739,0.021739,0.0,0.0,0.065217,0.086957,0.0,0.0,46.0,4.489452,9.568156,0.195652,0.021739,0.0,0.065217,0.043478,0.030435,0.369565,0.065217,0.896522
Negative_F354,0,0.0,0.181818,0.060606,0.090909,0.030303,0.060606,0.0,0.030303,0.030303,0.060606,0.030303,0.090909,0.060606,0.0,0.060606,33.0,2.370081,8.672239,0.030303,0.121212,0.0,0.030303,0.030303,-0.2,0.272727,0.121212,2.138485
Negative_F2294,0,0.083333,0.041667,0.052083,0.052083,0.03125,0.125,0.020833,0.010417,0.072917,0.041667,0.09375,0.052083,0.083333,0.010417,0.020833,96.0,7.167044,9.745831,0.083333,0.0625,0.0,0.020833,0.041667,0.1125,0.427083,0.083333,1.028958
Negative_F265,0,0.15625,0.0,0.03125,0.09375,0.0625,0.0625,0.0,0.0,0.0,0.03125,0.03125,0.0,0.03125,0.0625,0.125,32.0,7.603119,10.240432,0.21875,0.03125,0.0625,0.0,0.0,-0.565625,0.53125,0.21875,0.9175
Negative_F1002,0,0.151515,0.060606,0.030303,0.090909,0.121212,0.090909,0.030303,0.060606,0.0,0.0,0.060606,0.060606,0.0,0.0,0.0,33.0,3.494306,9.514389,0.181818,0.0,0.0,0.060606,0.0,0.19697,0.424242,0.030303,0.659394
Negative_F145,0,0.0,0.181818,0.060606,0.090909,0.030303,0.090909,0.0,0.030303,0.0,0.0,0.060606,0.090909,0.151515,0.0,0.030303,33.0,3.37462,8.981429,0.0,0.151515,0.0,0.0,0.030303,0.660606,0.363636,0.090909,1.404848
Negative_F2443,0,0.055556,0.111111,0.027778,0.027778,0.111111,0.027778,0.0,0.027778,0.027778,0.027778,0.083333,0.0,0.055556,0.0,0.055556,36.0,8.496147,10.315602,0.111111,0.194444,0.0,0.027778,0.027778,-0.597222,0.333333,0.083333,3.319167
Negative_F390,0,0.055556,0.0,0.166667,0.0,0.055556,0.166667,0.0,0.0,0.055556,0.0,0.0,0.0,0.0,0.055556,0.0,18.0,6.57654,10.778421,0.388889,0.0,0.055556,0.0,0.0,-0.383333,0.5,0.222222,0.597222
Negative_F1554,0,0.083333,0.0,0.0,0.083333,0.25,0.166667,0.0,0.083333,0.0,0.0,0.0,0.0,0.0,0.083333,0.0,12.0,1.589068,10.002802,0.166667,0.0,0.083333,0.0,0.0,0.591667,0.583333,0.083333,-0.606667
Negative_F2286,0,0.058824,0.0,0.0,0.352941,0.117647,0.235294,0.0,0.0,0.0,0.0,0.0,0.058824,0.058824,0.0,0.0,17.0,0.591574,8.757208,0.058824,0.0,0.058824,0.0,0.0,1.176471,0.470588,0.0,-1.660588
Negative_F688,0,0.055556,0.055556,0.027778,0.027778,0.083333,0.083333,0.027778,0.027778,0.027778,0.027778,0.055556,0.083333,0.055556,0.0,0.0,36.0,6.831372,9.871673,0.277778,0.0,0.0,0.055556,0.027778,-0.433333,0.333333,0.027778,1.566389
Negative_F1919,0,0.208333,0.083333,0.083333,0.041667,0.041667,0.083333,0.0,0.0,0.083333,0.041667,0.0,0.041667,0.166667,0.0,0.0,24.0,2.50341,9.503945,0.083333,0.041667,0.0,0.0,0.0,1.183333,0.583333,0.083333,-0.6375
Negative_F2077,0,0.35,0.0,0.0,0.0,0.0,0.0,0.0,0.0,0.15,0.0,0.05,0.0,0.0,0.0,0.0,20.0,8.534903,10.903296,0.45,0.0,0.0,0.0,0.0,-1.405,0.35,0.0,2.034
Negative_F1147,0,0.071429,0.0,0.035714,0.25,0.035714,0.142857,0.071429,0.0,0.035714,0.035714,0.035714,0.035714,0.035714,0.0,0.0,28.0,3.548526,10.461623,0.142857,0.035714,0.0,0.0,0.035714,0.039286,0.392857,0.035714,0.318571
Negative_F164,0,0.0,0.162162,0.027027,0.216216,0.027027,0.027027,0.0,0.108108,0.081081,0.081081,0.027027,0.0,0.027027,0.0,0.081081,37.0,2.401456,8.661795,0.027027,0.081081,0.0,0.0,0.027027,-0.751351,0.189189,0.108108,1.947568
Negative_F2177,0,0.0,0.095238,0.047619,0.095238,0.02381,0.095238,0.0,0.047619,0.261905,0.02381,0.02381,0.047619,0.047619,0.02381,0.02381,42.0,2.491426,8.944102,0.02381,0.071429,0.02381,0.02381,0.0,-0.345238,0.261905,0.095238,0.984286
Negative_F2450,0,0.05,0.0,0.1,0.05,0.3,0.1,0.0,0.0,0.1,0.1,0.0,0.0,0.0,0.0,0.0,20.0,-0.371353,6.918351,0.05,0.0,0.1,0.05,0.0,0.88,0.55,0.1,-0.67
Negative_F816,0,0.046512,0.046512,0.023256,0.162791,0.069767,0.023256,0.0,0.069767,0.0,0.023256,0.046512,0.023256,0.116279,0.046512,0.046512,43.0,4.495326,9.782578,0.093023,0.093023,0.0,0.046512,0.023256,-0.416279,0.372093,0.116279,1.882791
Negative_F2367,0,0.084746,0.101695,0.016949,0.050847,0.033898,0.067797,0.050847,0.050847,0.033898,0.067797,0.067797,0.0,0.050847,0.0,0.033898,59.0,5.475858,9.195529,0.135593,0.050847,0.016949,0.050847,0.033898,-0.522034,0.338983,0.050847,2.005763
Negative_F1342,0,0.0,0.0,0.076923,0.076923,0.384615,0.153846,0.0,0.0,0.076923,0.0,0.076923,0.076923,0.0,0.0,0.0,13.0,0.554947,8.750052,0.076923,0.0,0.0,0.0,0.0,1.961538,0.615385,0.076923,-2.064615
Negative_F236,0,0.041667,0.083333,0.125,0.041667,0.0,0.0,0.041667,0.083333,0.041667,0.0,0.125,0.083333,0.083333,0.0,0.0,24.0,5.225809,10.480448,0.166667,0.083333,0.0,0.0,0.0,-0.495833,0.291667,0.125,2.3325
Negative_F1442,0,0.146341,0.073171,0.02439,0.04878,0.012195,0.04878,0.012195,0.04878,0.04878,0.0,0.121951,0.02439,0.121951,0.04878,0.04878,82.0,-1.436133,6.273456,0.0,0.060976,0.036585,0.060976,0.012195,0.152439,0.463415,0.121951,1.090976
Negative_F82,0,0.0,0.0,0.071429,0.071429,0.214286,0.357143,0.0,0.071429,0.071429,0.0,0.0,0.0,0.0,0.0,0.0,14.0,0.591574,8.757208,0.071429,0.0,0.071429,0.0,0.0,1.621429,0.642857,0.071429,-1.887857
Negative_F1060,0,0.0,0.0,0.192308,0.0,0.076923,0.076923,0.0,0.0,0.307692,0.0,0.0,0.0,0.0,0.0,0.038462,26.0,6.591398,11.999968,0.0,0.269231,0.038462,0.0,0.0,-0.7,0.384615,0.230769,2.871538
Negative_F2390,0,0.020408,0.163265,0.020408,0.204082,0.061224,0.020408,0.0,0.020408,0.0,0.040816,0.061224,0.081633,0.102041,0.0,0.020408,49.0,6.354205,9.334522,0.040816,0.122449,0.0,0.020408,0.0,0.073469,0.244898,0.040816,1.701429
Negative_F2207,0,0.0,0.066667,0.0,0.066667,0.0,0.266667,0.0,0.0,0.0,0.0,0.133333,0.0,0.133333,0.0,0.0,15.0,4.493561,11.724108,0.133333,0.2,0.0,0.0,0.0,0.186667,0.4,0.0,2.178667
Negative_F283,0,0.25,0.0,0.075,0.05,0.025,0.075,0.025,0.125,0.05,0.05,0.05,0.05,0.025,0.0,0.0,40.0,2.642294,11.711407,0.025,0.075,0.025,0.025,0.0,-0.18,0.475,0.075,1.623
Negative_F855,0,0.177778,0.044444,0.022222,0.155556,0.011111,0.055556,0.011111,0.088889,0.055556,0.011111,0.066667,0.022222,0.1,0.033333,0.022222,90.0,-3.547965,4.38589,0.033333,0.011111,0.0,0.044444,0.033333,0.114444,0.433333,0.077778,0.477111
Negative_F218,0,0.0,0.0,0.162791,0.023256,0.069767,0.0,0.0,0.023256,0.465116,0.0,0.0,0.0,0.023256,0.0,0.0,43.0,9.557202,11.999968,0.0,0.232558,0.0,0.0,0.0,-1.013953,0.255814,0.162791,2.68
Negative_F807,0,0.145833,0.041667,0.041667,0.25,0.0625,0.020833,0.020833,0.041667,0.020833,0.0,0.0625,0.0625,0.041667,0.041667,0.041667,48.0,1.535472,8.821676,0.041667,0.020833,0.020833,0.020833,0.0,0.197917,0.416667,0.125,0.075625
Negative_F602,0,0.076923,0.0,0.0,0.192308,0.115385,0.115385,0.0,0.0,0.0,0.0,0.0,0.0,0.038462,0.038462,0.0,26.0,7.584378,11.999968,0.153846,0.192308,0.038462,0.038462,0.0,-0.576923,0.384615,0.038462,2.537308
Negative_F1977,0,0.166667,0.033333,0.033333,0.166667,0.0,0.033333,0.0,0.033333,0.0,0.0,0.033333,0.033333,0.1,0.066667,0.0,30.0,5.562405,11.568932,0.1,0.133333,0.033333,0.033333,0.0,-0.483333,0.4,0.1,2.087
Negative_F1275,0,0.0,0.0,0.0,0.058824,0.176471,0.088235,0.0,0.147059,0.029412,0.0,0.029412,0.029412,0.058824,0.0,0.0,34.0,8.5389,11.235244,0.235294,0.088235,0.0,0.029412,0.029412,-0.773529,0.323529,0.0,2.635882
Negative_F1528,0,0.082474,0.020619,0.051546,0.061856,0.020619,0.103093,0.010309,0.010309,0.030928,0.051546,0.092784,0.103093,0.030928,0.051546,0.020619,97.0,9.59529,10.241399,0.092784,0.072165,0.030928,0.030928,0.030928,-0.534021,0.371134,0.123711,1.888041
Negative_F474,0,0.153846,0.0,0.153846,0.153846,0.230769,0.153846,0.0,0.0,0.0,0.0,0.076923,0.0,0.0,0.0,0.0,13.0,0.554947,8.750052,0.076923,0.0,0.0,0.0,0.0,1.907692,0.692308,0.153846,-2.085385
Negative_F1239,0,0.0,0.108108,0.0,0.162162,0.0,0.0,0.027027,0.0,0.027027,0.081081,0.108108,0.0,0.054054,0.027027,0.0,37.0,3.501364,9.468294,0.0,0.243243,0.027027,0.054054,0.081081,-1.608108,0.108108,0.027027,4.95973
Negative_F610,0,0.086957,0.0,0.0,0.086957,0.0,0.26087,0.0,0.0,0.0,0.0,0.0,0.043478,0.086957,0.043478,0.043478,23.0,4.580141,10.295295,0.217391,0.043478,0.043478,0.0,0.043478,0.017391,0.521739,0.086957,0.496522
Negative_F1497,0,0.107143,0.071429,0.0,0.107143,0.035714,0.178571,0.035714,0.071429,0.0,0.035714,0.0,0.071429,0.035714,0.0,0.0,28.0,2.499292,9.306801,0.142857,0.035714,0.0,0.071429,0.0,-0.007143,0.392857,0.0,1.135714
Negative_F450,0,0.2,0.0,0.025,0.15,0.1,0.05,0.0,0.025,0.025,0.05,0.025,0.025,0.05,0.025,0.025,40.0,2.61972,9.823322,0.1,0.025,0.05,0.025,0.025,-0.0125,0.475,0.075,0.56925
Negative_F134,0,0.0,0.0,0.0,0.0625,0.0,0.0625,0.0,0.1875,0.3125,0.0,0.0,0.0625,0.0625,0.0,0.0,16.0,2.591523,11.999968,0.0625,0.125,0.0625,0.0,0.0,-1.73125,0.125,0.0,3.29
Negative_F2279,0,0.0,0.2,0.05,0.1,0.0,0.0,0.0,0.1,0.0,0.0,0.0,0.0,0.15,0.05,0.15,20.0,3.451822,9.249102,0.0,0.2,0.0,0.0,0.0,-0.26,0.4,0.25,2.4475
Negative_F413,0,0.05,0.2,0.0,0.1,0.0,0.0,0.0,0.0,0.05,0.05,0.0,0.0,0.0,0.1,0.1,20.0,5.485943,9.793989,0.1,0.2,0.05,0.0,0.0,-1.375,0.25,0.2,3.3895
Negative_F945,0,0.166667,0.083333,0.083333,0.041667,0.125,0.125,0.0,0.041667,0.041667,0.0,0.0,0.083333,0.041667,0.0,0.0,24.0,3.498424,9.701283,0.166667,0.0,0.0,0.0,0.0,1.016667,0.541667,0.083333,-0.678333
Negative_F2344,0,0.041237,0.010309,0.020619,0.051546,0.082474,0.082474,0.030928,0.051546,0.030928,0.020619,0.030928,0.103093,0.041237,0.010309,0.020619,97.0,-7.719734,4.581587,0.103093,0.041237,0.010309,0.154639,0.061856,-0.759794,0.329897,0.051546,2.562062
Negative_F2407,0,0.142857,0.0,0.0,0.142857,0.0,0.5,0.0,0.0,0.0,0.0,0.0,0.0,0.0,0.0,0.0,14.0,0.552888,8.590944,0.142857,0.0,0.0,0.071429,0.0,1.292857,0.642857,0.0,-1.437143
Negative_F1662,0,0.021277,0.042553,0.0,0.191489,0.191489,0.06383,0.0,0.021277,0.0,0.0,0.06383,0.021277,0.021277,0.021277,0.0,47.0,7.486474,10.026719,0.212766,0.042553,0.0,0.042553,0.042553,-0.217021,0.319149,0.021277,1.224894
Negative_F1629,0,0.076923,0.0,0.0,0.0,0.076923,0.307692,0.0,0.0,0.076923,0.153846,0.0,0.0,0.0,0.0,0.076923,13.0,-1.443511,4.370259,0.0,0.076923,0.0,0.076923,0.076923,0.007692,0.538462,0.076923,1.173846
Negative_F1766,0,0.108108,0.0,0.027027,0.135135,0.162162,0.027027,0.027027,0.027027,0.027027,0.0,0.027027,0.0,0.054054,0.027027,0.0,37.0,6.542526,10.708602,0.189189,0.081081,0.0,0.027027,0.054054,-0.243243,0.432432,0.054054,1.455946
Negative_F1760,0,0.0625,0.0,0.0625,0.125,0.125,0.125,0.0625,0.0625,0.0625,0.0,0.0625,0.0,0.125,0.0,0.0,16.0,1.554922,11.000837,0.0625,0.0625,0.0,0.0,0.0,1.025,0.5625,0.0625,-0.391875
Negative_F1749,0,0.1,0.0,0.1,0.1,0.15,0.15,0.0,0.0,0.1,0.0,0.0,0.0,0.0,0.05,0.0,20.0,2.678499,11.999968,0.05,0.1,0.1,0.0,0.0,0.495,0.55,0.15,0.07
Negative_F190,0,0.085106,0.0,0.042553,0.042553,0.021277,0.12766,0.0,0.06383,0.042553,0.0,0.12766,0.021277,0.021277,0.021277,0.021277,47.0,4.314903,10.271635,0.106383,0.106383,0.042553,0.06383,0.042553,-0.931915,0.340426,0.085106,2.948723
Negative_F2003,0,0.0,0.0,0.0,0.068966,0.344828,0.068966,0.0,0.034483,0.034483,0.0,0.0,0.068966,0.0,0.0,0.034483,29.0,8.581426,11.999968,0.137931,0.172414,0.034483,0.0,0.0,0.093103,0.448276,0.034483,1.808966
Negative_F438,0,0.037037,0.0,0.148148,0.111111,0.111111,0.037037,0.0,0.0,0.037037,0.037037,0.037037,0.074074,0.037037,0.0,0.0,27.0,8.552266,11.999968,0.074074,0.259259,0.0,0.0,0.0,-0.492593,0.37037,0.148148,3.309259
Negative_F93,0,0.135135,0.0,0.027027,0.108108,0.135135,0.054054,0.027027,0.054054,0.027027,0.0,0.027027,0.0,0.081081,0.027027,0.0,37.0,6.542105,10.728974,0.189189,0.054054,0.0,0.0,0.054054,0.032432,0.486486,0.054054,0.863784
Negative_F19,0,0.117647,0.0,0.058824,0.176471,0.235294,0.058824,0.0,0.0,0.0,0.0,0.058824,0.0,0.058824,0.0,0.0,17.0,0.589515,8.598358,0.117647,0.0,0.058824,0.058824,0.0,0.935294,0.529412,0.058824,-0.598824
Negative_F1634,0,0.064516,0.064516,0.0,0.129032,0.032258,0.193548,0.0,0.0,0.032258,0.032258,0.064516,0.064516,0.064516,0.0,0.0,31.0,1.497932,8.787637,0.16129,0.0,0.0,0.064516,0.032258,0.148387,0.354839,0.0,0.549032
Negative_F607,0,0.052632,0.0,0.157895,0.105263,0.052632,0.105263,0.0,0.0,0.052632,0.0,0.0,0.0,0.105263,0.0,0.0,19.0,3.662271,11.999968,0.105263,0.105263,0.157895,0.0,0.0,0.1,0.473684,0.157895,1.023684
Negative_F217,0,0.073171,0.195122,0.0,0.170732,0.0,0.04878,0.0,0.02439,0.0,0.146341,0.146341,0.02439,0.0,0.02439,0.04878,41.0,3.356314,8.764106,0.0,0.097561,0.0,0.0,0.0,-0.519512,0.195122,0.073171,2.155854
Negative_F1910,0,0.057143,0.0,0.0,0.057143,0.028571,0.0,0.085714,0.085714,0.371429,0.142857,0.028571,0.085714,0.0,0.0,0.057143,35.0,-0.103683,5.945211,0.0,0.0,0.0,0.0,0.0,-1.18,0.228571,0.057143,1.186857
Negative_F1639,0,0.076923,0.0,0.076923,0.153846,0.153846,0.230769,0.076923,0.0,0.0,0.0,0.076923,0.076923,0.0,0.0,0.0,13.0,0.554947,8.750052,0.076923,0.0,0.0,0.0,0.0,1.592308,0.615385,0.076923,-1.7
Negative_F1415,0,0.078431,0.039216,0.019608,0.215686,0.04902,0.019608,0.019608,0.117647,0.039216,0.009804,0.147059,0.039216,0.04902,0.0,0.009804,102.0,4.52746,9.576279,0.019608,0.068627,0.019608,0.029412,0.009804,-0.505882,0.245098,0.029412,1.949902
Negative_F2274,0,0.0,0.0,0.0,0.25,0.0,0.0,0.0,0.0,0.083333,0.083333,0.333333,0.0,0.0,0.0,0.083333,12.0,1.554897,10.835024,0.0,0.166667,0.0,0.0,0.0,-1.65,0.083333,0.083333,3.858333
Negative_F1321,0,0.0,0.083333,0.083333,0.125,0.041667,0.208333,0.0,0.0,0.041667,0.0,0.083333,0.041667,0.125,0.0,0.0,24.0,3.498424,9.701283,0.166667,0.0,0.0,0.0,0.0,1.083333,0.458333,0.083333,-0.892083
Negative_F328,0,0.0,0.0,0.214286,0.0,0.071429,0.285714,0.0,0.0,0.071429,0.0,0.142857,0.071429,0.071429,0.0,0.0,14.0,0.554947,8.750052,0.071429,0.0,0.0,0.0,0.0,1.75,0.642857,0.214286,-1.618571
Negative_F1697,0,0.020202,0.020202,0.050505,0.030303,0.050505,0.070707,0.010101,0.050505,0.050505,0.030303,0.090909,0.050505,0.070707,0.020202,0.060606,99.0,-2.368161,6.073496,0.080808,0.050505,0.040404,0.070707,0.080808,-0.742424,0.353535,0.131313,2.313535
Negative_F211,0,0.076923,0.0,0.0,0.115385,0.115385,0.192308,0.0,0.0,0.0,0.076923,0.115385,0.038462,0.038462,0.0,0.0,26.0,-0.446702,6.228155,0.115385,0.0,0.0,0.0,0.115385,0.261538,0.423077,0.0,0.426538
Negative_F1385,0,0.0,0.136364,0.022727,0.159091,0.022727,0.068182,0.0,0.022727,0.090909,0.045455,0.022727,0.113636,0.022727,0.022727,0.045455,44.0,0.404144,7.765252,0.045455,0.068182,0.0,0.022727,0.068182,-0.565909,0.204545,0.090909,1.726591
Negative_F1786,0,0.117647,0.0,0.117647,0.235294,0.0,0.235294,0.0,0.058824,0.0,0.0,0.058824,0.0,0.058824,0.0,0.0,17.0,1.552442,10.002737,0.117647,0.0,0.0,0.0,0.0,0.876471,0.529412,0.117647,-0.936471
Negative_F2311,0,0.136364,0.0,0.045455,0.136364,0.181818,0.227273,0.0,0.0,0.045455,0.0,0.090909,0.0,0.0,0.0,0.0,22.0,2.549936,10.302064,0.136364,0.0,0.0,0.0,0.0,1.322727,0.590909,0.045455,-1.457273
Negative_F2012,0,0.0,0.0,0.266667,0.2,0.0,0.133333,0.0,0.066667,0.066667,0.0,0.133333,0.0,0.0,0.0,0.0,15.0,-0.444606,5.835682,0.066667,0.0,0.0,0.066667,0.0,0.233333,0.4,0.266667,0.208667
Negative_F570,0,0.083333,0.0,0.0,0.0,0.027778,0.111111,0.0,0.055556,0.111111,0.027778,0.055556,0.027778,0.027778,0.0,0.138889,36.0,0.58385,8.342999,0.027778,0.138889,0.027778,0.027778,0.111111,-1.208333,0.388889,0.138889,3.210833
Negative_F1412,0,0.09375,0.0,0.0625,0.15625,0.09375,0.03125,0.0,0.0625,0.0,0.0,0.0,0.03125,0.1875,0.0,0.0,32.0,3.555022,11.000257,0.09375,0.09375,0.03125,0.03125,0.03125,0.2625,0.46875,0.0625,1.17
Negative_F1914,0,0.121951,0.146341,0.04878,0.097561,0.04878,0.073171,0.02439,0.02439,0.04878,0.02439,0.073171,0.0,0.04878,0.02439,0.02439,41.0,-2.858393,4.8302,0.02439,0.02439,0.02439,0.02439,0.073171,0.446341,0.414634,0.097561,0.316829
Negative_F1026,0,0.0,0.0,0.0,0.066667,0.2,0.066667,0.0,0.066667,0.0,0.0,0.0,0.0,0.2,0.066667,0.0,15.0,4.510623,10.602422,0.333333,0.0,0.0,0.0,0.0,0.373333,0.533333,0.066667,-0.045333
Negative_F1587,0,0.0,0.0,0.076923,0.076923,0.153846,0.230769,0.0,0.076923,0.0,0.0,0.153846,0.076923,0.0,0.076923,0.0,13.0,0.554947,8.750052,0.076923,0.0,0.0,0.0,0.0,0.938462,0.538462,0.153846,-0.714615
Negative_F1626,0,0.082474,0.020619,0.051546,0.082474,0.041237,0.092784,0.010309,0.041237,0.020619,0.020619,0.072165,0.051546,0.030928,0.041237,0.030928,97.0,8.665099,9.952194,0.103093,0.072165,0.051546,0.041237,0.041237,-0.602062,0.381443,0.123711,1.988247
Negative_F530,0,0.030303,0.030303,0.060606,0.121212,0.121212,0.121212,0.0,0.0,0.0,0.060606,0.030303,0.0,0.0,0.030303,0.0,33.0,4.525936,10.425199,0.121212,0.151515,0.0,0.060606,0.060606,-0.584848,0.363636,0.090909,2.661818
Negative_F2388,0,0.152381,0.0,0.057143,0.114286,0.028571,0.038095,0.019048,0.057143,0.038095,0.019048,0.07619,0.009524,0.009524,0.028571,0.047619,105.0,1.313926,9.093797,0.038095,0.114286,0.019048,0.07619,0.057143,-0.935238,0.380952,0.133333,2.802667
Negative_F2413,0,0.0,0.0,0.037037,0.037037,0.074074,0.037037,0.0,0.0,0.037037,0.0,0.185185,0.0,0.222222,0.0,0.0,27.0,5.512115,11.122295,0.185185,0.111111,0.0,0.037037,0.037037,-0.192593,0.37037,0.037037,2.300741
Negative_F343,0,0.118421,0.078947,0.065789,0.131579,0.039474,0.013158,0.0,0.052632,0.026316,0.052632,0.118421,0.052632,0.026316,0.026316,0.052632,76.0,4.163389,9.075424,0.039474,0.052632,0.026316,0.013158,0.013158,-0.321053,0.342105,0.144737,1.455921
Negative_F1927,0,0.032967,0.131868,0.032967,0.076923,0.032967,0.065934,0.0,0.010989,0.208791,0.021978,0.043956,0.032967,0.010989,0.0,0.054945,91.0,4.418598,8.624274,0.087912,0.032967,0.054945,0.032967,0.032967,-0.581319,0.230769,0.087912,1.254396
Negative_F1402,0,0.0,0.0,0.055556,0.222222,0.0,0.333333,0.0,0.055556,0.0,0.0,0.111111,0.055556,0.055556,0.0,0.0,18.0,1.552442,10.002737,0.111111,0.0,0.0,0.0,0.0,0.811111,0.444444,0.055556,-0.732778
Negative_F871,0,0.0,0.0,0.076923,0.153846,0.153846,0.153846,0.153846,0.0,0.076923,0.0,0.153846,0.0,0.0,0.0,0.0,13.0,0.557428,9.750021,0.0,0.076923,0.0,0.0,0.0,1.130769,0.538462,0.076923,-0.578462
Negative_F1113,0,0.058824,0.176471,0.0,0.205882,0.029412,0.0,0.0,0.058824,0.058824,0.058824,0.058824,0.0,0.058824,0.029412,0.029412,34.0,1.474784,8.328945,0.088235,0.0,0.058824,0.0,0.029412,-0.408824,0.205882,0.058824,0.907941
Negative_F1897,0,0.132353,0.088235,0.044118,0.132353,0.117647,0.058824,0.0,0.014706,0.029412,0.014706,0.102941,0.088235,0.044118,0.0,0.044118,68.0,-2.600309,4.139038,0.029412,0.0,0.0,0.058824,0.0,0.795588,0.441176,0.088235,-0.216618
Negative_F1353,0,0.0,0.125,0.0,0.125,0.25,0.0,0.0,0.0625,0.0,0.0,0.0,0.0625,0.0,0.0625,0.0,16.0,0.510533,8.07236,0.0,0.1875,0.0,0.125,0.0,-0.2125,0.3125,0.0625,2.81
Negative_F776,0,0.033333,0.2,0.033333,0.166667,0.0,0.033333,0.0,0.033333,0.133333,0.0,0.0,0.133333,0.066667,0.033333,0.0,30.0,-2.586309,4.274315,0.0,0.033333,0.0,0.066667,0.033333,0.04,0.2,0.066667,0.786333
Negative_F2437,0,0.0,0.162791,0.023256,0.023256,0.069767,0.093023,0.0,0.069767,0.023256,0.046512,0.0,0.0,0.093023,0.0,0.0,43.0,3.387069,8.849914,0.046512,0.186047,0.023256,0.093023,0.046512,-0.504651,0.27907,0.023256,3.514884
Negative_F2409,0,0.222222,0.031746,0.031746,0.15873,0.095238,0.111111,0.0,0.047619,0.015873,0.015873,0.031746,0.015873,0.063492,0.0,0.0,63.0,-3.452107,4.642575,0.015873,0.031746,0.015873,0.031746,0.063492,0.749206,0.52381,0.031746,-0.060635
Negative_F1631,0,0.076923,0.038462,0.0,0.076923,0.153846,0.038462,0.0,0.038462,0.192308,0.038462,0.0,0.0,0.153846,0.038462,0.0,26.0,2.61737,10.860618,0.038462,0.076923,0.038462,0.0,0.0,0.457692,0.461538,0.038462,0.090769
Negative_F1384,0,0.076923,0.0,0.153846,0.153846,0.230769,0.076923,0.0,0.076923,0.0,0.0,0.076923,0.0,0.0,0.076923,0.0,13.0,0.554947,8.750052,0.076923,0.0,0.0,0.0,0.0,1.138462,0.615385,0.230769,-1.236154
Negative_F914,0,0.208333,0.083333,0.041667,0.0,0.041667,0.0,0.083333,0.0,0.041667,0.041667,0.083333,0.0,0.166667,0.0,0.041667,24.0,0.504375,8.016466,0.083333,0.0,0.041667,0.0,0.041667,0.808333,0.583333,0.083333,-0.221667
Negative_F2338,0,0.0,0.0,0.0,0.0,0.307692,0.076923,0.0,0.0,0.076923,0.0,0.0,0.0,0.153846,0.0,0.0,13.0,4.557327,11.999968,0.0,0.384615,0.0,0.0,0.0,0.469231,0.538462,0.0,3.224615
Negative_F2355,0,0.1,0.0,0.15,0.1,0.1,0.1,0.0,0.0,0.0,0.0,0.0,0.0,0.0,0.0,0.0,20.0,6.538529,10.477418,0.4,0.0,0.0,0.0,0.05,-0.345,0.45,0.15,0.8545
Negative_F1364,0,0.0,0.0,0.0,0.117647,0.058824,0.117647,0.235294,0.0,0.058824,0.0,0.058824,0.058824,0.0,0.0,0.0,17.0,2.555993,11.711343,0.058824,0.176471,0.0,0.0,0.058824,-0.3,0.411765,0.0,2.179412
Negative_F2176,0,0.027027,0.027027,0.081081,0.054054,0.081081,0.027027,0.027027,0.054054,0.081081,0.027027,0.0,0.081081,0.027027,0.054054,0.081081,37.0,4.276678,9.731841,0.162162,0.027027,0.027027,0.0,0.054054,-0.7,0.405405,0.216216,1.319189
Negative_F747,0,0.035714,0.214286,0.071429,0.107143,0.0,0.035714,0.0,0.035714,0.035714,0.035714,0.107143,0.142857,0.071429,0.0,0.035714,28.0,-0.593458,5.961126,0.035714,0.0,0.0,0.0,0.035714,0.389286,0.25,0.107143,0.496071
Negative_F1982,0,0.033333,0.2,0.0,0.133333,0.066667,0.066667,0.0,0.033333,0.066667,0.0,0.066667,0.066667,0.0,0.0,0.033333,30.0,2.401927,8.661924,0.1,0.066667,0.0,0.033333,0.033333,-0.23,0.2,0.033333,1.593667
Negative_F307,0,0.088889,0.0,0.044444,0.133333,0.0,0.155556,0.022222,0.0,0.022222,0.022222,0.066667,0.0,0.022222,0.022222,0.022222,45.0,6.53229,9.998998,0.244444,0.022222,0.0,0.022222,0.088889,-0.7,0.377778,0.088889,1.462444
Negative_F713,0,0.21875,0.0,0.0,0.125,0.03125,0.09375,0.0,0.0625,0.03125,0.0625,0.0625,0.03125,0.0625,0.03125,0.0,32.0,1.548998,9.52825,0.125,0.0,0.0,0.03125,0.03125,-0.190625,0.4375,0.03125,0.779375
Negative_F1367,0,0.071429,0.0,0.0,0.0,0.285714,0.214286,0.0,0.214286,0.0,0.0,0.0,0.071429,0.0,0.0,0.0,14.0,1.552442,10.002737,0.142857,0.0,0.0,0.0,0.0,0.871429,0.571429,0.0,-0.19
Negative_F1096,0,0.125,0.15,0.025,0.1,0.025,0.05,0.0,0.1,0.0,0.0,0.025,0.05,0.05,0.05,0.025,40.0,2.522375,8.654897,0.1,0.025,0.05,0.05,0.0,-0.1775,0.35,0.1,1.20375
Negative_F276,0,0.114286,0.0,0.028571,0.114286,0.142857,0.057143,0.0,0.028571,0.028571,0.057143,0.0,0.028571,0.085714,0.028571,0.0,35.0,5.546417,11.122295,0.142857,0.085714,0.0,0.028571,0.028571,-0.074286,0.457143,0.057143,1.298857
Negative_F2426,0,0.0,0.0,0.0,0.111111,0.111111,0.277778,0.055556,0.111111,0.0,0.0,0.055556,0.0,0.055556,0.0,0.0,18.0,2.586563,10.302064,0.166667,0.0,0.055556,0.0,0.0,0.588889,0.5,0.0,-0.262222
Negative_F83,0,0.060606,0.060606,0.0,0.121212,0.030303,0.151515,0.030303,0.030303,0.0,0.0,0.121212,0.0,0.121212,0.0,0.0,33.0,3.530932,9.514454,0.181818,0.0,0.030303,0.060606,0.0,0.269697,0.393939,0.0,0.535455
Negative_F1550,0,0.0,0.214286,0.0,0.107143,0.071429,0.071429,0.0,0.035714,0.107143,0.071429,0.0,0.071429,0.071429,0.0,0.071429,28.0,0.406492,7.773494,0.0,0.071429,0.0,0.0,0.035714,0.25,0.285714,0.071429,0.768929
Negative_F1952,0,0.057143,0.171429,0.085714,0.028571,0.057143,0.0,0.0,0.057143,0.0,0.114286,0.085714,0.085714,0.057143,0.028571,0.028571,35.0,0.459094,7.814358,0.0,0.085714,0.0,0.057143,0.0,-0.12,0.314286,0.142857,2.121714
Negative_F207,0,0.130435,0.0,0.0,0.173913,0.130435,0.086957,0.0,0.0,0.0,0.043478,0.130435,0.0,0.043478,0.043478,0.0,23.0,0.551503,8.497658,0.130435,0.0,0.0,0.043478,0.043478,0.156522,0.434783,0.043478,0.337391
Negative_F1372,0,0.178571,0.0,0.0,0.071429,0.071429,0.107143,0.0,0.0,0.035714,0.035714,0.035714,0.071429,0.178571,0.0,0.0,28.0,3.545371,10.176866,0.178571,0.0,0.0,0.035714,0.0,0.689286,0.535714,0.0,-0.185
Negative_F1802,0,0.121212,0.060606,0.030303,0.090909,0.0,0.090909,0.030303,0.090909,0.0,0.0,0.0,0.090909,0.151515,0.0,0.0,33.0,3.496786,9.594137,0.151515,0.030303,0.0,0.060606,0.0,0.136364,0.424242,0.030303,1.055455
Negative_F935,0,0.058824,0.0,0.117647,0.176471,0.117647,0.235294,0.0,0.0,0.058824,0.0,0.117647,0.0,0.058824,0.0,0.0,17.0,0.554947,8.750052,0.058824,0.0,0.0,0.0,0.0,1.617647,0.588235,0.117647,-1.870588
Negative_F491,0,0.071429,0.071429,0.071429,0.107143,0.071429,0.142857,0.035714,0.071429,0.0,0.035714,0.035714,0.0,0.035714,0.0,0.035714,28.0,5.543737,10.045673,0.178571,0.035714,0.0,0.0,0.0,0.239286,0.464286,0.107143,0.505714
Negative_F802,0,0.121951,0.243902,0.0,0.170732,0.02439,0.02439,0.0,0.04878,0.04878,0.04878,0.073171,0.02439,0.0,0.0,0.073171,41.0,3.304802,8.621244,0.0,0.097561,0.0,0.0,0.0,-0.065854,0.243902,0.073171,1.438049
Negative_F2379,0,0.060606,0.181818,0.0,0.121212,0.0,0.060606,0.030303,0.0,0.030303,0.0,0.090909,0.272727,0.090909,0.030303,0.0,33.0,0.061347,7.485036,0.0,0.030303,0.0,0.0,0.0,0.709091,0.272727,0.030303,0.198485
Negative_F574,0,0.047619,0.142857,0.0,0.119048,0.047619,0.02381,0.0,0.02381,0.095238,0.02381,0.095238,0.0,0.071429,0.047619,0.071429,42.0,6.132661,9.610641,0.02381,0.142857,0.02381,0.0,0.0,-0.342857,0.309524,0.119048,1.866429
Negative_F744,0,0.041667,0.0,0.083333,0.083333,0.041667,0.083333,0.041667,0.0,0.0,0.083333,0.041667,0.041667,0.0,0.041667,0.041667,24.0,4.538975,10.000674,0.291667,0.0,0.0,0.041667,0.041667,-1.016667,0.375,0.166667,1.77
Negative_F1022,0,0.125,0.0,0.0,0.125,0.0625,0.375,0.0,0.0625,0.0,0.0,0.125,0.0625,0.0,0.0,0.0,16.0,0.554947,8.750052,0.0625,0.0,0.0,0.0,0.0,1.275,0.5625,0.0,-1.14875
Negative_F1083,0,0.055556,0.0,0.055556,0.166667,0.0,0.055556,0.0,0.0,0.0,0.0,0.055556,0.0,0.055556,0.0,0.0,18.0,6.357971,11.999968,0.111111,0.277778,0.166667,0.0,0.0,-1.627778,0.222222,0.055556,4.806111
Negative_F924,0,0.045455,0.068182,0.011364,0.056818,0.022727,0.136364,0.011364,0.056818,0.045455,0.0,0.011364,0.022727,0.079545,0.022727,0.0,88.0,-6.461757,5.086033,0.147727,0.0,0.045455,0.125,0.090909,-0.556818,0.329545,0.034091,1.774545
Negative_F221,0,0.066667,0.2,0.0,0.1,0.1,0.033333,0.0,0.066667,0.066667,0.0,0.1,0.0,0.066667,0.033333,0.033333,30.0,1.404012,8.33378,0.066667,0.033333,0.0,0.0,0.033333,0.416667,0.333333,0.066667,0.408
Negative_F269,0,0.210526,0.0,0.0,0.052632,0.0,0.0,0.0,0.0,0.157895,0.0,0.052632,0.105263,0.052632,0.0,0.0,19.0,4.886741,10.304707,0.315789,0.0,0.0,0.052632,0.0,-1.205263,0.263158,0.0,2.017895
Negative_F1431,0,0.121951,0.0,0.02439,0.121951,0.121951,0.02439,0.0,0.02439,0.073171,0.02439,0.02439,0.04878,0.073171,0.02439,0.0,41.0,7.543886,11.603681,0.146341,0.097561,0.0,0.02439,0.02439,-0.356098,0.390244,0.04878,1.671463
Negative_F2289,0,0.0,0.095238,0.079365,0.079365,0.015873,0.031746,0.031746,0.015873,0.047619,0.063492,0.047619,0.063492,0.047619,0.0,0.047619,63.0,6.524067,9.258643,0.174603,0.015873,0.063492,0.079365,0.0,-0.850794,0.253968,0.126984,2.048413
Negative_F2004,0,0.076923,0.0,0.153846,0.076923,0.076923,0.230769,0.0,0.0,0.076923,0.0,0.076923,0.0,0.153846,0.0,0.0,13.0,0.554947,8.750052,0.076923,0.0,0.0,0.0,0.0,1.923077,0.692308,0.153846,-2.116923
Negative_F1667,0,0.041667,0.125,0.0,0.083333,0.0,0.166667,0.0,0.083333,0.0,0.0,0.0,0.166667,0.083333,0.041667,0.0,24.0,1.514173,8.657218,0.125,0.0,0.041667,0.0,0.041667,0.125,0.333333,0.041667,0.585833
Negative_F1018,0,0.076923,0.0,0.076923,0.076923,0.153846,0.153846,0.0,0.0,0.153846,0.0,0.0,0.076923,0.0,0.0,0.076923,13.0,1.549936,9.703024,0.153846,0.0,0.0,0.0,0.0,0.6,0.538462,0.153846,-0.892308
Negative_F559,0,0.0,0.333333,0.0,0.111111,0.0,0.111111,0.0,0.0,0.0,0.0,0.0,0.0,0.111111,0.0,0.0,18.0,5.410282,9.687293,0.0,0.333333,0.0,0.0,0.0,0.177778,0.222222,0.0,3.446667
Negative_F1788,0,0.076923,0.051282,0.038462,0.038462,0.038462,0.038462,0.025641,0.025641,0.064103,0.076923,0.102564,0.038462,0.102564,0.012821,0.025641,78.0,10.40056,10.112978,0.115385,0.076923,0.0,0.025641,0.025641,-0.433333,0.358974,0.076923,1.995256
Negative_F630,0,0.129032,0.0,0.032258,0.193548,0.129032,0.064516,0.0,0.064516,0.0,0.0,0.064516,0.032258,0.064516,0.0,0.0,31.0,2.548585,9.825643,0.16129,0.0,0.0,0.032258,0.032258,0.187097,0.419355,0.032258,0.402258
Negative_F810,0,0.155556,0.044444,0.044444,0.288889,0.022222,0.133333,0.022222,0.066667,0.066667,0.0,0.0,0.022222,0.088889,0.0,0.0,45.0,1.505915,8.95648,0.022222,0.022222,0.0,0.0,0.0,0.88,0.466667,0.044444,-0.964444
Negative_F626,0,0.05,0.1,0.025,0.05,0.05,0.075,0.025,0.0,0.05,0.025,0.125,0.05,0.05,0.025,0.0,40.0,3.189421,9.367466,0.025,0.175,0.0,0.05,0.05,-0.4025,0.3,0.05,2.94425
Negative_F2034,0,0.0,0.178571,0.0,0.071429,0.035714,0.071429,0.0,0.071429,0.0,0.107143,0.071429,0.071429,0.0,0.071429,0.035714,28.0,1.42713,8.404308,0.107143,0.035714,0.0,0.0,0.071429,-0.821429,0.214286,0.107143,2.123929
Negative_F1907,0,0.117647,0.0,0.058824,0.117647,0.058824,0.058824,0.058824,0.117647,0.0,0.0,0.0,0.058824,0.117647,0.117647,0.058824,17.0,0.282358,8.497787,0.0,0.058824,0.0,0.0,0.0,0.523529,0.647059,0.235294,-0.147059
Negative_F2022,0,0.083333,0.0,0.083333,0.125,0.083333,0.166667,0.0,0.0,0.041667,0.0,0.125,0.041667,0.0,0.041667,0.0,24.0,2.547877,10.001383,0.166667,0.0,0.0,0.041667,0.0,0.3125,0.458333,0.125,-0.023333
Negative_F2430,0,0.0,0.333333,0.0,0.111111,0.111111,0.111111,0.0,0.0,0.0,0.0,0.0,0.0,0.111111,0.0,0.0,18.0,3.410332,9.007539,0.0,0.222222,0.0,0.0,0.0,1.177778,0.333333,0.0,1.242222
Negative_F624,0,0.0,0.363636,0.090909,0.181818,0.090909,0.0,0.0,0.0,0.045455,0.0,0.0,0.045455,0.045455,0.0,0.0,22.0,2.35887,8.537242,0.045455,0.090909,0.0,0.0,0.0,1.0,0.227273,0.090909,0.187273
Negative_F817,0,0.217391,0.043478,0.0,0.130435,0.043478,0.0,0.0,0.043478,0.043478,0.043478,0.130435,0.043478,0.086957,0.043478,0.0,23.0,1.567045,9.508071,0.043478,0.043478,0.043478,0.0,0.0,-0.043478,0.391304,0.043478,0.93913
Negative_F2225,0,0.0,0.0,0.0625,0.03125,0.09375,0.0625,0.0,0.03125,0.3125,0.0,0.03125,0.0,0.0,0.125,0.0,32.0,5.555243,11.999968,0.03125,0.1875,0.0,0.03125,0.0,-1.0,0.34375,0.1875,2.281563
Negative_F698,0,0.044444,0.222222,0.0,0.133333,0.0,0.022222,0.0,0.088889,0.0,0.155556,0.066667,0.044444,0.0,0.0,0.066667,45.0,4.305872,8.799564,0.0,0.133333,0.0,0.0,0.022222,-1.037778,0.133333,0.066667,3.343333
Negative_F2230,0,0.076923,0.0,0.153846,0.153846,0.230769,0.153846,0.0,0.0,0.0,0.0,0.0,0.0,0.0,0.0,0.0,13.0,-0.332668,7.022423,0.0,0.0,0.230769,0.0,0.0,1.392308,0.615385,0.153846,-1.559231
Negative_F738,0,0.02381,0.142857,0.119048,0.119048,0.02381,0.02381,0.0,0.02381,0.02381,0.0,0.119048,0.02381,0.047619,0.0,0.095238,42.0,6.400656,9.609996,0.0,0.190476,0.0,0.02381,0.0,-0.214286,0.333333,0.214286,2.567619
Negative_F1379,0,0.095238,0.0,0.0,0.095238,0.047619,0.0,0.0,0.0,0.0,0.095238,0.142857,0.095238,0.047619,0.047619,0.190476,21.0,-0.415522,6.740786,0.0,0.047619,0.047619,0.047619,0.0,-0.790476,0.428571,0.238095,1.832857
Negative_F1974,0,0.074074,0.0,0.0,0.148148,0.0,0.074074,0.0,0.111111,0.037037,0.0,0.0,0.111111,0.111111,0.074074,0.0,27.0,4.555268,11.999968,0.037037,0.185185,0.0,0.037037,0.0,-0.877778,0.333333,0.074074,3.055556
Negative_F494,0,0.020833,0.041667,0.041667,0.208333,0.145833,0.041667,0.020833,0.104167,0.020833,0.0,0.020833,0.041667,0.083333,0.0,0.0,48.0,3.493595,9.448889,0.145833,0.0,0.0,0.020833,0.041667,0.147917,0.354167,0.041667,0.425208
Negative_F1901,0,0.142857,0.071429,0.0,0.119048,0.047619,0.095238,0.0,0.02381,0.0,0.047619,0.095238,0.190476,0.047619,0.02381,0.02381,42.0,0.175803,7.688122,0.02381,0.02381,0.0,0.0,0.02381,0.369048,0.380952,0.047619,0.475476
Negative_F1966,0,0.057851,0.115702,0.008264,0.07438,0.024793,0.090909,0.008264,0.066116,0.033058,0.008264,0.041322,0.041322,0.033058,0.008264,0.082645,121.0,10.883423,9.097021,0.157025,0.041322,0.008264,0.049587,0.049587,-0.663636,0.31405,0.099174,1.950826
Negative_F121,0,0.068966,0.0,0.0,0.172414,0.137931,0.103448,0.0,0.0,0.034483,0.0,0.0,0.034483,0.068966,0.0,0.034483,29.0,8.583906,11.999968,0.103448,0.206897,0.034483,0.0,0.0,-0.210345,0.413793,0.034483,2.162069
Negative_F2171,0,0.0,0.0,0.041667,0.0,0.125,0.083333,0.0,0.041667,0.041667,0.0,0.0,0.083333,0.041667,0.0,0.041667,24.0,9.555404,11.999968,0.041667,0.416667,0.0,0.0,0.041667,-1.3375,0.333333,0.083333,5.910833
Negative_F832,0,0.171429,0.057143,0.028571,0.257143,0.0,0.142857,0.028571,0.0,0.028571,0.0,0.028571,0.0,0.142857,0.028571,0.028571,35.0,-2.492492,4.050028,0.0,0.0,0.0,0.028571,0.028571,1.294286,0.571429,0.085714,-1.579143
Negative_F1315,0,0.137931,0.068966,0.034483,0.068966,0.034483,0.103448,0.068966,0.137931,0.0,0.0,0.0,0.068966,0.034483,0.0,0.0,29.0,2.496811,9.243171,0.172414,0.0,0.0,0.068966,0.0,-0.131034,0.413793,0.034483,1.165862
Negative_F2288,0,0.136364,0.0,0.045455,0.045455,0.090909,0.181818,0.0,0.0,0.045455,0.045455,0.227273,0.0,0.090909,0.045455,0.0,22.0,0.554947,8.750052,0.045455,0.0,0.0,0.0,0.0,1.204545,0.590909,0.090909,-0.963182
Negative_F611,0,0.153846,0.0,0.115385,0.153846,0.153846,0.0,0.0,0.038462,0.0,0.038462,0.038462,0.0,0.0,0.038462,0.0,26.0,1.711881,9.704313,0.115385,0.0,0.115385,0.038462,0.0,-0.057692,0.461538,0.153846,0.499231
Negative_F2394,0,0.032258,0.0,0.129032,0.032258,0.0,0.064516,0.0,0.0,0.322581,0.0,0.0,0.0,0.0,0.0,0.096774,31.0,3.624606,10.834444,0.0,0.193548,0.064516,0.032258,0.032258,-1.293548,0.322581,0.225806,2.912258
Negative_F167,0,0.03125,0.15625,0.03125,0.0625,0.03125,0.125,0.0,0.03125,0.03125,0.0625,0.09375,0.15625,0.03125,0.03125,0.0,32.0,1.42854,8.415332,0.09375,0.0,0.0,0.0,0.03125,0.190625,0.28125,0.0625,0.630937
Negative_F284,0,0.045455,0.0,0.045455,0.0,0.090909,0.0,0.045455,0.0,0.272727,0.090909,0.0,0.045455,0.045455,0.0,0.045455,22.0,4.591448,11.999968,0.0,0.227273,0.045455,0.0,0.0,-1.118182,0.318182,0.090909,3.274091
Negative_F2087,0,0.0,0.0,0.066667,0.133333,0.0,0.133333,0.0,0.066667,0.0,0.0,0.0,0.133333,0.133333,0.0,0.133333,15.0,2.515584,10.277953,0.066667,0.133333,0.0,0.0,0.0,-0.16,0.466667,0.2,1.644667
Negative_F726,0,0.0,0.105263,0.052632,0.052632,0.0,0.052632,0.0,0.105263,0.052632,0.0,0.157895,0.052632,0.0,0.0,0.0,19.0,1.544059,8.955964,0.052632,0.157895,0.052632,0.052632,0.052632,-1.478947,0.105263,0.052632,4.481579
Negative_F367,0,0.0,0.1,0.05,0.05,0.15,0.15,0.0,0.05,0.1,0.0,0.0,0.05,0.15,0.0,0.0,20.0,2.466627,9.389385,0.15,0.0,0.0,0.0,0.0,1.29,0.5,0.05,-1.113
Negative_F1293,0,0.166667,0.208333,0.041667,0.041667,0.0,0.041667,0.041667,0.0,0.041667,0.083333,0.041667,0.0,0.125,0.0,0.041667,24.0,0.42854,7.815583,0.083333,0.0,0.0,0.0,0.041667,0.766667,0.458333,0.083333,-0.184167
Negative_F1744,0,0.0,0.0,0.071429,0.214286,0.142857,0.142857,0.0,0.0,0.0,0.0,0.071429,0.0,0.071429,0.071429,0.0,14.0,0.553562,8.591073,0.142857,0.0,0.0,0.0,0.071429,0.671429,0.5,0.142857,-0.752857
Negative_F2427,0,0.0,0.0,0.0,0.105263,0.052632,0.315789,0.0,0.105263,0.0,0.0,0.052632,0.052632,0.052632,0.052632,0.0,19.0,2.586563,10.302064,0.157895,0.0,0.052632,0.0,0.0,0.336842,0.473684,0.052632,-0.112105
Negative_F2139,0,0.0,0.0,0.153846,0.0,0.076923,0.0,0.0,0.0,0.0,0.0,0.0,0.0,0.0,0.307692,0.0,13.0,5.557302,11.999968,0.0,0.461538,0.0,0.0,0.0,-1.576923,0.538462,0.461538,5.332308
Negative_F495,0,0.090909,0.077922,0.025974,0.064935,0.116883,0.142857,0.0,0.064935,0.0,0.012987,0.038961,0.077922,0.038961,0.0,0.012987,77.0,-1.56945,5.647829,0.103896,0.0,0.012987,0.077922,0.038961,0.406494,0.428571,0.038961,0.581558
Negative_F220,0,0.029412,0.176471,0.058824,0.117647,0.058824,0.029412,0.0,0.029412,0.029412,0.029412,0.058824,0.029412,0.029412,0.0,0.058824,34.0,6.101442,9.799404,0.0,0.235294,0.0,0.029412,0.0,-0.447059,0.264706,0.117647,3.291176
Negative_F2251,0,0.166667,0.0,0.0,0.055556,0.166667,0.222222,0.055556,0.0,0.055556,0.0,0.111111,0.055556,0.055556,0.0,0.0,18.0,0.554947,8.750052,0.055556,0.0,0.0,0.0,0.0,1.777778,0.666667,0.0,-1.793333
Negative_F442,0,0.037037,0.037037,0.111111,0.185185,0.037037,0.074074,0.0,0.0,0.0,0.0,0.037037,0.074074,0.074074,0.0,0.037037,27.0,4.557444,10.187955,0.148148,0.074074,0.037037,0.037037,0.0,-0.133333,0.37037,0.148148,1.278889
Negative_F1707,0,0.0,0.15,0.025,0.125,0.075,0.05,0.0,0.1,0.05,0.025,0.05,0.025,0.05,0.025,0.0,40.0,9.397779,10.25945,0.125,0.125,0.0,0.0,0.0,-0.515,0.225,0.05,2.33625
Negative_F638,0,0.071429,0.0,0.214286,0.0,0.142857,0.285714,0.0,0.0,0.071429,0.0,0.142857,0.0,0.0,0.0,0.0,14.0,0.554947,8.750052,0.071429,0.0,0.0,0.0,0.0,1.95,0.714286,0.214286,-1.994286
Negative_F2365,0,0.0,0.038462,0.038462,0.038462,0.038462,0.230769,0.0,0.0,0.038462,0.0,0.038462,0.115385,0.076923,0.0,0.0,26.0,-0.432888,6.765568,0.115385,0.038462,0.038462,0.038462,0.115385,0.103846,0.384615,0.038462,1.106538
Negative_F931,0,0.02381,0.142857,0.047619,0.095238,0.02381,0.095238,0.0,0.071429,0.071429,0.047619,0.047619,0.02381,0.095238,0.02381,0.02381,42.0,3.445549,8.982718,0.0,0.119048,0.02381,0.0,0.02381,0.030952,0.333333,0.095238,1.530476
Negative_F1409,0,0.0,0.0,0.0,0.333333,0.0,0.466667,0.0,0.133333,0.0,0.0,0.0,0.066667,0.0,0.0,0.0,15.0,-0.442547,5.525,0.0,0.0,0.0,0.0,0.0,1.126667,0.466667,0.0,-1.552667
Negative_F1056,0,0.071429,0.0,0.0,0.071429,0.285714,0.214286,0.0,0.071429,0.0,0.0,0.071429,0.0,0.0,0.0,0.0,14.0,2.549936,10.302064,0.214286,0.0,0.0,0.0,0.0,1.057143,0.571429,0.0,-0.75
Negative_F478,0,0.0,0.0,0.076923,0.153846,0.153846,0.384615,0.0,0.0,0.076923,0.0,0.076923,0.0,0.0,0.0,0.0,13.0,0.554947,8.750052,0.076923,0.0,0.0,0.0,0.0,1.823077,0.615385,0.076923,-2.334615
Negative_F1152,0,0.052632,0.236842,0.0,0.052632,0.0,0.052632,0.0,0.078947,0.184211,0.026316,0.026316,0.026316,0.0,0.026316,0.0,38.0,6.334688,9.268313,0.026316,0.184211,0.0,0.026316,0.0,-0.884211,0.131579,0.026316,3.182895
Negative_F2015,0,0.038462,0.0,0.076923,0.0,0.038462,0.153846,0.038462,0.0,0.0,0.076923,0.0,0.038462,0.076923,0.038462,0.038462,26.0,1.628282,9.97089,0.038462,0.153846,0.076923,0.038462,0.076923,-0.434615,0.5,0.153846,2.521154
Negative_F704,0,0.027027,0.162162,0.081081,0.189189,0.0,0.027027,0.0,0.054054,0.054054,0.054054,0.027027,0.027027,0.027027,0.0,0.108108,37.0,1.467267,8.304576,0.081081,0.0,0.054054,0.0,0.027027,-0.408108,0.27027,0.189189,0.802703
Negative_F1712,0,0.045455,0.0,0.045455,0.045455,0.136364,0.25,0.068182,0.022727,0.0,0.022727,0.068182,0.045455,0.045455,0.0,0.0,44.0,4.277032,11.068786,0.090909,0.068182,0.0,0.0,0.045455,1.009091,0.590909,0.045455,-0.048409
Negative_F1964,0,0.1,0.02,0.02,0.08,0.04,0.12,0.03,0.02,0.03,0.04,0.1,0.03,0.08,0.02,0.04,100.0,-4.46638,4.838556,0.05,0.04,0.01,0.05,0.08,-0.008,0.45,0.08,1.1099
Negative_F938,0,0.042553,0.170213,0.085106,0.106383,0.0,0.0,0.0,0.042553,0.0,0.06383,0.06383,0.085106,0.042553,0.0,0.0,47.0,6.46836,9.372301,0.042553,0.148936,0.06383,0.0,0.042553,-0.795745,0.170213,0.085106,3.297021
Negative_F1044,0,0.0,0.0,0.153846,0.0,0.153846,0.076923,0.0,0.0,0.153846,0.0,0.0,0.153846,0.153846,0.0,0.0,13.0,1.552442,10.002737,0.153846,0.0,0.0,0.0,0.0,1.107692,0.538462,0.153846,-0.966154
Negative_F586,0,0.210526,0.0,0.052632,0.052632,0.105263,0.157895,0.0,0.105263,0.052632,0.0,0.105263,0.0,0.052632,0.0,0.0,19.0,-0.369294,6.917726,0.0,0.0,0.105263,0.0,0.0,0.926316,0.578947,0.052632,-0.547368
Negative_F881,0,0.066667,0.0,0.0,0.2,0.2,0.266667,0.066667,0.0,0.0,0.0,0.0,0.066667,0.0,0.0,0.0,15.0,0.591574,8.757208,0.066667,0.0,0.066667,0.0,0.0,1.56,0.6,0.0,-1.909333
Negative_F228,0,0.0,0.0,0.058824,0.147059,0.088235,0.117647,0.0,0.029412,0.058824,0.117647,0.0,0.0,0.029412,0.0,0.0,34.0,5.540745,10.218513,0.235294,0.029412,0.0,0.0,0.088235,-0.894118,0.294118,0.058824,1.747353
Negative_F516,0,0.142857,0.071429,0.0,0.071429,0.107143,0.107143,0.035714,0.071429,0.0,0.035714,0.035714,0.071429,0.035714,0.0,0.0,28.0,1.499317,8.821225,0.142857,0.0,0.0,0.071429,0.0,0.253571,0.428571,0.0,0.693214
Negative_F2232,0,0.076923,0.0,0.230769,0.076923,0.153846,0.153846,0.0,0.0,0.0,0.076923,0.076923,0.0,0.0,0.0,0.0,13.0,-0.369294,6.917726,0.0,0.0,0.153846,0.0,0.0,1.207692,0.615385,0.230769,-1.008462
Negative_F1329,0,0.058824,0.0,0.058824,0.235294,0.058824,0.294118,0.0,0.058824,0.0,0.0,0.058824,0.058824,0.0,0.0,0.0,17.0,1.552442,10.002737,0.117647,0.0,0.0,0.0,0.0,0.805882,0.470588,0.058824,-0.844706
Negative_F1746,0,0.115385,0.0,0.076923,0.230769,0.038462,0.038462,0.0,0.038462,0.0,0.0,0.038462,0.0,0.0,0.0,0.115385,26.0,3.547066,10.156494,0.076923,0.153846,0.0,0.0,0.076923,-0.926923,0.384615,0.192308,2.615
Negative_F969,0,0.029412,0.176471,0.0,0.088235,0.058824,0.029412,0.0,0.0,0.0,0.029412,0.088235,0.058824,0.0,0.058824,0.029412,34.0,6.136709,9.689679,0.058824,0.205882,0.029412,0.029412,0.029412,-0.926471,0.205882,0.088235,3.677059
Negative_F426,0,0.107143,0.0,0.017857,0.089286,0.053571,0.089286,0.053571,0.0,0.089286,0.071429,0.035714,0.0,0.125,0.0,0.0,56.0,6.541816,10.453758,0.142857,0.053571,0.0,0.0,0.071429,-0.055357,0.446429,0.017857,0.930893
Negative_F2265,0,0.054545,0.109091,0.018182,0.054545,0.0,0.054545,0.0,0.090909,0.018182,0.018182,0.054545,0.054545,0.018182,0.036364,0.054545,55.0,5.377298,9.100309,0.218182,0.018182,0.0,0.090909,0.036364,-1.290909,0.236364,0.109091,2.789818
Negative_F128,0,0.230769,0.0,0.038462,0.115385,0.038462,0.076923,0.038462,0.076923,0.0,0.0,0.038462,0.0,0.076923,0.038462,0.0,26.0,1.549672,9.52825,0.153846,0.0,0.0,0.0,0.076923,0.134615,0.538462,0.076923,0.32
Negative_F976,0,0.121212,0.060606,0.030303,0.060606,0.030303,0.181818,0.0,0.030303,0.0,0.030303,0.181818,0.090909,0.030303,0.0,0.0,33.0,2.194646,9.302868,0.121212,0.0,0.0,0.030303,0.0,0.384848,0.393939,0.030303,0.547576
Negative_F1969,0,0.0,0.0,0.090909,0.0,0.090909,0.272727,0.0,0.0,0.0,0.0,0.0,0.0,0.0,0.0,0.090909,11.0,4.542419,10.301548,0.454545,0.0,0.0,0.0,0.0,-0.190909,0.545455,0.181818,0.475455
Negative_F1818,0,0.1,0.05,0.025,0.05,0.05,0.075,0.0,0.05,0.1,0.05,0.125,0.075,0.025,0.0,0.0,40.0,1.545155,8.955319,0.025,0.1,0.025,0.025,0.05,-0.5825,0.275,0.025,2.45
Negative_F1867,0,0.065789,0.078947,0.039474,0.092105,0.039474,0.039474,0.039474,0.065789,0.013158,0.026316,0.052632,0.039474,0.065789,0.013158,0.026316,76.0,5.488551,9.100825,0.171053,0.0,0.039474,0.039474,0.052632,-0.506579,0.328947,0.078947,1.500658
Negative_F2105,0,0.030303,0.0,0.060606,0.181818,0.060606,0.060606,0.030303,0.060606,0.060606,0.090909,0.030303,0.030303,0.121212,0.060606,0.0,33.0,1.551057,9.703024,0.090909,0.0,0.0,0.0,0.030303,0.033333,0.424242,0.121212,0.09303
Negative_F2218,0,0.227273,0.090909,0.0,0.136364,0.022727,0.022727,0.0,0.159091,0.022727,0.0,0.068182,0.045455,0.090909,0.0,0.045455,44.0,1.541354,8.542851,0.0,0.045455,0.022727,0.0,0.0,0.136364,0.409091,0.045455,0.948636
Negative_F1380,0,0.111111,0.0,0.166667,0.0,0.055556,0.0,0.055556,0.055556,0.055556,0.111111,0.055556,0.055556,0.055556,0.0,0.0,18.0,1.554132,9.994292,0.111111,0.055556,0.0,0.055556,0.0,-0.377778,0.444444,0.166667,1.92
Negative_F928,0,0.055556,0.166667,0.111111,0.138889,0.0,0.055556,0.0,0.0,0.055556,0.0,0.027778,0.027778,0.083333,0.055556,0.0,36.0,3.476565,8.940492,0.083333,0.055556,0.055556,0.027778,0.0,0.302778,0.361111,0.166667,0.443333
Negative_F1263,0,0.075,0.2,0.025,0.075,0.0,0.05,0.025,0.0,0.025,0.0,0.1,0.075,0.05,0.025,0.05,40.0,3.534486,8.743412,0.05,0.05,0.125,0.0,0.0,0.0425,0.3,0.1,1.044
Negative_F1695,0,0.034483,0.172414,0.0,0.0,0.068966,0.137931,0.034483,0.034483,0.068966,0.068966,0.034483,0.034483,0.103448,0.0,0.0,29.0,-0.568761,6.005915,0.068966,0.034483,0.0,0.103448,0.0,0.517241,0.37931,0.0,0.816207
Negative_F620,0,0.061728,0.074074,0.037037,0.049383,0.049383,0.061728,0.012346,0.037037,0.049383,0.012346,0.049383,0.049383,0.074074,0.0,0.024691,81.0,-2.498835,5.880187,0.123457,0.024691,0.037037,0.08642,0.08642,-0.502469,0.320988,0.061728,1.942593
Negative_F1421,0,0.0,0.0,0.153846,0.153846,0.076923,0.230769,0.0,0.0,0.076923,0.0,0.0,0.0,0.076923,0.0,0.076923,13.0,1.552417,9.994292,0.076923,0.076923,0.0,0.0,0.0,1.046154,0.615385,0.230769,-0.842308
Negative_F306,0,0.083333,0.0,0.0,0.166667,0.083333,0.25,0.0,0.0,0.0,0.0,0.0,0.041667,0.041667,0.041667,0.0,24.0,4.54354,10.301548,0.25,0.0,0.0,0.0,0.041667,0.395833,0.5,0.041667,-0.434583
Negative_F1979,0,0.058824,0.117647,0.039216,0.039216,0.058824,0.019608,0.0,0.058824,0.039216,0.039216,0.039216,0.098039,0.058824,0.019608,0.039216,51.0,7.460147,9.506395,0.156863,0.039216,0.039216,0.019608,0.019608,-0.545098,0.294118,0.098039,1.861569
Negative_F2063,0,0.071429,0.0,0.0,0.0,0.071429,0.071429,0.0,0.071429,0.214286,0.071429,0.071429,0.071429,0.214286,0.0,0.0,14.0,-0.440223,6.711116,0.0,0.0,0.071429,0.0,0.0,0.442857,0.428571,0.0,-0.068571
Negative_F1128,0,0.0,0.0,0.105263,0.052632,0.0,0.0,0.0,0.052632,0.368421,0.052632,0.0,0.052632,0.105263,0.0,0.052632,19.0,1.586563,9.703153,0.105263,0.0,0.052632,0.0,0.0,-0.926316,0.263158,0.157895,0.824737
Negative_F1124,0,0.052632,0.157895,0.0,0.105263,0.0,0.052632,0.0,0.105263,0.052632,0.0,0.157895,0.105263,0.0,0.052632,0.052632,19.0,-0.520622,5.814652,0.052632,0.0,0.0,0.052632,0.0,-0.510526,0.210526,0.105263,1.486842
Negative_F1429,0,0.0,0.0,0.136364,0.045455,0.090909,0.045455,0.0,0.045455,0.045455,0.0,0.090909,0.045455,0.045455,0.045455,0.0,22.0,1.553706,9.978304,0.090909,0.136364,0.0,0.136364,0.0,-0.686364,0.363636,0.181818,3.046364
Negative_F1751,0,0.12,0.08,0.04,0.08,0.0,0.16,0.0,0.08,0.0,0.08,0.12,0.0,0.04,0.0,0.0,25.0,4.495918,9.904294,0.2,0.0,0.0,0.0,0.0,-0.164,0.36,0.04,1.0296
Negative_F1157,0,0.071429,0.0,0.0,0.071429,0.071429,0.214286,0.142857,0.071429,0.0,0.0,0.071429,0.0,0.0,0.071429,0.0,14.0,2.549936,10.302064,0.214286,0.0,0.0,0.0,0.0,0.3,0.571429,0.071429,-0.197857
Negative_F1030,0,0.0,0.0,0.0,0.0,0.076923,0.153846,0.0,0.076923,0.153846,0.076923,0.0,0.0,0.0,0.0,0.153846,13.0,1.551007,9.696641,0.076923,0.153846,0.0,0.0,0.076923,-1.315385,0.384615,0.153846,3.069231
Negative_F601,0,0.083333,0.0,0.0,0.291667,0.166667,0.125,0.0,0.0,0.0,0.0,0.0,0.0,0.0,0.041667,0.0,24.0,1.590585,9.986233,0.083333,0.083333,0.041667,0.041667,0.041667,0.095833,0.416667,0.041667,0.59
Negative_F2287,0,0.0625,0.0,0.125,0.1875,0.0625,0.25,0.0,0.0,0.0625,0.0,0.0,0.0625,0.0625,0.0,0.0,16.0,1.557403,11.999968,0.0,0.125,0.0,0.0,0.0,1.175,0.5625,0.125,-0.42625
Negative_F1129,0,0.04878,0.146341,0.0,0.04878,0.04878,0.073171,0.02439,0.02439,0.04878,0.02439,0.097561,0.073171,0.02439,0.073171,0.073171,41.0,5.424509,9.218995,0.146341,0.0,0.02439,0.0,0.0,-0.107317,0.365854,0.146341,0.505122
Negative_F1453,0,0.125,0.083333,0.083333,0.041667,0.125,0.125,0.0,0.041667,0.083333,0.0,0.0,0.041667,0.083333,0.0,0.0,24.0,3.498424,9.701283,0.166667,0.0,0.0,0.0,0.0,1.079167,0.541667,0.083333,-0.878333
Negative_F400,0,0.05,0.1,0.05,0.0,0.05,0.1,0.0,0.0,0.05,0.05,0.05,0.0,0.0,0.0,0.05,20.0,6.569096,10.572702,0.2,0.15,0.1,0.0,0.0,-1.05,0.3,0.1,3.1625
Negative_F872,0,0.285714,0.0,0.0,0.0,0.071429,0.142857,0.071429,0.071429,0.0,0.0,0.071429,0.0,0.071429,0.0,0.0,14.0,2.549936,10.302064,0.214286,0.0,0.0,0.0,0.0,0.671429,0.642857,0.0,-0.121429
Negative_F309,0,0.076923,0.0,0.0,0.115385,0.153846,0.076923,0.038462,0.0,0.038462,0.038462,0.038462,0.038462,0.076923,0.038462,0.0,26.0,6.542394,11.433484,0.230769,0.038462,0.0,0.0,0.0,0.111538,0.461538,0.038462,0.423462
Negative_F1427,0,0.0,0.0,0.071429,0.214286,0.0,0.071429,0.0,0.0,0.0,0.0,0.142857,0.0,0.214286,0.142857,0.0,14.0,-0.443932,6.001425,0.071429,0.0,0.0,0.0,0.071429,0.514286,0.5,0.214286,-0.595714
Negative_F324,0,0.011905,0.0,0.011905,0.630952,0.0,0.0,0.0,0.011905,0.047619,0.02381,0.02381,0.011905,0.0,0.0,0.047619,84.0,0.023996,7.414669,0.0,0.011905,0.154762,0.011905,0.0,-1.078571,0.071429,0.059524,0.681667
Negative_F1440,0,0.066667,0.177778,0.022222,0.066667,0.0,0.111111,0.0,0.066667,0.044444,0.022222,0.088889,0.044444,0.022222,0.0,0.022222,45.0,8.344233,9.537404,0.133333,0.088889,0.0,0.022222,0.0,-0.395556,0.244444,0.044444,2.131778
Negative_F2233,0,0.045455,0.0,0.227273,0.045455,0.090909,0.090909,0.0,0.045455,0.045455,0.045455,0.045455,0.045455,0.0,0.0,0.0,22.0,4.586512,11.999968,0.136364,0.090909,0.045455,0.0,0.0,-0.090909,0.454545,0.227273,1.453182
Negative_F1883,0,0.190476,0.095238,0.047619,0.047619,0.142857,0.190476,0.0,0.047619,0.047619,0.047619,0.0,0.0,0.0,0.0,0.0,21.0,2.50341,9.503945,0.095238,0.047619,0.0,0.0,0.0,1.066667,0.571429,0.047619,-0.474286
Negative_F337,0,0.027027,0.0,0.054054,0.081081,0.081081,0.108108,0.0,0.027027,0.054054,0.054054,0.0,0.027027,0.027027,0.0,0.027027,37.0,11.533839,11.537536,0.243243,0.135135,0.0,0.027027,0.027027,-1.113514,0.324324,0.081081,3.011892
Negative_F2067,0,0.111111,0.0,0.111111,0.0,0.166667,0.222222,0.0,0.0,0.111111,0.0,0.166667,0.0,0.0,0.0,0.0,18.0,1.554922,11.000837,0.055556,0.055556,0.0,0.0,0.0,1.327778,0.611111,0.111111,-0.741667
Negative_F1792,0,0.078947,0.157895,0.078947,0.078947,0.026316,0.0,0.0,0.0,0.026316,0.052632,0.078947,0.078947,0.0,0.0,0.026316,38.0,7.526789,9.993518,0.052632,0.184211,0.052632,0.026316,0.0,-0.828947,0.210526,0.105263,3.497895
Negative_F1920,0,0.065217,0.043478,0.065217,0.195652,0.108696,0.065217,0.043478,0.021739,0.0,0.0,0.021739,0.043478,0.043478,0.0,0.0,46.0,4.491511,9.627983,0.173913,0.021739,0.0,0.043478,0.043478,0.128261,0.391304,0.065217,0.609348
Negative_F2018,0,0.026316,0.078947,0.026316,0.078947,0.105263,0.0,0.0,0.131579,0.0,0.0,0.078947,0.210526,0.078947,0.026316,0.026316,38.0,0.478642,7.940716,0.052632,0.026316,0.0,0.0,0.052632,-0.144737,0.289474,0.078947,1.530526
Negative_F501,0,0.097561,0.04878,0.0,0.195122,0.073171,0.02439,0.04878,0.097561,0.0,0.02439,0.097561,0.02439,0.04878,0.04878,0.04878,41.0,2.549844,9.307446,0.04878,0.04878,0.0,0.0,0.02439,-0.185366,0.390244,0.097561,1.020976
Negative_F1306,0,0.043478,0.043478,0.043478,0.173913,0.130435,0.021739,0.021739,0.043478,0.0,0.0,0.043478,0.021739,0.130435,0.0,0.0,46.0,4.491511,9.627983,0.173913,0.021739,0.0,0.043478,0.043478,0.215217,0.391304,0.043478,0.703043
Negative_F202,0,0.083333,0.0,0.041667,0.125,0.083333,0.125,0.0,0.0,0.083333,0.0,0.041667,0.0,0.208333,0.0,0.0,24.0,0.626815,8.605578,0.083333,0.0,0.083333,0.0,0.041667,1.0375,0.541667,0.041667,-0.982917
Negative_F479,0,0.0,0.0,0.076923,0.153846,0.0,0.461538,0.0,0.0,0.076923,0.0,0.076923,0.076923,0.076923,0.0,0.0,13.0,-0.442547,5.525,0.0,0.0,0.0,0.0,0.0,1.992308,0.615385,0.076923,-2.496154
Negative_F304,0,0.0,0.0,0.0,0.263158,0.052632,0.263158,0.0,0.0,0.052632,0.0,0.0,0.0,0.157895,0.0,0.0,19.0,1.550383,9.703024,0.157895,0.0,0.0,0.052632,0.0,0.910526,0.473684,0.0,-1.103684
Negative_F389,0,0.04,0.04,0.0,0.04,0.04,0.2,0.0,0.08,0.0,0.04,0.04,0.0,0.08,0.0,0.04,25.0,3.559239,9.86355,0.16,0.08,0.04,0.0,0.08,-0.464,0.4,0.04,2.042
Negative_F571,0,0.0,0.0,0.066667,0.333333,0.066667,0.333333,0.0,0.0,0.0,0.0,0.0,0.0,0.066667,0.0,0.0,15.0,-0.444606,5.835682,0.066667,0.0,0.0,0.066667,0.0,1.406667,0.533333,0.066667,-1.798
Negative_F2160,0,0.117647,0.0,0.029412,0.117647,0.0,0.0,0.0,0.088235,0.029412,0.029412,0.088235,0.058824,0.058824,0.0,0.0,34.0,6.539372,10.461301,0.235294,0.058824,0.0,0.058824,0.029412,-1.567647,0.205882,0.029412,3.447941
Negative_F789,0,0.105263,0.157895,0.078947,0.131579,0.131579,0.0,0.0,0.0,0.026316,0.026316,0.052632,0.052632,0.026316,0.0,0.026316,38.0,5.441922,9.487055,0.026316,0.131579,0.026316,0.0,0.0,0.428947,0.368421,0.105263,1.190263
Negative_F1551,0,0.0625,0.0,0.125,0.0,0.125,0.3125,0.0,0.0,0.125,0.0,0.1875,0.0625,0.0,0.0,0.0,16.0,-0.442547,5.525,0.0,0.0,0.0,0.0,0.0,1.81875,0.625,0.125,-1.84
Negative_F1508,0,0.076923,0.0,0.0,0.153846,0.230769,0.153846,0.0,0.0,0.0,0.0,0.153846,0.0,0.0,0.153846,0.0,13.0,0.554947,8.750052,0.076923,0.0,0.0,0.0,0.0,1.138462,0.615385,0.153846,-1.584615
Negative_F1619,0,0.1,0.0,0.033333,0.133333,0.066667,0.033333,0.033333,0.0,0.033333,0.0,0.033333,0.066667,0.033333,0.033333,0.066667,30.0,4.305493,10.118587,0.166667,0.066667,0.033333,0.033333,0.033333,-0.683333,0.4,0.133333,1.698333
Negative_F386,0,0.137255,0.0,0.019608,0.176471,0.0,0.078431,0.0,0.019608,0.039216,0.019608,0.058824,0.039216,0.078431,0.0,0.039216,51.0,12.308741,11.999968,0.098039,0.156863,0.039216,0.0,0.0,-0.680392,0.352941,0.058824,2.436863
Negative_F2253,0,0.037037,0.0,0.148148,0.111111,0.111111,0.074074,0.037037,0.037037,0.0,0.0,0.0,0.0,0.037037,0.0,0.0,27.0,5.737954,11.999968,0.037037,0.185185,0.185185,0.0,0.0,-0.255556,0.444444,0.148148,2.316667
Negative_F2098,0,0.030303,0.181818,0.060606,0.090909,0.090909,0.060606,0.0,0.030303,0.0,0.0,0.030303,0.030303,0.0,0.030303,0.0,33.0,5.406127,9.426132,0.090909,0.181818,0.0,0.0,0.090909,-0.387879,0.272727,0.090909,2.848788
Negative_F1593,0,0.0,0.0,0.0,0.076923,0.153846,0.307692,0.0,0.0,0.076923,0.0,0.230769,0.0,0.153846,0.0,0.0,13.0,-0.476849,5.494989,0.0,0.0,0.0,0.0,0.0,2.169231,0.615385,0.0,-2.18
Negative_F65,0,0.090909,0.060606,0.030303,0.121212,0.060606,0.151515,0.0,0.030303,0.0,0.0,0.090909,0.090909,0.030303,0.030303,0.0,33.0,2.496811,9.243171,0.151515,0.0,0.0,0.060606,0.0,0.254545,0.393939,0.060606,0.430303
Negative_F1864,0,0.175,0.15,0.025,0.1,0.025,0.05,0.0,0.025,0.025,0.0,0.025,0.025,0.05,0.025,0.0,40.0,5.524805,9.379715,0.1,0.1,0.05,0.05,0.0,-0.13,0.35,0.05,1.72475
Negative_F683,0,0.09375,0.0625,0.0625,0.15625,0.0625,0.15625,0.0,0.03125,0.0,0.0,0.03125,0.0625,0.03125,0.0,0.0,32.0,3.494306,9.514389,0.1875,0.0,0.0,0.0625,0.0,0.315625,0.40625,0.0625,0.274687
Negative_F1148,0,0.058824,0.088235,0.058824,0.088235,0.058824,0.058824,0.058824,0.058824,0.088235,0.029412,0.117647,0.0,0.029412,0.029412,0.0,34.0,3.477497,9.501431,0.088235,0.058824,0.0,0.0,0.029412,-0.102941,0.352941,0.088235,1.139118
Negative_F2414,0,0.022989,0.057471,0.057471,0.034483,0.08046,0.114943,0.034483,0.045977,0.057471,0.034483,0.08046,0.045977,0.068966,0.011494,0.011494,87.0,8.214698,9.76891,0.103448,0.057471,0.022989,0.022989,0.034483,0.054023,0.402299,0.08046,1.197011
Negative_F2201,0,0.0,0.05,0.1,0.1,0.1,0.05,0.0,0.05,0.0,0.0,0.05,0.0,0.05,0.0,0.05,20.0,5.520793,10.561033,0.2,0.15,0.0,0.05,0.0,-0.695,0.35,0.15,2.897
Negative_F412,0,0.074074,0.0,0.074074,0.074074,0.111111,0.037037,0.074074,0.0,0.0,0.037037,0.037037,0.037037,0.0,0.037037,0.0,27.0,5.578369,10.222317,0.296296,0.0,0.037037,0.0,0.074074,-0.659259,0.407407,0.111111,1.334074
Negative_F1594,0,0.1,0.066667,0.0,0.133333,0.033333,0.2,0.033333,0.066667,0.0,0.0,0.0,0.066667,0.066667,0.0,0.0,30.0,2.496811,9.243171,0.166667,0.0,0.0,0.066667,0.0,0.383333,0.433333,0.0,0.233
Negative_F828,0,0.144737,0.131579,0.026316,0.157895,0.092105,0.065789,0.0,0.013158,0.013158,0.013158,0.052632,0.052632,0.078947,0.0,0.026316,76.0,-4.69248,4.142676,0.026316,0.013158,0.0,0.052632,0.039474,0.885526,0.434211,0.052632,-0.204737
Negative_F2306,0,0.263158,0.0,0.105263,0.0,0.105263,0.157895,0.0,0.052632,0.052632,0.0,0.157895,0.0,0.052632,0.0,0.0,19.0,-0.405921,6.741127,0.0,0.0,0.052632,0.0,0.0,1.5,0.684211,0.105263,-1.165789
Negative_F1738,0,0.035088,0.263158,0.0,0.157895,0.0,0.0,0.087719,0.0,0.0,0.0,0.210526,0.0,0.0,0.122807,0.0,57.0,-0.553713,7.111604,0.0,0.0,0.122807,0.0,0.0,0.152632,0.245614,0.122807,0.247018
Negative_F1855,0,0.026316,0.052632,0.078947,0.131579,0.052632,0.0,0.0,0.078947,0.026316,0.0,0.131579,0.0,0.052632,0.0,0.0,38.0,4.542346,10.726201,0.052632,0.184211,0.026316,0.078947,0.026316,-1.105263,0.210526,0.078947,4.056842
Negative_F1011,0,0.208333,0.083333,0.083333,0.041667,0.083333,0.125,0.041667,0.0,0.041667,0.041667,0.041667,0.0,0.041667,0.0,0.0,24.0,3.500904,9.850656,0.125,0.041667,0.0,0.0,0.0,0.983333,0.583333,0.083333,-0.374583
Negative_F1519,0,0.0,0.0,0.0,0.153846,0.0,0.615385,0.0,0.0,0.0,0.0,0.153846,0.0,0.0,0.0,0.0,13.0,0.554947,8.750052,0.076923,0.0,0.0,0.0,0.0,1.853846,0.615385,0.0,-2.222308
Negative_F3,0,0.037037,0.148148,0.055556,0.111111,0.0,0.018519,0.0,0.0,0.037037,0.074074,0.12963,0.018519,0.055556,0.018519,0.037037,54.0,2.456176,8.490825,0.092593,0.037037,0.055556,0.055556,0.018519,-0.612963,0.222222,0.111111,1.954444
Negative_F1265,0,0.105263,0.0,0.052632,0.105263,0.157895,0.157895,0.0,0.0,0.052632,0.0,0.105263,0.052632,0.052632,0.052632,0.0,19.0,1.552442,10.002737,0.105263,0.0,0.0,0.0,0.0,1.163158,0.578947,0.105263,-1.257895
Negative_F1331,0,0.294118,0.0,0.0,0.176471,0.117647,0.117647,0.0,0.0,0.0,0.0,0.058824,0.0,0.117647,0.0,0.0,17.0,1.552442,10.002737,0.117647,0.0,0.0,0.0,0.0,1.423529,0.647059,0.0,-1.478235
Negative_F1401,0,0.074074,0.0,0.037037,0.148148,0.0,0.333333,0.0,0.0,0.111111,0.111111,0.037037,0.0,0.0,0.0,0.0,27.0,3.549911,11.263868,0.111111,0.037037,0.0,0.0,0.0,0.248148,0.444444,0.037037,-0.112963
Negative_F775,0,0.066667,0.2,0.0,0.066667,0.066667,0.033333,0.0,0.033333,0.066667,0.0,0.1,0.066667,0.133333,0.033333,0.033333,30.0,-1.593011,4.370146,0.033333,0.0,0.0,0.033333,0.033333,0.793333,0.366667,0.066667,-0.107667
Negative_F1216,0,0.125,0.083333,0.083333,0.041667,0.083333,0.083333,0.041667,0.0,0.083333,0.0,0.0,0.041667,0.166667,0.0,0.0,24.0,3.500904,9.850656,0.125,0.041667,0.0,0.0,0.0,1.283333,0.583333,0.083333,-0.789167
Negative_F1290,0,0.06,0.16,0.02,0.12,0.02,0.02,0.0,0.06,0.04,0.04,0.12,0.02,0.04,0.02,0.08,50.0,2.421811,8.497529,0.04,0.06,0.04,0.0,0.04,-0.49,0.26,0.12,1.7758
Negative_F310,0,0.076923,0.0,0.0,0.153846,0.038462,0.153846,0.038462,0.0,0.038462,0.076923,0.0,0.076923,0.076923,0.076923,0.0,26.0,4.544925,10.602487,0.192308,0.0,0.0,0.0,0.0,0.026923,0.461538,0.076923,-0.119231
Negative_F2037,0,0.0,0.0,0.0,0.2,0.2,0.25,0.0,0.0,0.0,0.0,0.0,0.0,0.0,0.0,0.0,20.0,6.552316,11.999968,0.1,0.25,0.0,0.0,0.0,0.255,0.45,0.0,1.883
Negative_F197,0,0.08,0.0,0.0,0.04,0.04,0.2,0.0,0.0,0.08,0.0,0.16,0.0,0.2,0.0,0.0,25.0,-0.334053,7.024072,0.04,0.0,0.12,0.0,0.04,0.972,0.52,0.0,-0.5736
Negative_F150,0,0.0,0.176471,0.058824,0.088235,0.058824,0.058824,0.0,0.0,0.058824,0.029412,0.029412,0.0,0.058824,0.0,0.029412,34.0,7.404282,9.990037,0.058824,0.235294,0.0,0.029412,0.029412,-0.447059,0.264706,0.088235,3.260294
Negative_F2182,0,0.16,0.0,0.04,0.2,0.16,0.12,0.0,0.0,0.0,0.0,0.12,0.0,0.0,0.0,0.0,25.0,1.587683,9.703153,0.12,0.0,0.04,0.0,0.04,0.664,0.48,0.04,-0.4416
Negative_F417,0,0.142857,0.0,0.0,0.071429,0.214286,0.214286,0.0,0.071429,0.0,0.0,0.0,0.0,0.0,0.071429,0.0,14.0,0.552888,8.590944,0.142857,0.0,0.0,0.071429,0.0,0.885714,0.642857,0.071429,-0.710714
Negative_F1333,0,0.052632,0.105263,0.052632,0.157895,0.0,0.052632,0.0,0.0,0.157895,0.0,0.105263,0.052632,0.052632,0.0,0.052632,19.0,2.19668,9.384485,0.105263,0.052632,0.0,0.0,0.0,-0.226316,0.263158,0.105263,0.863158
Negative_F423,0,0.107143,0.0,0.035714,0.142857,0.0,0.107143,0.0,0.0,0.107143,0.035714,0.035714,0.035714,0.035714,0.0,0.035714,28.0,7.57897,11.763691,0.178571,0.107143,0.035714,0.0,0.0,-0.896429,0.321429,0.071429,2.066071
Negative_F1118,0,0.0,0.16,0.02,0.08,0.02,0.02,0.0,0.04,0.16,0.06,0.02,0.0,0.04,0.0,0.02,50.0,3.343274,8.691773,0.16,0.06,0.0,0.1,0.04,-1.274,0.12,0.04,2.8984
Negative_F1130,0,0.047619,0.190476,0.0,0.095238,0.142857,0.095238,0.0,0.0,0.0,0.0,0.142857,0.142857,0.0,0.047619,0.0,21.0,-0.84369,5.710295,0.0,0.047619,0.0,0.0,0.047619,0.890476,0.333333,0.047619,0.185714
Negative_F515,0,0.071429,0.071429,0.0,0.107143,0.107143,0.107143,0.035714,0.071429,0.0,0.035714,0.035714,0.035714,0.071429,0.0,0.0,28.0,2.496811,9.243171,0.178571,0.0,0.0,0.071429,0.0,0.146429,0.392857,0.0,0.751071
Negative_F1066,0,0.136364,0.0,0.0,0.045455,0.090909,0.090909,0.0,0.0,0.0,0.0,0.045455,0.136364,0.0,0.045455,0.090909,22.0,5.583956,11.580343,0.090909,0.181818,0.045455,0.0,0.0,-0.627273,0.454545,0.136364,2.656818
Negative_F1930,0,0.086022,0.032258,0.043011,0.11828,0.075269,0.032258,0.021505,0.032258,0.053763,0.0,0.021505,0.053763,0.053763,0.0,0.032258,93.0,-9.760131,4.482914,0.075269,0.043011,0.010753,0.086022,0.129032,-0.533333,0.344086,0.075269,1.935269
Negative_F1614,0,0.052632,0.105263,0.035088,0.052632,0.017544,0.035088,0.0,0.070175,0.017544,0.0,0.035088,0.087719,0.017544,0.0,0.087719,57.0,4.412514,8.933529,0.192982,0.035088,0.017544,0.087719,0.052632,-1.214035,0.245614,0.122807,2.908772
Negative_F2377,0,0.072581,0.0,0.024194,0.137097,0.024194,0.024194,0.016129,0.048387,0.112903,0.048387,0.056452,0.024194,0.056452,0.016129,0.048387,124.0,9.689239,10.83425,0.024194,0.145161,0.032258,0.048387,0.040323,-1.208065,0.282258,0.08871,3.123226
Negative_F1258,0,0.083333,0.083333,0.041667,0.083333,0.041667,0.125,0.0,0.041667,0.083333,0.0,0.0,0.083333,0.208333,0.0,0.0,24.0,2.50589,9.695868,0.041667,0.083333,0.0,0.0,0.0,1.104167,0.5,0.041667,-0.15625
Negative_F279,0,0.0625,0.0,0.0625,0.1875,0.125,0.125,0.0,0.0,0.0,0.0,0.0625,0.0,0.1875,0.0,0.0,16.0,0.552888,8.590944,0.125,0.0,0.0,0.0625,0.0,1.28125,0.5625,0.0625,-1.011875
Negative_F679,0,0.026316,0.0,0.0,0.131579,0.157895,0.105263,0.0,0.078947,0.052632,0.105263,0.0,0.0,0.026316,0.0,0.0,38.0,7.548847,11.999968,0.105263,0.157895,0.0,0.026316,0.026316,-0.818421,0.315789,0.0,2.883684
Negative_F569,0,0.038462,0.0,0.038462,0.307692,0.038462,0.192308,0.0,0.0,0.0,0.038462,0.115385,0.076923,0.076923,0.0,0.0,26.0,1.552442,10.002737,0.076923,0.0,0.0,0.0,0.0,0.7,0.384615,0.038462,-0.689615
Negative_F633,0,0.076923,0.0,0.230769,0.0,0.0,0.384615,0.0,0.0,0.076923,0.0,0.153846,0.0,0.0,0.0,0.0,13.0,0.557428,9.750021,0.0,0.076923,0.0,0.0,0.0,1.653846,0.692308,0.230769,-1.048462
Negative_F214,0,0.027778,0.166667,0.111111,0.111111,0.027778,0.055556,0.0,0.0,0.055556,0.0,0.083333,0.027778,0.027778,0.055556,0.0,36.0,4.47654,9.182377,0.083333,0.083333,0.055556,0.027778,0.0,-0.013889,0.305556,0.166667,1.210833
Negative_F2372,0,0.0,0.142857,0.0,0.0,0.0,0.071429,0.071429,0.0,0.285714,0.0,0.071429,0.0,0.071429,0.0,0.071429,14.0,2.233301,9.688132,0.0,0.214286,0.0,0.0,0.0,-0.507143,0.285714,0.071429,2.459286
Negative_F1065,0,0.042553,0.170213,0.021277,0.085106,0.021277,0.042553,0.021277,0.021277,0.021277,0.042553,0.085106,0.021277,0.042553,0.021277,0.042553,47.0,2.462486,8.506039,0.06383,0.085106,0.06383,0.021277,0.06383,-0.544681,0.255319,0.085106,2.244894
Negative_F1900,0,0.057143,0.171429,0.085714,0.342857,0.0,0.0,0.0,0.0,0.057143,0.028571,0.057143,0.0,0.028571,0.0,0.028571,35.0,1.408816,8.338293,0.028571,0.057143,0.028571,0.0,0.028571,-0.08,0.2,0.114286,0.679429
Negative_F724,0,0.041667,0.166667,0.041667,0.041667,0.0625,0.0625,0.0,0.020833,0.083333,0.0,0.083333,0.083333,0.0,0.0,0.020833,48.0,7.341488,9.326077,0.166667,0.0625,0.0,0.020833,0.041667,-0.397917,0.229167,0.0625,1.894583
Negative_F2320,0,0.098039,0.0,0.019608,0.235294,0.058824,0.078431,0.0,0.137255,0.058824,0.019608,0.039216,0.058824,0.019608,0.019608,0.058824,51.0,1.580167,9.309186,0.058824,0.0,0.019608,0.0,0.019608,-0.388235,0.352941,0.098039,0.606863
Negative_F1137,0,0.064516,0.096774,0.064516,0.096774,0.064516,0.064516,0.0,0.0,0.0,0.0,0.096774,0.16129,0.032258,0.0,0.0,31.0,6.201286,10.065787,0.193548,0.032258,0.032258,0.0,0.0,-0.022581,0.290323,0.064516,1.160323
Negative_F2290,0,0.225806,0.0,0.0,0.096774,0.032258,0.16129,0.032258,0.0,0.0,0.032258,0.032258,0.096774,0.064516,0.032258,0.0,31.0,2.634853,10.001706,0.129032,0.0,0.032258,0.032258,0.0,0.503226,0.548387,0.032258,-0.17871
Negative_F1404,0,0.136364,0.0,0.090909,0.090909,0.045455,0.136364,0.045455,0.045455,0.045455,0.0,0.0,0.045455,0.045455,0.0,0.0,22.0,1.548998,9.52825,0.181818,0.0,0.0,0.045455,0.045455,0.172727,0.5,0.090909,0.345455
Negative_F1007,0,0.125,0.083333,0.083333,0.041667,0.125,0.166667,0.0,0.041667,0.083333,0.0,0.041667,0.041667,0.041667,0.0,0.0,24.0,2.500929,9.390159,0.125,0.0,0.0,0.0,0.0,1.191667,0.541667,0.083333,-1.004583
Negative_F1218,0,0.0,0.0,0.076923,0.153846,0.076923,0.461538,0.0,0.076923,0.076923,0.0,0.076923,0.0,0.0,0.0,0.0,13.0,-0.442547,5.525,0.0,0.0,0.0,0.0,0.0,1.8,0.615385,0.076923,-2.250769
Negative_F1138,0,0.02439,0.146341,0.036585,0.073171,0.036585,0.060976,0.0,0.0,0.060976,0.036585,0.060976,0.085366,0.04878,0.02439,0.02439,82.0,5.355739,8.783576,0.085366,0.073171,0.036585,0.04878,0.036585,-0.381707,0.256098,0.085366,1.900122
Negative_F1669,0,0.037037,0.0,0.074074,0.148148,0.148148,0.037037,0.037037,0.0,0.074074,0.037037,0.037037,0.074074,0.074074,0.0,0.0,27.0,3.545371,10.176866,0.185185,0.0,0.0,0.037037,0.0,0.222222,0.407407,0.074074,0.147778
Negative_F525,0,0.0,0.208333,0.0,0.208333,0.041667,0.0,0.0,0.0,0.041667,0.0,0.208333,0.125,0.041667,0.041667,0.0,24.0,-1.527317,5.238873,0.0,0.0,0.041667,0.0,0.041667,0.1625,0.125,0.041667,0.574583
Negative_F893,0,0.107143,0.071429,0.0,0.107143,0.107143,0.107143,0.035714,0.035714,0.0,0.0,0.0,0.107143,0.071429,0.0,0.0,28.0,2.497485,9.243171,0.178571,0.0,0.0,0.035714,0.035714,0.439286,0.428571,0.0,0.245357
Negative_F2214,0,0.0,0.0,0.045455,0.181818,0.045455,0.181818,0.045455,0.0,0.0,0.0,0.0,0.0,0.0,0.0,0.090909,22.0,8.537333,11.235244,0.272727,0.136364,0.0,0.0,0.0,-0.759091,0.409091,0.136364,2.029545
Negative_F858,0,0.080645,0.016129,0.0,0.129032,0.064516,0.048387,0.064516,0.080645,0.080645,0.0,0.193548,0.064516,0.016129,0.016129,0.048387,62.0,-2.747876,4.138697,0.016129,0.016129,0.0,0.064516,0.0,-0.251613,0.33871,0.064516,1.161129
Negative_F615,0,0.0,0.0,0.083333,0.208333,0.083333,0.166667,0.0,0.0,0.0,0.0,0.0,0.0,0.083333,0.041667,0.0,24.0,0.811332,8.795954,0.041667,0.0,0.291667,0.0,0.0,0.375,0.458333,0.125,-0.5175
Negative_F772,0,0.0,0.193548,0.0,0.096774,0.064516,0.032258,0.0,0.0,0.064516,0.0,0.16129,0.032258,0.129032,0.032258,0.032258,31.0,0.403247,7.765082,0.096774,0.0,0.0,0.032258,0.032258,0.470968,0.290323,0.064516,0.262581
Negative_F616,0,0.058824,0.0,0.0,0.235294,0.117647,0.352941,0.0,0.058824,0.058824,0.0,0.058824,0.0,0.058824,0.0,0.0,17.0,-0.442547,5.525,0.0,0.0,0.0,0.0,0.0,1.782353,0.588235,0.0,-2.29
Negative_F78,0,0.076923,0.0,0.153846,0.0,0.0,0.384615,0.0,0.0,0.076923,0.0,0.153846,0.0,0.076923,0.0,0.0,13.0,0.554947,8.750052,0.076923,0.0,0.0,0.0,0.0,1.807692,0.692308,0.153846,-1.850769
Negative_F2440,0,0.027778,0.111111,0.055556,0.027778,0.083333,0.0,0.027778,0.027778,0.083333,0.0,0.083333,0.027778,0.055556,0.0,0.055556,36.0,6.479319,9.763688,0.138889,0.111111,0.027778,0.055556,0.0,-0.580556,0.305556,0.111111,2.505556
Negative_F153,0,0.030303,0.181818,0.060606,0.121212,0.0,0.030303,0.0,0.030303,0.0,0.0,0.121212,0.090909,0.090909,0.0,0.0,33.0,4.413727,9.301708,0.0,0.181818,0.030303,0.0,0.030303,-0.160606,0.212121,0.060606,2.808788
Negative_F30,0,0.045455,0.136364,0.022727,0.159091,0.022727,0.022727,0.0,0.090909,0.0,0.0,0.068182,0.045455,0.068182,0.045455,0.045455,44.0,0.437615,7.772755,0.068182,0.045455,0.022727,0.045455,0.045455,-0.468182,0.272727,0.113636,1.747955
Negative_F508,0,0.166667,0.083333,0.125,0.041667,0.125,0.083333,0.0,0.0,0.083333,0.0,0.0,0.041667,0.083333,0.0,0.0,24.0,3.498424,9.701283,0.166667,0.0,0.0,0.0,0.0,1.258333,0.583333,0.125,-1.149583
Negative_F330,0,0.275362,0.0,0.0,0.086957,0.0,0.014493,0.0,0.028986,0.101449,0.014493,0.043478,0.014493,0.043478,0.0,0.0,69.0,13.86832,10.750506,0.217391,0.072464,0.0,0.043478,0.043478,-1.13913,0.333333,0.0,2.593623
Negative_F1125,0,0.027027,0.162162,0.0,0.108108,0.027027,0.027027,0.081081,0.027027,0.081081,0.054054,0.054054,0.027027,0.081081,0.0,0.0,37.0,8.088619,9.818551,0.189189,0.054054,0.0,0.0,0.0,-0.327027,0.243243,0.0,1.446486
Negative_F393,0,0.0,0.0,0.0,0.15,0.1,0.3,0.0,0.0,0.05,0.0,0.05,0.05,0.15,0.0,0.0,20.0,-3.441208,4.050028,0.0,0.0,0.0,0.15,0.0,1.48,0.55,0.0,-1.1085
Negative_F1773,0,0.037037,0.0,0.037037,0.074074,0.074074,0.111111,0.0,0.0,0.074074,0.037037,0.037037,0.037037,0.148148,0.111111,0.0,27.0,2.585178,10.001383,0.148148,0.0,0.037037,0.0,0.037037,0.288889,0.518519,0.148148,-0.342222
Negative_F2375,0,0.2,0.0,0.04,0.12,0.04,0.08,0.04,0.04,0.0,0.0,0.04,0.04,0.08,0.04,0.0,25.0,1.548998,9.52825,0.16,0.0,0.0,0.04,0.04,0.18,0.52,0.08,0.3188
Negative_F876,0,0.0,0.111111,0.055556,0.055556,0.0,0.055556,0.0,0.0,0.166667,0.0,0.055556,0.055556,0.111111,0.055556,0.055556,18.0,3.500879,9.847497,0.111111,0.111111,0.0,0.0,0.0,-0.316667,0.333333,0.166667,1.402222
Negative_F1049,0,0.0,0.0,0.04,0.08,0.04,0.12,0.08,0.0,0.0,0.0,0.08,0.08,0.04,0.0,0.04,25.0,7.615597,11.763691,0.2,0.12,0.08,0.0,0.0,-0.712,0.36,0.08,2.4252
Negative_F1262,0,0.069767,0.186047,0.023256,0.093023,0.023256,0.093023,0.0,0.0,0.023256,0.046512,0.139535,0.023256,0.023256,0.0,0.116279,43.0,1.418235,8.190789,0.046512,0.023256,0.046512,0.0,0.023256,0.17907,0.348837,0.139535,0.601163
Negative_F1713,0,0.142857,0.0,0.0,0.0,0.142857,0.214286,0.0,0.0,0.0,0.0,0.071429,0.071429,0.142857,0.0,0.0,14.0,2.515634,10.301935,0.214286,0.0,0.0,0.0,0.0,1.371429,0.642857,0.0,-0.977143
Negative_F2011,0,0.066667,0.133333,0.022222,0.066667,0.022222,0.0,0.022222,0.111111,0.066667,0.022222,0.044444,0.0,0.066667,0.022222,0.022222,45.0,1.554936,8.349446,0.022222,0.111111,0.088889,0.044444,0.044444,-0.928889,0.244444,0.066667,2.997778
Negative_F746,0,0.064516,0.193548,0.032258,0.096774,0.129032,0.0,0.0,0.064516,0.064516,0.0,0.096774,0.0,0.096774,0.0,0.032258,31.0,1.404012,8.33378,0.064516,0.032258,0.0,0.0,0.032258,0.680645,0.354839,0.064516,0.243548
Negative_F431,0,0.12,0.0,0.0,0.12,0.0,0.2,0.04,0.04,0.0,0.0,0.08,0.04,0.12,0.0,0.0,25.0,1.548998,9.52825,0.16,0.0,0.0,0.04,0.04,0.372,0.48,0.0,0.2568
Negative_F1934,0,0.128205,0.0,0.025641,0.128205,0.128205,0.025641,0.0,0.051282,0.076923,0.051282,0.025641,0.0,0.076923,0.0,0.0,39.0,3.58667,10.433064,0.102564,0.076923,0.025641,0.025641,0.051282,-0.351282,0.384615,0.025641,1.624359
Negative_F40,0,0.222222,0.0,0.037037,0.185185,0.074074,0.148148,0.0,0.037037,0.0,0.0,0.111111,0.0,0.0,0.0,0.0,27.0,1.587683,9.703153,0.111111,0.0,0.037037,0.0,0.037037,0.425926,0.481481,0.037037,-0.114815
Negative_F1179,0,0.030303,0.181818,0.060606,0.121212,0.060606,0.121212,0.0,0.0,0.0,0.0,0.0,0.0,0.060606,0.0,0.030303,33.0,7.445448,10.602744,0.0,0.272727,0.030303,0.0,0.030303,0.148485,0.363636,0.090909,2.699394
Negative_F1276,0,0.045455,0.0,0.0,0.090909,0.0,0.090909,0.0,0.045455,0.090909,0.045455,0.090909,0.090909,0.090909,0.045455,0.045455,22.0,3.588993,11.723012,0.045455,0.136364,0.045455,0.0,0.0,-0.863636,0.318182,0.090909,2.513182
Negative_F1718,0,0.068182,0.136364,0.0,0.090909,0.0,0.045455,0.022727,0.045455,0.136364,0.045455,0.022727,0.022727,0.045455,0.0,0.0,44.0,8.44835,11.353801,0.0,0.25,0.022727,0.022727,0.022727,-1.093182,0.181818,0.0,4.034091
Negative_F1538,0,0.0,0.125,0.0625,0.0625,0.05,0.05,0.025,0.0375,0.0375,0.05,0.0375,0.0625,0.0375,0.075,0.025,80.0,4.9813,8.87828,0.1,0.0625,0.0125,0.025,0.0625,-0.475,0.325,0.1625,1.725
Negative_F1689,0,0.0,0.0,0.076923,0.076923,0.230769,0.153846,0.0,0.076923,0.0,0.0,0.153846,0.0,0.0,0.076923,0.076923,13.0,0.552442,8.59088,0.076923,0.0,0.0,0.0,0.0,0.946154,0.615385,0.230769,-0.901538
Negative_F700,0,0.08,0.16,0.04,0.12,0.0,0.02,0.02,0.1,0.0,0.02,0.06,0.04,0.02,0.04,0.02,50.0,0.608015,7.798692,0.08,0.02,0.08,0.02,0.06,-0.69,0.24,0.1,1.8816
Negative_F1259,0,0.034483,0.206897,0.0,0.172414,0.034483,0.034483,0.0,0.068966,0.103448,0.0,0.068966,0.137931,0.034483,0.034483,0.0,29.0,-0.588472,5.962319,0.0,0.034483,0.0,0.0,0.034483,0.075862,0.172414,0.034483,0.747931
Negative_F550,0,0.0,0.0,0.0,0.0,0.0,0.052632,0.0,0.0,0.421053,0.0,0.0,0.0,0.052632,0.0,0.052632,19.0,5.552737,11.999968,0.052632,0.315789,0.0,0.052632,0.0,-2.131579,0.157895,0.052632,4.998421
Negative_F1978,0,0.125,0.03125,0.0,0.15625,0.0,0.0625,0.0,0.03125,0.0,0.0,0.09375,0.0,0.09375,0.0625,0.03125,32.0,6.627745,10.665214,0.15625,0.0625,0.09375,0.0,0.0,-0.6,0.375,0.09375,1.522188
Negative_F972,0,0.0,0.142857,0.02381,0.214286,0.071429,0.071429,0.0,0.0,0.071429,0.0,0.095238,0.047619,0.095238,0.02381,0.0,42.0,-1.551652,5.295769,0.0,0.047619,0.02381,0.071429,0.0,0.545238,0.285714,0.047619,0.292143
Negative_F1829,0,0.174603,0.0,0.015873,0.095238,0.047619,0.031746,0.0,0.0,0.0,0.0,0.031746,0.031746,0.174603,0.0,0.0,63.0,7.793636,10.35467,0.15873,0.047619,0.111111,0.015873,0.063492,-0.125397,0.444444,0.015873,1.320794
Negative_F1298,0,0.090909,0.060606,0.0,0.121212,0.030303,0.181818,0.0,0.060606,0.0,0.030303,0.090909,0.090909,0.090909,0.0,0.0,33.0,0.501822,8.033099,0.090909,0.0,0.0,0.060606,0.0,0.454545,0.393939,0.0,0.379091
Negative_F510,0,0.065217,0.043478,0.043478,0.130435,0.195652,0.0,0.021739,0.043478,0.0,0.0,0.021739,0.086957,0.043478,0.0,0.0,46.0,5.489005,9.761561,0.195652,0.021739,0.0,0.043478,0.043478,0.004348,0.369565,0.043478,1.056304
Negative_F1205,0,0.047619,0.095238,0.095238,0.238095,0.095238,0.095238,0.0,0.0,0.0,0.0,0.047619,0.095238,0.095238,0.0,0.0,21.0,1.503435,8.903745,0.095238,0.0,0.0,0.0,0.0,1.209524,0.428571,0.095238,-1.102381
Negative_F1958,0,0.03125,0.1875,0.03125,0.09375,0.0,0.09375,0.0,0.03125,0.03125,0.03125,0.09375,0.0625,0.125,0.0,0.0625,32.0,-0.594273,6.151309,0.03125,0.03125,0.0,0.03125,0.03125,0.50625,0.34375,0.09375,0.549687
Negative_F2336,0,0.0,0.0,0.181818,0.0,0.090909,0.090909,0.0,0.0,0.0,0.0,0.090909,0.0,0.090909,0.090909,0.0,11.0,3.54743,10.47774,0.363636,0.0,0.0,0.0,0.0,0.072727,0.545455,0.272727,0.311818
Negative_F261,0,0.117647,0.0,0.058824,0.058824,0.058824,0.117647,0.0,0.117647,0.0,0.0,0.0,0.0,0.235294,0.0,0.0,17.0,1.550383,9.703024,0.176471,0.0,0.0,0.058824,0.0,0.747059,0.588235,0.058824,0.011176
Negative_F1985,0,0.074074,0.074074,0.148148,0.074074,0.0,0.185185,0.0,0.037037,0.0,0.0,0.0,0.0,0.074074,0.074074,0.0,27.0,3.533665,9.595426,0.185185,0.0,0.037037,0.0,0.037037,0.551852,0.555556,0.222222,-0.424444
Negative_F2241,0,0.163265,0.0,0.061224,0.040816,0.020408,0.102041,0.020408,0.020408,0.081633,0.0,0.061224,0.0,0.020408,0.020408,0.040816,49.0,6.539706,10.281176,0.142857,0.102041,0.0,0.020408,0.081633,-0.642857,0.44898,0.122449,2.101837
Negative_F884,0,0.0,0.0,0.153846,0.076923,0.0,0.384615,0.076923,0.0,0.076923,0.0,0.0,0.076923,0.076923,0.0,0.0,13.0,0.554947,8.750052,0.076923,0.0,0.0,0.0,0.0,1.853846,0.692308,0.153846,-2.29
Negative_F2384,0,0.0,0.0,0.074074,0.185185,0.037037,0.111111,0.0,0.037037,0.0,0.0,0.074074,0.037037,0.0,0.037037,0.0,27.0,8.243502,11.999968,0.148148,0.222222,0.0,0.037037,0.0,-1.233333,0.259259,0.111111,3.843704
Negative_F618,0,0.0,0.0,0.078947,0.078947,0.0,0.026316,0.0,0.052632,0.026316,0.0,0.078947,0.0,0.0,0.0,0.131579,38.0,0.798394,8.319081,0.078947,0.105263,0.184211,0.078947,0.078947,-2.094737,0.236842,0.210526,4.290526
Negative_F2132,0,0.05,0.0,0.15,0.0,0.05,0.1,0.0,0.0,0.0,0.0,0.1,0.05,0.0,0.05,0.0,20.0,7.574035,10.845339,0.4,0.0,0.05,0.0,0.0,-0.765,0.4,0.2,1.5295
Negative_F1729,0,0.086207,0.103448,0.068966,0.103448,0.017241,0.034483,0.034483,0.051724,0.086207,0.017241,0.034483,0.034483,0.017241,0.0,0.068966,58.0,5.393372,9.242591,0.068966,0.103448,0.0,0.034483,0.034483,-0.584483,0.327586,0.137931,2.119828
Negative_F664,0,0.095238,0.0,0.095238,0.142857,0.0,0.095238,0.047619,0.0,0.095238,0.047619,0.142857,0.0,0.0,0.0,0.047619,21.0,3.248142,11.722947,0.047619,0.142857,0.0,0.0,0.0,-0.490476,0.380952,0.142857,1.980952
Negative_F1879,0,0.157895,0.052632,0.105263,0.052632,0.105263,0.210526,0.0,0.052632,0.052632,0.0,0.0,0.052632,0.0,0.0,0.0,19.0,2.525433,9.790185,0.157895,0.0,0.0,0.0,0.0,1.042105,0.578947,0.105263,-0.908947
Negative_F227,0,0.0,0.0,0.173913,0.130435,0.086957,0.130435,0.0,0.043478,0.0,0.0,0.043478,0.0,0.130435,0.0,0.0,23.0,1.698947,10.00306,0.086957,0.0,0.173913,0.0,0.0,0.786957,0.521739,0.173913,-0.507826
Negative_F784,0,0.0,0.181818,0.060606,0.212121,0.030303,0.060606,0.0,0.030303,0.0,0.0,0.060606,0.121212,0.0,0.030303,0.060606,33.0,-1.596902,4.678952,0.060606,0.0,0.0,0.030303,0.060606,0.006061,0.242424,0.151515,0.61
Negative_F1941,0,0.071429,0.0,0.0,0.071429,0.214286,0.142857,0.0,0.0,0.071429,0.0,0.0,0.0,0.0,0.214286,0.0,14.0,2.605246,11.999968,0.071429,0.142857,0.0,0.0,0.0,0.378571,0.642857,0.214286,0.075
Negative_F2219,0,0.159091,0.090909,0.0,0.136364,0.022727,0.0,0.0,0.159091,0.022727,0.0,0.068182,0.045455,0.113636,0.0,0.068182,44.0,1.539944,8.527314,0.0,0.068182,0.022727,0.0,0.022727,-0.188636,0.363636,0.068182,1.589091
Negative_F888,0,0.0,0.0,0.058824,0.117647,0.176471,0.294118,0.0,0.0,0.117647,0.0,0.058824,0.0,0.117647,0.0,0.0,17.0,0.554947,8.750052,0.058824,0.0,0.0,0.0,0.0,2.058824,0.647059,0.058824,-2.55
Negative_F1660,0,0.0,0.0,0.166667,0.083333,0.0,0.416667,0.0,0.0,0.083333,0.0,0.0,0.0,0.0,0.0,0.0,12.0,2.552417,11.166263,0.166667,0.083333,0.0,0.0,0.0,0.858333,0.583333,0.166667,-0.456667
Negative_F1748,0,0.102041,0.0,0.040816,0.040816,0.020408,0.102041,0.0,0.142857,0.061224,0.040816,0.061224,0.061224,0.020408,0.020408,0.102041,49.0,0.240554,8.063335,0.020408,0.081633,0.0,0.061224,0.020408,-0.869388,0.408163,0.163265,2.481429
Negative_F863,0,0.151899,0.075949,0.025316,0.075949,0.050633,0.037975,0.0,0.050633,0.037975,0.0,0.088608,0.037975,0.088608,0.025316,0.075949,79.0,5.467959,9.270054,0.012658,0.101266,0.025316,0.025316,0.012658,0.072152,0.455696,0.126582,1.379873
Negative_F598,0,0.054054,0.0,0.108108,0.108108,0.054054,0.054054,0.0,0.027027,0.0,0.054054,0.081081,0.027027,0.108108,0.0,0.0,37.0,7.538251,10.790283,0.216216,0.054054,0.0,0.054054,0.0,-0.383784,0.378378,0.108108,1.811622
Negative_F1370,0,0.137931,0.0,0.0,0.068966,0.103448,0.103448,0.034483,0.034483,0.034483,0.0,0.034483,0.034483,0.103448,0.0,0.0,29.0,4.541481,10.12555,0.241379,0.0,0.0,0.034483,0.034483,0.168966,0.482759,0.0,0.478621
Negative_F1886,0,0.0,0.193548,0.032258,0.096774,0.129032,0.032258,0.0,0.032258,0.064516,0.0,0.129032,0.064516,0.096774,0.0,0.032258,31.0,0.404037,7.769003,0.064516,0.0,0.0,0.0,0.032258,0.874194,0.322581,0.064516,-0.218387
Negative_F464,0,0.090909,0.060606,0.0,0.121212,0.030303,0.181818,0.0,0.060606,0.0,0.030303,0.121212,0.060606,0.090909,0.0,0.0,33.0,2.49887,9.307704,0.121212,0.0,0.0,0.030303,0.0,0.439394,0.393939,0.0,0.308182
Negative_F2035,0,0.087432,0.0,0.016393,0.147541,0.065574,0.038251,0.038251,0.04918,0.016393,0.071038,0.065574,0.060109,0.065574,0.027322,0.043716,183.0,-0.675752,6.727429,0.054645,0.043716,0.010929,0.071038,0.027322,-0.479235,0.382514,0.087432,1.640546
Negative_F2411,0,0.0625,0.0,0.03125,0.125,0.0625,0.0625,0.0,0.0,0.0,0.0,0.0625,0.0625,0.15625,0.0,0.0,32.0,11.503006,11.999968,0.25,0.125,0.0,0.0,0.0,-0.30625,0.375,0.03125,2.055625
Negative_F1475,0,0.054795,0.082192,0.054795,0.041096,0.054795,0.082192,0.027397,0.027397,0.041096,0.041096,0.09589,0.027397,0.041096,0.013699,0.013699,73.0,9.468369,9.911643,0.09589,0.109589,0.027397,0.013699,0.054795,-0.40137,0.342466,0.082192,2.252877
Negative_F1865,0,0.139535,0.0,0.0,0.069767,0.069767,0.046512,0.0,0.093023,0.023256,0.023256,0.046512,0.046512,0.093023,0.069767,0.023256,43.0,4.536916,9.903843,0.186047,0.0,0.0,0.046512,0.023256,-0.472093,0.44186,0.093023,1.195349
Negative_F162,0,0.071429,0.0,0.0,0.0,0.071429,0.214286,0.0,0.0,0.0,0.0,0.142857,0.0,0.142857,0.071429,0.0,14.0,3.54743,10.47774,0.285714,0.0,0.0,0.0,0.0,0.571429,0.571429,0.071429,-0.207143
Negative_F504,0,0.090909,0.0,0.090909,0.090909,0.090909,0.151515,0.0,0.0,0.060606,0.030303,0.212121,0.030303,0.030303,0.0,0.0,33.0,-0.443224,6.28238,0.060606,0.0,0.0,0.0,0.060606,0.651515,0.454545,0.090909,-0.12
Negative_F795,0,0.102564,0.0,0.025641,0.102564,0.076923,0.051282,0.025641,0.102564,0.025641,0.025641,0.076923,0.0,0.076923,0.025641,0.025641,39.0,2.692343,9.821903,0.102564,0.051282,0.025641,0.051282,0.025641,-0.461538,0.410256,0.076923,1.743846
Negative_F301,0,0.133333,0.0,0.0,0.133333,0.033333,0.1,0.033333,0.033333,0.033333,0.033333,0.0,0.033333,0.0,0.1,0.0,30.0,5.538975,10.222317,0.266667,0.0,0.0,0.033333,0.033333,-0.893333,0.4,0.1,1.155333
Negative_F45,0,0.148148,0.0,0.0,0.185185,0.074074,0.148148,0.0,0.037037,0.0,0.0,0.037037,0.111111,0.037037,0.0,0.037037,27.0,2.546046,9.825643,0.148148,0.0,0.0,0.0,0.037037,0.251852,0.444444,0.037037,0.051852
Negative_F370,0,0.166667,0.083333,0.125,0.041667,0.208333,0.041667,0.0,0.0,0.083333,0.0,0.041667,0.0,0.041667,0.0,0.0,24.0,3.498424,9.701283,0.166667,0.0,0.0,0.0,0.0,1.295833,0.583333,0.125,-1.151667
Negative_F662,0,0.069767,0.046512,0.0,0.116279,0.069767,0.023256,0.0,0.093023,0.046512,0.046512,0.023256,0.023256,0.069767,0.093023,0.069767,43.0,3.5794,9.448116,0.093023,0.046512,0.023256,0.023256,0.023256,-0.690698,0.395349,0.162791,1.452326
Negative_F2154,0,0.058824,0.0,0.0,0.176471,0.0,0.294118,0.0,0.176471,0.0,0.0,0.058824,0.058824,0.058824,0.0,0.0,17.0,-0.442126,5.836364,0.0,0.058824,0.0,0.058824,0.0,0.223529,0.411765,0.0,0.956471
Negative_F238,0,0.068182,0.227273,0.045455,0.136364,0.0,0.0,0.0,0.0,0.045455,0.113636,0.045455,0.022727,0.068182,0.0,0.022727,44.0,-2.577797,5.738317,0.0,0.045455,0.068182,0.068182,0.022727,-0.243182,0.204545,0.068182,1.6375
Negative_F579,0,0.0,0.0,0.027027,0.081081,0.162162,0.0,0.0,0.108108,0.135135,0.081081,0.027027,0.054054,0.027027,0.054054,0.0,37.0,3.58738,11.000257,0.081081,0.081081,0.027027,0.054054,0.0,-1.056757,0.27027,0.081081,2.465135
Negative_F722,0,0.02,0.16,0.06,0.04,0.04,0.06,0.0,0.06,0.0,0.06,0.06,0.06,0.02,0.0,0.0,50.0,5.415659,9.032939,0.18,0.04,0.04,0.06,0.04,-0.79,0.2,0.06,2.6366
Negative_F889,0,0.055556,0.0,0.055556,0.055556,0.055556,0.166667,0.111111,0.0,0.055556,0.0,0.055556,0.0,0.111111,0.0,0.0,18.0,3.584057,10.47774,0.222222,0.0,0.055556,0.0,0.0,0.616667,0.555556,0.055556,-0.440556
Negative_F1135,0,0.0,0.172414,0.0,0.068966,0.034483,0.068966,0.0,0.137931,0.0,0.034483,0.103448,0.034483,0.068966,0.068966,0.0,29.0,-0.495255,6.876347,0.068966,0.0,0.068966,0.034483,0.034483,-0.393103,0.241379,0.068966,1.553103
Negative_F1456,0,0.064516,0.064516,0.096774,0.032258,0.064516,0.0,0.0,0.064516,0.193548,0.0,0.032258,0.064516,0.0,0.064516,0.0,31.0,4.186386,10.060114,0.129032,0.064516,0.032258,0.032258,0.0,-0.848387,0.290323,0.16129,1.828387
Negative_F1391,0,0.0625,0.1875,0.0,0.0625,0.09375,0.03125,0.03125,0.125,0.09375,0.0,0.0625,0.0625,0.0625,0.03125,0.03125,32.0,-0.593458,5.961126,0.03125,0.0,0.0,0.0,0.03125,0.4375,0.34375,0.0625,0.168125
Negative_F243,0,0.097561,0.0,0.0,0.073171,0.097561,0.073171,0.0,0.073171,0.02439,0.04878,0.097561,0.04878,0.097561,0.04878,0.0,41.0,4.543287,10.29523,0.146341,0.02439,0.0,0.04878,0.0,-0.2,0.414634,0.04878,1.221463
Negative_F186,0,0.078431,0.117647,0.058824,0.098039,0.019608,0.098039,0.0,0.039216,0.0,0.019608,0.078431,0.039216,0.058824,0.019608,0.0,51.0,2.40058,8.63633,0.117647,0.039216,0.019608,0.078431,0.019608,-0.086275,0.333333,0.078431,1.461176
Negative_F910,0,0.076923,0.0,0.025641,0.102564,0.051282,0.179487,0.025641,0.051282,0.051282,0.025641,0.0,0.102564,0.076923,0.025641,0.0,39.0,7.539889,11.471778,0.179487,0.025641,0.0,0.0,0.0,0.192308,0.461538,0.051282,0.246667
Negative_F1365,0,0.074074,0.148148,0.0,0.111111,0.074074,0.148148,0.0,0.0,0.074074,0.0,0.0,0.0,0.037037,0.0,0.0,27.0,8.43937,10.066819,0.296296,0.037037,0.0,0.0,0.0,0.07037,0.333333,0.0,0.525926
Negative_F2240,0,0.0,0.0,0.0,0.136364,0.0,0.045455,0.045455,0.045455,0.0,0.045455,0.0,0.090909,0.045455,0.090909,0.0,22.0,7.552712,11.999968,0.090909,0.318182,0.0,0.045455,0.0,-2.013636,0.227273,0.090909,5.581364
Negative_F1602,0,0.272727,0.0,0.0,0.090909,0.0,0.0,0.0,0.0,0.072727,0.0,0.018182,0.072727,0.018182,0.0,0.0,55.0,22.550595,11.275408,0.418182,0.018182,0.0,0.018182,0.0,-1.427273,0.290909,0.0,2.346909
Negative_F812,0,0.060606,0.0,0.030303,0.212121,0.090909,0.090909,0.030303,0.030303,0.030303,0.030303,0.060606,0.0,0.0,0.0,0.090909,33.0,3.613588,9.874316,0.121212,0.030303,0.060606,0.030303,0.0,-0.415152,0.393939,0.121212,0.894242
Negative_F866,0,0.266667,0.0,0.066667,0.066667,0.0,0.266667,0.0,0.0,0.0,0.066667,0.066667,0.0,0.0,0.0,0.0,15.0,2.549936,10.302064,0.2,0.0,0.0,0.0,0.0,0.586667,0.6,0.066667,-0.35
Negative_F2193,0,0.05,0.05,0.15,0.0,0.0,0.1,0.0,0.05,0.05,0.1,0.0,0.1,0.0,0.05,0.0,20.0,5.532799,11.999968,0.0,0.3,0.0,0.0,0.0,-1.055,0.35,0.2,4.409
Negative_F2197,0,0.0,0.0,0.052632,0.0,0.052632,0.052632,0.0,0.0,0.105263,0.0,0.052632,0.052632,0.210526,0.052632,0.0,19.0,6.557277,11.999968,0.0,0.368421,0.0,0.0,0.0,-0.484211,0.421053,0.105263,4.163158
Negative_F1703,0,0.05,0.1,0.0,0.1,0.25,0.05,0.0,0.0,0.05,0.0,0.05,0.15,0.1,0.0,0.0,20.0,1.154374,8.883373,0.1,0.0,0.0,0.0,0.0,1.42,0.45,0.0,-1.082
Negative_F894,0,0.065217,0.130435,0.0,0.086957,0.065217,0.043478,0.0,0.065217,0.108696,0.0,0.108696,0.108696,0.0,0.0,0.043478,46.0,5.39577,9.302933,0.086957,0.065217,0.0,0.021739,0.0,-0.463043,0.217391,0.043478,1.831739
Negative_F1381,0,0.116279,0.139535,0.023256,0.093023,0.046512,0.069767,0.0,0.069767,0.0,0.023256,0.069767,0.023256,0.116279,0.0,0.0,43.0,2.443384,8.673722,0.069767,0.046512,0.046512,0.023256,0.023256,0.35814,0.372093,0.023256,0.960465
Negative_F1287,0,0.033333,0.2,0.033333,0.066667,0.1,0.033333,0.0,0.033333,0.066667,0.0,0.133333,0.033333,0.066667,0.0,0.033333,30.0,0.404458,7.769117,0.066667,0.033333,0.0,0.033333,0.033333,0.443333,0.3,0.066667,0.746333
Negative_F1791,0,0.052632,0.157895,0.078947,0.184211,0.052632,0.0,0.0,0.026316,0.026316,0.078947,0.026316,0.052632,0.0,0.0,0.052632,38.0,2.513166,8.676365,0.026316,0.078947,0.078947,0.026316,0.0,-0.465789,0.236842,0.131579,1.800789
Negative_F1204,0,0.121212,0.060606,0.060606,0.030303,0.030303,0.151515,0.0,0.030303,0.0,0.030303,0.181818,0.121212,0.030303,0.0,0.0,33.0,2.194646,9.302868,0.121212,0.0,0.0,0.030303,0.0,0.345455,0.393939,0.060606,0.712727
Negative_F422,0,0.034483,0.172414,0.068966,0.068966,0.034483,0.137931,0.0,0.0,0.103448,0.034483,0.068966,0.137931,0.034483,0.0,0.034483,29.0,1.393117,8.409659,0.068966,0.0,0.0,0.0,0.0,0.731034,0.344828,0.103448,-0.373448
Negative_F1045,0,0.0,0.0,0.076923,0.153846,0.230769,0.230769,0.0,0.0,0.076923,0.0,0.076923,0.0,0.076923,0.0,0.0,13.0,0.557428,9.750021,0.0,0.076923,0.0,0.0,0.0,1.861538,0.615385,0.076923,-1.546154
Negative_F1768,0,0.045455,0.0,0.136364,0.045455,0.045455,0.136364,0.0,0.0,0.0,0.181818,0.0,0.136364,0.045455,0.0,0.045455,22.0,3.544925,10.176866,0.181818,0.0,0.0,0.0,0.0,-0.140909,0.454545,0.181818,0.763636
Negative_F906,0,0.125,0.03125,0.0625,0.125,0.0625,0.0625,0.0,0.09375,0.03125,0.03125,0.0625,0.0625,0.03125,0.0,0.03125,32.0,5.51541,10.142569,0.1875,0.0,0.0,0.0,0.0,-0.275,0.375,0.09375,0.9025
Negative_F35,0,0.0,0.142857,0.02381,0.095238,0.071429,0.0,0.047619,0.071429,0.119048,0.071429,0.047619,0.02381,0.095238,0.047619,0.0,42.0,5.410282,9.687293,0.0,0.142857,0.0,0.0,0.0,-0.233333,0.285714,0.071429,1.922143
Negative_F1140,0,0.032258,0.096774,0.0,0.129032,0.064516,0.064516,0.0,0.032258,0.0,0.0,0.129032,0.129032,0.096774,0.0,0.032258,31.0,5.162179,9.735838,0.193548,0.0,0.0,0.0,0.0,0.087097,0.290323,0.032258,0.733871
Negative_F158,0,0.0,0.222222,0.055556,0.166667,0.0,0.055556,0.0,0.0,0.0,0.0,0.0,0.0,0.111111,0.0,0.055556,18.0,5.456783,10.663216,0.0,0.333333,0.0,0.0,0.0,-0.25,0.277778,0.111111,3.652222
Negative_F1311,0,0.0,0.095238,0.047619,0.238095,0.047619,0.190476,0.0,0.0,0.0,0.0,0.047619,0.0,0.190476,0.0,0.0,21.0,2.500929,9.390159,0.142857,0.0,0.0,0.0,0.0,1.419048,0.47619,0.047619,-1.47381
Negative_F1753,0,0.086957,0.086957,0.043478,0.043478,0.086957,0.173913,0.043478,0.043478,0.043478,0.0,0.086957,0.043478,0.086957,0.0,0.0,23.0,2.500929,9.390159,0.130435,0.0,0.0,0.0,0.0,1.147826,0.521739,0.043478,-0.756087
Negative_F1317,0,0.0,0.0,0.1875,0.1875,0.0625,0.0,0.0625,0.0,0.0625,0.0,0.0,0.0,0.0,0.0,0.0625,16.0,5.547355,11.744351,0.1875,0.1875,0.0,0.0,0.0,-0.90625,0.375,0.25,2.6575
Negative_F149,0,0.0,0.121212,0.0,0.121212,0.0,0.030303,0.030303,0.0,0.030303,0.090909,0.030303,0.030303,0.0,0.030303,0.0,33.0,6.500273,11.351545,0.0,0.333333,0.030303,0.0,0.121212,-2.033333,0.090909,0.030303,6.064545
Negative_F1028,0,0.111111,0.222222,0.022222,0.2,0.0,0.022222,0.0,0.022222,0.022222,0.088889,0.066667,0.0,0.0,0.0,0.044444,45.0,3.353539,8.616538,0.044444,0.088889,0.0,0.044444,0.0,-0.442222,0.2,0.066667,1.984222
Negative_F1246,0,0.229508,0.0,0.0,0.098361,0.081967,0.131148,0.0,0.04918,0.032787,0.016393,0.04918,0.065574,0.081967,0.04918,0.0,61.0,1.586298,9.528379,0.065574,0.0,0.016393,0.0,0.032787,0.75082,0.57377,0.04918,-0.58541
Negative_F1024,0,0.066667,0.0,0.0,0.066667,0.133333,0.066667,0.0,0.066667,0.0,0.0,0.0,0.0,0.2,0.066667,0.0,15.0,4.510623,10.602422,0.333333,0.0,0.0,0.0,0.0,0.193333,0.533333,0.066667,0.162
Negative_F461,0,0.065217,0.043478,0.043478,0.152174,0.152174,0.086957,0.0,0.021739,0.0,0.0,0.043478,0.043478,0.021739,0.0,0.0,46.0,6.487174,9.866322,0.217391,0.021739,0.0,0.021739,0.065217,0.002174,0.369565,0.043478,0.857826
Negative_F2282,0,0.1,0.0,0.05,0.15,0.0,0.3,0.0,0.05,0.0,0.0,0.05,0.0,0.05,0.0,0.0,20.0,0.551503,8.497658,0.15,0.0,0.0,0.05,0.05,0.46,0.5,0.05,-0.038
Negative_F2167,0,0.128205,0.153846,0.025641,0.128205,0.025641,0.076923,0.025641,0.025641,0.025641,0.0,0.025641,0.025641,0.051282,0.025641,0.0,39.0,3.132887,8.976207,0.025641,0.128205,0.051282,0.051282,0.0,0.094872,0.358974,0.051282,1.606923
Negative_F605,0,0.16,0.0,0.04,0.16,0.08,0.04,0.0,0.04,0.0,0.0,0.04,0.0,0.04,0.04,0.04,25.0,2.733043,10.289815,0.08,0.04,0.2,0.0,0.0,-0.376,0.44,0.12,0.9756
Negative_F978,0,0.054054,0.054054,0.027027,0.162162,0.081081,0.162162,0.027027,0.027027,0.0,0.054054,0.0,0.135135,0.027027,0.0,0.0,37.0,2.49816,9.243171,0.135135,0.0,0.0,0.0,0.054054,0.294595,0.378378,0.027027,0.174865
Negative_F1775,0,0.136364,0.0,0.090909,0.090909,0.0,0.045455,0.0,0.0,0.0,0.0,0.136364,0.0,0.090909,0.090909,0.0,22.0,5.584007,11.999968,0.181818,0.090909,0.045455,0.0,0.0,-0.436364,0.454545,0.181818,1.635
Negative_F74,0,0.0,0.095238,0.0,0.095238,0.095238,0.0,0.047619,0.047619,0.095238,0.047619,0.047619,0.047619,0.047619,0.0,0.047619,21.0,5.498348,10.466652,0.142857,0.142857,0.0,0.0,0.0,-0.9,0.238095,0.047619,2.810952
Negative_F1414,0,0.07767,0.038835,0.009709,0.262136,0.038835,0.019417,0.019417,0.116505,0.029126,0.009709,0.126214,0.058252,0.058252,0.0,0.019417,103.0,6.487435,10.093767,0.019417,0.067961,0.009709,0.009709,0.009709,-0.446602,0.242718,0.029126,1.693495
Negative_F97,0,0.153846,0.0,0.0,0.102564,0.051282,0.051282,0.0,0.051282,0.0,0.076923,0.0,0.076923,0.128205,0.025641,0.0,39.0,4.547538,10.548849,0.128205,0.076923,0.0,0.025641,0.051282,-0.441026,0.410256,0.025641,1.939231
Negative_F492,0,0.148148,0.074074,0.0,0.074074,0.074074,0.185185,0.037037,0.037037,0.0,0.0,0.037037,0.074074,0.0,0.0,0.0,27.0,4.547363,9.902167,0.185185,0.037037,0.0,0.0,0.037037,0.3,0.444444,0.0,0.59963
Negative_F1678,0,0.0,0.090909,0.0,0.090909,0.0,0.0,0.090909,0.090909,0.045455,0.0,0.0,0.045455,0.045455,0.045455,0.090909,22.0,6.532444,10.557552,0.136364,0.181818,0.045455,0.0,0.0,-1.522727,0.272727,0.136364,3.709545
Negative_F340,0,0.08,0.04,0.04,0.2,0.04,0.12,0.0,0.04,0.04,0.0,0.04,0.04,0.08,0.04,0.0,25.0,2.524048,9.630497,0.16,0.0,0.0,0.0,0.04,0.184,0.4,0.08,-0.042
Negative_F1077,0,0.064516,0.0,0.064516,0.032258,0.064516,0.0,0.0,0.0,0.096774,0.0,0.0,0.032258,0.16129,0.064516,0.032258,31.0,11.542243,11.999968,0.16129,0.225806,0.0,0.0,0.0,-0.670968,0.451613,0.16129,2.892903
Negative_F825,0,0.113636,0.0,0.045455,0.090909,0.159091,0.022727,0.045455,0.022727,0.068182,0.045455,0.022727,0.022727,0.045455,0.045455,0.045455,44.0,6.591309,10.708666,0.113636,0.068182,0.0,0.0,0.022727,0.063636,0.522727,0.136364,0.63
Negative_F1743,0,0.093023,0.0,0.023256,0.209302,0.046512,0.069767,0.046512,0.162791,0.023256,0.069767,0.0,0.023256,0.046512,0.046512,0.069767,43.0,2.5449,9.823257,0.046512,0.023256,0.0,0.0,0.0,-0.37907,0.44186,0.139535,0.73
Negative_F780,0,0.086957,0.0,0.086957,0.173913,0.086957,0.086957,0.0,0.043478,0.0,0.0,0.130435,0.0,0.043478,0.0,0.0,23.0,2.585178,10.001383,0.173913,0.0,0.043478,0.0,0.043478,0.008696,0.391304,0.086957,0.584783
Negative_F1318,0,0.041667,0.041667,0.125,0.0,0.041667,0.041667,0.0,0.0,0.208333,0.0,0.041667,0.041667,0.041667,0.041667,0.0,24.0,3.528194,10.295617,0.125,0.125,0.0,0.041667,0.041667,-0.725,0.333333,0.166667,2.277917
Negative_F2300,0,0.0,0.0,0.035714,0.071429,0.035714,0.142857,0.0,0.0,0.0,0.035714,0.035714,0.071429,0.107143,0.035714,0.071429,28.0,7.586231,11.999968,0.071429,0.214286,0.071429,0.0,0.0,-0.575,0.428571,0.142857,2.871071
Negative_F90,0,0.107143,0.071429,0.0,0.107143,0.071429,0.142857,0.035714,0.0,0.0,0.0,0.071429,0.071429,0.071429,0.0,0.0,28.0,2.496811,9.243171,0.178571,0.0,0.0,0.071429,0.0,0.507143,0.428571,0.0,0.2275
Negative_F448,0,0.04,0.04,0.0,0.16,0.0,0.0,0.0,0.04,0.0,0.0,0.08,0.08,0.2,0.0,0.12,25.0,-0.422279,6.155686,0.0,0.12,0.0,0.08,0.04,-0.428,0.36,0.12,2.4384
Negative_F1117,0,0.1,0.2,0.0,0.25,0.0,0.025,0.0,0.025,0.05,0.1,0.075,0.05,0.0,0.05,0.025,40.0,1.404259,8.220831,0.05,0.0,0.0,0.0,0.0,-0.21,0.2,0.075,0.473
Negative_F1268,0,0.066667,0.0,0.133333,0.0,0.266667,0.066667,0.0,0.133333,0.0,0.0,0.066667,0.0,0.066667,0.0,0.0,15.0,0.552888,8.590944,0.133333,0.0,0.0,0.066667,0.0,0.953333,0.6,0.133333,0.006
Negative_F364,0,0.166667,0.083333,0.041667,0.041667,0.083333,0.125,0.0,0.0,0.083333,0.0,0.041667,0.041667,0.166667,0.0,0.0,24.0,2.500929,9.390159,0.125,0.0,0.0,0.0,0.0,1.475,0.583333,0.041667,-1.3275
Negative_F2303,0,0.129032,0.0,0.0,0.225806,0.032258,0.0,0.0,0.0,0.0,0.0,0.064516,0.0,0.032258,0.0,0.0,31.0,13.555042,11.999968,0.032258,0.451613,0.0,0.032258,0.0,-1.9,0.193548,0.0,6.682903
Negative_F1573,0,0.105263,0.105263,0.052632,0.052632,0.0,0.157895,0.052632,0.0,0.052632,0.0,0.052632,0.052632,0.0,0.052632,0.052632,19.0,3.500879,9.847497,0.105263,0.105263,0.0,0.0,0.0,0.115789,0.473684,0.157895,0.921579
Negative_F250,0,0.028571,0.171429,0.0,0.114286,0.0,0.142857,0.057143,0.028571,0.0,0.0,0.0,0.028571,0.028571,0.0,0.057143,35.0,6.438428,9.611027,0.057143,0.2,0.028571,0.028571,0.028571,-0.402857,0.314286,0.057143,2.818
Negative_F2135,0,0.473684,0.0,0.052632,0.052632,0.0,0.105263,0.0,0.0,0.052632,0.157895,0.052632,0.0,0.052632,0.0,0.0,19.0,-0.392198,5.570017,0.0,0.0,0.0,0.0,0.0,0.921053,0.684211,0.052632,-0.740526
Negative_F51,0,0.05,0.0,0.0,0.2,0.05,0.3,0.0,0.1,0.05,0.0,0.05,0.0,0.1,0.0,0.0,20.0,-0.441839,6.21747,0.05,0.0,0.0,0.0,0.05,0.955,0.5,0.0,-0.9525
Negative_F2078,0,0.071429,0.0,0.0,0.0,0.0,0.0,0.0,0.0,0.214286,0.0,0.071429,0.071429,0.142857,0.0,0.0,14.0,5.238195,10.69906,0.428571,0.0,0.0,0.0,0.0,-1.392857,0.214286,0.0,2.098571
Negative_F826,0,0.090909,0.0,0.045455,0.090909,0.204545,0.022727,0.045455,0.022727,0.022727,0.045455,0.0,0.0,0.045455,0.068182,0.045455,44.0,5.298701,10.000223,0.181818,0.0,0.022727,0.0,0.045455,0.202273,0.568182,0.159091,-0.119318
Negative_F1426,0,0.071429,0.0,0.071429,0.214286,0.071429,0.071429,0.0,0.0,0.0,0.0,0.071429,0.0,0.071429,0.142857,0.0,14.0,0.553562,8.591073,0.142857,0.0,0.0,0.0,0.071429,0.142857,0.5,0.214286,-0.345714
Negative_F926,0,0.064935,0.077922,0.0,0.103896,0.103896,0.168831,0.0,0.0,0.025974,0.0,0.038961,0.064935,0.103896,0.0,0.025974,77.0,-2.568776,5.118658,0.090909,0.0,0.012987,0.064935,0.051948,0.858442,0.467532,0.025974,-0.288442
Negative_F905,0,0.0,0.0,0.027778,0.027778,0.0,0.138889,0.0,0.0,0.333333,0.055556,0.027778,0.0,0.0,0.055556,0.0,36.0,7.626639,11.999968,0.055556,0.194444,0.055556,0.0,0.027778,-1.572222,0.222222,0.083333,3.138056
Negative_F331,0,0.333333,0.0,0.0,0.0,0.0,0.0,0.0,0.0,0.130435,0.0,0.043478,0.028986,0.028986,0.0,0.0,69.0,29.482285,11.46243,0.434783,0.0,0.0,0.0,0.0,-1.237681,0.362319,0.0,1.914928
Negative_F2076,0,0.333333,0.0,0.0,0.074074,0.0,0.0,0.0,0.0,0.148148,0.0,0.037037,0.0,0.037037,0.0,0.0,27.0,9.582746,10.95442,0.37037,0.0,0.0,0.0,0.0,-0.985185,0.37037,0.0,1.358889
Negative_F406,0,0.2,0.033333,0.0,0.033333,0.133333,0.133333,0.0,0.033333,0.0,0.033333,0.1,0.066667,0.033333,0.0,0.033333,30.0,2.520868,9.519095,0.133333,0.0,0.0,0.033333,0.0,0.636667,0.533333,0.033333,0.07
Negative_F1951,0,0.162791,0.139535,0.046512,0.069767,0.0,0.023256,0.0,0.046512,0.023256,0.023256,0.046512,0.069767,0.046512,0.023256,0.0,43.0,6.560985,9.614509,0.093023,0.093023,0.069767,0.023256,0.0,-0.446512,0.302326,0.069767,2.173256
Negative_F544,0,0.0,0.0,0.153846,0.153846,0.230769,0.153846,0.0,0.076923,0.0,0.0,0.076923,0.0,0.0,0.0,0.0,13.0,-0.444606,5.835682,0.076923,0.0,0.0,0.076923,0.0,1.092308,0.538462,0.153846,-0.625385
Negative_F2307,0,0.088608,0.050633,0.0,0.050633,0.075949,0.075949,0.050633,0.050633,0.037975,0.037975,0.037975,0.012658,0.101266,0.0,0.025316,79.0,8.604099,10.050186,0.075949,0.113924,0.037975,0.037975,0.037975,-0.221519,0.417722,0.025316,2.051519
Negative_F1269,0,0.04878,0.146341,0.04878,0.097561,0.146341,0.0,0.02439,0.097561,0.073171,0.04878,0.0,0.073171,0.02439,0.02439,0.0,41.0,4.441973,9.216287,0.04878,0.073171,0.02439,0.0,0.0,0.058537,0.317073,0.073171,1.136829
Negative_F658,0,0.054054,0.108108,0.0,0.216216,0.0,0.027027,0.0,0.135135,0.0,0.027027,0.081081,0.027027,0.108108,0.054054,0.054054,37.0,0.561802,7.90197,0.027027,0.0,0.081081,0.0,0.0,-0.297297,0.297297,0.108108,0.792432
Negative_F1358,0,0.058824,0.0,0.058824,0.117647,0.117647,0.352941,0.0,0.0,0.117647,0.0,0.058824,0.0,0.058824,0.0,0.0,17.0,0.554947,8.750052,0.058824,0.0,0.0,0.0,0.0,1.876471,0.647059,0.058824,-2.418824
Negative_F1233,0,0.027027,0.162162,0.108108,0.162162,0.027027,0.027027,0.0,0.0,0.027027,0.027027,0.027027,0.027027,0.027027,0.0,0.081081,37.0,5.466518,9.271795,0.108108,0.081081,0.054054,0.027027,0.0,-0.308108,0.297297,0.189189,1.513514
Negative_F2157,0,0.041958,0.027972,0.020979,0.083916,0.041958,0.06993,0.0,0.062937,0.034965,0.034965,0.118881,0.062937,0.167832,0.006993,0.041958,143.0,-2.49555,5.644362,0.06993,0.006993,0.013986,0.027972,0.062937,0.064336,0.391608,0.06993,0.915594
Negative_F573,0,0.06383,0.06383,0.010638,0.074468,0.053191,0.117021,0.0,0.010638,0.117021,0.074468,0.042553,0.042553,0.074468,0.010638,0.010638,94.0,2.796191,8.768877,0.0,0.12766,0.010638,0.031915,0.06383,-0.244681,0.340426,0.031915,1.943936
Negative_F1848,0,0.039216,0.058824,0.019608,0.058824,0.039216,0.039216,0.009804,0.039216,0.058824,0.009804,0.117647,0.088235,0.058824,0.009804,0.009804,102.0,-1.757474,6.393159,0.078431,0.068627,0.039216,0.078431,0.078431,-0.892157,0.22549,0.039216,2.873431
Negative_F136,0,0.0,0.0,0.0,0.05,0.05,0.05,0.0,0.1,0.25,0.0,0.05,0.05,0.05,0.0,0.1,20.0,2.516005,10.266929,0.05,0.15,0.0,0.05,0.0,-1.395,0.25,0.1,3.187
Negative_F2131,0,0.0,0.0,0.142857,0.0,0.142857,0.095238,0.0,0.0,0.0,0.047619,0.0,0.0,0.047619,0.047619,0.0,21.0,7.54279,11.763691,0.285714,0.142857,0.0,0.047619,0.0,-0.528571,0.47619,0.190476,2.495714
Negative_F1009,0,0.2,0.1,0.05,0.05,0.2,0.05,0.05,0.0,0.05,0.0,0.0,0.05,0.05,0.0,0.0,20.0,2.500929,9.390159,0.15,0.0,0.0,0.0,0.0,1.425,0.6,0.05,-1.2745
Negative_F2382,0,0.085714,0.142857,0.028571,0.085714,0.028571,0.057143,0.0,0.0,0.028571,0.028571,0.085714,0.2,0.028571,0.0,0.0,35.0,3.534793,9.045382,0.114286,0.0,0.085714,0.0,0.0,-0.051429,0.228571,0.028571,0.956571
Negative_F1630,0,0.086957,0.086957,0.086957,0.043478,0.086957,0.217391,0.0,0.043478,0.043478,0.0,0.086957,0.0,0.086957,0.0,0.0,23.0,2.500929,9.390159,0.130435,0.0,0.0,0.0,0.0,1.382609,0.565217,0.086957,-1.10913
Negative_F1875,0,0.153846,0.0,0.153846,0.153846,0.153846,0.153846,0.0,0.0,0.0,0.0,0.076923,0.0,0.076923,0.0,0.0,13.0,0.554947,8.750052,0.076923,0.0,0.0,0.0,0.0,1.884615,0.692308,0.153846,-2.017692
Negative_F1493,0,0.08,0.0,0.04,0.04,0.2,0.08,0.04,0.04,0.0,0.04,0.04,0.08,0.08,0.0,0.0,25.0,1.275759,9.524575,0.16,0.0,0.0,0.08,0.0,0.584,0.52,0.04,0.318
Negative_F809,0,0.193548,0.032258,0.048387,0.290323,0.032258,0.064516,0.048387,0.032258,0.032258,0.0,0.032258,0.0,0.048387,0.016129,0.032258,62.0,0.533438,8.019819,0.048387,0.0,0.016129,0.032258,0.0,0.533871,0.483871,0.096774,-0.678226
Negative_F295,0,0.0,0.027027,0.027027,0.135135,0.108108,0.108108,0.0,0.0,0.081081,0.0,0.027027,0.027027,0.081081,0.027027,0.0,37.0,12.480958,11.999968,0.189189,0.162162,0.0,0.0,0.0,-0.335135,0.351351,0.054054,1.934324
Negative_F886,0,0.1875,0.0,0.0625,0.0,0.0625,0.1875,0.0,0.0625,0.0,0.0,0.125,0.0,0.125,0.0,0.0,16.0,0.603238,8.634976,0.125,0.0,0.0,0.0625,0.0,1.00625,0.625,0.0625,-0.181875
Negative_F1710,0,0.12766,0.0,0.06383,0.06383,0.0,0.12766,0.0,0.042553,0.042553,0.021277,0.06383,0.0,0.042553,0.021277,0.021277,47.0,6.536863,10.075844,0.212766,0.042553,0.0,0.021277,0.085106,-0.73617,0.404255,0.106383,1.870426
Negative_F727,0,0.031746,0.190476,0.015873,0.095238,0.015873,0.047619,0.0,0.047619,0.047619,0.0,0.095238,0.015873,0.015873,0.0,0.047619,63.0,7.269587,8.974531,0.174603,0.047619,0.015873,0.047619,0.047619,-0.812698,0.174603,0.063492,2.365873
Negative_F1523,0,0.052632,0.021053,0.063158,0.084211,0.031579,0.073684,0.010526,0.042105,0.031579,0.031579,0.073684,0.063158,0.063158,0.042105,0.021053,95.0,9.635492,10.345967,0.084211,0.094737,0.042105,0.031579,0.042105,-0.626316,0.357895,0.126316,2.224
Negative_F1405,0,0.2,0.0,0.08,0.12,0.04,0.12,0.0,0.04,0.04,0.0,0.04,0.08,0.0,0.04,0.0,25.0,2.548551,10.001383,0.16,0.0,0.0,0.0,0.04,0.08,0.48,0.12,0.174
Negative_F873,0,0.357143,0.0,0.0,0.142857,0.214286,0.071429,0.0,0.0,0.0,0.0,0.0,0.0,0.0,0.0,0.0,14.0,0.552888,8.590944,0.142857,0.0,0.0,0.071429,0.0,1.014286,0.642857,0.0,-0.770714
Negative_F1870,0,0.12,0.0,0.04,0.08,0.04,0.28,0.0,0.04,0.0,0.08,0.0,0.04,0.0,0.04,0.0,25.0,4.581551,10.602487,0.2,0.0,0.04,0.0,0.0,0.148,0.52,0.08,0.0288
Negative_F1337,0,0.033333,0.2,0.1,0.133333,0.0,0.033333,0.0,0.033333,0.033333,0.033333,0.033333,0.066667,0.033333,0.033333,0.066667,30.0,2.401481,8.661924,0.066667,0.066667,0.0,0.0,0.033333,-0.1,0.3,0.2,1.175667
Negative_F1659,0,0.0,0.0,0.0,0.0,0.25,0.333333,0.0,0.0,0.083333,0.0,0.083333,0.0,0.0,0.0,0.0,12.0,2.552417,11.166263,0.166667,0.083333,0.0,0.0,0.0,1.166667,0.583333,0.0,-0.418333
Negative_F449,0,0.0,0.028571,0.028571,0.085714,0.057143,0.142857,0.0,0.114286,0.142857,0.0,0.0,0.142857,0.114286,0.057143,0.028571,35.0,-1.781544,5.049201,0.0,0.0,0.028571,0.028571,0.0,0.388571,0.428571,0.114286,-0.268857
Negative_F555,0,0.0,0.162162,0.054054,0.189189,0.027027,0.0,0.0,0.027027,0.027027,0.081081,0.054054,0.054054,0.0,0.0,0.135135,37.0,4.46111,9.040224,0.108108,0.027027,0.054054,0.0,0.0,-0.791892,0.216216,0.189189,1.545946
Negative_F1120,0,0.0,0.142857,0.047619,0.047619,0.047619,0.119048,0.02381,0.071429,0.047619,0.047619,0.047619,0.02381,0.0,0.02381,0.02381,42.0,7.392554,9.58711,0.166667,0.071429,0.0,0.0,0.047619,-0.554762,0.285714,0.095238,1.978571
Negative_F1804,0,0.121212,0.060606,0.030303,0.090909,0.121212,0.090909,0.030303,0.030303,0.0,0.060606,0.121212,0.060606,0.060606,0.0,0.0,33.0,3.194199,9.699607,0.121212,0.0,0.0,0.0,0.0,0.690909,0.454545,0.030303,-0.054848
Negative_F2129,0,0.1,0.0,0.2,0.05,0.05,0.1,0.0,0.0,0.05,0.0,0.05,0.0,0.1,0.0,0.0,20.0,5.5449,11.388421,0.25,0.05,0.0,0.0,0.0,0.425,0.55,0.2,0.3375
Negative_F1182,0,0.0,0.333333,0.055556,0.111111,0.166667,0.055556,0.0,0.0,0.0,0.0,0.0,0.055556,0.055556,0.0,0.0,18.0,2.410357,8.71698,0.0,0.166667,0.0,0.0,0.0,1.35,0.333333,0.055556,0.615
Negative_F84,0,0.04,0.08,0.04,0.12,0.04,0.16,0.04,0.08,0.0,0.04,0.08,0.0,0.12,0.0,0.0,25.0,3.194199,9.699607,0.16,0.0,0.0,0.0,0.0,0.596,0.44,0.04,-0.0568
Negative_F473,0,0.136364,0.0,0.045455,0.090909,0.136364,0.181818,0.0,0.045455,0.045455,0.0,0.181818,0.0,0.045455,0.0,0.0,22.0,1.554922,11.000837,0.045455,0.045455,0.0,0.0,0.0,1.072727,0.545455,0.045455,-0.366364
Negative_F2130,0,0.055556,0.0,0.055556,0.0,0.0,0.333333,0.0,0.055556,0.0,0.0,0.166667,0.055556,0.111111,0.0,0.0,18.0,0.593898,8.736062,0.055556,0.0,0.111111,0.0,0.0,1.05,0.555556,0.055556,-0.450556
Negative_F1114,0,0.2,0.05,0.0,0.2,0.05,0.1,0.0,0.1,0.0,0.0,0.0,0.1,0.05,0.05,0.0,20.0,1.527938,9.314086,0.1,0.0,0.0,0.0,0.0,0.365,0.45,0.05,-0.1945
Negative_F419,0,0.05,0.0,0.0,0.25,0.15,0.25,0.0,0.05,0.05,0.0,0.0,0.0,0.1,0.0,0.0,20.0,1.552442,10.002737,0.1,0.0,0.0,0.0,0.0,1.39,0.55,0.0,-1.8105
Negative_F2321,0,0.078431,0.039216,0.0,0.156863,0.058824,0.039216,0.0,0.078431,0.117647,0.039216,0.058824,0.039216,0.078431,0.039216,0.019608,51.0,0.609196,8.049281,0.058824,0.0,0.058824,0.039216,0.0,-0.370588,0.313725,0.058824,0.753922
Negative_F869,0,0.155556,0.088889,0.022222,0.033333,0.033333,0.044444,0.0,0.088889,0.077778,0.011111,0.133333,0.1,0.1,0.0,0.011111,90.0,6.402074,9.302675,0.033333,0.055556,0.0,0.011111,0.0,0.205556,0.366667,0.033333,1.194889
Negative_F2342,0,0.0,0.0,0.0,0.0,0.071429,0.214286,0.0,0.0,0.071429,0.0,0.071429,0.071429,0.214286,0.0,0.0,14.0,1.558498,11.699029,0.0,0.214286,0.0,0.0,0.071429,0.6,0.5,0.0,1.838571
Negative_F2292,0,0.214286,0.0,0.0,0.0,0.071429,0.357143,0.0,0.071429,0.0,0.0,0.0,0.0,0.071429,0.0,0.0,14.0,2.549936,10.302064,0.214286,0.0,0.0,0.0,0.0,1.278571,0.714286,0.0,-1.121429
Negative_F34,0,0.0,0.146341,0.04878,0.097561,0.04878,0.02439,0.04878,0.04878,0.097561,0.073171,0.02439,0.02439,0.097561,0.02439,0.0,41.0,7.410232,11.17445,0.0,0.195122,0.0,0.0,0.0,-0.241463,0.292683,0.073171,2.436098
Negative_F1075,0,0.047619,0.0,0.047619,0.095238,0.047619,0.190476,0.047619,0.0,0.0,0.0,0.047619,0.0,0.142857,0.0,0.0,21.0,-0.361074,6.797455,0.142857,0.0,0.047619,0.095238,0.047619,0.561905,0.52381,0.047619,0.153333
Negative_F225,0,0.0,0.0,0.173913,0.130435,0.086957,0.086957,0.0,0.043478,0.0,0.0,0.043478,0.0,0.173913,0.0,0.043478,23.0,0.664645,8.593072,0.043478,0.0,0.173913,0.0,0.0,0.917391,0.565217,0.217391,-0.704783
Negative_F1633,0,0.076923,0.038462,0.076923,0.076923,0.076923,0.115385,0.0,0.038462,0.153846,0.0,0.0,0.076923,0.153846,0.0,0.0,26.0,2.530394,10.860425,0.038462,0.076923,0.0,0.0,0.0,0.919231,0.5,0.076923,-0.243462
Negative_F1374,0,0.052632,0.0,0.0,0.263158,0.0,0.157895,0.0,0.0,0.263158,0.0,0.157895,0.0,0.105263,0.0,0.0,19.0,-0.442547,5.525,0.0,0.0,0.0,0.0,0.0,0.484211,0.315789,0.0,-1.007895
Negative_F1437,0,0.04,0.0,0.08,0.2,0.12,0.2,0.0,0.04,0.0,0.0,0.0,0.0,0.04,0.0,0.0,25.0,2.701403,11.999968,0.04,0.08,0.16,0.0,0.0,0.516,0.48,0.08,0.192
Negative_F728,0,0.090909,0.181818,0.0,0.090909,0.015152,0.045455,0.0,0.060606,0.075758,0.0,0.075758,0.090909,0.015152,0.0,0.045455,66.0,8.283891,9.164132,0.060606,0.106061,0.015152,0.015152,0.015152,-0.498485,0.212121,0.045455,2.282576
Negative_F702,0,0.042553,0.170213,0.021277,0.170213,0.021277,0.042553,0.06383,0.042553,0.0,0.106383,0.021277,0.0,0.06383,0.021277,0.0,47.0,3.355822,8.752502,0.06383,0.085106,0.0,0.042553,0.021277,-0.27234,0.276596,0.042553,1.794468
Negative_F2044,0,0.016807,0.10084,0.05042,0.235294,0.033613,0.058824,0.0,0.033613,0.092437,0.033613,0.016807,0.042017,0.07563,0.0,0.02521,119.0,2.28586,8.29742,0.042017,0.058824,0.008403,0.05042,0.02521,-0.157143,0.260504,0.07563,1.048151
Negative_F462,0,0.043478,0.043478,0.065217,0.195652,0.130435,0.043478,0.021739,0.021739,0.0,0.0,0.021739,0.021739,0.086957,0.0,0.0,46.0,4.528137,9.628047,0.173913,0.021739,0.021739,0.043478,0.043478,0.191304,0.391304,0.065217,0.569565
Negative_F2238,0,0.090909,0.0,0.0,0.272727,0.0,0.0,0.0,0.0,0.272727,0.0,0.090909,0.090909,0.090909,0.0,0.0,11.0,-0.440223,6.711116,0.0,0.0,0.090909,0.0,0.0,-0.427273,0.181818,0.0,0.178182
Negative_F1932,0,0.0,0.162791,0.139535,0.093023,0.023256,0.023256,0.0,0.046512,0.0,0.046512,0.186047,0.139535,0.0,0.0,0.023256,43.0,0.454592,7.756669,0.023256,0.023256,0.046512,0.023256,0.0,-0.074419,0.209302,0.162791,1.516047
Negative_F263,0,0.153846,0.0,0.076923,0.076923,0.076923,0.0,0.0,0.0,0.0,0.0,0.076923,0.0,0.230769,0.076923,0.0,13.0,-0.40798,6.743628,0.076923,0.0,0.076923,0.076923,0.0,0.830769,0.615385,0.153846,-0.352308
Negative_F576,0,0.0,0.146341,0.04878,0.146341,0.04878,0.04878,0.0,0.0,0.073171,0.02439,0.121951,0.0,0.0,0.02439,0.02439,41.0,2.442551,8.674946,0.04878,0.121951,0.02439,0.04878,0.04878,-0.663415,0.195122,0.097561,2.507561
Negative_F2074,0,0.285714,0.0,0.0,0.0,0.0,0.0,0.0,0.0,0.142857,0.0,0.0,0.142857,0.047619,0.0,0.0,21.0,7.587758,10.845403,0.380952,0.0,0.0,0.0,0.0,-1.1,0.333333,0.0,1.771905
Negative_F1305,0,0.176471,0.117647,0.176471,0.0,0.058824,0.0,0.0,0.058824,0.058824,0.0,0.0,0.058824,0.058824,0.0,0.0,17.0,2.590386,9.505428,0.117647,0.058824,0.058824,0.0,0.0,0.364706,0.470588,0.176471,0.823529
Negative_F929,0,0.04878,0.146341,0.146341,0.097561,0.02439,0.02439,0.0,0.04878,0.04878,0.0,0.073171,0.0,0.04878,0.02439,0.02439,41.0,3.449061,8.888208,0.121951,0.04878,0.0,0.0,0.073171,-0.080488,0.341463,0.195122,1.181707
Negative_F2203,0,0.0,0.0,0.0,0.0625,0.0,0.125,0.0,0.0625,0.0,0.0625,0.0,0.25,0.0625,0.0,0.0,16.0,5.5449,11.388421,0.3125,0.0625,0.0,0.0,0.0,-1.4,0.1875,0.0,3.144375
Negative_F2247,0,0.090909,0.090909,0.0,0.181818,0.0,0.090909,0.090909,0.0,0.0,0.0,0.0,0.181818,0.0,0.0,0.090909,11.0,-1.432483,5.076427,0.0,0.0,0.090909,0.090909,0.0,-0.018182,0.363636,0.090909,0.583636
Negative_F1584,0,0.176471,0.0,0.0,0.147059,0.117647,0.058824,0.0,0.029412,0.0,0.058824,0.0,0.058824,0.058824,0.029412,0.0,34.0,5.585102,11.744351,0.117647,0.088235,0.029412,0.0,0.029412,-0.170588,0.441176,0.029412,1.347059
Negative_F1580,0,0.0,0.0,0.0,0.727273,0.0,0.121212,0.0,0.0,0.0,0.0,0.0,0.0,0.007576,0.0,0.068182,132.0,7.52024,9.939429,0.045455,0.022727,0.0,0.007576,0.0,-0.193182,0.19697,0.068182,-0.643636
Negative_F531,0,0.0,0.0,0.019231,0.038462,0.0,0.173077,0.0,0.0,0.384615,0.019231,0.019231,0.0,0.0,0.057692,0.0,52.0,10.624084,11.999968,0.057692,0.173077,0.038462,0.0,0.019231,-1.248077,0.25,0.076923,2.305192
Negative_F932,0,0.022222,0.133333,0.022222,0.088889,0.022222,0.088889,0.0,0.066667,0.133333,0.0,0.044444,0.066667,0.044444,0.0,0.044444,45.0,0.437615,7.772755,0.066667,0.044444,0.022222,0.044444,0.044444,-0.404444,0.244444,0.066667,1.511333
Negative_F686,0,0.037037,0.074074,0.037037,0.037037,0.037037,0.074074,0.037037,0.0,0.0,0.0,0.037037,0.037037,0.111111,0.074074,0.0,27.0,6.486789,9.943555,0.333333,0.0,0.0,0.074074,0.0,-0.355556,0.407407,0.111111,1.154815
Negative_F2059,0,0.045455,0.090909,0.0,0.045455,0.090909,0.090909,0.0,0.0,0.136364,0.136364,0.0,0.136364,0.090909,0.0,0.045455,22.0,-2.491818,4.050028,0.0,0.0,0.0,0.0,0.090909,0.259091,0.363636,0.045455,0.228182
Negative_F736,0,0.045455,0.181818,0.136364,0.090909,0.0,0.0,0.0,0.045455,0.045455,0.0,0.181818,0.090909,0.0,0.045455,0.045455,22.0,1.451923,8.518095,0.090909,0.0,0.0,0.0,0.0,-0.013636,0.272727,0.227273,0.751818
Negative_F2368,0,0.0,0.0,0.142857,0.0,0.071429,0.0,0.0,0.071429,0.142857,0.0,0.142857,0.0,0.071429,0.071429,0.0,14.0,-0.750216,5.788733,0.142857,0.0,0.0,0.071429,0.071429,-0.692857,0.357143,0.214286,1.63
Negative_F643,0,0.023256,0.139535,0.0,0.116279,0.0,0.046512,0.023256,0.0,0.093023,0.069767,0.116279,0.023256,0.023256,0.0,0.0,43.0,4.520914,9.254324,0.023256,0.162791,0.069767,0.046512,0.023256,-1.130233,0.116279,0.0,3.581163
Negative_F1212,0,0.0,0.0,0.125,0.0625,0.0625,0.0,0.0,0.0625,0.0,0.1875,0.0,0.0,0.1875,0.0,0.0,16.0,1.662321,10.002995,0.125,0.0,0.1875,0.0,0.0,-0.56875,0.375,0.125,1.525
Negative_F1609,0,0.038462,0.0,0.076923,0.153846,0.038462,0.115385,0.038462,0.038462,0.0,0.0,0.076923,0.0,0.038462,0.0,0.0,26.0,3.699993,11.723012,0.076923,0.115385,0.153846,0.0,0.038462,-0.573077,0.346154,0.076923,2.198077
Negative_F575,0,0.026316,0.157895,0.026316,0.131579,0.0,0.078947,0.026316,0.026316,0.078947,0.026316,0.026316,0.052632,0.0,0.026316,0.131579,38.0,5.429419,9.271343,0.052632,0.105263,0.026316,0.0,0.0,-0.513158,0.315789,0.184211,1.585526
Negative_F1171,0,0.25,0.0,0.033333,0.1,0.083333,0.1,0.05,0.016667,0.0,0.033333,0.05,0.066667,0.066667,0.016667,0.016667,60.0,4.54036,10.12555,0.1,0.0,0.0,0.016667,0.0,0.886667,0.616667,0.066667,-0.634167
Negative_F1764,0,0.062992,0.062992,0.03937,0.015748,0.047244,0.070866,0.015748,0.062992,0.07874,0.07874,0.07874,0.03937,0.055118,0.015748,0.03937,127.0,7.623008,9.223443,0.070866,0.047244,0.062992,0.047244,0.007874,-0.543307,0.346457,0.094488,1.881969
Negative_F1739,0,0.084906,0.009434,0.04717,0.09434,0.075472,0.066038,0.0,0.056604,0.037736,0.009434,0.122642,0.122642,0.056604,0.018868,0.084906,106.0,4.542746,9.561773,0.028302,0.04717,0.009434,0.0,0.028302,0.04434,0.433962,0.150943,0.905849
Negative_F941,0,0.051282,0.076923,0.025641,0.025641,0.102564,0.076923,0.012821,0.038462,0.038462,0.089744,0.115385,0.025641,0.064103,0.0,0.012821,78.0,-2.48784,5.859327,0.076923,0.012821,0.038462,0.012821,0.102564,-0.128205,0.346154,0.038462,1.356282
Negative_F907,0,0.137931,0.068966,0.034483,0.034483,0.068966,0.068966,0.034483,0.103448,0.0,0.0,0.0,0.103448,0.103448,0.0,0.0,29.0,2.496811,9.243171,0.172414,0.0,0.0,0.068966,0.0,0.227586,0.448276,0.034483,0.860345
Negative_F363,0,0.055556,0.166667,0.027778,0.111111,0.055556,0.027778,0.0,0.027778,0.027778,0.055556,0.083333,0.055556,0.027778,0.0,0.083333,36.0,3.429941,8.87093,0.111111,0.027778,0.027778,0.027778,0.0,-0.272222,0.277778,0.111111,1.309444
Negative_F1510,0,0.053333,0.0,0.013333,0.133333,0.053333,0.053333,0.0,0.066667,0.08,0.026667,0.08,0.053333,0.026667,0.066667,0.026667,75.0,5.383819,10.203879,0.08,0.066667,0.053333,0.026667,0.04,-1.032,0.293333,0.106667,2.145867
Negative_F1835,0,0.0,0.0,0.0625,0.0,0.125,0.125,0.0625,0.0,0.0625,0.0,0.125,0.125,0.0,0.0,0.0625,16.0,3.547405,10.461623,0.1875,0.0625,0.0,0.0,0.0,-0.05,0.4375,0.125,1.165
Negative_F1326,0,0.166667,0.0,0.083333,0.083333,0.0,0.25,0.0,0.0,0.083333,0.0,0.083333,0.0,0.166667,0.0,0.0,12.0,0.557428,9.750021,0.0,0.083333,0.0,0.0,0.0,1.575,0.666667,0.083333,-1.005
Negative_F2453,0,0.258065,0.0,0.0,0.064516,0.096774,0.0,0.096774,0.0,0.0,0.032258,0.064516,0.064516,0.0,0.032258,0.0,31.0,2.545107,9.701025,0.193548,0.0,0.0,0.032258,0.064516,-0.274194,0.483871,0.032258,1.052258
Negative_F189,0,0.175,0.0,0.025,0.1,0.1,0.025,0.0,0.025,0.0,0.1,0.0,0.1,0.075,0.025,0.0,40.0,2.590981,10.834573,0.05,0.1,0.025,0.05,0.025,-0.3125,0.425,0.05,2.00775
Negative_F1394,0,0.034483,0.206897,0.0,0.068966,0.137931,0.0,0.0,0.034483,0.068966,0.0,0.137931,0.034483,0.103448,0.034483,0.034483,29.0,0.456867,7.809781,0.034483,0.034483,0.0,0.0,0.034483,0.755172,0.344828,0.068966,0.163103
Negative_F834,0,0.0,0.12,0.08,0.12,0.08,0.04,0.04,0.04,0.0,0.08,0.12,0.08,0.04,0.04,0.0,25.0,-0.478335,6.723109,0.0,0.04,0.04,0.0,0.04,0.176,0.32,0.12,0.934
Negative_F1229,0,0.0625,0.0,0.125,0.125,0.125,0.0625,0.0,0.0,0.03125,0.0625,0.03125,0.0,0.09375,0.0,0.0,32.0,8.549785,11.999968,0.09375,0.1875,0.0,0.0,0.0,0.103125,0.46875,0.125,1.865938
Negative_F141,0,0.0,0.0,0.026316,0.105263,0.0,0.026316,0.0,0.052632,0.0,0.0,0.078947,0.0,0.0,0.0,0.105263,38.0,2.910308,9.599165,0.078947,0.131579,0.263158,0.052632,0.078947,-2.455263,0.157895,0.131579,4.95
Negative_F103,0,0.076923,0.0,0.076923,0.0,0.153846,0.307692,0.0,0.0,0.076923,0.0,0.0,0.076923,0.076923,0.0,0.0,13.0,1.554922,11.000837,0.076923,0.076923,0.0,0.0,0.0,1.715385,0.692308,0.076923,-1.177692
Negative_F877,0,0.054054,0.054054,0.054054,0.162162,0.054054,0.135135,0.027027,0.027027,0.0,0.027027,0.054054,0.054054,0.054054,0.0,0.0,37.0,3.531606,9.514454,0.162162,0.0,0.027027,0.027027,0.027027,0.175676,0.378378,0.054054,0.404324
Negative_F1225,0,0.013333,0.133333,0.026667,0.12,0.013333,0.08,0.013333,0.026667,0.066667,0.0,0.04,0.026667,0.04,0.013333,0.026667,75.0,7.510332,9.12745,0.12,0.093333,0.04,0.04,0.066667,-0.745333,0.226667,0.066667,2.3628
Negative_F527,0,0.027027,0.0,0.081081,0.162162,0.054054,0.108108,0.0,0.054054,0.027027,0.027027,0.027027,0.027027,0.081081,0.0,0.0,37.0,7.541406,11.203074,0.189189,0.081081,0.0,0.027027,0.027027,-0.454054,0.351351,0.081081,1.781081
Negative_F667,0,0.0,0.0,0.0625,0.1875,0.0625,0.375,0.0,0.0,0.0625,0.0,0.125,0.0,0.0625,0.0,0.0,16.0,0.554947,8.750052,0.0625,0.0,0.0,0.0,0.0,1.625,0.5625,0.0625,-1.995625
Negative_F1641,0,0.133333,0.066667,0.033333,0.166667,0.0,0.2,0.033333,0.066667,0.0,0.033333,0.033333,0.0,0.033333,0.0,0.0,30.0,1.499991,8.821225,0.133333,0.0,0.0,0.033333,0.033333,0.266667,0.433333,0.033333,0.218667
Negative_F1700,0,0.043478,0.0,0.0,0.304348,0.0,0.043478,0.0,0.0,0.391304,0.043478,0.043478,0.0,0.0,0.0,0.0,23.0,-2.403679,4.507241,0.0,0.0,0.043478,0.0,0.086957,-1.134783,0.086957,0.0,0.604783
Negative_F853,0,0.0,0.093023,0.0,0.604651,0.046512,0.0,0.0,0.046512,0.0,0.023256,0.139535,0.0,0.023256,0.0,0.0,43.0,-0.538236,6.679968,0.0,0.0,0.023256,0.0,0.0,-0.132558,0.069767,0.0,0.010233
Negative_F2208,0,0.0,0.0,0.0,0.0,0.0,0.166667,0.0,0.0,0.166667,0.0,0.0,0.25,0.083333,0.0,0.0,12.0,3.554872,11.999968,0.083333,0.25,0.0,0.0,0.0,-0.908333,0.25,0.0,3.678333
Negative_F500,0,0.116279,0.046512,0.0,0.162791,0.093023,0.023256,0.023256,0.093023,0.0,0.023256,0.069767,0.023256,0.069767,0.046512,0.046512,43.0,1.58263,8.764235,0.093023,0.0,0.023256,0.0,0.046512,-0.076744,0.418605,0.093023,0.551395
Negative_F1142,0,0.0,0.208333,0.041667,0.166667,0.0,0.041667,0.0,0.041667,0.083333,0.0,0.208333,0.125,0.041667,0.041667,0.0,24.0,-0.599366,5.466399,0.0,0.0,0.0,0.0,0.0,0.333333,0.166667,0.083333,0.288333
