ID,PseAAC_lambda1,PseAAC_lambda2,PseAAC_lambda3,PseAAC_lambda4,PseAAC_lambda5
Negative_F1839,0.064266,0.069499,0.058217,0.060500,0.065727
Negative_F1590,0.075061,0.115896,0.063526,0.039706,0.097221
Negative_F1789,0.069182,0.069682,0.064894,0.072932,0.077006
Negative_F1515,0.049457,0.063852,0.052408,0.045204,0.060114
Negative_F1041,0.053206,0.055553,0.043000,0.039992,0.052929
Negative_F2183,0.046394,0.056235,0.043448,0.036893,0.051058
Negative_F1299,0.053300,0.082834,0.093141,0.078965,0.057751
Negative_F224,0.071528,0.074611,0.059592,0.038755,0.080067
Negative_F2017,0.052598,0.085205,0.073866,0.047643,0.052016
Negative_F850,0.066500,0.100960,0.071433,0.045938,0.075530
Negative_F562,0.103699,0.073587,0.101336,0.106394,0.103984
Negative_F285,0.063259,0.081424,0.045432,0.057766,0.066370
Negative_F585,0.062159,0.098498,0.058067,0.036437,0.066769
Negative_F2053,0.050790,0.069723,0.043139,0.040518,0.075041
Negative_F335,0.056029,0.069835,0.052458,0.040111,0.067198
Negative_F649,0.061401,0.069634,0.050379,0.056660,0.070234
Negative_F1706,0.060351,0.069216,0.058291,0.054911,0.071715
Negative_F21,0.060354,0.092234,0.056716,0.040875,0.074250
Negative_F566,0.079035,0.100029,0.074496,0.060749,0.098404
Negative_F885,0.083226,0.087626,0.056899,0.077926,0.086119
Negative_F334,0.060548,0.076322,0.058043,0.052448,0.080133
Negative_F140,0.067795,0.082519,0.083547,0.089007,0.077640
Negative_F1715,0.056454,0.046805,0.057970,0.034942,0.062637
Negative_F908,0.074241,0.070870,0.036452,0.093767,0.078879
Negative_F740,0.105146,0.061243,0.088216,0.078781,0.069441
Negative_F1842,0.070139,0.057027,0.055434,0.072299,0.060185
Negative_F517,0.047528,0.069546,0.046396,0.038412,0.067406
Negative_F408,0.056081,0.071605,0.053957,0.047084,0.043502
Negative_F2113,0.061036,0.080971,0.074504,0.055374,0.047010
Negative_F1430,0.069591,0.062461,0.067011,0.068929,0.063895
Negative_F2354,0.064739,0.066548,0.048760,0.063108,0.057378
Negative_F953,0.066949,0.075873,0.085947,0.073877,0.072182
Negative_F1857,0.063563,0.064455,0.058137,0.058352,0.069357
Negative_F2349,0.076927,0.069330,0.067053,0.067407,0.075271
Negative_F2216,0.045058,0.049206,0.039890,0.039943,0.041361
Negative_F1836,0.061346,0.073776,0.067512,0.081337,0.088718
Negative_F1250,0.061177,0.061454,0.059930,0.064473,0.057316
Negative_F714,0.067914,0.077493,0.054606,0.053216,0.069874
Negative_F981,0.065761,0.087474,0.058825,0.039297,0.065947
Negative_F580,0.065191,0.073209,0.065650,0.070793,0.074847
Negative_F1295,0.032434,0.058229,0.047383,0.036583,0.039133
Negative_F2410,0.043186,0.052946,0.052649,0.036009,0.041285
Negative_F2009,0.082270,0.053128,0.095655,0.062219,0.088955
Negative_F2245,0.131940,0.069091,0.112575,0.086338,0.097224
Negative_F1255,0.074034,0.069934,0.055694,0.067697,0.053773
Negative_F2141,0.093044,0.135582,0.065939,0.043731,0.129341
Negative_F1177,0.076801,0.078313,0.071790,0.093274,0.079664
Negative_F240,0.073778,0.067408,0.082791,0.079030,0.061397
Negative_F1134,0.055339,0.076357,0.060440,0.041563,0.049611
Negative_F1386,0.059914,0.060772,0.055366,0.061301,0.046454
Negative_F1360,0.045161,0.065123,0.050334,0.047350,0.062669
Negative_F294,0.092775,0.086943,0.067530,0.083760,0.114374
Negative_F215,0.071067,0.074815,0.062767,0.085268,0.070878
Negative_F1253,0.047979,0.040733,0.053291,0.041084,0.051760
Negative_F2133,0.088361,0.120982,0.055485,0.050594,0.119968
Negative_F233,0.055825,0.067803,0.056767,0.064282,0.054488
Negative_F2036,0.064697,0.091196,0.074468,0.068324,0.084469
Negative_F822,0.071202,0.064152,0.078307,0.069328,0.073547
Negative_F1069,0.069250,0.068954,0.059467,0.070672,0.076567
Negative_F2110,0.064113,0.065991,0.072610,0.058602,0.070429
Negative_F271,0.056339,0.085870,0.069021,0.055723,0.076607
Negative_F751,0.044396,0.038181,0.054734,0.044570,0.046323
Negative_F497,0.058223,0.059248,0.062274,0.060287,0.066863
Negative_F522,0.080705,0.092324,0.068057,0.041527,0.075730
Negative_F493,0.062733,0.061176,0.053176,0.049868,0.058952
Negative_F538,0.063360,0.069372,0.065932,0.062174,0.028936
Negative_F374,0.051820,0.070895,0.058040,0.038895,0.074055
Negative_F636,0.047734,0.069601,0.037117,0.024389,0.052946
Negative_F322,0.074726,0.072354,0.062005,0.069651,0.068871
Negative_F590,0.063341,0.069196,0.050517,0.052116,0.050691
Negative_F2432,0.078857,0.098041,0.064417,0.091135,0.106869
Negative_F455,0.067463,0.072383,0.062084,0.044005,0.069392
Negative_F2337,0.028954,0.047567,0.069198,0.093944,0.129520
Negative_F1151,0.081038,0.079414,0.060486,0.078282,0.094534
Negative_F1504,0.068209,0.063461,0.061606,0.059709,0.067926
Negative_F2302,0.050106,0.050100,0.056246,0.044767,0.048471
Negative_F2255,0.067405,0.086205,0.056021,0.062699,0.085807
Negative_F646,0.062331,0.067638,0.061318,0.063956,0.077381
Negative_F1292,0.072518,0.079548,0.080747,0.052282,0.072814
Negative_F2121,0.058919,0.077355,0.075698,0.064626,0.065713
Negative_F391,0.053333,0.062586,0.060145,0.053598,0.047919
Negative_F514,0.064700,0.061525,0.059134,0.051258,0.070412
Negative_F583,0.062518,0.066234,0.048395,0.045531,0.066969
Negative_F1209,0.045264,0.049887,0.052917,0.052618,0.031588
Negative_F2385,0.065425,0.084546,0.070395,0.072200,0.097234
Negative_F1862,0.079114,0.077913,0.067024,0.056574,0.073628
Negative_F621,0.062781,0.060607,0.061712,0.059402,0.057865
Negative_F2211,0.070233,0.057627,0.092932,0.088556,0.105686
Negative_F2212,0.108131,0.092864,0.081831,0.132830,0.087281
Negative_F157,0.086484,0.068321,0.060748,0.075076,0.064882
Negative_F939,0.051809,0.064694,0.046007,0.034020,0.052523
Negative_F1557,0.053252,0.070242,0.041304,0.064313,0.072395
Negative_F47,0.064991,0.074090,0.067020,0.032439,0.060231
Negative_F1101,0.052505,0.071013,0.061594,0.053136,0.058328
Negative_F1962,0.067016,0.051884,0.054501,0.048217,0.049493
Negative_F2224,0.101460,0.085978,0.063134,0.084615,0.093946
Negative_F2438,0.060189,0.061324,0.054108,0.071643,0.048247
Negative_F512,0.066487,0.072449,0.062046,0.038963,0.067345
Negative_F883,0.076740,0.089790,0.052498,0.052337,0.082165
Negative_F900,0.059595,0.082729,0.077935,0.052210,0.070602
Negative_F320,0.058327,0.063543,0.068969,0.058711,0.072999
Negative_F1947,0.061574,0.059583,0.067969,0.064626,0.054686
Negative_F851,0.070383,0.092023,0.071874,0.031058,0.077182
Negative_F568,0.083425,0.092419,0.073449,0.055341,0.100785
Negative_F451,0.070745,0.080343,0.073362,0.068950,0.065253
Negative_F1780,0.075066,0.071696,0.077011,0.064373,0.076734
Negative_F249,0.078180,0.093050,0.070392,0.078216,0.052007
Negative_F1387,0.046818,0.044476,0.058579,0.055257,0.052945
Negative_F488,0.041166,0.058703,0.031529,0.015528,0.048011
Negative_F1199,0.083197,0.088571,0.069709,0.051143,0.068448
Negative_F592,0.052755,0.050982,0.045244,0.039828,0.042656
Negative_F548,0.069468,0.073966,0.054413,0.052539,0.065614
Negative_F43,0.046002,0.063950,0.040373,0.033439,0.052252
Negative_F708,0.052443,0.051501,0.069664,0.061359,0.056366
Negative_F582,0.060215,0.080753,0.050340,0.044428,0.072395
Negative_F1241,0.055197,0.042164,0.038469,0.065319,0.049690
Negative_F415,0.072657,0.087636,0.077542,0.071424,0.055209
Negative_F1637,0.044721,0.058917,0.039459,0.030563,0.055090
Negative_F1613,0.060078,0.054222,0.067464,0.056409,0.065184
Negative_F965,0.076263,0.074043,0.070987,0.074398,0.071543
Negative_F1688,0.079580,0.113381,0.065759,0.064489,0.103660
Negative_F992,0.045190,0.069153,0.051779,0.047860,0.078091
Negative_F1692,0.060428,0.060120,0.059485,0.058688,0.063408
Negative_F1231,0.056672,0.070196,0.064360,0.053157,0.052824
Negative_F2362,0.066231,0.078018,0.080509,0.077457,0.084551
Negative_F427,0.058500,0.066710,0.072978,0.067408,0.072762
Negative_F1588,0.052098,0.090123,0.081647,0.057288,0.063764
Negative_F1373,0.058363,0.073213,0.046737,0.035063,0.066286
Negative_F1051,0.041608,0.056821,0.027413,0.026961,0.056990
Negative_F2103,0.049796,0.051266,0.045287,0.038299,0.052481
Negative_F1454,0.041485,0.061235,0.036516,0.021970,0.051665
Negative_F258,0.071160,0.072124,0.066139,0.081172,0.078124
Negative_F553,0.084773,0.073228,0.071173,0.065333,0.070264
Negative_F350,0.065390,0.080936,0.057197,0.068138,0.077684
Negative_F694,0.041587,0.073152,0.043278,0.026351,0.059386
Negative_F1403,0.059424,0.060404,0.043756,0.055706,0.055793
Negative_F2402,0.070931,0.072193,0.068737,0.056879,0.062847
Negative_F1093,0.059784,0.055882,0.059325,0.052045,0.056730
Negative_F2296,0.065825,0.065017,0.070406,0.052285,0.063207
Negative_F1624,0.075933,0.082818,0.067812,0.071680,0.074942
Negative_F468,0.063459,0.080211,0.058684,0.047809,0.058857
Negative_F212,0.072608,0.075273,0.062740,0.087950,0.073149
Negative_F1570,0.040366,0.053308,0.046359,0.051156,0.050914
Negative_F27,0.050442,0.045025,0.051187,0.065884,0.053528
Negative_F1805,0.072873,0.068566,0.091255,0.060374,0.099963
Negative_F653,0.064825,0.067496,0.062905,0.068348,0.069839
Negative_F637,0.048902,0.072028,0.033051,0.018840,0.062412
Negative_F1439,0.077576,0.070261,0.074485,0.067072,0.066491
Negative_F651,0.065985,0.071044,0.065741,0.067045,0.054879
Negative_F1307,0.068620,0.073609,0.057575,0.039314,0.074320
Negative_F1346,0.065110,0.078129,0.060161,0.040030,0.076500
Negative_F80,0.055074,0.051728,0.040801,0.033331,0.030909
Negative_F2389,0.086000,0.114788,0.097523,0.059950,0.078368
Negative_F2401,0.045372,0.046679,0.035116,0.035528,0.038890
Negative_F113,0.077329,0.074300,0.049874,0.062239,0.084562
Negative_F2376,0.072275,0.078667,0.081108,0.072783,0.082030
Negative_F2371,0.082393,0.065477,0.070824,0.114977,0.060388
Negative_F1595,0.076620,0.076239,0.086550,0.077051,0.069167
Negative_F216,0.063870,0.071303,0.067238,0.063179,0.065482
Negative_F1399,0.055528,0.077156,0.051581,0.049108,0.069054
Negative_F1972,0.082147,0.072363,0.076024,0.089118,0.071281
Negative_F792,0.073581,0.080772,0.056905,0.065923,0.075005
Negative_F312,0.056076,0.056643,0.033701,0.035199,0.060768
Negative_F231,0.053081,0.055393,0.052345,0.038337,0.066405
Negative_F1340,0.047091,0.054711,0.070346,0.074481,0.066681
Negative_F1237,0.078721,0.073563,0.067912,0.084705,0.083303
Negative_F2357,0.038525,0.037640,0.050229,0.043079,0.052343
Negative_F92,0.073089,0.080195,0.045588,0.066612,0.068448
Negative_F1486,0.073028,0.069186,0.065333,0.075962,0.073216
Negative_F1705,0.047399,0.048746,0.056681,0.056951,0.070519
Negative_F985,0.070748,0.066362,0.071221,0.071006,0.060636
Negative_F1987,0.072395,0.089123,0.073000,0.043293,0.050816
Negative_F1906,0.073112,0.075117,0.074677,0.074414,0.053543
Negative_F831,0.046064,0.042168,0.047373,0.035273,0.045778
Negative_F1473,0.064220,0.080147,0.086528,0.078149,0.083313
Negative_F2161,0.071714,0.105676,0.081962,0.052101,0.091834
Negative_F840,0.028052,0.031130,0.038218,0.039699,0.041025
Negative_F1015,0.032627,0.046032,0.028561,0.020169,0.047157
Negative_F1801,0.050991,0.075191,0.045641,0.039392,0.067567
Negative_F1448,0.070771,0.058702,0.072552,0.063905,0.049496
Negative_F1921,0.070096,0.072484,0.061665,0.071706,0.068787
Negative_F1248,0.118527,0.055192,0.107865,0.076884,0.085390
Negative_F266,0.099214,0.073550,0.093498,0.075769,0.085012
Negative_F737,0.068885,0.058838,0.029012,0.060761,0.055656
Negative_F57,0.079033,0.082360,0.073070,0.055049,0.067569
Negative_F1202,0.063013,0.065509,0.061024,0.046840,0.070131
Negative_F1110,0.082245,0.092218,0.033915,0.074075,0.081929
Negative_F572,0.053224,0.072192,0.048012,0.024870,0.066695
Negative_F1042,0.050437,0.033761,0.035637,0.049296,0.010559
Negative_F830,0.048883,0.066261,0.065455,0.056118,0.073341
Negative_F1032,0.065517,0.074711,0.074336,0.060456,0.079202
Negative_F1309,0.070712,0.086912,0.061159,0.054810,0.073489
Negative_F778,0.047169,0.042868,0.055765,0.043899,0.051441
Negative_F2125,0.086992,0.088942,0.089420,0.050112,0.071548
Negative_F1104,0.059984,0.070918,0.065820,0.062074,0.059768
Negative_F1796,0.039036,0.061405,0.036646,0.021825,0.041891
Negative_F1050,0.037110,0.049188,0.047530,0.044459,0.038314
Negative_F1020,0.105635,0.083799,0.088740,0.063622,0.096288
Negative_F2136,0.071716,0.157774,0.153392,0.073957,0.056348
Negative_F14,0.056858,0.086475,0.048531,0.051013,0.084405
Negative_F1763,0.072262,0.095111,0.062589,0.045848,0.095556
Negative_F904,0.077199,0.064277,0.095748,0.069746,0.087574
Negative_F1755,0.041172,0.069447,0.080876,0.070741,0.069316
Negative_F2363,0.084954,0.086205,0.053165,0.062248,0.073693
Negative_F764,0.052822,0.050267,0.057571,0.066733,0.053686
Negative_F256,0.078025,0.069507,0.058004,0.084087,0.070051
Negative_F1994,0.070908,0.047729,0.075164,0.087010,0.090722
Negative_F695,0.038294,0.057480,0.028517,0.037045,0.051901
Negative_F2192,0.088580,0.112209,0.083453,0.071015,0.073245
Negative_F226,0.082818,0.074589,0.065294,0.040329,0.082014
Negative_F477,0.063663,0.073333,0.066415,0.057081,0.063289
Negative_F2204,0.096983,0.091333,0.044125,0.093242,0.082604
Negative_F672,0.038486,0.064652,0.036022,0.020463,0.048991
Negative_F1535,0.079161,0.066277,0.073752,0.064470,0.073016
Negative_F1673,0.064682,0.092652,0.066163,0.044255,0.072638
Negative_F272,0.080112,0.071233,0.079183,0.081601,0.073290
Negative_F1672,0.053540,0.076546,0.052819,0.033158,0.069881
Negative_F2345,0.076954,0.058480,0.059479,0.066535,0.071669
Negative_F947,0.070749,0.085909,0.068903,0.037000,0.098246
Negative_F1019,0.058079,0.079907,0.050813,0.041389,0.066176
Negative_F526,0.090802,0.069090,0.075353,0.076851,0.079613
Negative_F1186,0.044485,0.042711,0.045045,0.034277,0.044230
Negative_F439,0.071406,0.071865,0.053212,0.073523,0.069219
Negative_F360,0.062535,0.073942,0.074480,0.061785,0.062426
Negative_F2021,0.063305,0.067702,0.061208,0.061122,0.071255
Negative_F2334,0.128174,0.109488,0.004005,0.133546,0.107856
Negative_F2158,0.054397,0.053133,0.070319,0.054815,0.066535
Negative_F1088,0.065019,0.076470,0.070057,0.056503,0.056357
Negative_F1080,0.061839,0.076459,0.064147,0.022366,0.064859
Negative_F1005,0.064498,0.092426,0.050131,0.028939,0.082604
Negative_F1159,0.075842,0.089324,0.062212,0.058053,0.082336
Negative_F790,0.080870,0.062243,0.079545,0.079599,0.065988
Negative_F2254,0.065613,0.086019,0.060037,0.064995,0.090525
Negative_F1091,0.073565,0.086088,0.066376,0.055726,0.058042
Negative_F432,0.081636,0.095878,0.059392,0.069320,0.097607
Negative_F1092,0.067063,0.058657,0.060228,0.049313,0.057062
Negative_F703,0.058156,0.080222,0.068408,0.058178,0.050931
Negative_F1149,0.066339,0.051453,0.067177,0.060784,0.071704
Negative_F2153,0.066007,0.069622,0.071767,0.072267,0.063809
Negative_F2395,0.083153,0.074987,0.086123,0.065532,0.083807
Negative_F1181,0.084719,0.126005,0.122229,0.052785,0.021444
Negative_F991,0.041006,0.063965,0.051669,0.042651,0.064481
Negative_F416,0.057138,0.070331,0.037837,0.024602,0.064943
Negative_F2397,0.062151,0.051837,0.056359,0.055372,0.071778
Negative_F1878,0.061188,0.072955,0.050159,0.053701,0.069827
Negative_F381,0.052750,0.060767,0.054794,0.068117,0.060190
Negative_F1332,0.069088,0.093261,0.083482,0.062606,0.040041
Negative_F1533,0.082421,0.070535,0.078956,0.057745,0.079067
Negative_F2370,0.082980,0.071683,0.072968,0.058754,0.065620
Negative_F782,0.068607,0.072284,0.051492,0.047055,0.066658
Negative_F1885,0.100338,0.063850,0.068726,0.066034,0.073400
Negative_F1013,0.046199,0.070468,0.043711,0.033703,0.059652
Negative_F1778,0.060459,0.061679,0.058982,0.056870,0.062426
Negative_F1261,0.068070,0.063324,0.064335,0.076359,0.073608
Negative_F1320,0.052254,0.078888,0.039958,0.025414,0.068905
Negative_F1521,0.077826,0.120917,0.063484,0.024500,0.100544
Negative_F2028,0.053639,0.063495,0.073625,0.069883,0.058444
Negative_F848,0.065678,0.051854,0.052666,0.056747,0.059467
Negative_F629,0.065527,0.077136,0.049027,0.046437,0.077358
Negative_F2181,0.050532,0.065355,0.039158,0.042662,0.067004
Negative_F1122,0.056908,0.042310,0.053543,0.053415,0.058687
Negative_F2096,0.080392,0.053907,0.078010,0.066763,0.064453
Negative_F341,0.062197,0.085612,0.058756,0.052251,0.080742
Negative_F2200,0.115004,0.053153,0.124570,0.079039,0.128087
Negative_F1068,0.086389,0.088087,0.059758,0.077816,0.065975
Negative_F2319,0.040440,0.060553,0.041952,0.028846,0.061354
Negative_F1477,0.061440,0.071681,0.071271,0.070970,0.056304
Negative_F875,0.076425,0.090826,0.070597,0.057624,0.045302
Negative_F1029,0.059465,0.050291,0.058361,0.071891,0.073464
Negative_F2120,0.089869,0.128910,0.060640,0.065201,0.121943
Negative_F1984,0.079641,0.085516,0.077362,0.072662,0.072596
Negative_F380,0.048103,0.054934,0.051381,0.053420,0.071051
Negative_F1335,0.082081,0.079916,0.079341,0.056501,0.056340
Negative_F693,0.027704,0.048734,0.027432,0.018618,0.038526
Negative_F641,0.047212,0.054764,0.049319,0.044876,0.053154
Negative_F1014,0.059480,0.070057,0.055926,0.040345,0.062199
Negative_F1728,0.053498,0.062554,0.046277,0.044948,0.062752
Negative_F1856,0.086045,0.078735,0.081923,0.058922,0.091253
Negative_F946,0.042500,0.058779,0.037184,0.027672,0.052878
Negative_F2187,0.053607,0.043443,0.043596,0.053958,0.036371
Negative_F2023,0.068995,0.086537,0.067563,0.074686,0.055878
Negative_F741,0.081705,0.099068,0.090232,0.063812,0.088550
Negative_F7,0.107587,0.115632,0.049481,0.115118,0.064232
Negative_F1163,0.073879,0.084899,0.081979,0.064567,0.081299
Negative_F2064,0.147054,0.084152,0.147680,0.060965,0.104440
Negative_F38,0.083760,0.081954,0.075833,0.077340,0.080069
Negative_F382,0.082290,0.084829,0.068158,0.067367,0.069729
Negative_F2434,0.057850,0.058710,0.065817,0.061020,0.057608
Negative_F1460,0.068639,0.073699,0.063378,0.070661,0.078682
Negative_F132,0.069108,0.089787,0.058758,0.057378,0.085109
Negative_F2143,0.033279,0.040134,0.041110,0.033229,0.035332
Negative_F2223,0.056077,0.068459,0.056258,0.071679,0.067209
Negative_F2002,0.062204,0.075298,0.080757,0.099895,0.090579
Negative_F1480,0.060496,0.066837,0.066130,0.059696,0.071331
Negative_F1150,0.075617,0.069923,0.056038,0.075538,0.080722
Negative_F1939,0.080532,0.075807,0.081880,0.060001,0.090715
Negative_F387,0.060393,0.085612,0.076947,0.060347,0.040273
Negative_F319,0.084090,0.097114,0.067072,0.070857,0.071605
Negative_F457,0.056633,0.071661,0.053952,0.047633,0.058415
Negative_F839,0.046551,0.047059,0.058458,0.046566,0.051870
Negative_F2280,0.062922,0.079059,0.059984,0.052010,0.071020
Negative_F383,0.055733,0.061140,0.054507,0.060145,0.059646
Negative_F1484,0.071254,0.073818,0.081601,0.070879,0.074756
Negative_F2062,0.053986,0.068214,0.067211,0.052292,0.045553
Negative_F130,0.061259,0.082178,0.067263,0.038303,0.064501
Negative_F1668,0.067967,0.069930,0.056634,0.031318,0.076776
Negative_F2325,0.104182,0.096602,0.067193,0.096585,0.110809
Negative_F146,0.080684,0.087514,0.073185,0.065013,0.086154
Negative_F1924,0.063923,0.080453,0.051425,0.048240,0.071921
Negative_F1812,0.075250,0.077530,0.057753,0.044073,0.093646
Negative_F1621,0.081869,0.091499,0.069465,0.049746,0.081396
Negative_F836,0.050978,0.051704,0.052545,0.045992,0.060469
Negative_F1854,0.071876,0.076783,0.078010,0.057958,0.071544
Negative_F1133,0.050202,0.054364,0.051194,0.054460,0.059974
Negative_F1200,0.085750,0.090122,0.071808,0.046315,0.071715
Negative_F2343,0.067371,0.078297,0.072970,0.065998,0.078284
Negative_F33,0.093087,0.077364,0.079353,0.072398,0.081551
Negative_F1838,0.059040,0.072509,0.064865,0.064364,0.077748
Negative_F546,0.057028,0.071614,0.055444,0.054335,0.077852
Negative_F793,0.071807,0.074068,0.054037,0.060190,0.068026
Negative_F2163,0.097521,0.083695,0.085483,0.087670,0.079759
Negative_F1059,0.064224,0.067447,0.048013,0.053536,0.055087
Negative_F1063,0.060507,0.055614,0.062161,0.063627,0.064641
Negative_F1797,0.043315,0.061764,0.039396,0.029231,0.037570
Negative_F2155,0.054062,0.056142,0.039569,0.027608,0.046271
Negative_F159,0.078107,0.079922,0.052703,0.066564,0.073951
Negative_F44,0.044506,0.062420,0.039367,0.032539,0.050537
Negative_F1008,0.053651,0.071279,0.042712,0.037160,0.070318
Negative_F632,0.049720,0.068550,0.051028,0.025779,0.077547
Negative_F829,0.061229,0.069732,0.058966,0.064858,0.061269
Negative_F1463,0.050983,0.065353,0.053489,0.059301,0.070602
Negative_F1435,0.051773,0.057248,0.053018,0.044182,0.054318
Negative_F2010,0.085522,0.039180,0.096117,0.045230,0.097692
Negative_F1139,0.092842,0.109722,0.092171,0.054039,0.088286
Negative_F1393,0.044801,0.042046,0.054049,0.054258,0.058478
Negative_F208,0.048061,0.065792,0.046390,0.031320,0.057790
Negative_F1447,0.027260,0.032316,0.021928,0.027262,0.027498
Negative_F36,0.086662,0.082824,0.078523,0.063819,0.090905
Negative_F1441,0.062730,0.071266,0.054346,0.054421,0.067068
Negative_F1073,0.051115,0.066268,0.062426,0.057666,0.055126
Negative_F1121,0.071358,0.080431,0.087218,0.061976,0.073758
Negative_F715,0.050630,0.055757,0.036039,0.047467,0.043806
Negative_F2111,0.059847,0.085158,0.055506,0.028735,0.056523
Negative_F1831,0.058329,0.070931,0.063322,0.050418,0.078516
Negative_F376,0.081831,0.105558,0.074482,0.055125,0.087017
Negative_F1874,0.062387,0.076626,0.055097,0.065597,0.078131
Negative_F219,0.059005,0.053436,0.050843,0.057427,0.057258
Negative_F77,0.053328,0.077373,0.040211,0.014741,0.063275
Negative_F9,0.091581,0.094273,0.077141,0.058319,0.075417
Negative_F303,0.063979,0.082116,0.076226,0.076482,0.090409
Negative_F1923,0.059654,0.072684,0.066213,0.061740,0.059465
Negative_F2360,0.054063,0.084277,0.071165,0.067206,0.078047
Negative_F1491,0.076494,0.084493,0.076850,0.067526,0.088450
Negative_F1089,0.074634,0.072352,0.061149,0.077401,0.072590
Negative_F2259,0.050724,0.053080,0.062442,0.071089,0.057585
Negative_F2268,0.056792,0.063391,0.069258,0.056122,0.068598
Negative_F95,0.088947,0.092032,0.055794,0.066246,0.092003
Negative_F619,0.091925,0.102653,0.104405,0.056324,0.036747
Negative_F1730,0.099171,0.061029,0.065211,0.078532,0.086964
Negative_F1860,0.065961,0.062824,0.074883,0.091610,0.068253
Negative_F2166,0.046651,0.055917,0.063399,0.052948,0.053468
Negative_F2386,0.077626,0.087361,0.071715,0.071844,0.080952
Negative_F1937,0.057046,0.067698,0.068765,0.065256,0.070843
Negative_F800,0.064680,0.067885,0.050545,0.065242,0.077234
Negative_F1406,0.061828,0.083141,0.055531,0.055075,0.088428
Negative_F299,0.078401,0.091376,0.084866,0.070840,0.089141
Negative_F1546,0.056547,0.061680,0.061962,0.065848,0.069487
Negative_F1841,0.064397,0.077591,0.060018,0.055511,0.069313
Negative_F2250,0.055226,0.070660,0.037309,0.040300,0.075292
Negative_F537,0.067909,0.078024,0.076507,0.066620,0.096076
Negative_F2069,0.048655,0.080651,0.051379,0.030876,0.069368
Negative_F880,0.074922,0.079229,0.053812,0.063396,0.075937
Negative_F69,0.034272,0.052438,0.029786,0.019696,0.038022
Negative_F2373,0.064346,0.067791,0.064538,0.068410,0.067584
Negative_F302,0.066282,0.085162,0.069276,0.068265,0.091307
Negative_F2322,0.047806,0.051147,0.057264,0.053022,0.058483
Negative_F411,0.068658,0.088371,0.071619,0.036461,0.054335
Negative_F1993,0.083400,0.046579,0.070615,0.055379,0.071841
Negative_F835,0.048331,0.040605,0.047817,0.046473,0.058874
Negative_F280,0.056260,0.088376,0.043533,0.044675,0.089956
Negative_F1334,0.073036,0.068167,0.063989,0.048215,0.058780
Negative_F1354,0.076107,0.072318,0.066017,0.064058,0.088906
Negative_F1478,0.065960,0.070116,0.070426,0.068625,0.062260
Negative_F1541,0.077720,0.079735,0.083882,0.060347,0.066838
Negative_F961,0.049763,0.062162,0.055868,0.053634,0.076705
Negative_F1240,0.054032,0.050190,0.067927,0.060074,0.053265
Negative_F2221,0.058216,0.067057,0.065840,0.072639,0.064509
Negative_F133,0.059425,0.069878,0.051823,0.047262,0.067708
Negative_F1877,0.067001,0.066725,0.073179,0.061582,0.073701
Negative_F1235,0.075029,0.075134,0.061277,0.083491,0.078631
Negative_F614,0.084570,0.110495,0.067769,0.051752,0.081443
Negative_F950,0.062923,0.081551,0.063799,0.043994,0.065093
Negative_F298,0.068599,0.081479,0.065291,0.065922,0.066517
Negative_F425,0.064495,0.084375,0.061979,0.039902,0.064528
Negative_F927,0.067067,0.070182,0.077764,0.096344,0.070927
Negative_F1319,0.078730,0.109556,0.066762,0.066147,0.073581
Negative_F1238,0.061632,0.059702,0.048414,0.062940,0.042506
Negative_F1843,0.064385,0.066844,0.040239,0.065771,0.059860
Negative_F1532,0.078885,0.083750,0.086619,0.060759,0.072353
Negative_F2269,0.065731,0.098468,0.060418,0.030968,0.070599
Negative_F2313,0.078237,0.091716,0.055188,0.063895,0.083825
Negative_F1345,0.073648,0.073369,0.056161,0.046420,0.065136
Negative_F1990,0.047406,0.049205,0.051356,0.039253,0.043116
Negative_F2267,0.074569,0.076165,0.043976,0.068823,0.068504
Negative_F1336,0.077231,0.098102,0.086203,0.042281,0.053748
Negative_F1273,0.083463,0.074713,0.077735,0.061586,0.076465
Negative_F300,0.082141,0.087149,0.073011,0.064206,0.087168
Negative_F1895,0.090765,0.075289,0.080924,0.080943,0.074911
Negative_F1352,0.056492,0.055394,0.055606,0.064424,0.061418
Negative_F2284,0.069488,0.054352,0.069705,0.062542,0.076374
Negative_F2088,0.074355,0.094844,0.083207,0.066134,0.079095
Negative_F983,0.022076,0.040142,0.027954,0.018164,0.035124
Negative_F2335,0.119495,0.064900,0.091830,0.086430,0.080781
Negative_F430,0.081860,0.072162,0.072236,0.055087,0.083326
Negative_F378,0.059711,0.082727,0.038852,0.051365,0.090756
Negative_F2348,0.104851,0.126512,0.077130,0.043505,0.115311
Negative_F687,0.052725,0.077873,0.058652,0.041659,0.050504
Negative_F920,0.064176,0.075841,0.084114,0.082272,0.070144
Negative_F1098,0.068299,0.066166,0.049416,0.061898,0.053959
Negative_F1242,0.057790,0.062687,0.057874,0.047827,0.058697
Negative_F460,0.064356,0.058393,0.059099,0.044001,0.077937
Negative_F1561,0.055508,0.067807,0.066552,0.051570,0.055314
Negative_F484,0.048078,0.062649,0.051013,0.058431,0.056730
Negative_F627,0.058104,0.071799,0.070432,0.056392,0.074318
Negative_F71,0.067309,0.084978,0.054886,0.065207,0.090899
Negative_F48,0.061507,0.084439,0.078485,0.047673,0.067993
Negative_F278,0.065786,0.076136,0.064510,0.067937,0.083553
Negative_F1400,0.065012,0.071626,0.060332,0.038524,0.069168
Negative_F2431,0.079618,0.140093,0.134912,0.061053,0.038636
Negative_F1826,0.067162,0.056304,0.051368,0.074592,0.056302
Negative_F1310,0.060189,0.076754,0.066684,0.059935,0.065332
Negative_F2000,0.085776,0.047169,0.092743,0.073644,0.074342
Negative_F81,0.053858,0.083545,0.052463,0.041010,0.068749
Negative_F2332,0.065856,0.067386,0.061178,0.042505,0.066342
Negative_F293,0.094676,0.124145,0.073979,0.058575,0.113204
Negative_F915,0.048856,0.060004,0.057777,0.051249,0.056383
Negative_F2403,0.044473,0.064190,0.056284,0.040190,0.046338
Negative_F1500,0.042768,0.068651,0.051082,0.057369,0.080837
Negative_F122,0.075772,0.144297,0.137251,0.049992,0.029792
Negative_F787,0.065121,0.068359,0.090455,0.083669,0.069279
Negative_F1343,0.081234,0.104336,0.058656,0.062023,0.095026
Negative_F1948,0.062940,0.056730,0.071369,0.067190,0.064671
Negative_F1284,0.040992,0.043605,0.046617,0.035697,0.046209
Negative_F1214,0.103267,0.070001,0.095630,0.054866,0.111542
Negative_F1851,0.063750,0.058961,0.051458,0.070611,0.048349
Negative_F1556,0.064907,0.085671,0.069371,0.071988,0.073224
Negative_F18,0.059048,0.085695,0.054716,0.056761,0.082766
Negative_F1684,0.059347,0.055945,0.061197,0.046378,0.056849
Negative_F1623,0.064217,0.063316,0.065072,0.058316,0.065942
Negative_F1126,0.058281,0.086437,0.064179,0.055090,0.053429
Negative_F923,0.076825,0.067771,0.079497,0.071886,0.084443
Negative_F1809,0.080029,0.089696,0.059957,0.068638,0.060213
Negative_F1735,0.048184,0.038571,0.020794,0.049161,0.039835
Negative_F2419,0.076535,0.088636,0.066530,0.056028,0.081542
Negative_F327,0.058266,0.087902,0.045450,0.024448,0.073897
Negative_F1123,0.059190,0.043589,0.057807,0.053038,0.058353
Negative_F361,0.100871,0.079663,0.055337,0.104099,0.079463
Negative_F1189,0.038556,0.055754,0.033266,0.031440,0.066177
Negative_F437,0.066918,0.065361,0.049298,0.066101,0.083812
Negative_F1562,0.063710,0.067958,0.069374,0.069974,0.075213
Negative_F1432,0.054098,0.053111,0.053164,0.053043,0.057533
Negative_F2051,0.048645,0.059078,0.055609,0.049618,0.075464
Negative_F434,0.056227,0.092884,0.064751,0.049888,0.077542
Negative_F814,0.079206,0.091596,0.056179,0.058357,0.087608
Negative_F511,0.076320,0.078473,0.060103,0.037493,0.070023
Negative_F418,0.049373,0.064828,0.049609,0.067391,0.068884
Negative_F917,0.057676,0.089720,0.113817,0.113796,0.094028
Negative_F251,0.058946,0.069688,0.076466,0.077930,0.075798
Negative_F1549,0.050239,0.073799,0.058433,0.048787,0.076951
Negative_F1449,0.056301,0.078140,0.043653,0.037750,0.057414
Negative_F1283,0.045500,0.046082,0.051015,0.035624,0.053269
Negative_F1444,0.063493,0.054243,0.063189,0.071327,0.059529
Negative_F623,0.099983,0.065137,0.093842,0.057672,0.102031
Negative_F980,0.073484,0.067773,0.070239,0.044533,0.049553
Negative_F2049,0.056295,0.076052,0.065734,0.051555,0.083248
Negative_F99,0.065962,0.074950,0.050632,0.058591,0.081854
Negative_F2358,0.066145,0.089340,0.080388,0.057357,0.076750
Negative_F188,0.063459,0.069079,0.053628,0.064364,0.079327
Negative_F567,0.082963,0.103350,0.067954,0.060502,0.097869
Negative_F1537,0.064728,0.081177,0.050740,0.055021,0.079255
Negative_F1981,0.065543,0.052548,0.079223,0.056802,0.064797
Negative_F2378,0.068426,0.070094,0.060523,0.056235,0.084541
Negative_F2242,0.084627,0.101413,0.049442,0.061066,0.123739
Negative_F788,0.062503,0.055852,0.067414,0.050165,0.048449
Negative_F1803,0.063383,0.080229,0.046805,0.035937,0.068673
Negative_F591,0.050867,0.054454,0.051107,0.041708,0.053955
Negative_F2114,0.053921,0.077363,0.065256,0.026398,0.059123
Negative_F1081,0.074991,0.068433,0.061674,0.077789,0.040256
Negative_F895,0.063988,0.075553,0.068668,0.066317,0.052747
Negative_F975,0.036724,0.052470,0.048659,0.048319,0.064269
Negative_F1438,0.062231,0.068902,0.047325,0.062567,0.076495
Negative_F1156,0.071483,0.094304,0.057091,0.085211,0.090384
Negative_F120,0.082849,0.068451,0.069466,0.070692,0.059581
Negative_F2013,0.083511,0.063505,0.063948,0.061772,0.056985
Negative_F440,0.062244,0.069862,0.067241,0.062556,0.058577
Negative_F937,0.039988,0.044087,0.059683,0.054530,0.065736
Negative_F1061,0.062193,0.058306,0.058711,0.067505,0.062451
Negative_F2257,0.098970,0.119892,0.069053,0.056548,0.114697
Negative_F2239,0.049278,0.091324,0.084034,0.047450,0.038751
Negative_F1737,0.053805,0.063928,0.053666,0.042665,0.060209
Negative_F1297,0.055517,0.060908,0.046207,0.034974,0.045119
Negative_F1211,0.056256,0.068095,0.058339,0.038076,0.056333
Negative_F1327,0.058801,0.069164,0.058714,0.048343,0.065500
Negative_F1459,0.058338,0.068013,0.071000,0.063944,0.067315
Negative_F861,0.067579,0.094080,0.084826,0.075224,0.082259
Negative_F1615,0.058081,0.067338,0.059707,0.051133,0.067553
Negative_F1102,0.042357,0.042921,0.042471,0.028035,0.037391
Negative_F1107,0.076433,0.079539,0.069943,0.071008,0.071326
Negative_F865,0.080302,0.096483,0.035142,0.064921,0.086018
Negative_F1062,0.076947,0.070197,0.062442,0.074393,0.066105
Negative_F1395,0.048920,0.073282,0.065273,0.046719,0.038455
Negative_F2070,0.060175,0.068850,0.058975,0.064324,0.090726
Negative_F970,0.075778,0.065132,0.092161,0.065639,0.071593
Negative_F2436,0.065272,0.085078,0.063399,0.051946,0.082222
Negative_F943,0.052856,0.042827,0.066624,0.065590,0.064015
Negative_F1973,0.050635,0.086036,0.058043,0.044349,0.070136
Negative_F2380,0.050725,0.104433,0.098462,0.103239,0.098762
Negative_F487,0.039846,0.056756,0.030028,0.032108,0.056131
Negative_F1462,0.069930,0.061998,0.063202,0.068901,0.067171
Negative_F2328,0.075979,0.083407,0.079073,0.076644,0.063234
Negative_F66,0.067818,0.080944,0.052505,0.039664,0.075060
Negative_F135,0.084329,0.042099,0.059260,0.062574,0.046925
Negative_F1004,0.052813,0.078723,0.060686,0.044837,0.058229
Negative_F109,0.075975,0.126602,0.063330,0.054298,0.126625
Negative_F902,0.058330,0.060574,0.052785,0.046962,0.053381
Negative_F1547,0.062598,0.074364,0.078816,0.059313,0.065666
Negative_F1064,0.068153,0.077222,0.066075,0.058164,0.076217
Negative_F716,0.050157,0.041274,0.022369,0.037015,0.038774
Negative_F446,0.082910,0.097249,0.066165,0.080626,0.093245
Negative_F2055,0.057402,0.072749,0.063092,0.059026,0.072449
Negative_F925,0.058656,0.072916,0.054382,0.051704,0.068192
Negative_F456,0.074163,0.058347,0.050392,0.057744,0.063208
Negative_F645,0.071836,0.074824,0.053386,0.058250,0.079606
Negative_F2019,0.049552,0.054798,0.037275,0.045658,0.055775
Negative_F87,0.060470,0.079519,0.059401,0.034314,0.079788
Negative_F1017,0.041871,0.054551,0.037016,0.031061,0.053141
Negative_F2318,0.077794,0.074765,0.086471,0.097779,0.066648
Negative_F498,0.066881,0.068412,0.058496,0.058246,0.063798
Negative_F1481,0.065818,0.077406,0.068931,0.064916,0.076189
Negative_F1165,0.067384,0.073018,0.063406,0.057720,0.056914
Negative_F676,0.050098,0.072428,0.057456,0.024412,0.071451
Negative_F819,0.069575,0.066063,0.068962,0.065957,0.075627
Negative_F966,0.069777,0.067533,0.064860,0.068935,0.059376
Negative_F1236,0.081503,0.095628,0.079281,0.059919,0.072425
Negative_F1989,0.053936,0.062026,0.058505,0.052704,0.046276
Negative_F1620,0.088292,0.086069,0.075470,0.067782,0.094615
Negative_F1330,0.060741,0.066142,0.043127,0.045742,0.070078
Negative_F342,0.057967,0.067106,0.051367,0.027736,0.073620
Negative_F1312,0.043643,0.063547,0.050539,0.050790,0.065184
Negative_F1341,0.031502,0.043538,0.057023,0.063233,0.058460
Negative_F584,0.071290,0.091720,0.055550,0.060032,0.088949
Negative_F1784,0.082964,0.070877,0.075928,0.079852,0.068445
Negative_F774,0.033444,0.035293,0.033642,0.037531,0.044049
Negative_F1944,0.089609,0.093257,0.103820,0.040258,0.101897
Negative_F2180,0.064129,0.062801,0.058563,0.042254,0.058862
Negative_F1942,0.132648,0.065841,0.112983,0.096737,0.112784
Negative_F1767,0.067725,0.068028,0.078764,0.085013,0.054991
Negative_F2188,0.042752,0.058993,0.048271,0.048751,0.074368
Negative_F2128,0.047626,0.054884,0.059734,0.039050,0.050853
Negative_F407,0.071600,0.056307,0.016930,0.069289,0.050676
Negative_F91,0.066214,0.071884,0.061114,0.041657,0.064388
Negative_F2228,0.107230,0.106020,0.095736,0.064415,0.122363
Negative_F1136,0.062979,0.072047,0.062561,0.071471,0.058581
Negative_F2252,0.053230,0.078336,0.074255,0.076792,0.080206
Negative_F203,0.068960,0.065235,0.055953,0.055175,0.065326
Negative_F1950,0.063321,0.070313,0.053949,0.057237,0.069100
Negative_F1756,0.056213,0.062902,0.059213,0.061726,0.056723
Negative_F2393,0.087335,0.126886,0.082749,0.048628,0.063855
Negative_F1483,0.060676,0.067839,0.058915,0.066552,0.073969
Negative_F209,0.050393,0.063569,0.055360,0.054663,0.046972
Negative_F465,0.064230,0.079480,0.061290,0.033914,0.066285
Negative_F1048,0.081167,0.084370,0.094328,0.049547,0.081864
Negative_F2392,0.096108,0.118430,0.089632,0.018271,0.090331
Negative_F1574,0.086393,0.068997,0.077823,0.078191,0.092110
Negative_F745,0.073545,0.095543,0.092137,0.079644,0.111846
Negative_F1853,0.070265,0.078704,0.077865,0.060414,0.069813
Negative_F2441,0.092718,0.091140,0.070965,0.091581,0.067225
Negative_F235,0.068627,0.089250,0.060391,0.084966,0.079118
Negative_F1677,0.076323,0.084093,0.080280,0.069254,0.063134
Negative_F169,0.064357,0.082168,0.085923,0.064243,0.083376
Negative_F1617,0.053547,0.058519,0.055401,0.061746,0.050723
Negative_F2262,0.073280,0.076221,0.080711,0.072468,0.072487
Negative_F2206,0.091978,0.080263,0.047844,0.120152,0.096935
Negative_F1530,0.073513,0.076896,0.081732,0.065756,0.073755
Negative_F1794,0.071435,0.060177,0.078059,0.065686,0.069917
Negative_F1840,0.063369,0.069569,0.057447,0.061792,0.049562
Negative_F1197,0.056860,0.061090,0.062914,0.062851,0.065221
Negative_F1811,0.074754,0.070883,0.046581,0.042610,0.087329
Negative_F1494,0.043786,0.060958,0.037660,0.028122,0.051262
Negative_F52,0.078528,0.077654,0.038356,0.048641,0.089714
Negative_F2276,0.070422,0.074567,0.091361,0.070771,0.069187
Negative_F678,0.051993,0.066371,0.057883,0.041987,0.073044
Negative_F1911,0.066379,0.063775,0.065297,0.069369,0.054340
Negative_F690,0.062966,0.084247,0.061442,0.053513,0.069568
Negative_F399,0.069416,0.075669,0.065338,0.042776,0.069383
Negative_F1908,0.041698,0.063483,0.028438,0.030994,0.052942
Negative_F824,0.080767,0.076748,0.081455,0.061851,0.055959
Negative_F762,0.052256,0.040026,0.054843,0.054367,0.055216
Negative_F2202,0.117135,0.093954,0.093301,0.087602,0.119626
Negative_F1168,0.077202,0.067441,0.069154,0.083825,0.060286
Negative_F355,0.066300,0.088012,0.100769,0.105309,0.089393
Negative_F1918,0.057845,0.064723,0.052470,0.040392,0.064705
Negative_F388,0.064227,0.079288,0.078878,0.096688,0.100228
Negative_F2100,0.054723,0.075192,0.068535,0.069862,0.063755
Negative_F1289,0.071003,0.077734,0.082004,0.075475,0.083481
Negative_F2412,0.079053,0.095578,0.052777,0.067125,0.113272
Negative_F1488,0.060290,0.078837,0.084700,0.079546,0.094136
Negative_F805,0.087284,0.074895,0.074205,0.074678,0.090751
Negative_F458,0.049429,0.051144,0.062388,0.051072,0.059659
Negative_F2109,0.055593,0.066466,0.043346,0.043780,0.060743
Negative_F1863,0.071899,0.066829,0.070783,0.071612,0.069881
Negative_F1457,0.066150,0.063586,0.055152,0.058885,0.060037
Negative_F1525,0.074110,0.080164,0.078392,0.062383,0.076072
Negative_F971,0.086925,0.083764,0.073414,0.081068,0.086761
Negative_F529,0.078840,0.094649,0.063938,0.062125,0.094323
Negative_F717,0.040911,0.058774,0.035909,0.028672,0.053186
Negative_F1543,0.048741,0.057372,0.034415,0.042452,0.045333
Negative_F1067,0.056826,0.050401,0.031940,0.058380,0.046905
Negative_F1513,0.066325,0.062596,0.067862,0.045832,0.063040
Negative_F691,0.078770,0.089272,0.068001,0.063393,0.100462
Negative_F410,0.045228,0.073634,0.052714,0.044082,0.066206
Negative_F2298,0.066739,0.066057,0.030314,0.055315,0.046187
Negative_F2323,0.069738,0.095232,0.060885,0.044574,0.090105
Negative_F1726,0.035915,0.037659,0.048520,0.048763,0.054536
Negative_F1474,0.062222,0.068723,0.071897,0.061496,0.063701
Negative_F766,0.056259,0.058043,0.061752,0.046870,0.068754
Negative_F2082,0.031521,0.044951,0.036900,0.039504,0.040268
Negative_F663,0.074142,0.084953,0.081034,0.054815,0.057695
Negative_F2215,0.073714,0.064520,0.051586,0.106802,0.093846
Negative_F85,0.076893,0.071610,0.071004,0.063854,0.042400
Negative_F962,0.057469,0.064100,0.057880,0.065731,0.065561
Negative_F239,0.057899,0.058486,0.047292,0.066833,0.052463
Negative_F1741,0.078546,0.062702,0.075211,0.055859,0.074727
Negative_F1072,0.047503,0.061145,0.048716,0.053221,0.066238
Negative_F1347,0.062444,0.081757,0.065028,0.036203,0.066110
Negative_F58,0.074586,0.084667,0.064526,0.037659,0.068896
Negative_F843,0.092199,0.124345,0.078146,0.089457,0.078131
Negative_F669,0.068693,0.066977,0.066353,0.057843,0.069703
Negative_F804,0.077655,0.074106,0.077789,0.070395,0.049196
Negative_F2359,0.082639,0.069782,0.100107,0.083564,0.093045
Negative_F1542,0.052890,0.052082,0.055104,0.061051,0.050162
Negative_F1896,0.031165,0.027277,0.036895,0.035856,0.042313
Negative_F1378,0.060525,0.067156,0.066906,0.052844,0.058139
Negative_F1162,0.091603,0.092446,0.032456,0.083718,0.077063
Negative_F2446,0.060852,0.074176,0.051263,0.052604,0.076956
Negative_F1185,0.057134,0.060143,0.074146,0.058829,0.057116
Negative_F1813,0.070571,0.091409,0.055863,0.053316,0.082243
Negative_F753,0.053824,0.057403,0.062726,0.070127,0.067247
Negative_F2275,0.079380,0.078273,0.056950,0.080711,0.069821
Negative_F338,0.083726,0.079357,0.064542,0.059173,0.060038
Negative_F2086,0.070277,0.070815,0.061975,0.064989,0.076691
Negative_F1511,0.054397,0.057215,0.057498,0.062047,0.057641
Negative_F1727,0.058525,0.057712,0.067085,0.074699,0.065350
Negative_F1215,0.035312,0.054468,0.043590,0.036431,0.050608
Negative_F206,0.075685,0.088301,0.061788,0.053931,0.087185
Negative_F55,0.050662,0.065021,0.042013,0.041196,0.063653
Negative_F1119,0.064815,0.062455,0.076859,0.065570,0.068436
Negative_F1174,0.053454,0.075987,0.053956,0.042706,0.058305
Negative_F336,0.055966,0.070785,0.054170,0.045207,0.075032
Negative_F1821,0.080218,0.086078,0.064972,0.056152,0.084613
Negative_F1740,0.062933,0.057576,0.066712,0.066660,0.066610
Negative_F275,0.043406,0.061302,0.041817,0.036099,0.050321
Negative_F1645,0.053972,0.062040,0.050235,0.048809,0.062808
Negative_F2387,0.079689,0.088780,0.076424,0.070244,0.085593
Negative_F1625,0.066114,0.061444,0.049687,0.052795,0.051067
Negative_F1338,0.072140,0.074525,0.060866,0.050327,0.078908
Negative_F606,0.080269,0.105608,0.050350,0.055896,0.096129
Negative_F98,0.073300,0.086253,0.060644,0.060350,0.087687
Negative_F507,0.042971,0.066937,0.050972,0.039779,0.065615
Negative_F1446,0.057503,0.030671,0.050051,0.038812,0.055673
Negative_F1416,0.075468,0.075391,0.055554,0.064768,0.083091
Negative_F2081,0.050488,0.059631,0.063899,0.061405,0.047471
Negative_F372,0.053757,0.076604,0.058078,0.041982,0.076880
Negative_F854,0.055313,0.053438,0.060744,0.054018,0.054131
Negative_F1192,0.063940,0.073194,0.067647,0.063356,0.048436
Negative_F2231,0.031368,0.053564,0.045713,0.043518,0.057677
Negative_F1709,0.051880,0.051224,0.037791,0.040558,0.051323
Negative_F1434,0.051635,0.063955,0.056068,0.059606,0.075342
Negative_F108,0.076522,0.113958,0.073477,0.035837,0.088387
Negative_F1001,0.069397,0.076185,0.062264,0.042300,0.066326
Negative_F2445,0.069152,0.084538,0.060074,0.026565,0.073228
Negative_F2043,0.065510,0.077769,0.069277,0.063182,0.064997
Negative_F1581,0.068872,0.062362,0.068530,0.062140,0.079332
Negative_F1175,0.065341,0.057636,0.059722,0.077953,0.068980
Negative_F1499,0.046800,0.067417,0.053149,0.040293,0.070401
Negative_F1850,0.065697,0.072631,0.056069,0.060673,0.070432
Negative_F1682,0.042551,0.043318,0.057220,0.046231,0.053422
Negative_F748,0.044748,0.042855,0.056928,0.043462,0.054289
Negative_F552,0.075894,0.069258,0.075191,0.073939,0.064539
Negative_F104,0.068500,0.068948,0.086494,0.085955,0.085710
Negative_F2270,0.063282,0.089092,0.057897,0.019663,0.068675
Negative_F1256,0.067088,0.065171,0.063512,0.053461,0.076670
Negative_F791,0.076156,0.088562,0.058532,0.066964,0.084576
Negative_F1407,0.056366,0.058777,0.048519,0.051378,0.055888
Negative_F351,0.055204,0.065833,0.057734,0.069107,0.066538
Negative_F1708,0.073648,0.088875,0.073831,0.078664,0.070906
Negative_F414,0.096114,0.119620,0.108393,0.066966,0.099591
Negative_F921,0.043210,0.051512,0.053743,0.060273,0.059681
Negative_F2293,0.037909,0.055456,0.040053,0.037265,0.045112
Negative_F565,0.098646,0.083670,0.078800,0.100601,0.099855
Negative_F987,0.073818,0.073398,0.067201,0.044026,0.070045
Negative_F1807,0.070327,0.039717,0.058296,0.053171,0.055004
Negative_F1188,0.050203,0.077719,0.051874,0.023043,0.060563
Negative_F1759,0.054183,0.074669,0.052078,0.039974,0.075594
Negative_F1849,0.045776,0.060273,0.029085,0.029770,0.060883
Negative_F2209,0.067273,0.100590,0.089252,0.072081,0.095649
Negative_F1369,0.067572,0.060192,0.060813,0.068215,0.057061
Negative_F1765,0.056522,0.063832,0.051520,0.056998,0.058959
Negative_F1223,0.062862,0.070574,0.059708,0.037327,0.052210
Negative_F1145,0.061371,0.093642,0.078628,0.090553,0.052553
Negative_F1503,0.061243,0.066176,0.066461,0.061177,0.061224
Negative_F1507,0.052653,0.067294,0.062455,0.045396,0.049703
Negative_F2089,0.062502,0.076392,0.061751,0.056338,0.067999
Negative_F1970,0.056436,0.063828,0.089480,0.084874,0.089640
Negative_F210,0.059251,0.079713,0.044691,0.049238,0.081599
Negative_F234,0.058660,0.050568,0.057282,0.064609,0.053551
Negative_F1912,0.045491,0.062260,0.032786,0.038961,0.048175
Negative_F2352,0.045120,0.056372,0.059915,0.050550,0.048174
Negative_F2159,0.057606,0.048832,0.047761,0.067660,0.037796
Negative_F180,0.099475,0.092202,0.076402,0.096848,0.077146
Negative_F22,0.069604,0.065321,0.063516,0.065557,0.066615
Negative_F371,0.035571,0.056697,0.041991,0.038404,0.061249
Negative_F597,0.084994,0.092314,0.063807,0.044722,0.077484
Negative_F1965,0.041861,0.062253,0.062778,0.065211,0.063476
Negative_F1866,0.079100,0.122518,0.064769,0.058756,0.104904
Negative_F5,0.066057,0.075400,0.055018,0.044686,0.077680
Negative_F1820,0.068937,0.084069,0.056623,0.054072,0.078557
Negative_F1936,0.052634,0.064826,0.063349,0.066107,0.069114
Negative_F1461,0.067440,0.064115,0.063240,0.068015,0.066686
Negative_F1472,0.076960,0.071280,0.070681,0.054290,0.070540
Negative_F1191,0.070600,0.062315,0.064543,0.062575,0.080082
Negative_F1702,0.047944,0.040020,0.033135,0.032807,0.046340
Negative_F4,0.070563,0.073966,0.066724,0.068042,0.066184
Negative_F1772,0.054790,0.046598,0.044644,0.040353,0.044241
Negative_F1539,0.073997,0.045284,0.078255,0.049427,0.075089
Negative_F168,0.073497,0.069171,0.052345,0.062143,0.077753
Negative_F1997,0.086498,0.038937,0.078673,0.075621,0.064276
Negative_F24,0.065189,0.048800,0.027290,0.068131,0.044437
Negative_F1663,0.079383,0.078544,0.076776,0.069869,0.092511
Negative_F1858,0.090268,0.072957,0.073115,0.074171,0.085188
Negative_F1230,0.078841,0.087754,0.048904,0.064176,0.085455
Negative_F2353,0.062318,0.067713,0.058504,0.056467,0.059519
Negative_F967,0.072155,0.071545,0.071517,0.062301,0.069285
Negative_F1355,0.055875,0.076345,0.050115,0.039021,0.062180
Negative_F2442,0.077803,0.065407,0.070163,0.090389,0.071308
Negative_F1155,0.080003,0.102807,0.070951,0.056894,0.094476
Negative_F244,0.058440,0.068763,0.041337,0.060572,0.062130
Negative_F483,0.080658,0.081137,0.093786,0.080037,0.068430
Negative_F1158,0.075478,0.098341,0.057172,0.074154,0.092112
Negative_F2217,0.054622,0.047951,0.051478,0.039643,0.052078
Negative_F1408,0.052838,0.061978,0.026059,0.033933,0.065274
Negative_F1823,0.075361,0.081908,0.058678,0.056863,0.082782
Negative_F1271,0.072817,0.069889,0.074280,0.062114,0.078776
Negative_F1828,0.065440,0.072668,0.043211,0.045692,0.076868
Negative_F955,0.059410,0.074364,0.080610,0.080162,0.068879
Negative_F1640,0.063255,0.091369,0.070523,0.040327,0.068846
Negative_F192,0.068980,0.077998,0.070865,0.064298,0.050363
Negative_F1585,0.082299,0.108782,0.055317,0.074687,0.089929
Negative_F2107,0.075330,0.075738,0.073707,0.069882,0.085579
Negative_F673,0.065040,0.090678,0.058002,0.045022,0.048838
Negative_F958,0.061327,0.064960,0.071066,0.067313,0.070749
Negative_F681,0.093628,0.069228,0.086138,0.069703,0.068782
Negative_F2327,0.065388,0.043980,0.056959,0.049905,0.054617
Negative_F2194,0.071490,0.100001,0.084519,0.093918,0.083783
Negative_F489,0.062720,0.068225,0.062669,0.055261,0.063930
Negative_F1411,0.054523,0.078687,0.041604,0.045633,0.083244
Negative_F1734,0.091714,0.081385,0.061028,0.070782,0.120976
Negative_F560,0.088999,0.103822,0.109188,0.054594,0.039939
Negative_F1160,0.072793,0.092817,0.049085,0.073172,0.087196
Negative_F1599,0.047217,0.053645,0.048643,0.047518,0.051520
Negative_F1351,0.079213,0.090524,0.073895,0.073326,0.067165
Negative_F1783,0.067434,0.056476,0.068846,0.068487,0.070232
Negative_F720,0.060855,0.074979,0.070818,0.073068,0.056196
Negative_F379,0.056673,0.051306,0.069838,0.059507,0.056776
Negative_F1816,0.049037,0.054856,0.035642,0.031402,0.055245
Negative_F1322,0.060314,0.078247,0.046274,0.037822,0.060651
Negative_F994,0.072370,0.071665,0.068314,0.050894,0.075116
Negative_F2374,0.068199,0.072074,0.049027,0.062483,0.072406
Negative_F444,0.073466,0.069602,0.051257,0.065556,0.080732
Negative_F960,0.054018,0.062386,0.053283,0.059994,0.067382
Negative_F6,0.074339,0.061812,0.073050,0.084992,0.045956
Negative_F1085,0.074780,0.080152,0.067847,0.071771,0.075927
Negative_F1552,0.079837,0.082127,0.071007,0.066381,0.087981
Negative_F1917,0.061262,0.069743,0.042196,0.051479,0.057085
Negative_F1635,0.050491,0.063082,0.049083,0.061685,0.074217
Negative_F823,0.069766,0.077710,0.077658,0.087727,0.063273
Negative_F1913,0.061957,0.071132,0.051801,0.049029,0.070529
Negative_F1610,0.075925,0.081197,0.062071,0.066238,0.070196
Negative_F1349,0.047648,0.068439,0.049139,0.046166,0.069630
Negative_F696,0.082592,0.071977,0.058020,0.071500,0.059930
Negative_F1845,0.039351,0.057557,0.031180,0.030931,0.038918
Negative_F2199,0.099547,0.123016,0.121896,0.073474,0.098028
Negative_F1976,0.071220,0.102738,0.078878,0.067279,0.052473
Negative_F600,0.081233,0.086389,0.059546,0.061835,0.102768
Negative_F1518,0.057131,0.068096,0.053124,0.065079,0.056142
Negative_F2444,0.070495,0.074021,0.064319,0.087160,0.068405
Negative_F1956,0.065215,0.086628,0.078635,0.059616,0.075553
Negative_F2072,0.056347,0.078522,0.091814,0.095356,0.083714
Negative_F2256,0.065844,0.085562,0.058480,0.067567,0.093628
Negative_F2399,0.072729,0.107878,0.092639,0.069180,0.066838
Negative_F2191,0.076885,0.103605,0.071112,0.077938,0.110263
Negative_F1247,0.081843,0.087574,0.067747,0.054130,0.099605
Negative_F1492,0.068025,0.102271,0.062169,0.055191,0.087160
Negative_F1304,0.081798,0.091906,0.069725,0.057236,0.066762
Negative_F25,0.087710,0.082780,0.088417,0.092345,0.071724
Negative_F2145,0.057994,0.076752,0.072823,0.059512,0.072188
Negative_F2210,0.079576,0.060419,0.095979,0.072055,0.096869
Negative_F705,0.050894,0.058335,0.061108,0.055455,0.058750
Negative_F2415,0.070838,0.060984,0.069184,0.066303,0.040750
Negative_F2118,0.082066,0.072678,0.084603,0.070949,0.064195
Negative_F1143,0.051231,0.055550,0.049352,0.053415,0.055303
Negative_F794,0.069749,0.083416,0.072718,0.069020,0.074726
Negative_F849,0.075546,0.096048,0.064888,0.031478,0.080626
Negative_F1961,0.041502,0.057928,0.048132,0.062114,0.056031
Negative_F114,0.075555,0.076704,0.072333,0.061123,0.056123
Negative_F1047,0.062995,0.067831,0.052311,0.062462,0.068173
Negative_F1193,0.079341,0.077604,0.055275,0.055364,0.086772
Negative_F1946,0.058231,0.059266,0.055735,0.049341,0.048047
Negative_F191,0.067475,0.069085,0.064168,0.072358,0.080443
Negative_F547,0.060387,0.053129,0.050211,0.042576,0.058810
Negative_F1632,0.069498,0.075027,0.058924,0.047134,0.070543
Negative_F482,0.078269,0.095187,0.058681,0.049421,0.077100
Negative_F101,0.066869,0.077982,0.067178,0.052738,0.084539
Negative_F1960,0.037065,0.048456,0.039417,0.038331,0.044316
Negative_F2295,0.073187,0.087829,0.075575,0.087505,0.055751
Negative_F968,0.087116,0.099983,0.064007,0.065913,0.105582
Negative_F625,0.069304,0.069687,0.047558,0.079870,0.070324
Negative_F242,0.070532,0.080109,0.068056,0.084222,0.066500
Negative_F930,0.066137,0.080836,0.067900,0.080554,0.080327
Negative_F879,0.076621,0.073375,0.064408,0.061127,0.069840
Negative_F2234,0.055792,0.060392,0.049329,0.067999,0.083469
Negative_F1681,0.039456,0.043347,0.053575,0.056877,0.060001
Negative_F1670,0.066361,0.084052,0.060406,0.047597,0.081984
Negative_F1894,0.065606,0.066571,0.072576,0.090078,0.070953
Negative_F2006,0.071848,0.077659,0.049661,0.052195,0.075117
Negative_F1371,0.061007,0.076789,0.054716,0.041208,0.071594
Negative_F2169,0.106970,0.104239,0.019378,0.110276,0.109716
Negative_F697,0.087679,0.121185,0.098860,0.063338,0.089763
Negative_F2016,0.067433,0.064633,0.066110,0.057837,0.064203
Negative_F1210,0.058841,0.071734,0.059540,0.040763,0.061645
Negative_F2235,0.054921,0.074485,0.069872,0.051354,0.085368
Negative_F1627,0.077160,0.086323,0.060566,0.072024,0.075749
Negative_F595,0.033163,0.046060,0.023672,0.026791,0.043028
Negative_F2104,0.052606,0.053656,0.062665,0.057407,0.049201
Negative_F1194,0.068866,0.056642,0.074120,0.074551,0.072145
Negative_F1146,0.062796,0.067958,0.058211,0.041415,0.064310
Negative_F1099,0.078155,0.090262,0.058803,0.063752,0.063350
Negative_F2196,0.120120,0.086861,0.093299,0.097575,0.082581
Negative_F463,0.055503,0.062449,0.036921,0.048256,0.055606
Negative_F2112,0.081639,0.078272,0.057031,0.082950,0.061011
Negative_F1572,0.089366,0.072338,0.081884,0.069966,0.097272
Negative_F166,0.041537,0.043811,0.042725,0.041169,0.034649
Negative_F2038,0.112554,0.085084,0.090349,0.060366,0.120359
Negative_F847,0.074041,0.075360,0.059352,0.082101,0.053423
Negative_F1094,0.058367,0.060030,0.057784,0.053128,0.058220
Negative_F1397,0.065415,0.070524,0.048236,0.064198,0.054600
Negative_F2448,0.043804,0.062751,0.028299,0.032398,0.060669
Negative_F1339,0.053417,0.049601,0.066750,0.067601,0.061645
Negative_F1344,0.077679,0.107868,0.055165,0.045823,0.087818
Negative_F685,0.035163,0.037749,0.032098,0.038747,0.032739
Negative_F1716,0.065038,0.090776,0.102614,0.094059,0.066161
Negative_F2340,0.074095,0.078787,0.095465,0.114636,0.110950
Negative_F1366,0.068914,0.096582,0.068609,0.051305,0.083371
Negative_F820,0.074093,0.079181,0.073888,0.082191,0.067337
Negative_F297,0.072886,0.073183,0.053198,0.068726,0.086627
Negative_F2165,0.097965,0.081631,0.077813,0.056822,0.093054
Negative_F1270,0.054098,0.058889,0.068374,0.061499,0.055020
Negative_F639,0.045110,0.074427,0.055769,0.049401,0.061016
Negative_F116,0.098211,0.070172,0.094659,0.117362,0.074733
Negative_F2281,0.082527,0.041872,0.065356,0.074361,0.051882
Negative_F170,0.052108,0.067117,0.055704,0.050450,0.074777
Negative_F2175,0.058370,0.074912,0.086273,0.087734,0.078864
Negative_F421,0.041913,0.044702,0.043792,0.036172,0.030899
Negative_F1348,0.051241,0.057571,0.054390,0.062971,0.065550
Negative_F428,0.046582,0.050732,0.056680,0.060063,0.049022
Negative_F42,0.061545,0.071828,0.060966,0.025451,0.066019
Negative_F471,0.036535,0.048300,0.036344,0.039637,0.034919
Negative_F429,0.052424,0.061242,0.054638,0.049058,0.044247
Negative_F803,0.069878,0.064970,0.059863,0.067243,0.052978
Negative_F811,0.053777,0.048823,0.042058,0.045261,0.034300
Negative_F1675,0.080067,0.064557,0.065997,0.070303,0.064397
Negative_F2174,0.085143,0.084203,0.080404,0.077418,0.097591
Negative_F1603,0.061207,0.068383,0.071592,0.075934,0.067821
Negative_F1043,0.051531,0.064547,0.053159,0.047668,0.043092
Negative_F1611,0.059659,0.055931,0.041302,0.060957,0.069844
Negative_F2,0.070789,0.062699,0.063674,0.062145,0.075544
Negative_F1622,0.066106,0.062707,0.061503,0.069684,0.063735
Negative_F1308,0.052562,0.063852,0.057784,0.053363,0.070057
Negative_F459,0.066424,0.073229,0.057499,0.072851,0.072799
Negative_F2423,0.062560,0.066064,0.051397,0.057941,0.071586
Negative_F860,0.061146,0.068943,0.062373,0.077657,0.060437
Negative_F1458,0.064123,0.068855,0.071453,0.071411,0.071393
Negative_F1769,0.110872,0.113070,0.072259,0.027411,0.122404
Negative_F333,0.073459,0.065021,0.073659,0.063383,0.078241
Negative_F254,0.067185,0.086397,0.074179,0.074789,0.094863
Negative_F286,0.046988,0.060800,0.068934,0.061796,0.064273
Negative_F1445,0.062987,0.086478,0.055084,0.046810,0.082907
Negative_F1417,0.098830,0.080385,0.071328,0.063484,0.084290
Negative_F2124,0.064489,0.068960,0.076137,0.073041,0.060831
Negative_F1683,0.052610,0.069585,0.066656,0.054243,0.052937
Negative_F2156,0.041295,0.058157,0.050022,0.045363,0.060807
Negative_F1685,0.066065,0.072951,0.073613,0.059295,0.058528
Negative_F1980,0.058686,0.053858,0.071865,0.050105,0.058899
Negative_F1103,0.065171,0.072970,0.079558,0.084772,0.059127
Negative_F287,0.080597,0.056349,0.080714,0.067960,0.060727
Negative_F1190,0.066238,0.063676,0.074494,0.079058,0.053183
Negative_F549,0.071429,0.074594,0.056539,0.053239,0.069744
Negative_F2435,0.066912,0.079046,0.053476,0.060797,0.074443
Negative_F838,0.060038,0.059308,0.053183,0.053118,0.047044
Negative_F144,0.071207,0.074372,0.094023,0.087504,0.086139
Negative_F1943,0.128104,0.060512,0.098571,0.070918,0.125450
Negative_F1201,0.062696,0.079075,0.057886,0.034448,0.065626
Negative_F2227,0.071778,0.098619,0.072830,0.061913,0.087053
Negative_F1747,0.080069,0.086896,0.083107,0.063226,0.064083
Negative_F245,0.057687,0.034238,0.058774,0.044556,0.069380
Negative_F2007,0.059313,0.072505,0.040038,0.042158,0.068715
Negative_F1935,0.073870,0.090081,0.043197,0.054988,0.081114
Negative_F604,0.062616,0.082468,0.068078,0.055731,0.060807
Negative_F642,0.038757,0.064390,0.034136,0.023664,0.048995
Negative_F1418,0.067639,0.061195,0.072921,0.071237,0.066902
Negative_F384,0.057600,0.078832,0.049653,0.043631,0.064485
Negative_F518,0.059828,0.073635,0.064322,0.050170,0.081056
Negative_F1800,0.051511,0.068782,0.047852,0.051103,0.062379
Negative_F1898,0.078997,0.102747,0.091239,0.032424,0.067605
Negative_F1852,0.068296,0.069484,0.066961,0.068567,0.057074
Negative_F999,0.043200,0.065226,0.056741,0.048137,0.060183
Negative_F2024,0.063910,0.077365,0.054113,0.052026,0.068507
Negative_F1012,0.057931,0.077176,0.055728,0.037816,0.063995
Negative_F50,0.043350,0.048645,0.045762,0.041114,0.050260
Negative_F818,0.053155,0.062038,0.046053,0.057927,0.058244
Negative_F557,0.085590,0.127888,0.070594,0.030932,0.091847
Negative_F198,0.041116,0.060439,0.038066,0.028130,0.048588
Negative_F2249,0.048455,0.070433,0.039099,0.037811,0.073587
Negative_F721,0.067553,0.076945,0.061535,0.065132,0.048675
Negative_F864,0.077444,0.092823,0.071252,0.062884,0.097541
Negative_F2236,0.068392,0.074156,0.059120,0.051250,0.081046
Negative_F813,0.051838,0.041958,0.055786,0.031642,0.047408
Negative_F990,0.051011,0.072163,0.056245,0.036106,0.074680
Negative_F1324,0.078144,0.091587,0.074848,0.088436,0.076999
Negative_F815,0.087253,0.123960,0.075913,0.069520,0.100568
Negative_F365,0.041791,0.067313,0.057175,0.046749,0.064831
Negative_F1382,0.071442,0.100019,0.069782,0.039753,0.105639
Negative_F1055,0.062382,0.086072,0.078918,0.053223,0.069834
Negative_F648,0.065709,0.058710,0.056339,0.060205,0.073548
Negative_F1111,0.060869,0.084506,0.046229,0.040965,0.059916
Negative_F2422,0.082930,0.071788,0.078372,0.073179,0.067342
Negative_F246,0.062952,0.039438,0.054322,0.046892,0.075892
Negative_F264,0.069411,0.075447,0.059869,0.056967,0.074557
Negative_F660,0.064315,0.063557,0.068045,0.059378,0.071397
Negative_F603,0.064081,0.072037,0.061806,0.089050,0.080507
Negative_F1356,0.058107,0.077063,0.045202,0.042097,0.059677
Negative_F119,0.068270,0.102032,0.095316,0.086425,0.084242
Negative_F1264,0.064131,0.071798,0.066334,0.058389,0.069358
Negative_F1844,0.053649,0.060683,0.045828,0.066372,0.062855
Negative_F1512,0.064301,0.057232,0.062074,0.054739,0.059986
Negative_F1732,0.074713,0.100157,0.071677,0.057911,0.079358
Negative_F1451,0.069787,0.083746,0.067097,0.062859,0.089035
Negative_F1774,0.067225,0.065593,0.059096,0.068627,0.067171
Negative_F204,0.053890,0.061561,0.046176,0.052028,0.062544
Negative_F1819,0.066746,0.061354,0.063342,0.077591,0.065152
Negative_F783,0.081452,0.077881,0.062716,0.077214,0.096650
Negative_F934,0.098370,0.073079,0.038715,0.079918,0.068780
Negative_F1674,0.077173,0.071758,0.056280,0.048604,0.079753
Negative_F2398,0.064659,0.058553,0.048820,0.054080,0.058687
Negative_F680,0.055760,0.070090,0.054570,0.051173,0.066115
Negative_F499,0.065733,0.057162,0.060707,0.058839,0.059383
Negative_F1291,0.053511,0.066012,0.061798,0.043162,0.061648
Negative_F1220,0.059447,0.094456,0.064581,0.036152,0.074167
Negative_F554,0.065128,0.086689,0.078025,0.071068,0.073901
Negative_F1745,0.069007,0.081425,0.047448,0.089505,0.076742
Negative_F2226,0.078437,0.112958,0.064554,0.054421,0.112591
Negative_F608,0.075320,0.098278,0.063226,0.047461,0.091332
Negative_F2079,0.053817,0.073705,0.073573,0.064795,0.072147
Negative_F447,0.068340,0.059074,0.062635,0.063363,0.048427
Negative_F1097,0.066486,0.053916,0.065081,0.056778,0.062829
Negative_F940,0.067938,0.046706,0.055458,0.056751,0.053039
Negative_F1443,0.054214,0.076974,0.060091,0.063561,0.072827
Negative_F1754,0.067719,0.069111,0.058457,0.039627,0.068317
Negative_F1548,0.065851,0.056676,0.061582,0.059115,0.059929
Negative_F1693,0.069700,0.075340,0.071451,0.068005,0.073304
Negative_F1509,0.074708,0.059671,0.067553,0.066307,0.071855
Negative_F2341,0.069642,0.075934,0.070190,0.096260,0.099233
Negative_F1520,0.062585,0.098127,0.068824,0.041290,0.061997
Negative_F2123,0.064280,0.064936,0.077736,0.066223,0.054586
Negative_F1569,0.071240,0.067982,0.071286,0.062180,0.071874
Negative_F1872,0.051893,0.061181,0.069750,0.072579,0.058676
Negative_F394,0.081021,0.103654,0.082421,0.050619,0.085434
Negative_F732,0.052168,0.051821,0.073703,0.049029,0.052513
Negative_F1567,0.047798,0.048621,0.043497,0.040247,0.040175
Negative_F1781,0.072283,0.071451,0.070278,0.049576,0.069329
Negative_F1534,0.072315,0.058357,0.074653,0.060364,0.077201
Negative_F2455,0.058884,0.060335,0.052311,0.049621,0.063276
Negative_F2150,0.035701,0.048807,0.050661,0.046320,0.039547
Negative_F2361,0.071510,0.062431,0.072652,0.074838,0.073190
Negative_F176,0.063131,0.064214,0.054349,0.065968,0.070765
Negative_F733,0.043728,0.045861,0.054973,0.056663,0.056284
Negative_F1928,0.128017,0.077942,0.100491,0.078581,0.115351
Negative_F2449,0.044633,0.054899,0.031340,0.027209,0.057646
Negative_F1597,0.065093,0.059567,0.058054,0.050521,0.062496
Negative_F1377,0.091750,0.056178,0.077555,0.055938,0.076774
Negative_F111,0.061451,0.060631,0.067182,0.055767,0.070889
Negative_F949,0.058097,0.077794,0.051810,0.055791,0.067283
Negative_F392,0.076156,0.105860,0.063082,0.051111,0.092607
Negative_F655,0.061298,0.060306,0.056434,0.058892,0.063590
Negative_F699,0.053218,0.062604,0.065947,0.047397,0.056849
Negative_F2364,0.067321,0.091092,0.082259,0.077391,0.085644
Negative_F1368,0.053576,0.074201,0.050280,0.021617,0.070681
Negative_F480,0.052218,0.086489,0.052413,0.037457,0.067724
Negative_F2248,0.082635,0.099736,0.072883,0.072213,0.092311
Negative_F1033,0.077998,0.076724,0.092847,0.053473,0.086475
Negative_F1618,0.077355,0.063990,0.050738,0.057345,0.070223
Negative_F353,0.071041,0.080787,0.066040,0.060023,0.070370
Negative_F911,0.085453,0.062574,0.064761,0.094248,0.053698
Negative_F1450,0.067571,0.079920,0.066501,0.038359,0.069873
Negative_F2424,0.050485,0.037174,0.033904,0.031901,0.049520
Negative_F536,0.066614,0.079887,0.064259,0.087597,0.105470
Negative_F2417,0.049515,0.071878,0.058794,0.041487,0.060041
Negative_F520,0.060413,0.073954,0.064056,0.034768,0.064334
Negative_F2324,0.070493,0.109416,0.080949,0.055274,0.083872
Negative_F1938,0.067581,0.056423,0.063877,0.078151,0.051170
Negative_F617,0.051817,0.066142,0.037933,0.035245,0.064974
Negative_F2060,0.084050,0.086397,0.062290,0.066914,0.087385
Negative_F594,0.049335,0.067278,0.052968,0.032779,0.064972
Negative_F282,0.074508,0.067814,0.070631,0.083181,0.065837
Negative_F1422,0.040072,0.068255,0.056414,0.052259,0.057807
Negative_F1272,0.091308,0.063210,0.086970,0.076760,0.071019
Negative_F1808,0.064290,0.068692,0.057854,0.060688,0.055665
Negative_F1795,0.056644,0.072302,0.041373,0.054329,0.084790
Negative_F187,0.082701,0.069553,0.074351,0.057241,0.089555
Negative_F288,0.072562,0.063884,0.074635,0.078272,0.061222
Negative_F257,0.063226,0.090369,0.073826,0.074482,0.096836
Negative_F909,0.046510,0.056686,0.040663,0.040464,0.053312
Negative_F2301,0.102473,0.099451,0.073682,0.101601,0.102861
Negative_F541,0.059510,0.059917,0.053720,0.052457,0.068952
Negative_F2391,0.080517,0.083476,0.063922,0.067120,0.087451
Negative_F1086,0.068435,0.064595,0.068787,0.068279,0.058276
Negative_F2041,0.078019,0.090475,0.073783,0.062192,0.095444
Negative_F918,0.071427,0.087198,0.091905,0.084966,0.067842
Negative_F2095,0.075304,0.075574,0.068964,0.075756,0.083024
Negative_F684,0.073427,0.074554,0.061472,0.050095,0.060776
Negative_F997,0.057257,0.063313,0.040196,0.043404,0.053691
Negative_F1830,0.067204,0.079900,0.046801,0.041750,0.082067
Negative_F2117,0.095179,0.036229,0.101751,0.047597,0.114512
Negative_F1176,0.062862,0.056230,0.056771,0.070077,0.069831
Negative_F1814,0.059766,0.063359,0.052845,0.047442,0.077440
Negative_F951,0.066380,0.083354,0.060716,0.055102,0.065965
Negative_F2304,0.060076,0.070003,0.056762,0.067001,0.072909
Negative_F2220,0.062109,0.073376,0.055485,0.026680,0.065923
Negative_F513,0.072504,0.076143,0.071922,0.045559,0.067053
Negative_F2005,0.070059,0.067607,0.060840,0.063109,0.060444
Negative_F316,0.075323,0.077209,0.073217,0.068679,0.062321
Negative_F2146,0.052481,0.071916,0.058133,0.065622,0.083058
Negative_F2305,0.101194,0.050854,0.078289,0.073105,0.073139
Negative_F1361,0.047578,0.074224,0.070371,0.073980,0.084667
Negative_F870,0.076179,0.092762,0.071404,0.072328,0.075790
Negative_F706,0.058791,0.049602,0.044101,0.057672,0.047630
Negative_F577,0.064283,0.082941,0.078647,0.077923,0.080363
Negative_F1410,0.045283,0.063566,0.035972,0.037483,0.052491
Negative_F2164,0.066668,0.068249,0.061888,0.058452,0.081043
Negative_F2400,0.076847,0.041200,0.077765,0.037885,0.072903
Negative_F2001,0.078663,0.075021,0.063678,0.072767,0.078056
Negative_F735,0.068303,0.066136,0.066822,0.056347,0.075652
Negative_F1035,0.063120,0.077233,0.076217,0.063918,0.069726
Negative_F779,0.045328,0.040151,0.051541,0.042363,0.051745
Negative_F763,0.048167,0.042687,0.055544,0.044887,0.055905
Negative_F13,0.061243,0.088297,0.049347,0.050356,0.083695
Negative_F453,0.045123,0.059556,0.066572,0.049170,0.065850
Negative_F147,0.060928,0.055342,0.070921,0.069143,0.068740
Negative_F1592,0.059076,0.086524,0.051292,0.047696,0.055010
Negative_F1971,0.050848,0.060851,0.077613,0.076179,0.057471
Negative_F773,0.052742,0.051788,0.058304,0.049284,0.052419
Negative_F1476,0.067823,0.073198,0.063888,0.071432,0.071770
Negative_F1383,0.057336,0.065928,0.055955,0.068869,0.070151
Negative_F1482,0.062509,0.065884,0.067021,0.066098,0.072819
Negative_F1671,0.055612,0.086418,0.056580,0.032805,0.074502
Negative_F148,0.062335,0.057904,0.058908,0.054415,0.060647
Negative_F2264,0.064234,0.063916,0.077189,0.064761,0.076299
Negative_F1704,0.078151,0.117007,0.088706,0.062486,0.067733
Negative_F404,0.066255,0.065413,0.047300,0.057689,0.056965
Negative_F1301,0.046677,0.086226,0.106002,0.127466,0.090219
Negative_F1076,0.064058,0.080692,0.061522,0.047789,0.071733
Negative_F2439,0.070266,0.067703,0.064238,0.065265,0.058404
Negative_F1742,0.080394,0.075286,0.072429,0.055503,0.073752
Negative_F1105,0.069572,0.086237,0.065911,0.052083,0.071488
Negative_F1608,0.086624,0.114323,0.089049,0.075135,0.076398
Negative_F398,0.061801,0.068989,0.051413,0.040255,0.062081
Negative_F2014,0.093464,0.087119,0.052665,0.084810,0.085983
Negative_F519,0.060809,0.077887,0.057037,0.050732,0.072828
Negative_F1127,0.061197,0.054120,0.053021,0.043603,0.053853
Negative_F1793,0.073807,0.053303,0.070664,0.061133,0.089558
Negative_F2326,0.097567,0.106743,0.084893,0.071579,0.110787
Negative_F308,0.051304,0.069219,0.067470,0.061916,0.081990
Negative_F647,0.063723,0.068581,0.061189,0.063886,0.078514
Negative_F656,0.069981,0.059478,0.061365,0.052915,0.071261
Negative_F1396,0.048201,0.053449,0.062603,0.057915,0.065572
Negative_F2356,0.059693,0.042140,0.049492,0.028428,0.054316
Negative_F1398,0.055522,0.057491,0.052296,0.041847,0.046845
Negative_F1423,0.061018,0.063837,0.074894,0.061622,0.052107
Negative_F892,0.062908,0.072008,0.052535,0.044839,0.055632
Negative_F160,0.071899,0.070173,0.063272,0.061902,0.066348
Negative_F46,0.061280,0.077635,0.067555,0.041527,0.060019
Negative_F2330,0.072019,0.062006,0.064487,0.066642,0.060415
Negative_F1824,0.072634,0.081463,0.078172,0.065160,0.090992
Negative_F79,0.043704,0.068239,0.035168,0.019325,0.049981
Negative_F1940,0.094332,0.086280,0.105897,0.088972,0.046290
Negative_F2052,0.075293,0.104572,0.063539,0.071185,0.091232
Negative_F1501,0.042723,0.050273,0.043613,0.039836,0.045377
Negative_F913,0.094251,0.067220,0.049806,0.065236,0.059450
Negative_F1006,0.049763,0.068901,0.049881,0.033104,0.070225
Negative_F277,0.080320,0.088112,0.052561,0.064008,0.086168
Negative_F2138,0.068230,0.083876,0.060411,0.067967,0.067672
Negative_F1589,0.049753,0.087992,0.071812,0.056659,0.072608
Negative_F1899,0.051412,0.066584,0.055676,0.038757,0.049571
Negative_F2093,0.086727,0.079632,0.064002,0.057387,0.089558
Negative_F671,0.040246,0.069237,0.041947,0.030064,0.059398
Negative_F253,0.066901,0.087559,0.075380,0.077050,0.095249
Negative_F1676,0.067348,0.066876,0.063763,0.055719,0.074319
Negative_F1806,0.071188,0.061516,0.055954,0.071728,0.064296
Negative_F54,0.056036,0.080327,0.050612,0.028528,0.075186
Negative_F1967,0.062018,0.068129,0.071289,0.064649,0.071232
Negative_F156,0.048025,0.040817,0.060631,0.064666,0.060536
Negative_F2144,0.058920,0.077114,0.063636,0.055686,0.071414
Negative_F1452,0.052826,0.065062,0.047907,0.030741,0.061130
Negative_F2454,0.074485,0.079745,0.060168,0.026747,0.077675
Negative_F476,0.047718,0.064267,0.055280,0.043438,0.068817
Negative_F1046,0.075212,0.083988,0.059743,0.035662,0.069441
Negative_F1316,0.070211,0.063830,0.049635,0.058466,0.051062
Negative_F445,0.062887,0.082108,0.045401,0.041230,0.071109
Negative_F2029,0.071385,0.068888,0.075537,0.080440,0.053351
Negative_F1506,0.091658,0.085347,0.074868,0.077358,0.105457
Negative_F1198,0.055540,0.049858,0.059668,0.061441,0.064012
Negative_F2031,0.066393,0.085247,0.084343,0.069558,0.058979
Negative_F533,0.090879,0.064235,0.078480,0.069692,0.077342
Negative_F2099,0.074830,0.074287,0.071409,0.066457,0.073780
Negative_F89,0.067720,0.065106,0.060396,0.040577,0.059281
Negative_F2065,0.087213,0.079468,0.082261,0.083046,0.086389
Negative_F1282,0.046320,0.044361,0.052750,0.045811,0.051504
Negative_F185,0.078618,0.078988,0.074271,0.083410,0.070216
Negative_F545,0.061024,0.076240,0.059409,0.051926,0.079540
Negative_F1141,0.062888,0.070685,0.051166,0.071179,0.070424
Negative_F1714,0.073280,0.067235,0.073347,0.069713,0.079603
Negative_F532,0.098274,0.075606,0.078556,0.070341,0.080892
Negative_F742,0.093749,0.100192,0.074048,0.059529,0.086467
Negative_F2271,0.049141,0.067465,0.052753,0.048033,0.075806
Negative_F486,0.040907,0.065468,0.052985,0.052374,0.059555
Negative_F37,0.081378,0.083962,0.083441,0.083559,0.068949
Negative_F346,0.076755,0.081672,0.083812,0.120254,0.088415
Negative_F1376,0.039597,0.039669,0.040915,0.028024,0.032216
Negative_F433,0.065976,0.082806,0.062813,0.045399,0.074406
Negative_F435,0.058459,0.084075,0.050244,0.043630,0.067139
Negative_F1544,0.040222,0.069696,0.060889,0.058456,0.063901
Negative_F1034,0.049709,0.069541,0.069577,0.064368,0.060685
Negative_F100,0.071045,0.095715,0.066811,0.067836,0.078274
Negative_F402,0.087226,0.111532,0.025771,0.056697,0.117210
Negative_F2071,0.069342,0.086036,0.058569,0.056782,0.075981
Negative_F161,0.065257,0.072254,0.064393,0.070079,0.073873
Negative_F1686,0.063140,0.067833,0.075817,0.076814,0.056889
Negative_F2309,0.069275,0.089514,0.061939,0.079275,0.090879
Negative_F564,0.047874,0.048582,0.060236,0.054042,0.050522
Negative_F466,0.057765,0.076054,0.058586,0.064899,0.072752
Negative_F891,0.079038,0.080397,0.067238,0.056576,0.071015
Negative_F354,0.070334,0.081570,0.077685,0.065829,0.063637
Negative_F2294,0.065095,0.072429,0.065780,0.066109,0.058805
Negative_F265,0.079499,0.092454,0.094901,0.058274,0.082466
Negative_F1002,0.065247,0.077390,0.058609,0.045709,0.066924
Negative_F145,0.073589,0.063732,0.079664,0.080427,0.058146
Negative_F2443,0.080759,0.071622,0.083558,0.087926,0.073971
Negative_F390,0.088602,0.099280,0.049655,0.072256,0.103796
Negative_F1554,0.077671,0.096899,0.067835,0.044922,0.076521
Negative_F2286,0.051922,0.067287,0.040048,0.042867,0.056105
Negative_F688,0.064346,0.070375,0.060973,0.054404,0.062196
Negative_F1919,0.057516,0.065819,0.064158,0.041270,0.067648
Negative_F2077,0.041346,0.074048,0.066057,0.067591,0.063028
Negative_F1147,0.068306,0.076456,0.073119,0.052484,0.074914
Negative_F164,0.066952,0.055279,0.070271,0.064918,0.075891
Negative_F2177,0.062969,0.063211,0.067251,0.055203,0.061947
Negative_F2450,0.051566,0.075156,0.036216,0.040036,0.062654
Negative_F816,0.085023,0.079200,0.074958,0.072156,0.090172
Negative_F2367,0.062670,0.065686,0.060795,0.058904,0.065744
Negative_F1342,0.047719,0.069039,0.048343,0.027940,0.070503
Negative_F236,0.069376,0.081760,0.060047,0.080405,0.066744
Negative_F1442,0.062947,0.052303,0.065175,0.052045,0.054751
Negative_F82,0.043026,0.068175,0.054833,0.023787,0.046124
Negative_F1060,0.093162,0.090608,0.101476,0.061069,0.069534
Negative_F2390,0.065637,0.059701,0.062882,0.072609,0.074948
Negative_F2207,0.071417,0.068441,0.097624,0.097153,0.119926
Negative_F283,0.059488,0.061512,0.059148,0.073047,0.072224
Negative_F855,0.057880,0.052298,0.055771,0.053779,0.044876
Negative_F218,0.093921,0.084380,0.097485,0.029146,0.084958
Negative_F807,0.067706,0.062256,0.039145,0.056397,0.055601
Negative_F602,0.073739,0.100192,0.067701,0.077751,0.105700
Negative_F1977,0.074561,0.102149,0.081690,0.071344,0.077739
Negative_F1275,0.061577,0.076720,0.058158,0.067699,0.091642
Negative_F1528,0.070254,0.079153,0.079477,0.064946,0.064582
Negative_F474,0.050480,0.081131,0.049539,0.044832,0.074037
Negative_F1239,0.069672,0.074903,0.087116,0.081488,0.086392
Negative_F610,0.091468,0.085916,0.085593,0.049400,0.063971
Negative_F1497,0.069780,0.073755,0.067770,0.042035,0.072876
Negative_F450,0.068797,0.068580,0.060839,0.057667,0.066566
Negative_F134,0.076888,0.037118,0.058925,0.056899,0.044595
Negative_F2279,0.079255,0.097150,0.100164,0.054166,0.081832
Negative_F413,0.090598,0.086172,0.101901,0.064739,0.097237
Negative_F945,0.059707,0.073079,0.051288,0.034054,0.060799
Negative_F2344,0.069497,0.066248,0.068146,0.057233,0.067297
Negative_F2407,0.068842,0.077050,0.055357,0.044043,0.077792
Negative_F1662,0.089057,0.081136,0.076675,0.068101,0.060886
Negative_F1629,0.080340,0.093012,0.070433,0.029873,0.057740
Negative_F1766,0.087403,0.090376,0.059874,0.062768,0.088801
Negative_F1760,0.064342,0.072335,0.049477,0.056420,0.080402
Negative_F1749,0.085285,0.077196,0.071437,0.063073,0.092863
Negative_F190,0.075797,0.098935,0.065695,0.064352,0.068057
Negative_F2003,0.084053,0.118906,0.060027,0.060943,0.102655
Negative_F438,0.109597,0.095790,0.057217,0.073821,0.113689
Negative_F93,0.084456,0.081911,0.053249,0.067575,0.083784
Negative_F19,0.061222,0.092832,0.060441,0.038192,0.075570
Negative_F1634,0.064239,0.074861,0.057041,0.042323,0.064635
Negative_F607,0.094526,0.073571,0.076161,0.039174,0.075254
Negative_F217,0.070659,0.069837,0.067534,0.060748,0.043432
Negative_F1910,0.039370,0.029706,0.036113,0.028048,0.031183
Negative_F1639,0.049904,0.078032,0.049947,0.012523,0.055403
Negative_F1415,0.056066,0.061612,0.059629,0.055653,0.049891
Negative_F2274,0.069803,0.068676,0.073327,0.079935,0.070396
Negative_F1321,0.053789,0.072482,0.045109,0.035901,0.065957
Negative_F328,0.046872,0.064972,0.040864,0.022810,0.046622
Negative_F1697,0.073646,0.068409,0.056198,0.068141,0.066427
Negative_F211,0.063706,0.066242,0.050033,0.043016,0.073807
Negative_F1385,0.064191,0.072981,0.062003,0.065495,0.070276
Negative_F1786,0.076556,0.068424,0.056660,0.045390,0.081144
Negative_F2311,0.045981,0.068497,0.048099,0.042344,0.065842
Negative_F2012,0.072854,0.065057,0.055524,0.068549,0.046840
Negative_F570,0.066853,0.071388,0.084363,0.067554,0.074607
Negative_F1412,0.090436,0.088259,0.063397,0.074287,0.092099
Negative_F1914,0.060768,0.065470,0.058686,0.073146,0.058472
Negative_F1026,0.089845,0.109286,0.058015,0.071807,0.086122
Negative_F1587,0.058283,0.095343,0.058335,0.047801,0.072131
Negative_F1626,0.074285,0.075208,0.081539,0.062578,0.066149
Negative_F530,0.090454,0.107074,0.075867,0.065246,0.103991
Negative_F2388,0.079605,0.091146,0.073084,0.070703,0.085066
Negative_F2413,0.075381,0.104357,0.054630,0.051347,0.087535
Negative_F343,0.067568,0.066802,0.061383,0.069443,0.066030
Negative_F1927,0.060659,0.057784,0.060374,0.053060,0.057951
Negative_F1402,0.061136,0.073756,0.057103,0.028573,0.067491
Negative_F871,0.061897,0.076082,0.067543,0.063552,0.067407
Negative_F1113,0.057557,0.056739,0.061748,0.052420,0.048084
Negative_F1897,0.047588,0.043882,0.044625,0.048295,0.040155
Negative_F1353,0.088424,0.092076,0.082203,0.091802,0.088898
Negative_F776,0.046640,0.048968,0.055457,0.060197,0.047077
Negative_F2437,0.081573,0.076487,0.070102,0.064728,0.091750
Negative_F2409,0.054905,0.057524,0.047392,0.043477,0.053182
Negative_F1631,0.086878,0.051039,0.074797,0.069132,0.048346
Negative_F1384,0.063641,0.104179,0.067705,0.042242,0.085615
Negative_F914,0.037873,0.052531,0.048578,0.044180,0.061574
Negative_F2338,0.108428,0.089992,0.079497,0.163231,0.074136
Negative_F2355,0.089220,0.105379,0.065812,0.053144,0.109817
Negative_F1364,0.038531,0.055324,0.090675,0.098801,0.122453
Negative_F2176,0.083807,0.064945,0.071979,0.078503,0.067932
Negative_F747,0.040310,0.037466,0.039664,0.040746,0.033937
Negative_F1982,0.057297,0.077766,0.072584,0.061664,0.051950
Negative_F307,0.086055,0.083683,0.080565,0.054876,0.073531
Negative_F713,0.063870,0.072757,0.044768,0.044997,0.073473
Negative_F1367,0.050570,0.085821,0.050055,0.032332,0.071132
Negative_F1096,0.065935,0.067272,0.066651,0.061791,0.076689
Negative_F276,0.082341,0.087060,0.058789,0.067627,0.085788
Negative_F2426,0.065172,0.072686,0.063890,0.050134,0.059052
Negative_F83,0.064763,0.075181,0.059856,0.038106,0.069333
Negative_F1550,0.054956,0.045362,0.065780,0.051360,0.063925
Negative_F1952,0.068038,0.057100,0.071541,0.063605,0.066461
Negative_F207,0.070570,0.078445,0.053283,0.060361,0.067927
Negative_F1372,0.056432,0.070657,0.051693,0.036178,0.069674
Negative_F1802,0.066197,0.069516,0.063468,0.045400,0.074600
Negative_F935,0.050644,0.057990,0.029548,0.027761,0.060205
Negative_F491,0.077231,0.086931,0.053696,0.054023,0.083821
Negative_F802,0.065198,0.053735,0.055048,0.056809,0.068769
Negative_F2379,0.047745,0.040282,0.039719,0.028471,0.029265
Negative_F574,0.077583,0.073383,0.072165,0.090413,0.067366
Negative_F744,0.089134,0.075103,0.075571,0.055955,0.084960
Negative_F1022,0.043855,0.060160,0.045504,0.027666,0.048366
Negative_F1083,0.081689,0.112890,0.080356,0.081628,0.096251
Negative_F924,0.062511,0.066678,0.054718,0.045060,0.065641
Negative_F221,0.051511,0.046645,0.063843,0.046060,0.064183
Negative_F269,0.059482,0.088165,0.060870,0.023377,0.048985
Negative_F1431,0.082078,0.080565,0.061027,0.064381,0.074373
Negative_F2289,0.062099,0.063321,0.057127,0.071118,0.064101
Negative_F2004,0.038725,0.066948,0.042365,0.030133,0.060987
Negative_F1667,0.055425,0.052327,0.050265,0.057941,0.070076
Negative_F1018,0.053291,0.068439,0.055958,0.060324,0.066076
Negative_F559,0.074215,0.131972,0.128777,0.041048,0.046117
Negative_F1788,0.063072,0.065197,0.076081,0.065234,0.061146
Negative_F630,0.067097,0.077688,0.056920,0.045851,0.077166
Negative_F810,0.036827,0.051516,0.040466,0.034054,0.038250
Negative_F626,0.063702,0.080005,0.079300,0.086082,0.083771
Negative_F2034,0.063518,0.078340,0.050664,0.054693,0.076124
Negative_F1907,0.046453,0.061862,0.076522,0.097097,0.093579
Negative_F2022,0.057349,0.068273,0.069974,0.048548,0.076649
Negative_F2430,0.064636,0.107445,0.097122,0.066689,0.055667
Negative_F624,0.073005,0.047557,0.066824,0.063619,0.055492
Negative_F817,0.067655,0.067685,0.049948,0.049833,0.080289
Negative_F2225,0.084005,0.095939,0.076043,0.073656,0.070720
Negative_F698,0.060568,0.081672,0.066213,0.060960,0.051313
Negative_F2230,0.038270,0.049123,0.046692,0.046540,0.060767
Negative_F738,0.074766,0.085304,0.083256,0.092271,0.080722
Negative_F1379,0.080801,0.043066,0.079808,0.048462,0.068065
Negative_F1974,0.085925,0.082434,0.081565,0.067914,0.088423
Negative_F494,0.067312,0.079800,0.059176,0.048328,0.060357
Negative_F1901,0.046408,0.055564,0.047073,0.052305,0.053051
Negative_F1966,0.063775,0.067678,0.068977,0.065393,0.071405
Negative_F121,0.093576,0.122805,0.068025,0.060226,0.097963
Negative_F2171,0.085894,0.097962,0.060509,0.080281,0.104301
Negative_F832,0.041633,0.047770,0.047069,0.046643,0.049791
Negative_F1315,0.069402,0.075913,0.051270,0.047327,0.054072
Negative_F2288,0.037153,0.056630,0.039350,0.031433,0.052616
Negative_F611,0.074612,0.087605,0.057408,0.055514,0.087695
Negative_F2394,0.081132,0.081977,0.072274,0.069139,0.082620
Negative_F167,0.048336,0.045355,0.044371,0.038814,0.034428
Negative_F284,0.071016,0.087453,0.084738,0.075050,0.069297
Negative_F2087,0.074825,0.081025,0.056819,0.086160,0.120624
Negative_F726,0.069214,0.068428,0.078118,0.074258,0.067796
Negative_F367,0.041019,0.062998,0.052065,0.050155,0.066383
Negative_F1293,0.038434,0.050270,0.049409,0.049362,0.058039
Negative_F1744,0.074530,0.106282,0.063223,0.073285,0.095574
Negative_F2427,0.062587,0.080563,0.054342,0.054849,0.085792
Negative_F2139,0.144538,0.077357,0.099242,0.128021,0.074824
Negative_F495,0.059715,0.064452,0.055770,0.047732,0.064162
Negative_F220,0.089465,0.087675,0.067112,0.097031,0.081583
Negative_F2251,0.048154,0.040906,0.021841,0.034586,0.036189
Negative_F442,0.071619,0.097914,0.104202,0.055548,0.072775
Negative_F1707,0.065317,0.083768,0.072479,0.063045,0.093973
Negative_F638,0.046200,0.073909,0.042069,0.016371,0.056401
Negative_F2365,0.065866,0.091522,0.065207,0.040655,0.062128
Negative_F931,0.072579,0.076259,0.075370,0.067425,0.065567
Negative_F1409,0.049710,0.047599,0.024513,0.041269,0.046184
Negative_F1056,0.081262,0.091120,0.045982,0.059482,0.073037
Negative_F478,0.048155,0.071280,0.046357,0.035988,0.069050
Negative_F1152,0.071303,0.078463,0.053378,0.071126,0.085091
Negative_F2015,0.090813,0.080769,0.090251,0.049263,0.090255
Negative_F704,0.064801,0.062783,0.060854,0.048622,0.056813
Negative_F1712,0.050124,0.059450,0.057835,0.068959,0.069185
Negative_F1964,0.065494,0.075234,0.067238,0.052016,0.067646
Negative_F938,0.068565,0.074578,0.075095,0.082228,0.054946
Negative_F1044,0.044386,0.085779,0.063433,0.038398,0.073501
Negative_F586,0.042908,0.047188,0.019401,0.038548,0.037554
Negative_F881,0.056776,0.058725,0.041966,0.048479,0.051609
Negative_F228,0.069820,0.101547,0.073253,0.044616,0.078393
Negative_F516,0.064936,0.071503,0.056211,0.042828,0.056433
Negative_F2232,0.031403,0.057476,0.048349,0.051102,0.067781
Negative_F1329,0.073014,0.067555,0.046829,0.046598,0.077342
Negative_F1746,0.081329,0.115462,0.079915,0.076255,0.089257
Negative_F969,0.078536,0.102117,0.097706,0.076088,0.068513
Negative_F426,0.076217,0.087192,0.057515,0.038703,0.087389
Negative_F2265,0.074389,0.064038,0.061115,0.056801,0.070252
Negative_F128,0.066040,0.081169,0.064397,0.050977,0.068514
Negative_F976,0.056802,0.060611,0.038724,0.042597,0.054400
Negative_F1969,0.077682,0.137260,0.062466,0.020372,0.097970
Negative_F1818,0.056633,0.063500,0.059061,0.073739,0.050640
Negative_F1867,0.063280,0.066127,0.067903,0.056149,0.053470
Negative_F2105,0.071523,0.072608,0.061151,0.049014,0.063962
Negative_F2218,0.049218,0.058313,0.047423,0.051204,0.043536
Negative_F1380,0.062209,0.076893,0.065426,0.069185,0.061786
Negative_F928,0.078751,0.072911,0.076489,0.064250,0.070105
Negative_F1263,0.054472,0.067981,0.055500,0.052739,0.061800
Negative_F1695,0.058196,0.061351,0.066183,0.046096,0.049531
Negative_F620,0.059692,0.066189,0.068355,0.061159,0.067939
Negative_F1421,0.056476,0.081805,0.085366,0.100368,0.099738
Negative_F306,0.082444,0.080660,0.084478,0.058029,0.077210
Negative_F1979,0.056400,0.070335,0.060550,0.063731,0.065903
Negative_F2063,0.031192,0.036043,0.032741,0.029293,0.038447
Negative_F1128,0.052014,0.052075,0.041001,0.056937,0.053713
Negative_F1124,0.062841,0.037508,0.059173,0.055947,0.048551
Negative_F1429,0.080036,0.111382,0.068897,0.066362,0.108098
Negative_F1751,0.070976,0.063285,0.066283,0.031934,0.064715
Negative_F1157,0.068793,0.088030,0.051989,0.083761,0.089034
Negative_F1030,0.058439,0.068534,0.077751,0.103383,0.081369
Negative_F601,0.078044,0.089535,0.071631,0.067967,0.093577
Negative_F2287,0.075317,0.086529,0.070299,0.061787,0.089582
Negative_F1129,0.071219,0.052459,0.069345,0.050422,0.071924
Negative_F1453,0.051127,0.069827,0.048873,0.022260,0.073037
Negative_F400,0.071540,0.090693,0.083622,0.057141,0.074244
Negative_F872,0.053986,0.065930,0.082670,0.056227,0.059745
Negative_F309,0.072909,0.082790,0.058441,0.057893,0.091689
Negative_F1427,0.078197,0.121528,0.065760,0.043444,0.079230
Negative_F324,0.058242,0.048160,0.057785,0.031035,0.049776
Negative_F1440,0.074349,0.069187,0.064765,0.063276,0.065324
Negative_F2233,0.060476,0.086097,0.077802,0.055250,0.086803
Negative_F1883,0.057212,0.082366,0.045789,0.027108,0.069060
Negative_F337,0.093614,0.081366,0.079665,0.053375,0.080759
Negative_F2067,0.054768,0.063876,0.040601,0.038466,0.065424
Negative_F1792,0.068637,0.082520,0.072932,0.061143,0.089156
Negative_F1920,0.080531,0.087500,0.072972,0.051988,0.069026
Negative_F2018,0.063016,0.050987,0.052618,0.058125,0.050541
Negative_F501,0.070030,0.065668,0.071234,0.062772,0.063712
Negative_F1306,0.080940,0.083849,0.072224,0.049821,0.066529
Negative_F202,0.043817,0.065706,0.040494,0.042472,0.056265
Negative_F479,0.028978,0.045828,0.026255,0.011710,0.038867
Negative_F304,0.059095,0.085071,0.068090,0.050133,0.083674
Negative_F389,0.071509,0.079730,0.059933,0.066024,0.083898
Negative_F571,0.066606,0.075475,0.059470,0.041427,0.065028
Negative_F2160,0.062579,0.060174,0.057143,0.065726,0.054398
Negative_F789,0.087557,0.069429,0.076188,0.085018,0.063186
Negative_F1551,0.030029,0.042053,0.020862,0.018555,0.032964
Negative_F1508,0.077623,0.104851,0.061499,0.031965,0.095380
Negative_F1619,0.077770,0.073800,0.091239,0.080474,0.088762
Negative_F386,0.091950,0.070934,0.073843,0.069426,0.096086
Negative_F2253,0.059484,0.076856,0.072820,0.080194,0.088773
Negative_F2098,0.091097,0.075647,0.087157,0.096084,0.067011
Negative_F1593,0.026861,0.043619,0.026772,0.013306,0.031578
Negative_F65,0.066473,0.064550,0.058651,0.050836,0.077364
Negative_F1864,0.068514,0.075998,0.066158,0.079989,0.090639
Negative_F683,0.071943,0.072887,0.072130,0.042372,0.074033
Negative_F1148,0.082227,0.071165,0.062534,0.064071,0.067109
Negative_F2414,0.062383,0.070016,0.065506,0.074158,0.057844
Negative_F2201,0.103790,0.060913,0.095121,0.079752,0.088359
Negative_F412,0.074698,0.092688,0.071196,0.061135,0.073158
Negative_F1594,0.062366,0.057654,0.065839,0.049544,0.067394
Negative_F828,0.053147,0.054879,0.054511,0.045245,0.041296
Negative_F2306,0.031730,0.043525,0.024910,0.025319,0.039764
Negative_F1738,0.064236,0.060110,0.044207,0.074326,0.032254
Negative_F1855,0.081193,0.082743,0.084211,0.061295,0.081411
Negative_F1011,0.064333,0.080295,0.066006,0.046097,0.067214
Negative_F1519,0.053358,0.065256,0.027388,0.032044,0.054429
Negative_F3,0.056137,0.064011,0.055082,0.067573,0.063062
Negative_F1265,0.049861,0.058806,0.044692,0.030614,0.060411
Negative_F1331,0.057122,0.059890,0.040991,0.045490,0.068288
Negative_F1401,0.063477,0.070536,0.061698,0.037146,0.067643
Negative_F775,0.039690,0.043855,0.049956,0.044588,0.051594
Negative_F1216,0.051650,0.070494,0.057855,0.048535,0.081319
Negative_F1290,0.057404,0.064806,0.054746,0.058889,0.063990
Negative_F310,0.077600,0.072599,0.072042,0.046317,0.084545
Negative_F2037,0.098218,0.130628,0.077441,0.076944,0.099801
Negative_F197,0.039736,0.060005,0.036511,0.027273,0.044920
Negative_F150,0.084797,0.080966,0.088118,0.096191,0.084362
Negative_F2182,0.061916,0.073957,0.066552,0.026043,0.073841
Negative_F417,0.085615,0.089409,0.046456,0.076647,0.077800
Negative_F1333,0.061352,0.062365,0.058881,0.069240,0.033495
Negative_F423,0.076866,0.078531,0.083465,0.053033,0.088578
Negative_F1118,0.051351,0.059155,0.057942,0.060868,0.067123
Negative_F1130,0.050739,0.054236,0.057535,0.062029,0.052251
Negative_F515,0.067814,0.074454,0.063524,0.039416,0.067607
Negative_F1066,0.089062,0.089434,0.084838,0.089081,0.075346
Negative_F1930,0.064299,0.072459,0.076516,0.065432,0.069763
Negative_F1614,0.077856,0.056586,0.078323,0.050103,0.064639
Negative_F2377,0.079786,0.070215,0.076123,0.071714,0.081602
Negative_F1258,0.056768,0.075902,0.060735,0.039125,0.075108
Negative_F279,0.056978,0.091172,0.043335,0.042472,0.089958
Negative_F679,0.094571,0.081452,0.086192,0.059699,0.092416
Negative_F569,0.051955,0.067333,0.053276,0.029669,0.060781
Negative_F633,0.058653,0.084358,0.054201,0.026473,0.067535
Negative_F214,0.083458,0.078995,0.077394,0.069329,0.077772
Negative_F2372,0.063985,0.087068,0.064529,0.068760,0.106174
Negative_F1065,0.070610,0.076168,0.066221,0.063232,0.062071
Negative_F1900,0.065520,0.074029,0.064745,0.051636,0.074372
Negative_F724,0.062564,0.079507,0.071733,0.060497,0.053255
Negative_F2320,0.062819,0.050894,0.048099,0.069436,0.048249
Negative_F1137,0.064331,0.072844,0.061320,0.049858,0.072120
Negative_F2290,0.057341,0.077679,0.049156,0.046242,0.061349
Negative_F1404,0.064834,0.085894,0.058961,0.050307,0.086303
Negative_F1007,0.043386,0.062508,0.045412,0.031768,0.062031
Negative_F1218,0.034990,0.054049,0.032176,0.021306,0.044802
Negative_F1138,0.068166,0.070902,0.067482,0.069472,0.065417
Negative_F1669,0.057404,0.081341,0.061836,0.042470,0.076644
Negative_F525,0.037737,0.035844,0.042855,0.047462,0.039152
Negative_F893,0.064938,0.063877,0.057561,0.050688,0.073165
Negative_F2214,0.074740,0.075790,0.090205,0.068645,0.109622
Negative_F858,0.052991,0.043874,0.053899,0.054154,0.057530
Negative_F615,0.059700,0.079498,0.060242,0.042492,0.054922
Negative_F772,0.046976,0.047684,0.057467,0.049507,0.056343
Negative_F616,0.034176,0.047250,0.030941,0.024927,0.037282
Negative_F78,0.044537,0.071163,0.038083,0.018595,0.053659
Negative_F2440,0.072129,0.062024,0.080051,0.079780,0.065592
Negative_F153,0.060181,0.074665,0.082484,0.081734,0.081503
Negative_F30,0.065675,0.073387,0.065557,0.055712,0.069881
Negative_F508,0.048447,0.071661,0.057138,0.041643,0.073061
Negative_F330,0.072331,0.073030,0.071890,0.047048,0.079283
Negative_F1125,0.058324,0.056149,0.060275,0.067877,0.066683
Negative_F393,0.041237,0.060751,0.038212,0.033421,0.067585
Negative_F1773,0.072440,0.085171,0.076082,0.048267,0.074807
Negative_F2375,0.070389,0.082287,0.055222,0.051970,0.083351
Negative_F876,0.086540,0.097558,0.081342,0.067896,0.034520
Negative_F1049,0.077004,0.095374,0.074321,0.092028,0.054247
Negative_F1262,0.050291,0.056279,0.043254,0.057300,0.060542
Negative_F1713,0.052085,0.081548,0.072079,0.043765,0.062927
Negative_F2011,0.068653,0.062778,0.064269,0.058073,0.060658
Negative_F746,0.045950,0.043625,0.058456,0.043851,0.056419
Negative_F431,0.059534,0.079593,0.054210,0.037951,0.066285
Negative_F1934,0.074896,0.091064,0.061081,0.054289,0.080497
Negative_F40,0.062763,0.071180,0.060489,0.026572,0.067492
Negative_F1179,0.096293,0.102738,0.072778,0.075087,0.066746
Negative_F1276,0.076731,0.067813,0.081682,0.088652,0.066104
Negative_F1718,0.069774,0.055370,0.070329,0.068982,0.072904
Negative_F1538,0.076825,0.072689,0.071352,0.059726,0.081883
Negative_F1689,0.064619,0.083891,0.062341,0.060379,0.085742
Negative_F700,0.063665,0.068890,0.047813,0.057770,0.066130
Negative_F1259,0.043643,0.035328,0.054242,0.044199,0.047140
Negative_F550,0.096277,0.076250,0.056192,0.106994,0.058386
Negative_F1978,0.087392,0.078784,0.083582,0.062695,0.067744
Negative_F972,0.061354,0.057120,0.044744,0.055946,0.049755
Negative_F1829,0.067945,0.080619,0.049580,0.051263,0.079307
Negative_F1298,0.051149,0.051913,0.053135,0.041770,0.053855
Negative_F510,0.077122,0.076635,0.066902,0.052799,0.071371
Negative_F1205,0.057810,0.069310,0.041107,0.046763,0.071161
Negative_F1958,0.043358,0.054930,0.050193,0.050829,0.046295
Negative_F2336,0.089398,0.117276,0.090591,0.066226,0.043507
Negative_F261,0.056210,0.093161,0.053443,0.044956,0.090830
Negative_F1985,0.084335,0.080935,0.079928,0.047510,0.075372
Negative_F2241,0.082678,0.088145,0.078710,0.065931,0.074492
Negative_F884,0.045841,0.062798,0.047111,0.030483,0.031432
Negative_F2384,0.090064,0.109178,0.077269,0.085795,0.103784
Negative_F618,0.061803,0.083252,0.080036,0.067605,0.063953
Negative_F2132,0.079072,0.104983,0.070724,0.051938,0.088051
Negative_F1729,0.071341,0.067805,0.066111,0.068345,0.084211
Negative_F664,0.108103,0.057879,0.103775,0.081099,0.069549
Negative_F1879,0.056365,0.077065,0.050798,0.026954,0.068853
Negative_F227,0.070039,0.073003,0.054576,0.032709,0.077689
Negative_F784,0.063001,0.061712,0.067710,0.060804,0.068247
Negative_F1941,0.089856,0.093243,0.076262,0.068185,0.129775
Negative_F2219,0.053520,0.063835,0.049628,0.050619,0.051681
Negative_F888,0.041831,0.060307,0.039036,0.026929,0.050869
Negative_F1660,0.081935,0.068764,0.072534,0.126108,0.078846
Negative_F1748,0.076593,0.066045,0.076990,0.066759,0.064252
Negative_F863,0.064288,0.067934,0.071219,0.065603,0.055836
Negative_F598,0.084574,0.085646,0.057671,0.061496,0.108570
Negative_F1370,0.070702,0.074762,0.057916,0.033528,0.079289
Negative_F1886,0.047549,0.043344,0.052697,0.038109,0.050738
Negative_F464,0.050951,0.058017,0.053367,0.042877,0.056912
Negative_F2035,0.067806,0.068203,0.065784,0.069863,0.069449
Negative_F2411,0.074954,0.122495,0.069462,0.042762,0.090363
Negative_F1475,0.067388,0.069348,0.070398,0.082169,0.074669
Negative_F1865,0.072144,0.087170,0.068362,0.068863,0.064852
Negative_F162,0.086583,0.080542,0.075428,0.075191,0.086282
Negative_F504,0.045337,0.060496,0.044342,0.034925,0.048786
Negative_F795,0.062249,0.077587,0.053597,0.064270,0.067710
Negative_F301,0.074870,0.095264,0.082396,0.068252,0.079709
Negative_F45,0.063462,0.078368,0.070508,0.040596,0.062561
Negative_F370,0.052188,0.070657,0.057322,0.043143,0.074360
Negative_F662,0.074784,0.090388,0.068114,0.069393,0.078496
Negative_F2154,0.064919,0.065073,0.056628,0.050221,0.047351
Negative_F238,0.053362,0.047001,0.057586,0.062814,0.056798
Negative_F579,0.070008,0.078074,0.082113,0.070862,0.060528
Negative_F722,0.059166,0.072188,0.067780,0.068294,0.057094
Negative_F889,0.062390,0.079185,0.066837,0.041125,0.072694
Negative_F1135,0.060127,0.047181,0.058376,0.056789,0.054371
Negative_F1456,0.078771,0.076401,0.059442,0.075367,0.051518
Negative_F1391,0.039068,0.040817,0.048393,0.046628,0.048159
Negative_F243,0.063613,0.082962,0.070089,0.063859,0.061385
Negative_F186,0.063719,0.073896,0.070527,0.060877,0.056312
Negative_F910,0.070906,0.072160,0.063613,0.047940,0.077754
Negative_F1365,0.066182,0.070128,0.093442,0.048634,0.087679
Negative_F2240,0.057081,0.051900,0.078372,0.078859,0.098734
Negative_F1602,0.065558,0.094725,0.063492,0.039837,0.061644
Negative_F812,0.078818,0.067435,0.058680,0.062831,0.076907
Negative_F866,0.071757,0.081696,0.051931,0.046580,0.076602
Negative_F2193,0.105079,0.082364,0.103349,0.067938,0.100583
Negative_F2197,0.088267,0.092799,0.123914,0.088719,0.094372
Negative_F1703,0.049958,0.040409,0.036085,0.032739,0.049029
Negative_F894,0.060364,0.069185,0.055663,0.060646,0.049809
Negative_F1381,0.052463,0.054049,0.071843,0.073534,0.051590
Negative_F1287,0.053340,0.045948,0.060821,0.037668,0.060628
Negative_F1791,0.058454,0.080273,0.075295,0.058160,0.077320
Negative_F1204,0.056964,0.062453,0.045495,0.042492,0.056425
Negative_F422,0.045012,0.049698,0.039512,0.032802,0.036096
Negative_F1045,0.060418,0.082640,0.060563,0.056447,0.085981
Negative_F1768,0.071553,0.051386,0.066662,0.062442,0.068977
Negative_F906,0.047712,0.070688,0.070190,0.067955,0.066290
Negative_F35,0.070318,0.072034,0.071332,0.066105,0.068829
Negative_F1140,0.058046,0.059673,0.056828,0.048216,0.061539
Negative_F158,0.075457,0.091625,0.090888,0.120809,0.106931
Negative_F1311,0.050800,0.069258,0.061443,0.066450,0.069329
Negative_F1753,0.054854,0.068693,0.051332,0.028957,0.058973
Negative_F1317,0.096504,0.099934,0.103010,0.077990,0.068778
Negative_F149,0.085646,0.091888,0.083736,0.073634,0.066396
Negative_F1028,0.073208,0.070337,0.045580,0.066940,0.066364
Negative_F1246,0.056731,0.052951,0.060218,0.048015,0.057273
Negative_F1024,0.088664,0.105219,0.060979,0.073562,0.084627
Negative_F461,0.080206,0.080994,0.068144,0.058601,0.068332
Negative_F2282,0.063008,0.080094,0.059711,0.049421,0.071937
Negative_F2167,0.070528,0.075408,0.070778,0.076886,0.084870
Negative_F605,0.076848,0.082839,0.058607,0.052365,0.084276
Negative_F978,0.062328,0.077570,0.059258,0.037765,0.060530
Negative_F1775,0.097825,0.088339,0.080691,0.075668,0.094312
Negative_F74,0.051585,0.078333,0.068355,0.085792,0.093957
Negative_F1414,0.054173,0.060366,0.062453,0.057790,0.046848
Negative_F97,0.075793,0.090099,0.056364,0.055729,0.086392
Negative_F492,0.071930,0.078671,0.047717,0.054207,0.084801
Negative_F1678,0.082102,0.055326,0.077068,0.056791,0.075423
Negative_F340,0.064097,0.082959,0.061597,0.054692,0.085874
Negative_F1077,0.095405,0.103608,0.077680,0.082581,0.089368
Negative_F825,0.075472,0.095668,0.060463,0.059099,0.081619
Negative_F1743,0.067711,0.061800,0.048732,0.070642,0.058746
Negative_F780,0.074549,0.086779,0.058331,0.062704,0.061743
Negative_F1318,0.080039,0.094946,0.090176,0.044471,0.078597
Negative_F2300,0.078343,0.088967,0.080489,0.098105,0.081349
Negative_F90,0.068973,0.063198,0.060437,0.047887,0.068196
Negative_F448,0.050321,0.086853,0.082038,0.082946,0.087275
Negative_F1117,0.048229,0.048139,0.049474,0.055166,0.054989
Negative_F1268,0.062466,0.081563,0.041991,0.070476,0.083065
Negative_F364,0.038025,0.054168,0.041692,0.037184,0.056687
Negative_F2303,0.099868,0.153152,0.091392,0.048169,0.095484
Negative_F1573,0.086076,0.074100,0.079347,0.063885,0.093709
Negative_F250,0.080968,0.065466,0.085796,0.092724,0.082161
Negative_F2135,0.040989,0.044994,0.027998,0.033676,0.034112
Negative_F51,0.040889,0.047441,0.044582,0.039282,0.050110
Negative_F2078,0.061141,0.069588,0.043253,0.086013,0.048635
Negative_F826,0.078906,0.090752,0.071809,0.056627,0.084939
Negative_F1426,0.089771,0.121990,0.068425,0.059363,0.087161
Negative_F926,0.059064,0.069465,0.052127,0.043012,0.059946
Negative_F905,0.075745,0.087275,0.077521,0.061828,0.069995
Negative_F331,0.059863,0.078789,0.052495,0.063242,0.063365
Negative_F2076,0.037887,0.066973,0.054762,0.070623,0.085508
Negative_F406,0.054912,0.073717,0.056275,0.043861,0.054102
Negative_F1951,0.069905,0.070265,0.053201,0.074621,0.076490
Negative_F544,0.066844,0.099180,0.044951,0.044977,0.084442
Negative_F2307,0.067675,0.066546,0.077218,0.077716,0.069245
Negative_F1269,0.074309,0.060167,0.059346,0.066766,0.049179
Negative_F658,0.064201,0.049755,0.060185,0.045684,0.055848
Negative_F1358,0.040300,0.058542,0.033468,0.027692,0.039921
Negative_F1233,0.060896,0.094408,0.077026,0.054299,0.081125
Negative_F2157,0.058690,0.053026,0.051574,0.060246,0.054705
Negative_F573,0.068139,0.062794,0.071453,0.078897,0.066743
Negative_F1848,0.060127,0.070200,0.060078,0.065078,0.058051
Negative_F136,0.068388,0.091542,0.075372,0.077416,0.045997
Negative_F2131,0.102237,0.126434,0.073823,0.046299,0.105445
Negative_F1009,0.045121,0.062198,0.044320,0.049956,0.065623
Negative_F2382,0.043998,0.051011,0.056995,0.039555,0.033260
Negative_F1630,0.060143,0.065386,0.059000,0.034650,0.061344
Negative_F1875,0.042529,0.074264,0.043490,0.032740,0.064595
Negative_F1493,0.063792,0.084387,0.036032,0.043373,0.078494
Negative_F809,0.050364,0.064461,0.046260,0.039616,0.052289
Negative_F295,0.085804,0.080762,0.050717,0.066136,0.093200
Negative_F886,0.065756,0.082354,0.041084,0.042760,0.073336
Negative_F1710,0.079469,0.083811,0.074039,0.060811,0.073751
Negative_F727,0.064930,0.058549,0.064757,0.067314,0.066839
Negative_F1523,0.073719,0.074620,0.080984,0.061350,0.073717
Negative_F1405,0.063296,0.081122,0.052217,0.067153,0.073048
Negative_F873,0.072902,0.083641,0.052157,0.035230,0.084726
Negative_F1870,0.071260,0.089741,0.074687,0.038857,0.052144
Negative_F1337,0.073704,0.080895,0.062948,0.070387,0.059546
Negative_F1659,0.072641,0.110057,0.094238,0.050426,0.042825
Negative_F449,0.036054,0.048969,0.043190,0.054997,0.053320
Negative_F555,0.078171,0.069002,0.057134,0.055762,0.064087
Negative_F1120,0.069095,0.063027,0.077812,0.075315,0.061520
Negative_F1804,0.059299,0.064493,0.044313,0.056429,0.053569
Negative_F2129,0.073300,0.082723,0.075763,0.052167,0.094916
Negative_F1182,0.079121,0.096383,0.094311,0.051254,0.057599
Negative_F84,0.063722,0.066999,0.046029,0.052879,0.068505
Negative_F473,0.055016,0.054119,0.038365,0.029742,0.054918
Negative_F2130,0.054235,0.043053,0.045948,0.034658,0.032104
Negative_F1114,0.063616,0.055826,0.053315,0.059165,0.074138
Negative_F419,0.049070,0.064675,0.042899,0.037871,0.051290
Negative_F2321,0.052616,0.055934,0.048710,0.046492,0.044066
Negative_F869,0.046784,0.053178,0.050892,0.042641,0.055187
Negative_F2342,0.109720,0.076960,0.076225,0.060448,0.063648
Negative_F2292,0.060355,0.073896,0.077750,0.057605,0.063944
Negative_F34,0.079323,0.074144,0.079779,0.066605,0.071056
Negative_F1075,0.063816,0.090097,0.053947,0.041521,0.082069
Negative_F225,0.063441,0.060215,0.059027,0.041281,0.072150
Negative_F1633,0.046556,0.075095,0.064253,0.061554,0.076614
Negative_F1374,0.024143,0.029539,0.020513,0.034076,0.032971
Negative_F1437,0.063485,0.067123,0.069717,0.067257,0.055266
Negative_F728,0.065727,0.051879,0.068666,0.057616,0.066522
Negative_F702,0.070895,0.077661,0.067475,0.065188,0.069872
Negative_F2044,0.059023,0.062237,0.063966,0.062320,0.059306
Negative_F462,0.082748,0.090928,0.071129,0.052236,0.068140
Negative_F2238,0.022963,0.030497,0.011097,0.020275,0.040759
Negative_F1932,0.053140,0.059310,0.065947,0.049450,0.024141
Negative_F263,0.070641,0.090267,0.049055,0.056998,0.081465
Negative_F576,0.065747,0.075953,0.086062,0.076282,0.079077
Negative_F2074,0.089138,0.053527,0.042871,0.089845,0.003840
Negative_F1305,0.082909,0.044128,0.097954,0.049585,0.097580
Negative_F929,0.063891,0.063528,0.070350,0.082768,0.073182
Negative_F2203,0.035458,0.066053,0.056021,0.064501,0.088631
Negative_F2247,0.035130,0.051677,0.072455,0.061147,0.053458
Negative_F1584,0.077965,0.085553,0.063152,0.058004,0.091371
Negative_F1580,0.055868,0.059315,0.059820,0.047375,0.040659
Negative_F531,0.079214,0.082243,0.078543,0.056138,0.070548
Negative_F932,0.058849,0.070001,0.060623,0.046062,0.052205
Negative_F686,0.092319,0.086534,0.067837,0.074251,0.052377
Negative_F2059,0.049118,0.039468,0.049099,0.042161,0.045288
Negative_F736,0.070695,0.057087,0.043425,0.063542,0.045852
Negative_F2368,0.086518,0.075962,0.054911,0.072604,0.091554
Negative_F643,0.061772,0.082669,0.073901,0.063785,0.063604
Negative_F1212,0.073503,0.056643,0.039944,0.062250,0.054558
Negative_F1609,0.054164,0.071534,0.070749,0.066309,0.071793
Negative_F575,0.080149,0.070540,0.072479,0.068231,0.062380
Negative_F1171,0.049059,0.065292,0.057356,0.040093,0.058633
Negative_F1764,0.056393,0.059631,0.055055,0.066820,0.057422
Negative_F1739,0.063297,0.062411,0.057922,0.062895,0.064481
Negative_F941,0.060066,0.061561,0.046122,0.048895,0.060470
Negative_F907,0.067776,0.071719,0.048399,0.050170,0.055921
Negative_F363,0.063128,0.055671,0.059442,0.061486,0.061782
Negative_F1510,0.082277,0.062989,0.071430,0.072698,0.079698
Negative_F1835,0.080817,0.069553,0.062341,0.074950,0.056553
Negative_F1326,0.055267,0.055741,0.049610,0.047661,0.069525
Negative_F2453,0.067327,0.086100,0.054205,0.046901,0.078226
Negative_F189,0.074807,0.087393,0.062503,0.054234,0.081021
Negative_F1394,0.046010,0.049165,0.057699,0.037567,0.059861
Negative_F834,0.055931,0.041623,0.055629,0.057132,0.065761
Negative_F1229,0.092753,0.112863,0.068240,0.071161,0.097488
Negative_F141,0.079689,0.088434,0.063192,0.064783,0.059704
Negative_F103,0.045556,0.088097,0.078551,0.063901,0.090201
Negative_F877,0.065467,0.075748,0.067293,0.042707,0.072017
Negative_F1225,0.061730,0.064905,0.062500,0.071661,0.069380
Negative_F527,0.070648,0.098392,0.072889,0.062681,0.092879
Negative_F667,0.045974,0.063352,0.036754,0.039383,0.068231
Negative_F1641,0.070706,0.073732,0.058681,0.051060,0.053695
Negative_F1700,0.036712,0.042888,0.024485,0.032743,0.035922
Negative_F853,0.027508,0.027075,0.019178,0.022751,0.031069
Negative_F2208,0.079836,0.060270,0.052105,0.062440,0.098924
Negative_F500,0.059725,0.057868,0.065832,0.066076,0.057139
Negative_F1142,0.037922,0.032115,0.035504,0.034902,0.029518
