ID,Length,NetCharge,pI,K_frac,R_frac,H_frac,D_frac,E_frac,GRAVY,HydrophobicFrac,AromaticFrac,BomanIndex
Negative_F1839,68.000000,5.491064,9.835764,0.117647,0.014706,0.000000,0.014706,0.029412,0.622059,0.558824,0.073529,0.043235
Negative_F1590,13.000000,1.552442,10.002737,0.153846,0.000000,0.000000,0.000000,0.000000,1.076923,0.615385,0.230769,-0.986154
Negative_F1789,71.000000,12.152501,10.224444,0.140845,0.070423,0.028169,0.014085,0.014085,-0.739437,0.295775,0.126761,2.205493
Negative_F1515,23.000000,0.774706,8.789958,0.043478,0.000000,0.260870,0.000000,0.000000,0.591304,0.434783,0.086957,-0.343043
Negative_F1041,30.000000,4.472757,9.265864,0.166667,0.000000,0.000000,0.000000,0.000000,0.540000,0.300000,0.000000,0.573333
Negative_F2183,17.000000,0.554947,8.750052,0.058824,0.000000,0.000000,0.000000,0.000000,1.805882,0.588235,0.000000,-2.557647
Negative_F1299,15.000000,2.552417,11.166263,0.133333,0.066667,0.000000,0.000000,0.000000,0.240000,0.466667,0.200000,0.876000
Negative_F224,23.000000,0.669631,9.748474,0.000000,0.043478,0.173913,0.000000,0.000000,0.752174,0.521739,0.217391,0.021739
Negative_F2017,46.000000,19.558786,11.218031,0.434783,0.021739,0.000000,0.000000,0.021739,-1.715217,0.260870,0.000000,2.563696
Negative_F850,24.000000,3.545371,10.176866,0.208333,0.000000,0.000000,0.041667,0.000000,-0.145833,0.458333,0.041667,0.882083
Negative_F562,21.000000,5.500779,10.851786,0.000000,0.285714,0.000000,0.000000,0.000000,-0.071429,0.571429,0.238095,2.611905
Negative_F285,14.000000,1.503435,8.903745,0.142857,0.000000,0.000000,0.000000,0.000000,1.350000,0.500000,0.285714,-1.116429
Negative_F585,24.000000,0.601853,8.541110,0.125000,0.000000,0.000000,0.041667,0.041667,-0.225000,0.500000,0.041667,1.072917
Negative_F2053,20.000000,1.552442,10.002737,0.100000,0.000000,0.000000,0.000000,0.000000,1.035000,0.550000,0.100000,-0.942500
Negative_F335,32.000000,4.240700,10.602164,0.156250,0.000000,0.000000,0.000000,0.000000,1.156250,0.562500,0.000000,-1.156250
Negative_F649,38.000000,4.580141,10.295295,0.131579,0.026316,0.026316,0.000000,0.026316,-0.310526,0.342105,0.026316,0.834211
Negative_F1706,76.000000,-1.423804,6.107600,0.078947,0.052632,0.026316,0.052632,0.092105,-0.486842,0.328947,0.013158,2.040000
Negative_F21,17.000000,0.589515,8.598358,0.117647,0.000000,0.058824,0.058824,0.000000,1.052941,0.529412,0.058824,-0.474706
Negative_F566,37.000000,5.281010,11.000063,0.135135,0.135135,0.027027,0.027027,0.081081,-0.681081,0.378378,0.108108,2.809459
Negative_F885,23.000000,5.547380,11.999968,0.173913,0.086957,0.000000,0.000000,0.000000,0.747826,0.565217,0.086957,0.040000
Negative_F334,29.000000,5.238195,10.699060,0.206897,0.000000,0.000000,0.000000,0.000000,0.668966,0.551724,0.000000,-0.615517
Negative_F140,31.000000,6.405246,9.802885,0.000000,0.225806,0.000000,0.000000,0.000000,-0.200000,0.290323,0.161290,3.012581
Negative_F1715,12.000000,1.527938,9.314086,0.166667,0.000000,0.000000,0.000000,0.000000,0.691667,0.416667,0.083333,-0.430000
Negative_F908,13.000000,2.505890,9.695868,0.076923,0.153846,0.000000,0.000000,0.000000,0.361538,0.384615,0.153846,1.652308
Negative_F740,41.000000,7.398622,9.766074,0.073171,0.170732,0.000000,0.048780,0.000000,-1.151220,0.243902,0.146341,3.331220
Negative_F1842,26.000000,-1.591180,4.207757,0.038462,0.000000,0.000000,0.076923,0.000000,-0.150000,0.192308,0.153846,0.883077
Negative_F517,13.000000,0.554947,8.750052,0.076923,0.000000,0.000000,0.000000,0.000000,1.853846,0.615385,0.076923,-2.266923
Negative_F408,38.000000,-0.157052,7.280188,0.000000,0.000000,0.210526,0.000000,0.000000,-1.223684,0.078947,0.078947,0.723158
Negative_F2113,20.000000,3.495918,9.595362,0.200000,0.000000,0.000000,0.000000,0.000000,-1.040000,0.200000,0.150000,1.067500
Negative_F1430,74.000000,-0.689673,6.561573,0.094595,0.054054,0.013514,0.067568,0.081081,-0.491892,0.351351,0.040541,2.053108
Negative_F2354,111.000000,0.513135,7.663795,0.027027,0.063063,0.063063,0.054054,0.027027,-0.554054,0.207207,0.081081,1.831802
Negative_F953,46.000000,6.379474,9.202169,0.108696,0.086957,0.021739,0.021739,0.021739,-0.439130,0.260870,0.086957,1.894565
Negative_F1857,66.000000,7.570360,10.966862,0.075758,0.090909,0.030303,0.045455,0.000000,-0.950000,0.181818,0.030303,2.423485
Negative_F2349,47.000000,0.049555,7.464005,0.085106,0.085106,0.000000,0.063830,0.085106,-0.529787,0.297872,0.085106,2.485532
Negative_F2216,58.000000,0.589515,8.598358,0.034483,0.000000,0.017241,0.017241,0.000000,1.056897,0.586207,0.051724,-0.919655
Negative_F1836,35.000000,3.895303,11.001997,0.085714,0.085714,0.000000,0.028571,0.028571,0.017143,0.457143,0.114286,1.023714
Negative_F1250,50.000000,-0.577245,6.855942,0.060000,0.020000,0.040000,0.040000,0.040000,-0.446000,0.300000,0.160000,1.609000
Negative_F714,25.000000,0.551503,8.497658,0.120000,0.000000,0.000000,0.040000,0.040000,0.416000,0.560000,0.080000,-0.018800
Negative_F981,25.000000,1.584950,9.528379,0.160000,0.000000,0.040000,0.080000,0.000000,0.540000,0.520000,0.000000,0.072400
Negative_F580,42.000000,-4.301149,4.511447,0.047619,0.071429,0.023810,0.142857,0.071429,-0.773810,0.380952,0.071429,2.415714
Negative_F1295,24.000000,1.542542,8.957189,0.041667,0.041667,0.041667,0.000000,0.000000,1.483333,0.583333,0.083333,-0.911250
Negative_F2410,31.000000,2.429744,8.778354,0.096774,0.000000,0.032258,0.000000,0.000000,0.570968,0.290323,0.032258,0.022581
Negative_F2009,17.000000,3.551254,9.851108,0.176471,0.058824,0.000000,0.000000,0.000000,0.547059,0.529412,0.117647,0.452353
Negative_F2245,15.000000,4.554822,11.999968,0.000000,0.333333,0.000000,0.000000,0.000000,-0.873333,0.400000,0.200000,4.308000
Negative_F1255,24.000000,1.497932,8.787637,0.208333,0.000000,0.000000,0.083333,0.041667,0.275000,0.458333,0.000000,0.690833
Negative_F2141,24.000000,10.539788,11.999968,0.250000,0.208333,0.000000,0.000000,0.000000,-0.979167,0.458333,0.166667,3.089167
Negative_F1177,32.000000,5.456783,10.663216,0.000000,0.187500,0.000000,0.000000,0.000000,-0.509375,0.281250,0.125000,2.568125
Negative_F240,47.000000,5.463146,9.120487,0.063830,0.127660,0.063830,0.042553,0.021277,-0.417021,0.212766,0.042553,2.358723
Negative_F1134,33.000000,1.503140,8.526347,0.090909,0.030303,0.000000,0.060606,0.000000,0.296970,0.363636,0.030303,0.886061
Negative_F1386,42.000000,1.435828,8.205552,0.142857,0.000000,0.023810,0.071429,0.023810,-0.033333,0.261905,0.023810,0.955952
Negative_F1360,21.000000,2.503410,9.503945,0.095238,0.047619,0.000000,0.000000,0.000000,1.166667,0.523810,0.047619,-0.545238
Negative_F294,23.000000,5.552763,11.999968,0.086957,0.217391,0.000000,0.043478,0.000000,-0.295652,0.478261,0.130435,2.567391
Negative_F215,38.000000,10.473487,10.903296,0.105263,0.184211,0.052632,0.000000,0.000000,-0.950000,0.157895,0.000000,3.403684
Negative_F1253,29.000000,-1.593011,4.370146,0.034483,0.000000,0.000000,0.034483,0.034483,0.213793,0.241379,0.068966,0.377931
Negative_F2133,29.000000,9.539549,11.624568,0.275862,0.137931,0.000000,0.000000,0.068966,-0.500000,0.413793,0.137931,2.435862
Negative_F233,51.000000,3.421837,8.721428,0.078431,0.039216,0.039216,0.000000,0.039216,-0.450980,0.274510,0.098039,1.636667
Negative_F2036,33.000000,4.585127,11.166069,0.121212,0.060606,0.030303,0.000000,0.030303,-0.078788,0.454545,0.121212,0.912121
Negative_F822,58.000000,9.554534,10.255324,0.155172,0.034483,0.034483,0.017241,0.000000,-0.298276,0.362069,0.103448,1.034310
Negative_F1069,40.000000,3.529370,8.962604,0.025000,0.100000,0.050000,0.025000,0.000000,0.077500,0.325000,0.025000,1.505500
Negative_F2110,30.000000,2.496811,9.243171,0.166667,0.000000,0.000000,0.066667,0.000000,0.426667,0.433333,0.066667,0.108000
Negative_F271,20.000000,2.628571,11.711343,0.050000,0.150000,0.100000,0.050000,0.000000,0.345000,0.500000,0.050000,1.441500
Negative_F751,29.000000,-0.588472,5.962319,0.000000,0.034483,0.000000,0.000000,0.034483,0.158621,0.172414,0.034483,0.671034
Negative_F497,44.000000,2.493859,9.189984,0.090909,0.000000,0.000000,0.022727,0.000000,-0.313636,0.363636,0.090909,0.861136
Negative_F522,37.000000,5.496314,10.207811,0.135135,0.054054,0.000000,0.027027,0.000000,0.356757,0.432432,0.081081,0.730000
Negative_F493,31.000000,2.501351,9.388998,0.096774,0.032258,0.000000,0.032258,0.000000,0.312903,0.354839,0.064516,0.851613
Negative_F538,79.000000,5.607652,11.999968,0.000000,0.075949,0.000000,0.000000,0.000000,-0.796203,0.240506,0.202532,0.738481
Negative_F374,24.000000,3.498424,9.701283,0.166667,0.000000,0.000000,0.000000,0.000000,1.300000,0.583333,0.125000,-0.792500
Negative_F636,14.000000,0.250723,8.465102,0.071429,0.000000,0.000000,0.000000,0.000000,1.571429,0.571429,0.142857,-1.100000
Negative_F322,47.000000,2.428533,8.513066,0.063830,0.127660,0.042553,0.085106,0.042553,-1.174468,0.148936,0.085106,3.773191
Negative_F590,46.000000,1.288506,9.101018,0.043478,0.043478,0.021739,0.021739,0.021739,0.500000,0.521739,0.108696,0.709565
Negative_F2432,20.000000,3.553487,11.723012,0.100000,0.150000,0.000000,0.000000,0.050000,-0.400000,0.500000,0.300000,1.693000
Negative_F455,33.000000,2.497485,9.243171,0.151515,0.000000,0.000000,0.030303,0.030303,0.469697,0.393939,0.030303,-0.042121
Negative_F2337,13.000000,4.522902,10.479352,0.307692,0.076923,0.000000,0.000000,0.000000,-0.061538,0.384615,0.076923,1.279231
Negative_F1151,38.000000,6.334688,9.268313,0.026316,0.184211,0.000000,0.026316,0.000000,-0.815789,0.157895,0.052632,2.946842
Negative_F1504,98.000000,10.671965,10.390901,0.132653,0.020408,0.040816,0.020408,0.020408,-1.051020,0.244898,0.102041,1.717551
Negative_F2302,36.000000,2.543871,9.604452,0.166667,0.000000,0.000000,0.027778,0.055556,-0.544444,0.361111,0.111111,1.284167
Negative_F2255,55.000000,7.574684,10.229215,0.200000,0.090909,0.018182,0.018182,0.127273,-0.718182,0.381818,0.036364,2.512364
Negative_F646,38.000000,6.648383,10.469230,0.184211,0.026316,0.078947,0.000000,0.026316,-0.139474,0.394737,0.026316,0.731842
Negative_F1292,18.000000,4.584032,11.333751,0.222222,0.055556,0.055556,0.000000,0.000000,-0.077778,0.500000,0.111111,1.076667
Negative_F2121,53.000000,1.515015,8.299483,0.094340,0.037736,0.037736,0.056604,0.037736,-0.428302,0.358491,0.113208,1.507736
Negative_F391,45.000000,0.459714,7.761558,0.066667,0.022222,0.000000,0.044444,0.022222,-0.888889,0.133333,0.066667,2.077333
Negative_F514,28.000000,2.496811,9.243171,0.178571,0.000000,0.000000,0.071429,0.000000,0.210714,0.392857,0.000000,0.583929
Negative_F583,60.000000,-3.348470,4.794960,0.133333,0.000000,0.000000,0.050000,0.133333,-1.183333,0.283333,0.083333,2.750167
Negative_F1209,16.000000,-1.134435,5.246944,0.000000,0.000000,0.062500,0.000000,0.062500,0.600000,0.250000,0.125000,0.225000
Negative_F2385,35.000000,7.887373,11.203783,0.200000,0.085714,0.000000,0.028571,0.028571,-0.542857,0.342857,0.028571,1.853429
Negative_F1862,64.000000,5.333693,8.990648,0.078125,0.078125,0.000000,0.046875,0.015625,-0.723437,0.328125,0.171875,2.097031
Negative_F621,90.000000,-8.333045,5.159810,0.033333,0.044444,0.077778,0.066667,0.100000,-0.615556,0.355556,0.044444,2.355556
Negative_F2211,14.000000,3.239957,11.999968,0.142857,0.142857,0.071429,0.000000,0.000000,0.307143,0.500000,0.000000,1.470000
Negative_F2212,15.000000,3.250622,11.999968,0.000000,0.266667,0.000000,0.000000,0.000000,-0.473333,0.466667,0.133333,2.938667
Negative_F157,30.000000,3.367154,8.919539,0.066667,0.100000,0.000000,0.000000,0.033333,-0.346667,0.200000,0.100000,1.587333
Negative_F939,18.000000,1.552442,10.002737,0.111111,0.000000,0.000000,0.000000,0.000000,1.500000,0.666667,0.055556,-1.772778
Negative_F1557,35.000000,-1.231690,6.623300,0.000000,0.000000,0.171429,0.000000,0.028571,-1.171429,0.114286,0.114286,0.705429
Negative_F47,27.000000,2.546046,9.825643,0.148148,0.000000,0.000000,0.000000,0.037037,0.592593,0.555556,0.037037,-0.517407
Negative_F1101,39.000000,0.266514,7.798950,0.076923,0.000000,0.051282,0.025641,0.025641,-0.251282,0.358974,0.076923,0.816667
Negative_F1962,23.000000,-0.297426,7.098644,0.043478,0.000000,0.173913,0.000000,0.043478,0.517391,0.434783,0.043478,-0.707826
Negative_F2224,32.000000,9.554696,11.999968,0.000000,0.312500,0.000000,0.000000,0.000000,-1.115625,0.281250,0.125000,3.589375
Negative_F2438,33.000000,7.196037,9.697479,0.181818,0.060606,0.060606,0.000000,0.000000,-0.987879,0.151515,0.000000,2.581818
Negative_F512,28.000000,2.496811,9.243171,0.178571,0.000000,0.000000,0.071429,0.000000,0.203571,0.428571,0.000000,0.690357
Negative_F883,19.000000,0.550829,8.497529,0.157895,0.000000,0.000000,0.105263,0.000000,0.515789,0.526316,0.105263,0.351053
Negative_F900,27.000000,3.313406,10.419848,0.111111,0.148148,0.037037,0.074074,0.037037,-1.292593,0.333333,0.074074,3.789259
Negative_F320,36.000000,-0.416100,6.770911,0.055556,0.083333,0.027778,0.027778,0.111111,-1.208333,0.333333,0.111111,2.699167
Negative_F1947,68.000000,3.736010,8.787250,0.044118,0.088235,0.014706,0.029412,0.044118,-0.747059,0.161765,0.044118,2.097353
Negative_F851,19.000000,2.547877,10.001383,0.210526,0.000000,0.000000,0.052632,0.000000,0.736842,0.578947,0.105263,-0.396842
Negative_F568,37.000000,4.544094,10.115750,0.189189,0.081081,0.000000,0.054054,0.081081,-0.678378,0.351351,0.081081,2.262973
Negative_F451,44.000000,3.540096,9.779354,0.159091,0.000000,0.000000,0.022727,0.045455,-0.365909,0.431818,0.090909,0.977273
Negative_F1780,98.000000,1.539287,8.785896,0.020408,0.081633,0.010204,0.030612,0.051020,-0.265306,0.408163,0.102041,1.522755
Negative_F249,23.000000,3.518986,9.745960,0.130435,0.086957,0.000000,0.000000,0.043478,-0.891304,0.391304,0.260870,2.452174
Negative_F1387,28.000000,0.404037,7.769003,0.071429,0.000000,0.000000,0.000000,0.035714,0.882143,0.357143,0.142857,-0.362143
Negative_F488,14.000000,-0.442547,5.525000,0.000000,0.000000,0.000000,0.000000,0.000000,1.878571,0.642857,0.142857,-2.090000
Negative_F1199,46.000000,4.491511,9.627983,0.173913,0.021739,0.000000,0.043478,0.043478,0.221739,0.391304,0.043478,0.570435
Negative_F592,69.000000,3.513103,10.461494,0.043478,0.014493,0.000000,0.000000,0.000000,1.007246,0.579710,0.043478,-0.608406
Negative_F548,21.000000,2.546046,9.825643,0.190476,0.000000,0.000000,0.000000,0.047619,0.223810,0.428571,0.047619,-0.358095
Negative_F43,20.000000,1.552442,10.002737,0.100000,0.000000,0.000000,0.000000,0.000000,1.430000,0.550000,0.000000,-1.844000
Negative_F708,43.000000,-0.471831,6.970586,0.046512,0.000000,0.069767,0.046512,0.000000,-0.241860,0.348837,0.186047,0.574651
Negative_F582,51.000000,1.541218,9.057502,0.176471,0.000000,0.019608,0.039216,0.098039,-0.968627,0.352941,0.039216,2.263922
Negative_F1241,18.000000,0.246158,8.219542,0.111111,0.000000,0.000000,0.055556,0.000000,-1.105556,0.277778,0.111111,2.147778
Negative_F415,32.000000,4.795706,9.992422,0.125000,0.125000,0.218750,0.062500,0.031250,-2.296875,0.218750,0.156250,4.725000
Negative_F1637,17.000000,0.554947,8.750052,0.058824,0.000000,0.000000,0.000000,0.000000,1.635294,0.647059,0.235294,-2.128235
Negative_F1613,79.000000,5.330023,8.822966,0.037975,0.101266,0.025316,0.037975,0.025316,-0.573418,0.215190,0.025316,2.526076
Negative_F965,77.000000,12.227696,9.898492,0.181818,0.090909,0.038961,0.012987,0.090909,-1.240260,0.285714,0.103896,3.038052
Negative_F1688,13.000000,0.553562,8.591073,0.153846,0.000000,0.000000,0.000000,0.076923,0.830769,0.538462,0.153846,-0.806154
Negative_F992,24.000000,3.498424,9.701283,0.166667,0.000000,0.000000,0.000000,0.000000,1.162500,0.583333,0.083333,-0.835417
Negative_F1692,131.000000,9.496127,9.745831,0.007634,0.106870,0.030534,0.022901,0.015267,-0.585496,0.305344,0.083969,2.513893
Negative_F1231,52.000000,0.369639,7.740811,0.076923,0.038462,0.000000,0.057692,0.038462,0.151923,0.346154,0.076923,0.902692
Negative_F2362,34.000000,3.185791,9.245040,0.058824,0.117647,0.029412,0.029412,0.029412,-0.382353,0.323529,0.117647,2.175588
Negative_F427,88.000000,2.205976,8.625177,0.011364,0.102273,0.034091,0.045455,0.034091,-0.862500,0.329545,0.125000,2.802955
Negative_F1588,13.000000,0.554947,8.750052,0.076923,0.000000,0.000000,0.000000,0.000000,1.207692,0.692308,0.230769,-1.167692
Negative_F1373,28.000000,3.545371,10.176866,0.178571,0.000000,0.000000,0.035714,0.000000,0.596429,0.464286,0.000000,-0.103214
Negative_F1051,17.000000,0.554947,8.750052,0.058824,0.000000,0.000000,0.000000,0.000000,1.594118,0.588235,0.117647,-1.615294
Negative_F2103,54.000000,0.649021,8.130511,0.037037,0.037037,0.018519,0.018519,0.037037,0.127778,0.388889,0.037037,0.412407
Negative_F1454,24.000000,2.500929,9.390159,0.125000,0.000000,0.000000,0.000000,0.000000,0.933333,0.458333,0.041667,-0.189583
Negative_F258,19.000000,1.552863,9.994292,0.105263,0.052632,0.000000,0.052632,0.000000,0.915789,0.526316,0.000000,-0.122105
Negative_F553,39.000000,4.422050,8.923472,0.025641,0.102564,0.051282,0.000000,0.000000,-0.341026,0.282051,0.179487,1.572564
Negative_F350,31.000000,4.615647,10.295295,0.129032,0.032258,0.064516,0.000000,0.000000,-0.090323,0.483871,0.193548,0.762903
Negative_F694,13.000000,-0.405921,6.741127,0.000000,0.000000,0.076923,0.000000,0.000000,1.338462,0.615385,0.230769,-1.020769
Negative_F1403,22.000000,2.549936,10.302064,0.136364,0.000000,0.000000,0.000000,0.000000,0.922727,0.590909,0.000000,-0.901364
Negative_F2402,36.000000,5.391955,9.244460,0.222222,0.000000,0.000000,0.027778,0.027778,-0.116667,0.305556,0.027778,0.560000
Negative_F1093,57.000000,-1.687185,6.551342,0.087719,0.035088,0.105263,0.052632,0.087719,-0.949123,0.210526,0.052632,2.552105
Negative_F2296,76.000000,6.486719,9.219898,0.184211,0.000000,0.039474,0.026316,0.065789,-0.568421,0.315789,0.052632,1.486842
Negative_F1624,130.000000,7.377073,9.277790,0.038462,0.107692,0.007692,0.061538,0.023077,-0.485385,0.392308,0.100000,2.282000
Negative_F468,30.000000,2.536592,9.306994,0.133333,0.033333,0.033333,0.033333,0.033333,0.213333,0.433333,0.000000,0.902667
Negative_F212,39.000000,8.395720,9.895784,0.128205,0.128205,0.000000,0.025641,0.000000,-0.053846,0.307692,0.128205,1.975128
Negative_F1570,37.000000,1.540036,8.904003,0.027027,0.027027,0.027027,0.000000,0.000000,-0.097297,0.351351,0.081081,1.489189
Negative_F27,21.000000,-1.542620,4.050028,0.000000,0.000000,0.000000,0.047619,0.000000,1.157143,0.476190,0.190476,-0.943333
Negative_F1805,35.000000,1.502642,8.549878,0.028571,0.285714,0.028571,0.085714,0.171429,-2.248571,0.114286,0.028571,6.391429
Negative_F653,43.000000,3.530486,9.514454,0.116279,0.000000,0.023256,0.023256,0.000000,-0.548837,0.348837,0.116279,1.148140
Negative_F637,14.000000,0.250723,8.465102,0.071429,0.000000,0.000000,0.000000,0.000000,1.542857,0.571429,0.142857,-1.162857
Negative_F1439,45.000000,9.346267,9.754598,0.111111,0.111111,0.000000,0.000000,0.000000,-0.257778,0.244444,0.044444,1.975333
Negative_F651,43.000000,2.093286,8.815165,0.093023,0.000000,0.000000,0.023256,0.000000,-0.118605,0.348837,0.139535,0.269535
Negative_F1307,37.000000,4.493149,9.700445,0.189189,0.000000,0.000000,0.000000,0.054054,0.016216,0.378378,0.027027,0.578919
Negative_F1346,33.000000,3.494980,9.514389,0.181818,0.000000,0.000000,0.030303,0.030303,0.087879,0.393939,0.060606,0.783939
Negative_F80,13.000000,0.520645,8.720010,0.076923,0.000000,0.000000,0.000000,0.000000,1.900000,0.692308,0.000000,-2.285385
Negative_F2389,20.000000,5.588943,11.999968,0.050000,0.250000,0.050000,0.000000,0.000000,-0.805000,0.400000,0.200000,3.690500
Negative_F2401,25.000000,0.520645,8.720010,0.040000,0.000000,0.000000,0.000000,0.000000,0.944000,0.480000,0.080000,-1.010800
Negative_F113,42.000000,9.585648,11.362504,0.214286,0.047619,0.000000,0.023810,0.000000,-0.090476,0.452381,0.047619,1.165714
Negative_F2376,119.000000,11.761346,11.189665,0.025210,0.159664,0.050420,0.050420,0.033613,-1.296639,0.268908,0.084034,3.397983
Negative_F2371,11.000000,-0.478259,5.971584,0.000000,0.090909,0.000000,0.000000,0.090909,-0.381818,0.454545,0.181818,2.057273
Negative_F1595,43.000000,4.509201,9.125065,0.023256,0.139535,0.069767,0.023256,0.023256,-0.693023,0.279070,0.139535,2.471628
Negative_F216,25.000000,3.527631,9.305641,0.080000,0.080000,0.080000,0.000000,0.000000,-0.232000,0.160000,0.040000,1.554800
Negative_F1399,27.000000,-0.759099,6.410381,0.074074,0.000000,0.037037,0.074074,0.000000,0.107407,0.407407,0.111111,0.515185
Negative_F1972,56.000000,8.452573,10.133930,0.071429,0.142857,0.000000,0.035714,0.017857,-0.614286,0.250000,0.035714,2.773929
Negative_F792,39.000000,4.275664,10.288848,0.128205,0.051282,0.025641,0.051282,0.000000,-0.692308,0.384615,0.076923,1.843846
Negative_F312,20.000000,1.552442,10.002737,0.100000,0.000000,0.000000,0.000000,0.000000,1.545000,0.650000,0.100000,-1.578500
Negative_F231,33.000000,0.293265,7.710800,0.090909,0.000000,0.121212,0.030303,0.030303,-0.603030,0.303030,0.090909,1.773636
Negative_F1340,45.000000,-4.467578,4.704814,0.088889,0.088889,0.000000,0.044444,0.222222,-0.915556,0.333333,0.111111,3.107778
Negative_F1237,29.000000,2.501975,9.386677,0.034483,0.103448,0.000000,0.000000,0.034483,-0.413793,0.344828,0.103448,1.211034
Negative_F2357,30.000000,0.404037,7.769003,0.066667,0.000000,0.000000,0.000000,0.033333,0.563333,0.300000,0.066667,0.183667
Negative_F92,27.000000,3.496365,9.595362,0.185185,0.000000,0.000000,0.037037,0.000000,0.433333,0.407407,0.037037,-0.320000
Negative_F1486,59.000000,18.559946,11.999968,0.220339,0.118644,0.016949,0.000000,0.016949,-1.357627,0.271186,0.050847,3.283559
Negative_F1705,22.000000,-1.446280,4.870670,0.090909,0.045455,0.000000,0.045455,0.136364,-1.863636,0.136364,0.045455,3.188636
Negative_F985,29.000000,3.803273,10.166616,0.172414,0.068966,0.241379,0.068966,0.034483,-1.837931,0.172414,0.034483,3.741034
Negative_F1987,21.000000,3.586381,10.477676,0.190476,0.000000,0.095238,0.000000,0.000000,0.271429,0.523810,0.095238,0.020476
Negative_F1906,25.000000,2.647875,9.390352,0.080000,0.120000,0.040000,0.040000,0.040000,-0.708000,0.320000,0.080000,2.636000
Negative_F831,84.000000,-4.405966,4.050028,0.000000,0.000000,0.011905,0.035714,0.011905,0.065476,0.369048,0.047619,0.285714
Negative_F1473,87.000000,10.408807,10.296713,0.080460,0.126437,0.000000,0.022989,0.057471,-0.232184,0.390805,0.080460,2.100345
Negative_F2161,38.000000,14.537232,11.999968,0.210526,0.184211,0.000000,0.000000,0.000000,-0.494737,0.368421,0.078947,2.374474
Negative_F840,20.000000,-1.539440,4.050028,0.000000,0.000000,0.000000,0.000000,0.050000,0.940000,0.250000,0.050000,-0.508500
Negative_F1015,20.000000,-0.405921,6.741127,0.000000,0.000000,0.050000,0.000000,0.000000,1.475000,0.700000,0.050000,-1.347500
Negative_F1801,13.000000,0.554947,8.750052,0.076923,0.000000,0.000000,0.000000,0.000000,1.669231,0.615385,0.153846,-2.117692
Negative_F1448,23.000000,-4.439553,4.050028,0.000000,0.043478,0.000000,0.086957,0.130435,-0.982609,0.260870,0.086957,2.650435
Negative_F1921,43.000000,2.389943,8.512486,0.046512,0.093023,0.023256,0.046512,0.023256,-0.358140,0.232558,0.093023,1.909535
Negative_F1248,20.000000,7.495843,11.132288,0.250000,0.150000,0.000000,0.000000,0.000000,-0.495000,0.350000,0.150000,2.439000
Negative_F266,34.000000,9.348747,9.825643,0.117647,0.176471,0.000000,0.000000,0.000000,-0.417647,0.264706,0.117647,2.668235
Negative_F737,18.000000,-2.465483,4.050028,0.000000,0.000000,0.000000,0.055556,0.055556,1.122222,0.666667,0.111111,-0.718333
Negative_F57,46.000000,5.491486,9.834410,0.173913,0.043478,0.000000,0.043478,0.043478,0.082609,0.369565,0.021739,0.986304
Negative_F1202,29.000000,2.496811,9.243171,0.172414,0.000000,0.000000,0.068966,0.000000,0.234483,0.413793,0.034483,0.628966
Negative_F1110,12.000000,0.587009,8.505008,0.166667,0.000000,0.083333,0.083333,0.000000,-0.516667,0.333333,0.083333,0.948333
Negative_F572,23.000000,0.552888,8.590944,0.086957,0.000000,0.000000,0.043478,0.000000,0.756522,0.434783,0.000000,-0.423913
Negative_F1042,21.000000,0.033597,7.420978,0.000000,0.000000,0.619048,0.000000,0.000000,-2.361905,0.000000,0.000000,2.705714
Negative_F830,22.000000,-0.517695,5.939925,0.045455,0.045455,0.000000,0.090909,0.000000,0.195455,0.318182,0.090909,1.169545
Negative_F1032,36.000000,-0.417474,6.761760,0.027778,0.111111,0.027778,0.083333,0.055556,-1.194444,0.388889,0.138889,3.009722
Negative_F1309,20.000000,-0.443224,6.282380,0.100000,0.000000,0.000000,0.000000,0.100000,0.725000,0.500000,0.150000,-0.375500
Negative_F778,31.000000,1.401531,8.325270,0.096774,0.000000,0.000000,0.000000,0.032258,0.470968,0.290323,0.096774,0.253871
Negative_F2125,37.000000,6.552266,11.999968,0.000000,0.189189,0.000000,0.000000,0.000000,-1.281081,0.243243,0.243243,2.299730
Negative_F1104,51.000000,8.386894,9.651127,0.176471,0.039216,0.000000,0.019608,0.019608,-0.470588,0.274510,0.098039,1.796667
Negative_F1796,17.000000,0.554947,8.750052,0.058824,0.000000,0.000000,0.000000,0.000000,1.835294,0.647059,0.117647,-2.049412
Negative_F1050,33.000000,0.103983,7.565975,0.060606,0.000000,0.000000,0.000000,0.030303,0.251515,0.303030,0.030303,0.596970
Negative_F1020,20.000000,5.510598,11.388421,0.250000,0.050000,0.000000,0.000000,0.000000,-0.280000,0.400000,0.100000,0.947000
Negative_F2136,12.000000,6.557277,11.999968,0.000000,0.583333,0.000000,0.000000,0.000000,-3.000000,0.416667,0.416667,7.732500
Negative_F14,16.000000,0.552888,8.590944,0.125000,0.000000,0.000000,0.062500,0.000000,1.237500,0.562500,0.062500,-1.011875
Negative_F1763,34.000000,14.524830,11.999968,0.382353,0.058824,0.000000,0.000000,0.000000,-0.435294,0.411765,0.147059,1.586176
Negative_F904,30.000000,5.456808,10.706474,0.033333,0.166667,0.000000,0.000000,0.000000,-0.070000,0.300000,0.100000,2.122667
Negative_F1755,21.000000,3.498424,9.701283,0.190476,0.000000,0.000000,0.000000,0.000000,1.171429,0.571429,0.142857,-0.782857
Negative_F2363,28.000000,4.540310,10.118974,0.142857,0.071429,0.000000,0.035714,0.000000,-1.982143,0.285714,0.142857,3.337500
Negative_F764,31.000000,0.438488,7.773096,0.129032,0.000000,0.032258,0.032258,0.064516,-0.016129,0.290323,0.096774,1.005806
Negative_F256,19.000000,1.550383,9.703024,0.157895,0.000000,0.000000,0.052632,0.000000,0.947368,0.526316,0.052632,-0.697895
Negative_F1994,26.000000,5.665971,10.655737,0.153846,0.076923,0.076923,0.000000,0.000000,-0.276923,0.461538,0.115385,1.642308
Negative_F695,19.000000,0.628200,8.764171,0.052632,0.000000,0.105263,0.000000,0.000000,1.415789,0.631579,0.052632,-1.330526
Negative_F2192,20.000000,4.625594,11.999968,0.050000,0.200000,0.100000,0.000000,0.000000,-0.290000,0.450000,0.100000,2.385500
Negative_F226,23.000000,1.712645,9.995130,0.043478,0.043478,0.130435,0.000000,0.000000,0.756522,0.565217,0.217391,-0.161739
Negative_F477,66.000000,3.792849,9.698060,0.060606,0.045455,0.060606,0.015152,0.030303,-0.981818,0.333333,0.151515,2.227879
Negative_F2204,19.000000,4.503334,10.860038,0.052632,0.210526,0.000000,0.000000,0.000000,-0.463158,0.368421,0.157895,3.045789
Negative_F672,13.000000,-1.442101,4.050028,0.000000,0.000000,0.000000,0.076923,0.000000,1.461538,0.615385,0.000000,-1.340000
Negative_F1535,174.000000,5.478728,9.457335,0.063218,0.063218,0.040230,0.068966,0.022989,-0.645977,0.350575,0.114943,2.000230
Negative_F1673,29.000000,4.546021,10.582759,0.172414,0.034483,0.000000,0.000000,0.034483,0.327586,0.482759,0.068966,0.554138
Negative_F272,38.000000,5.447215,9.303255,0.105263,0.105263,0.000000,0.026316,0.026316,-0.831579,0.236842,0.131579,2.401579
Negative_F1672,24.000000,3.547430,10.477740,0.166667,0.000000,0.000000,0.000000,0.000000,0.691667,0.500000,0.041667,-0.279583
Negative_F2345,35.000000,1.481936,8.346093,0.028571,0.114286,0.057143,0.000000,0.085714,-0.842857,0.200000,0.028571,2.938857
Negative_F947,14.000000,1.554922,11.000837,0.071429,0.071429,0.000000,0.000000,0.000000,1.400000,0.571429,0.142857,-0.776429
Negative_F1019,14.000000,2.500929,9.390159,0.214286,0.000000,0.000000,0.000000,0.000000,1.250000,0.571429,0.214286,-1.104286
Negative_F526,50.000000,5.506896,9.271666,0.080000,0.160000,0.000000,0.040000,0.080000,-1.008000,0.260000,0.100000,3.420800
Negative_F1186,23.000000,-1.492939,4.050028,0.000000,0.000000,0.000000,0.000000,0.043478,0.252174,0.304348,0.043478,0.066957
Negative_F439,40.000000,0.466101,7.771334,0.125000,0.000000,0.050000,0.075000,0.025000,-0.695000,0.250000,0.150000,1.401750
Negative_F360,14.000000,2.549936,10.302064,0.214286,0.000000,0.000000,0.000000,0.000000,1.157143,0.714286,0.000000,-0.962143
Negative_F2021,20.000000,-2.539668,4.050028,0.000000,0.000000,0.000000,0.100000,0.000000,0.975000,0.400000,0.150000,-0.683500
Negative_F2334,12.000000,3.554872,11.999968,0.083333,0.250000,0.000000,0.000000,0.000000,0.991667,0.666667,0.083333,1.361667
Negative_F2158,45.000000,1.315470,9.397508,0.044444,0.044444,0.044444,0.022222,0.022222,-0.248889,0.444444,0.111111,1.236667
Negative_F1088,83.000000,1.934282,8.263445,0.084337,0.072289,0.012048,0.048193,0.072289,-0.779518,0.192771,0.084337,2.268795
Negative_F1080,19.000000,2.549936,10.302064,0.157895,0.000000,0.000000,0.000000,0.000000,1.252632,0.578947,0.000000,-1.158421
Negative_F1005,13.000000,1.552442,10.002737,0.153846,0.000000,0.000000,0.000000,0.000000,1.507692,0.615385,0.153846,-1.618462
Negative_F1159,17.000000,1.551057,9.703024,0.176471,0.000000,0.000000,0.000000,0.058824,0.300000,0.470588,0.058824,0.131765
Negative_F790,36.000000,2.607156,9.245749,0.138889,0.055556,0.000000,0.083333,0.027778,-0.591667,0.305556,0.111111,2.004444
Negative_F2254,39.000000,6.546777,11.043708,0.153846,0.128205,0.000000,0.000000,0.102564,-0.482051,0.410256,0.076923,2.378205
Negative_F1091,22.000000,1.549911,9.699800,0.045455,0.045455,0.000000,0.000000,0.000000,0.468182,0.636364,0.181818,-0.270909
Negative_F432,14.000000,0.550829,8.497529,0.214286,0.000000,0.000000,0.142857,0.000000,0.064286,0.571429,0.071429,0.648571
Negative_F1092,55.000000,4.426208,8.934883,0.236364,0.000000,0.000000,0.127273,0.018182,-1.374545,0.200000,0.090909,3.123091
Negative_F703,47.000000,5.386727,9.081742,0.127660,0.085106,0.021277,0.021277,0.063830,-0.487234,0.191489,0.042553,2.278085
Negative_F1149,34.000000,-0.405469,6.914259,0.088235,0.000000,0.058824,0.000000,0.088235,-0.585294,0.352941,0.147059,1.296176
Negative_F2153,37.000000,3.533013,9.474935,0.000000,0.135135,0.054054,0.027027,0.000000,-0.600000,0.216216,0.054054,2.506216
Negative_F2395,24.000000,2.531556,9.189146,0.125000,0.083333,0.041667,0.041667,0.041667,-0.645833,0.375000,0.166667,2.119583
Negative_F1181,18.000000,4.410307,9.302804,0.000000,0.277778,0.000000,0.000000,0.000000,0.355556,0.222222,0.055556,2.917222
Negative_F991,24.000000,2.500929,9.390159,0.125000,0.000000,0.000000,0.000000,0.000000,1.241667,0.583333,0.125000,-1.069583
Negative_F416,12.000000,0.554947,8.750052,0.083333,0.000000,0.000000,0.000000,0.000000,1.850000,0.583333,0.000000,-2.428333
Negative_F2397,20.000000,0.578734,8.241139,0.100000,0.000000,0.000000,0.050000,0.000000,0.625000,0.450000,0.050000,-0.150500
Negative_F1878,58.000000,5.423728,9.173674,0.172414,0.017241,0.017241,0.034483,0.051724,-0.327586,0.310345,0.034483,1.609828
Negative_F381,31.000000,0.455970,7.877859,0.064516,0.032258,0.000000,0.032258,0.032258,0.016129,0.322581,0.096774,0.993548
Negative_F1332,20.000000,4.551229,10.333009,0.150000,0.100000,0.000000,0.000000,0.000000,-0.670000,0.250000,0.050000,1.611500
Negative_F1533,81.000000,-1.454076,5.804478,0.037037,0.086420,0.012346,0.061728,0.074074,-0.201235,0.419753,0.086420,1.762593
Negative_F2370,37.000000,3.549886,11.097153,0.054054,0.054054,0.000000,0.000000,0.000000,-0.224324,0.189189,0.135135,-0.138378
Negative_F782,22.000000,3.547430,10.477740,0.181818,0.000000,0.000000,0.000000,0.000000,0.831818,0.590909,0.000000,-0.632273
Negative_F1885,13.000000,3.547430,10.477740,0.307692,0.000000,0.000000,0.000000,0.000000,0.707692,0.538462,0.000000,-0.513077
Negative_F1013,13.000000,0.554947,8.750052,0.076923,0.000000,0.000000,0.000000,0.000000,1.723077,0.692308,0.076923,-2.298462
Negative_F1778,57.000000,5.336936,8.859713,0.000000,0.122807,0.035088,0.017544,0.000000,-0.210526,0.175439,0.017544,2.261579
Negative_F1261,18.000000,1.551057,9.703024,0.166667,0.000000,0.000000,0.000000,0.055556,0.250000,0.555556,0.055556,0.217778
Negative_F1320,24.000000,2.503410,9.503945,0.083333,0.041667,0.000000,0.000000,0.000000,1.258333,0.583333,0.083333,-0.800417
Negative_F1521,13.000000,1.587658,9.699929,0.153846,0.076923,0.076923,0.000000,0.076923,0.600000,0.615385,0.076923,0.380769
Negative_F2028,43.000000,2.480166,8.689194,0.046512,0.069767,0.046512,0.023256,0.023256,0.362791,0.395349,0.046512,0.936977
Negative_F848,39.000000,2.618153,9.823322,0.051282,0.025641,0.051282,0.000000,0.000000,-1.048718,0.282051,0.205128,1.092564
Negative_F629,31.000000,2.548585,9.825643,0.161290,0.000000,0.000000,0.032258,0.032258,0.300000,0.419355,0.000000,0.156129
Negative_F2181,19.000000,1.589068,10.002802,0.105263,0.000000,0.052632,0.000000,0.000000,1.273684,0.631579,0.052632,-1.256316
Negative_F1122,19.000000,0.479378,7.948903,0.105263,0.000000,0.000000,0.052632,0.000000,-0.189474,0.210526,0.157895,1.328421
Negative_F2096,51.000000,1.382278,8.259577,0.078431,0.098039,0.000000,0.039216,0.098039,-0.609804,0.235294,0.078431,2.520392
Negative_F341,22.000000,2.547877,10.001383,0.181818,0.000000,0.000000,0.045455,0.000000,0.172727,0.500000,0.090909,0.218182
Negative_F2200,12.000000,2.591498,11.711343,0.000000,0.250000,0.083333,0.000000,0.000000,-1.508333,0.416667,0.250000,3.859167
Negative_F1068,42.000000,4.589406,10.866420,0.071429,0.166667,0.023810,0.047619,0.071429,-0.911905,0.333333,0.142857,3.058333
Negative_F2319,24.000000,2.500929,9.390159,0.125000,0.000000,0.000000,0.000000,0.000000,1.233333,0.541667,0.041667,-1.085417
Negative_F1477,74.000000,10.427167,9.924795,0.162162,0.054054,0.000000,0.054054,0.013514,-0.700000,0.310811,0.067568,2.033108
Negative_F875,17.000000,3.194174,9.697737,0.176471,0.058824,0.000000,0.000000,0.000000,-1.217647,0.176471,0.117647,1.967059
Negative_F1029,11.000000,1.554922,11.000837,0.090909,0.090909,0.000000,0.000000,0.000000,-0.700000,0.363636,0.181818,1.580000
Negative_F2120,22.000000,5.586487,11.999968,0.136364,0.136364,0.045455,0.000000,0.000000,-0.418182,0.454545,0.227273,1.939545
Negative_F1984,18.000000,3.495918,9.595362,0.222222,0.000000,0.000000,0.000000,0.000000,-0.311111,0.388889,0.277778,0.241667
Negative_F380,21.000000,-1.409811,5.240180,0.000000,0.000000,0.047619,0.000000,0.047619,0.400000,0.428571,0.190476,-0.648095
Negative_F1335,20.000000,2.199185,9.499755,0.100000,0.050000,0.000000,0.000000,0.000000,-0.240000,0.300000,0.150000,0.580000
Negative_F693,13.000000,-0.442547,5.525000,0.000000,0.000000,0.000000,0.000000,0.000000,1.807692,0.615385,0.076923,-1.913077
Negative_F641,23.000000,1.540061,8.904518,0.086957,0.000000,0.043478,0.000000,0.000000,1.039130,0.434783,0.000000,-1.106957
Negative_F1014,17.000000,1.552442,10.002737,0.117647,0.000000,0.000000,0.000000,0.000000,1.511765,0.647059,0.117647,-1.791765
Negative_F1728,19.000000,1.554922,11.000837,0.052632,0.052632,0.000000,0.000000,0.000000,0.836842,0.526316,0.000000,-0.549474
Negative_F1856,32.000000,3.542371,10.075844,0.062500,0.187500,0.031250,0.093750,0.031250,-1.059375,0.250000,0.093750,4.333125
Negative_F946,17.000000,0.554947,8.750052,0.058824,0.000000,0.000000,0.000000,0.000000,1.758824,0.647059,0.176471,-2.190588
Negative_F2187,35.000000,-2.516549,4.050028,0.028571,0.000000,0.000000,0.057143,0.028571,0.720000,0.428571,0.057143,-0.239143
Negative_F2023,43.000000,3.542602,9.876121,0.162791,0.000000,0.000000,0.023256,0.046512,-0.316279,0.441860,0.093023,0.925814
Negative_F741,25.000000,8.238827,11.772717,0.280000,0.120000,0.000000,0.000000,0.040000,-1.248000,0.360000,0.080000,2.845200
Negative_F7,12.000000,3.508346,11.526383,0.000000,0.333333,0.000000,0.000000,0.000000,1.033333,0.500000,0.000000,2.520000
Negative_F1163,74.000000,5.453296,9.204941,0.027027,0.162162,0.027027,0.040541,0.067568,-0.774324,0.310811,0.121622,3.130000
Negative_F2064,12.000000,4.557327,11.999968,0.000000,0.416667,0.000000,0.000000,0.000000,-0.200000,0.583333,0.166667,3.925000
Negative_F38,40.000000,7.405246,10.210712,0.025000,0.175000,0.000000,0.000000,0.000000,-0.195000,0.300000,0.050000,2.184750
Negative_F382,56.000000,6.535866,10.074039,0.178571,0.053571,0.000000,0.017857,0.089286,-0.730357,0.392857,0.107143,1.876250
Negative_F2434,128.000000,5.521138,8.978077,0.062500,0.078125,0.039062,0.046875,0.046875,-0.916406,0.257812,0.070312,2.917422
Negative_F1460,120.000000,5.527568,9.083418,0.083333,0.083333,0.033333,0.058333,0.058333,-0.905000,0.291667,0.125000,2.657750
Negative_F132,25.000000,3.654804,10.176931,0.160000,0.000000,0.120000,0.000000,0.000000,-0.068000,0.480000,0.160000,0.203200
Negative_F2143,21.000000,-1.441426,4.050028,0.000000,0.000000,0.000000,0.000000,0.047619,1.271429,0.571429,0.047619,-1.000476
Negative_F2223,51.000000,3.386966,8.730969,0.019608,0.098039,0.019608,0.019608,0.019608,-0.460784,0.274510,0.078431,2.138039
Negative_F2002,29.000000,15.200549,11.999968,0.103448,0.448276,0.000000,0.000000,0.000000,-2.268966,0.172414,0.034483,7.212069
Negative_F1480,69.000000,4.485758,9.212033,0.115942,0.028986,0.000000,0.043478,0.028986,-0.371014,0.362319,0.086957,1.393478
Negative_F1150,38.000000,6.332207,9.239754,0.052632,0.157895,0.000000,0.026316,0.000000,-0.821053,0.131579,0.026316,2.754474
Negative_F1939,21.000000,5.539961,11.556748,0.095238,0.190476,0.047619,0.000000,0.000000,-0.761905,0.285714,0.047619,3.272857
Negative_F387,20.000000,4.548748,10.065401,0.200000,0.050000,0.000000,0.000000,0.000000,-0.600000,0.250000,0.050000,1.313000
Negative_F319,25.000000,4.584875,11.068980,0.160000,0.120000,0.040000,0.080000,0.000000,0.156000,0.520000,0.000000,1.661200
Negative_F457,38.000000,4.494533,9.788896,0.157895,0.000000,0.000000,0.000000,0.026316,0.442105,0.394737,0.026316,0.057895
Negative_F839,37.000000,-0.730981,6.655641,0.054054,0.000000,0.054054,0.027027,0.027027,0.575676,0.486486,0.081081,0.108378
Negative_F2280,33.000000,2.532991,9.243364,0.121212,0.000000,0.030303,0.030303,0.000000,0.378788,0.484848,0.121212,0.225152
Negative_F383,46.000000,0.497839,7.734389,0.086957,0.021739,0.086957,0.065217,0.021739,-0.547826,0.239130,0.086957,2.086522
Negative_F1484,69.000000,3.480319,9.074135,0.057971,0.101449,0.014493,0.072464,0.028986,-0.279710,0.405797,0.115942,1.856232
Negative_F2062,59.000000,2.353580,8.409466,0.169492,0.016949,0.016949,0.033898,0.101695,-0.232203,0.305085,0.033898,1.480847
Negative_F130,30.000000,2.598901,10.001706,0.133333,0.000000,0.000000,0.000000,0.033333,0.033333,0.433333,0.033333,0.312667
Negative_F1668,29.000000,5.540360,10.398315,0.241379,0.000000,0.000000,0.034483,0.000000,0.262069,0.482759,0.000000,0.267241
Negative_F2325,33.000000,12.586311,11.999968,0.090909,0.303030,0.030303,0.000000,0.000000,-0.893939,0.333333,0.121212,4.257879
Negative_F146,32.000000,3.457862,8.961637,0.000000,0.187500,0.000000,0.000000,0.062500,-0.112500,0.281250,0.062500,2.609062
Negative_F1924,34.000000,7.540310,11.301130,0.205882,0.058824,0.000000,0.029412,0.000000,-0.029412,0.470588,0.000000,1.158824
Negative_F1812,14.000000,0.552888,8.590944,0.142857,0.000000,0.000000,0.071429,0.000000,0.650000,0.571429,0.071429,-0.502857
Negative_F1621,43.000000,5.303012,10.218255,0.162791,0.023256,0.023256,0.023256,0.023256,-0.109302,0.511628,0.186047,0.526279
Negative_F836,27.000000,-0.422191,6.900617,0.037037,0.000000,0.074074,0.000000,0.037037,0.292593,0.370370,0.148148,0.492222
Negative_F1854,53.000000,5.542321,11.214872,0.037736,0.150943,0.018868,0.056604,0.018868,-0.886792,0.188679,0.056604,3.025283
Negative_F1133,37.000000,2.429875,8.797888,0.027027,0.054054,0.000000,0.000000,0.000000,0.240541,0.378378,0.081081,0.445676
Negative_F1200,46.000000,5.491486,9.834410,0.173913,0.043478,0.000000,0.043478,0.043478,0.176087,0.391304,0.021739,0.853913
Negative_F2343,75.000000,2.298579,8.384065,0.080000,0.053333,0.000000,0.080000,0.013333,-0.728000,0.266667,0.173333,1.976000
Negative_F33,42.000000,8.444353,11.201140,0.023810,0.190476,0.023810,0.000000,0.000000,-0.392857,0.238095,0.071429,2.680238
Negative_F1838,63.000000,11.215422,11.102568,0.126984,0.095238,0.000000,0.000000,0.031746,-0.715873,0.380952,0.079365,2.311429
Negative_F546,23.000000,0.550829,8.497529,0.130435,0.000000,0.000000,0.086957,0.000000,0.043478,0.434783,0.086957,0.579130
Negative_F793,62.000000,2.387504,8.416106,0.064516,0.048387,0.032258,0.048387,0.016129,-0.279032,0.354839,0.145161,1.389194
Negative_F2163,26.000000,4.242413,11.999968,0.038462,0.153846,0.038462,0.000000,0.000000,-0.450000,0.461538,0.115385,1.753077
Negative_F1059,82.000000,-4.045970,4.997080,0.085366,0.012195,0.012195,0.036585,0.097561,-0.585366,0.195122,0.097561,1.265366
Negative_F1063,63.000000,3.350583,8.730712,0.063492,0.063492,0.000000,0.063492,0.000000,-0.007937,0.301587,0.031746,1.374762
Negative_F1797,17.000000,0.554947,8.750052,0.058824,0.000000,0.000000,0.000000,0.000000,1.676471,0.647059,0.176471,-2.035882
Negative_F2155,17.000000,0.520645,8.720010,0.058824,0.000000,0.000000,0.000000,0.000000,1.541176,0.647059,0.058824,-1.575882
Negative_F159,44.000000,1.413051,8.248037,0.090909,0.068182,0.022727,0.000000,0.113636,-0.506818,0.318182,0.068182,2.086364
Negative_F44,20.000000,1.552442,10.002737,0.100000,0.000000,0.000000,0.000000,0.000000,1.490000,0.550000,0.000000,-1.972500
Negative_F1008,24.000000,3.498424,9.701283,0.166667,0.000000,0.000000,0.000000,0.000000,1.066667,0.541667,0.125000,-0.898750
Negative_F632,13.000000,0.554947,8.750052,0.076923,0.000000,0.000000,0.000000,0.000000,1.884615,0.615385,0.076923,-2.398462
Negative_F829,30.000000,-1.507378,5.319414,0.033333,0.000000,0.033333,0.033333,0.033333,-0.290000,0.333333,0.166667,1.116667
Negative_F1463,101.000000,-1.681383,6.268113,0.118812,0.029703,0.029703,0.108911,0.049505,-0.750495,0.336634,0.089109,2.300099
Negative_F1435,68.000000,0.522980,7.849429,0.102941,0.176471,0.029412,0.044118,0.220588,-2.929412,0.088235,0.058824,6.405882
Negative_F2010,17.000000,2.590386,9.505428,0.117647,0.058824,0.058824,0.000000,0.000000,0.711765,0.529412,0.117647,0.320588
Negative_F1139,24.000000,5.591448,11.999968,0.041667,0.208333,0.041667,0.000000,0.000000,-0.437500,0.416667,0.083333,2.412500
Negative_F1393,28.000000,0.404037,7.769003,0.071429,0.000000,0.000000,0.000000,0.035714,0.750000,0.357143,0.071429,-0.237143
Negative_F208,22.000000,-0.370679,6.920852,0.045455,0.000000,0.090909,0.000000,0.045455,1.431818,0.681818,0.090909,-1.371364
Negative_F1447,22.000000,0.205887,8.410110,0.045455,0.000000,0.000000,0.000000,0.000000,1.272727,0.590909,0.000000,-0.868182
Negative_F36,42.000000,8.441847,10.739417,0.023810,0.190476,0.023810,0.000000,0.000000,-0.338095,0.261905,0.095238,2.443095
Negative_F1441,31.000000,2.570813,8.975111,0.032258,0.225806,0.096774,0.129032,0.032258,-2.425806,0.032258,0.000000,6.364194
Negative_F1073,21.000000,1.199210,8.885049,0.095238,0.000000,0.000000,0.000000,0.000000,0.995238,0.380952,0.047619,-0.713333
Negative_F1121,45.000000,5.443886,9.485250,0.044444,0.155556,0.022222,0.044444,0.022222,-0.571111,0.244444,0.066667,3.050889
Negative_F715,19.000000,0.664827,8.770875,0.052632,0.000000,0.157895,0.000000,0.000000,0.852632,0.578947,0.105263,-0.553684
Negative_F2111,13.000000,0.554947,8.750052,0.076923,0.000000,0.000000,0.000000,0.000000,1.738462,0.692308,0.307692,-2.287692
Negative_F1831,43.000000,6.628407,10.729038,0.162791,0.046512,0.023256,0.023256,0.023256,0.088372,0.465116,0.046512,1.055349
Negative_F376,22.000000,2.667257,11.999968,0.000000,0.136364,0.136364,0.000000,0.000000,0.454545,0.454545,0.136364,0.980000
Negative_F1874,31.000000,0.177396,7.625769,0.096774,0.161290,0.064516,0.129032,0.096774,-2.038710,0.129032,0.064516,5.210000
Negative_F219,37.000000,3.432893,8.886661,0.135135,0.027027,0.027027,0.054054,0.000000,-0.929730,0.135135,0.054054,2.305676
Negative_F77,13.000000,0.554947,8.750052,0.076923,0.000000,0.000000,0.000000,0.000000,1.861538,0.692308,0.153846,-2.252308
Negative_F9,60.000000,16.557026,11.999968,0.000000,0.283333,0.000000,0.000000,0.000000,-1.285000,0.200000,0.050000,3.293333
Negative_F303,30.000000,4.542866,10.301548,0.200000,0.000000,0.000000,0.033333,0.000000,0.026667,0.500000,0.066667,-0.036000
Negative_F1923,114.000000,9.534703,9.844467,0.035088,0.070175,0.008772,0.008772,0.008772,-0.569298,0.219298,0.096491,1.375175
Negative_F2360,25.000000,4.735499,11.999968,0.080000,0.120000,0.200000,0.000000,0.000000,0.040000,0.440000,0.080000,1.607600
Negative_F1491,31.000000,4.496761,9.899523,0.161290,0.064516,0.000000,0.064516,0.000000,-0.109677,0.387097,0.096774,1.336774
Negative_F1089,75.000000,3.304611,8.606030,0.053333,0.106667,0.000000,0.080000,0.026667,-0.862667,0.226667,0.093333,3.002000
Negative_F2259,52.000000,4.460197,9.022560,0.134615,0.000000,0.038462,0.019231,0.019231,-0.730769,0.230769,0.076923,1.586538
Negative_F2268,39.000000,6.446447,9.330461,0.179487,0.128205,0.051282,0.025641,0.102564,-1.469231,0.076923,0.025641,4.217692
Negative_F95,35.000000,5.545032,10.637300,0.171429,0.085714,0.000000,0.028571,0.057143,-0.111429,0.485714,0.057143,1.420571
Negative_F619,18.000000,3.410332,9.007539,0.000000,0.222222,0.000000,0.000000,0.000000,0.488889,0.222222,0.111111,2.290000
Negative_F1730,17.000000,2.585178,10.001383,0.235294,0.000000,0.058824,0.000000,0.058824,0.076471,0.470588,0.058824,0.136471
Negative_F1860,20.000000,3.498399,9.699478,0.150000,0.050000,0.000000,0.000000,0.000000,-0.275000,0.350000,0.150000,1.405500
Negative_F2166,29.000000,4.495662,9.699285,0.241379,0.034483,0.000000,0.034483,0.068966,-0.858621,0.275862,0.034483,2.237241
Negative_F2386,103.000000,-2.351072,5.893089,0.058252,0.077670,0.029126,0.087379,0.067961,-1.068932,0.359223,0.165049,2.525631
Negative_F1937,79.000000,7.657126,9.746604,0.075949,0.075949,0.075949,0.025316,0.025316,-0.610127,0.329114,0.101266,2.124177
Negative_F800,54.000000,-0.627855,6.714413,0.129630,0.037037,0.018519,0.092593,0.074074,-1.105556,0.277778,0.129630,2.870556
Negative_F1406,25.000000,2.548551,10.001383,0.160000,0.000000,0.000000,0.000000,0.040000,0.044000,0.400000,0.080000,0.043600
Negative_F299,30.000000,6.537855,10.477418,0.266667,0.000000,0.000000,0.033333,0.000000,-0.683333,0.466667,0.100000,0.658667
Negative_F1546,104.000000,-0.909276,6.796147,0.038462,0.048077,0.038462,0.057692,0.028846,-0.216346,0.355769,0.115385,1.509904
Negative_F1841,52.000000,5.348306,9.081613,0.096154,0.076923,0.000000,0.038462,0.019231,-0.230769,0.269231,0.038462,1.959808
Negative_F2250,19.000000,0.552888,8.590944,0.105263,0.000000,0.000000,0.052632,0.000000,1.094737,0.578947,0.105263,-0.648421
Negative_F537,40.000000,6.661232,11.999968,0.075000,0.150000,0.075000,0.025000,0.025000,-0.565000,0.350000,0.025000,2.797250
Negative_F2069,13.000000,0.554947,8.750052,0.076923,0.000000,0.000000,0.000000,0.000000,1.492308,0.615385,0.230769,-1.201538
Negative_F880,35.000000,4.546442,10.565030,0.142857,0.057143,0.000000,0.028571,0.028571,0.128571,0.485714,0.057143,0.871143
Negative_F69,13.000000,-0.476849,5.494989,0.000000,0.000000,0.000000,0.000000,0.000000,1.723077,0.615385,0.000000,-1.749231
Negative_F2373,39.000000,6.569830,10.075844,0.205128,0.051282,0.025641,0.000000,0.076923,-1.325641,0.333333,0.128205,2.833590
Negative_F302,29.000000,2.544433,9.701025,0.206897,0.000000,0.000000,0.068966,0.034483,-0.358621,0.482759,0.103448,0.755517
Negative_F2322,54.000000,0.652745,8.359051,0.037037,0.000000,0.055556,0.018519,0.000000,-0.244444,0.444444,0.148148,0.745185
Negative_F411,25.000000,4.618178,10.602487,0.200000,0.000000,0.080000,0.000000,0.000000,0.064000,0.520000,0.080000,0.247600
Negative_F1993,16.000000,2.559554,9.630626,0.187500,0.000000,0.062500,0.000000,0.000000,0.025000,0.437500,0.187500,0.069375
Negative_F835,27.000000,-0.444189,6.892489,0.037037,0.000000,0.074074,0.000000,0.037037,0.051852,0.296296,0.111111,0.889630
Negative_F280,16.000000,0.552888,8.590944,0.125000,0.000000,0.000000,0.062500,0.000000,1.281250,0.562500,0.062500,-1.011875
Negative_F1334,20.000000,1.199185,8.884533,0.050000,0.050000,0.000000,0.000000,0.000000,-0.240000,0.300000,0.150000,0.758000
Negative_F1354,31.000000,3.193236,9.592203,0.161290,0.032258,0.000000,0.032258,0.032258,0.074194,0.387097,0.064516,0.848065
Negative_F1478,75.000000,10.503154,9.979335,0.146667,0.053333,0.026667,0.026667,0.026667,-0.501333,0.333333,0.080000,1.893333
Negative_F1541,69.000000,13.507681,10.158751,0.275362,0.014493,0.000000,0.028986,0.057971,-0.604348,0.434783,0.086957,1.486232
Negative_F961,40.000000,0.530313,7.830088,0.050000,0.050000,0.050000,0.075000,0.000000,0.202500,0.375000,0.025000,1.204000
Negative_F1240,43.000000,-0.435204,7.042772,0.046512,0.000000,0.093023,0.046512,0.000000,-0.318605,0.348837,0.186047,0.886279
Negative_F2221,38.000000,2.351775,8.511777,0.026316,0.078947,0.000000,0.026316,0.000000,-0.178947,0.236842,0.105263,1.658421
Negative_F133,19.000000,0.554947,8.750052,0.052632,0.000000,0.000000,0.000000,0.000000,0.247368,0.421053,0.105263,-0.049474
Negative_F1877,76.000000,6.491452,9.258321,0.171053,0.026316,0.039474,0.052632,0.052632,-0.409211,0.342105,0.052632,1.514079
Negative_F1235,46.000000,3.785727,8.979173,0.043478,0.130435,0.021739,0.065217,0.021739,-1.093478,0.173913,0.065217,3.016304
Negative_F614,23.000000,5.581526,11.388421,0.217391,0.043478,0.043478,0.000000,0.000000,-0.513043,0.434783,0.086957,0.910000
Negative_F950,26.000000,1.628175,11.000901,0.038462,0.038462,0.076923,0.000000,0.000000,0.376923,0.538462,0.115385,0.065769
Negative_F298,44.000000,3.541217,9.779354,0.181818,0.000000,0.000000,0.022727,0.068182,-0.518182,0.409091,0.068182,1.287500
Negative_F425,25.000000,1.584950,9.528379,0.160000,0.000000,0.040000,0.080000,0.000000,0.432000,0.520000,0.000000,0.208400
Negative_F927,34.000000,4.459406,9.263736,0.088235,0.088235,0.029412,0.029412,0.000000,-0.223529,0.264706,0.088235,1.560882
Negative_F1319,17.000000,2.551700,9.390417,0.176471,0.058824,0.000000,0.058824,0.000000,-0.100000,0.352941,0.176471,1.025294
Negative_F1238,61.000000,13.532296,11.999968,0.163934,0.065574,0.000000,0.000000,0.000000,-1.237705,0.065574,0.000000,2.422131
Negative_F1843,18.000000,-2.843218,4.050028,0.000000,0.000000,0.000000,0.055556,0.055556,0.505556,0.333333,0.166667,0.352778
Negative_F1532,80.000000,1.574950,8.756628,0.037500,0.112500,0.025000,0.050000,0.075000,-0.577500,0.375000,0.112500,2.415500
Negative_F2269,28.000000,2.596167,9.826029,0.178571,0.000000,0.000000,0.071429,0.000000,-0.064286,0.500000,0.035714,0.842143
Negative_F2313,39.000000,5.540046,10.214838,0.179487,0.051282,0.000000,0.025641,0.051282,-0.176923,0.435897,0.076923,1.170513
Negative_F1345,28.000000,1.497258,8.787573,0.178571,0.000000,0.000000,0.107143,0.000000,0.075000,0.428571,0.071429,1.050714
Negative_F1990,82.000000,-6.918962,4.787287,0.024390,0.012195,0.048780,0.048780,0.060976,-0.104878,0.231707,0.060976,0.703659
Negative_F2267,20.000000,2.589043,11.166263,0.100000,0.050000,0.050000,0.000000,0.000000,0.280000,0.500000,0.250000,0.219000
Negative_F1336,17.000000,2.551254,9.390417,0.117647,0.058824,0.000000,0.000000,0.000000,-0.464706,0.352941,0.176471,1.260000
Negative_F1273,36.000000,13.534777,11.999968,0.250000,0.138889,0.000000,0.000000,0.000000,-0.816667,0.333333,0.083333,2.599722
Negative_F300,30.000000,4.541481,10.125550,0.233333,0.000000,0.000000,0.033333,0.033333,-0.626667,0.433333,0.100000,0.817000
Negative_F1895,37.000000,9.193998,11.793476,0.054054,0.216216,0.000000,0.000000,0.000000,-1.132432,0.243243,0.081081,3.447297
Negative_F1352,16.000000,0.545047,8.081644,0.000000,0.062500,0.062500,0.000000,0.000000,-0.312500,0.250000,0.062500,1.641875
Negative_F2284,120.000000,2.393178,9.355604,0.008333,0.066667,0.033333,0.033333,0.016667,-0.393333,0.391667,0.150000,1.318250
Negative_F2088,103.000000,17.326028,11.362891,0.106796,0.135922,0.019417,0.029126,0.038835,-0.521359,0.368932,0.058252,2.308835
Negative_F983,22.000000,-0.442547,5.525000,0.000000,0.000000,0.000000,0.000000,0.000000,1.072727,0.363636,0.000000,-2.344545
Negative_F2335,12.000000,3.549911,11.263868,0.250000,0.083333,0.000000,0.000000,0.000000,0.216667,0.666667,0.250000,0.158333
Negative_F430,38.000000,4.476043,9.181668,0.000000,0.131579,0.052632,0.000000,0.000000,-0.363158,0.263158,0.131579,1.977368
Negative_F378,23.000000,0.627523,8.513002,0.130435,0.000000,0.086957,0.000000,0.086957,-0.017391,0.391304,0.000000,0.906957
Negative_F2348,16.000000,4.549886,11.999968,0.187500,0.125000,0.000000,0.000000,0.000000,0.425000,0.562500,0.187500,0.945625
Negative_F687,23.000000,4.495918,9.904294,0.217391,0.000000,0.000000,0.000000,0.000000,0.856522,0.434783,0.000000,-0.322174
Negative_F920,23.000000,2.520843,9.517806,0.130435,0.043478,0.000000,0.043478,0.000000,0.234783,0.478261,0.130435,0.520000
Negative_F1098,23.000000,2.547355,9.988812,0.000000,0.130435,0.000000,0.000000,0.000000,-1.100000,0.347826,0.173913,1.955217
Negative_F1242,13.000000,-0.748157,5.718196,0.076923,0.000000,0.000000,0.000000,0.076923,-0.846154,0.230769,0.153846,1.763077
Negative_F460,28.000000,2.496811,9.243171,0.178571,0.000000,0.000000,0.071429,0.000000,0.350000,0.392857,0.000000,0.470000
Negative_F1561,56.000000,0.906677,8.199750,0.053571,0.053571,0.053571,0.053571,0.035714,-0.246429,0.357143,0.035714,1.571607
Negative_F484,20.000000,2.500929,9.390159,0.150000,0.000000,0.000000,0.000000,0.000000,1.585000,0.650000,0.150000,-1.522000
Negative_F627,29.000000,-5.443629,4.265050,0.068966,0.034483,0.000000,0.000000,0.275862,-1.306897,0.275862,0.137931,2.440345
Negative_F71,13.000000,0.557428,9.750021,0.000000,0.076923,0.000000,0.000000,0.000000,1.576923,0.615385,0.153846,-1.147692
Negative_F48,27.000000,2.241821,9.824353,0.148148,0.000000,0.000000,0.000000,0.037037,0.403704,0.481481,0.111111,-0.077037
Negative_F278,37.000000,1.901410,10.673079,0.027027,0.108108,0.000000,0.027027,0.054054,0.232432,0.513514,0.054054,1.476216
Negative_F1400,27.000000,3.586537,11.263868,0.111111,0.037037,0.037037,0.000000,0.000000,0.414815,0.444444,0.037037,-0.195556
Negative_F2431,18.000000,5.410282,9.687293,0.000000,0.333333,0.000000,0.000000,0.000000,0.066667,0.222222,0.111111,3.662222
Negative_F1826,32.000000,4.473613,9.152786,0.093750,0.062500,0.062500,0.000000,0.000000,-0.203125,0.281250,0.062500,1.732187
Negative_F1310,21.000000,1.502050,8.859390,0.142857,0.000000,0.000000,0.000000,0.047619,0.742857,0.380952,0.047619,-0.561905
Negative_F2000,12.000000,3.525408,10.318697,0.250000,0.083333,0.000000,0.000000,0.000000,-0.325000,0.416667,0.083333,1.945833
Negative_F81,14.000000,1.552442,10.002737,0.142857,0.000000,0.000000,0.000000,0.000000,0.785714,0.571429,0.071429,-0.409286
Negative_F2332,33.000000,3.496365,9.595362,0.151515,0.000000,0.000000,0.030303,0.000000,0.493939,0.363636,0.030303,0.012424
Negative_F293,34.000000,7.552845,11.910228,0.088235,0.264706,0.000000,0.058824,0.058824,-1.008824,0.323529,0.058824,4.281765
Negative_F915,38.000000,1.548715,8.636330,0.078947,0.026316,0.052632,0.026316,0.026316,0.142105,0.342105,0.026316,0.663158
Negative_F2403,35.000000,1.401978,8.325270,0.114286,0.000000,0.000000,0.028571,0.028571,0.268571,0.342857,0.000000,0.430857
Negative_F1500,19.000000,2.500929,9.390159,0.157895,0.000000,0.000000,0.000000,0.000000,0.936842,0.473684,0.157895,-0.598947
Negative_F122,18.000000,5.410282,9.687293,0.000000,0.333333,0.000000,0.000000,0.000000,0.222222,0.222222,0.000000,3.544444
Negative_F787,34.000000,3.435312,8.886338,0.117647,0.088235,0.029412,0.000000,0.088235,-0.414706,0.264706,0.117647,1.754412
Negative_F1343,12.000000,1.591549,11.000837,0.083333,0.083333,0.083333,0.000000,0.000000,0.366667,0.500000,0.083333,0.190833
Negative_F1948,66.000000,2.360759,8.517772,0.030303,0.106061,0.015152,0.045455,0.045455,-0.490909,0.212121,0.030303,2.158788
Negative_F1284,31.000000,0.404037,7.769003,0.064516,0.000000,0.000000,0.000000,0.032258,0.716129,0.322581,0.064516,0.040000
Negative_F1214,14.000000,4.552316,11.834348,0.000000,0.357143,0.000000,0.000000,0.000000,-2.292857,0.214286,0.142857,5.471429
Negative_F1851,40.000000,-0.762643,6.179842,0.250000,0.000000,0.000000,0.075000,0.175000,-1.667500,0.175000,0.025000,3.354000
Negative_F1556,43.000000,-0.599396,6.370082,0.116279,0.116279,0.000000,0.116279,0.116279,-1.011628,0.232558,0.069767,3.588140
Negative_F18,16.000000,0.552888,8.590944,0.125000,0.000000,0.000000,0.062500,0.000000,1.300000,0.562500,0.062500,-1.066875
Negative_F1684,43.000000,-6.724622,4.503547,0.093023,0.046512,0.046512,0.232558,0.046512,-1.762791,0.162791,0.023256,4.131395
Negative_F1623,102.000000,-1.434922,6.093902,0.058824,0.029412,0.019608,0.039216,0.058824,-0.166667,0.411765,0.098039,1.228431
Negative_F1126,52.000000,6.427568,9.384937,0.153846,0.057692,0.019231,0.038462,0.038462,-0.511538,0.269231,0.096154,2.155385
Negative_F923,37.000000,7.440398,9.544174,0.189189,0.081081,0.000000,0.000000,0.054054,-0.400000,0.297297,0.081081,1.917838
Negative_F1809,23.000000,2.585178,10.001383,0.173913,0.000000,0.043478,0.000000,0.043478,0.186957,0.434783,0.130435,0.089565
Negative_F1735,31.000000,-2.538993,4.050028,0.000000,0.000000,0.000000,0.032258,0.032258,0.964516,0.483871,0.064516,-0.236452
Negative_F2419,39.000000,1.555476,9.970761,0.051282,0.102564,0.000000,0.051282,0.051282,-0.376923,0.410256,0.051282,2.143846
Negative_F327,13.000000,0.554947,8.750052,0.076923,0.000000,0.000000,0.000000,0.000000,1.746154,0.692308,0.230769,-1.602308
Negative_F1123,19.000000,0.481859,7.957736,0.052632,0.052632,0.000000,0.052632,0.000000,-0.168421,0.210526,0.105263,1.719474
Negative_F361,13.000000,0.285939,8.334231,0.076923,0.076923,0.076923,0.000000,0.076923,-0.923077,0.384615,0.230769,2.018462
Negative_F1189,14.000000,-0.407980,6.743628,0.071429,0.000000,0.071429,0.071429,0.000000,0.878571,0.571429,0.000000,-0.067143
Negative_F437,18.000000,1.552863,9.994292,0.111111,0.055556,0.000000,0.055556,0.000000,-0.255556,0.444444,0.111111,1.837222
Negative_F1562,114.000000,14.689002,10.669340,0.078947,0.140351,0.070175,0.035088,0.052632,-0.935965,0.254386,0.017544,3.399649
Negative_F1432,92.000000,4.316931,8.922118,0.043478,0.054348,0.000000,0.032609,0.010870,0.051087,0.315217,0.032609,1.563261
Negative_F2051,27.000000,0.550829,8.497529,0.111111,0.000000,0.000000,0.074074,0.000000,0.114815,0.407407,0.111111,0.657778
Negative_F434,22.000000,-0.411424,6.753461,0.136364,0.000000,0.045455,0.090909,0.045455,0.195455,0.545455,0.045455,0.683182
Negative_F814,30.000000,3.586934,11.000257,0.066667,0.100000,0.033333,0.033333,0.000000,0.086667,0.433333,0.100000,1.424667
Negative_F511,37.000000,4.492474,9.700445,0.189189,0.000000,0.000000,0.027027,0.027027,0.467568,0.432432,0.027027,-0.017297
Negative_F418,41.000000,5.432422,9.303449,0.121951,0.048780,0.024390,0.024390,0.000000,-0.102439,0.243902,0.048780,0.901707
Negative_F917,15.000000,3.151794,9.842791,0.066667,0.200000,0.000000,0.000000,0.000000,-0.320000,0.333333,0.133333,2.897333
Negative_F251,33.000000,3.413752,9.006443,0.000000,0.151515,0.030303,0.000000,0.030303,0.112121,0.242424,0.060606,2.049394
Negative_F1549,25.000000,3.550619,10.461623,0.160000,0.040000,0.000000,0.000000,0.040000,0.220000,0.440000,0.160000,0.628400
Negative_F1449,13.000000,0.554947,8.750052,0.076923,0.000000,0.000000,0.000000,0.000000,1.461538,0.615385,0.153846,-1.868462
Negative_F1283,30.000000,0.406517,7.773551,0.033333,0.033333,0.000000,0.000000,0.033333,0.750000,0.300000,0.066667,0.306000
Negative_F1444,36.000000,1.427197,8.287491,0.138889,0.000000,0.027778,0.027778,0.055556,-0.313889,0.277778,0.111111,1.120000
Negative_F623,20.000000,4.361300,9.005476,0.000000,0.250000,0.000000,0.000000,0.000000,0.320000,0.200000,0.100000,2.462500
Negative_F980,23.000000,1.627886,9.986298,0.086957,0.086957,0.086957,0.000000,0.086957,-0.986957,0.304348,0.043478,2.420870
Negative_F2049,26.000000,5.543515,10.676110,0.230769,0.038462,0.000000,0.000000,0.038462,0.019231,0.423077,0.153846,0.718077
Negative_F99,36.000000,1.555054,9.978304,0.055556,0.083333,0.000000,0.027778,0.055556,-0.033333,0.500000,0.055556,1.366111
Negative_F2358,38.000000,7.476018,9.996484,0.052632,0.157895,0.052632,0.000000,0.000000,-0.484211,0.236842,0.078947,2.467368
Negative_F188,40.000000,2.529395,8.692933,0.025000,0.075000,0.050000,0.025000,0.000000,0.282500,0.325000,0.050000,0.996500
Negative_F567,37.000000,9.538875,11.624568,0.216216,0.108108,0.000000,0.027027,0.027027,-0.775676,0.324324,0.081081,2.445135
Negative_F1537,22.000000,1.662296,9.994550,0.045455,0.045455,0.136364,0.000000,0.000000,0.495455,0.454545,0.136364,0.110909
Negative_F1981,30.000000,1.441059,8.335520,0.066667,0.066667,0.033333,0.033333,0.033333,-0.223333,0.166667,0.033333,1.563333
Negative_F2378,42.000000,6.667067,11.166069,0.119048,0.071429,0.047619,0.000000,0.023810,-0.464286,0.380952,0.023810,1.679524
Negative_F2242,15.000000,1.549672,9.528250,0.266667,0.000000,0.000000,0.000000,0.133333,-1.013333,0.400000,0.200000,1.808000
Negative_F788,41.000000,1.444950,8.353443,0.024390,0.048780,0.024390,0.024390,0.000000,0.197561,0.317073,0.048780,0.823171
Negative_F1803,29.000000,3.496365,9.595362,0.172414,0.000000,0.000000,0.034483,0.000000,0.320690,0.448276,0.000000,0.336207
Negative_F591,58.000000,-0.410064,6.746072,0.017241,0.017241,0.017241,0.034483,0.000000,0.996552,0.637931,0.086207,-0.815690
Negative_F2114,15.000000,1.552442,10.002737,0.133333,0.000000,0.000000,0.000000,0.000000,1.073333,0.533333,0.066667,-1.455333
Negative_F1081,42.000000,3.490709,8.941910,0.071429,0.071429,0.023810,0.047619,0.000000,-0.157143,0.285714,0.047619,1.724524
Negative_F895,46.000000,4.399371,9.125194,0.065217,0.086957,0.000000,0.021739,0.021739,-0.447826,0.217391,0.065217,2.174783
Negative_F975,24.000000,0.538677,8.042898,0.083333,0.000000,0.041667,0.000000,0.041667,0.808333,0.583333,0.083333,-0.439167
Negative_F1438,22.000000,1.623635,9.703282,0.136364,0.000000,0.090909,0.045455,0.000000,-0.313636,0.363636,0.090909,0.512727
Negative_F1156,14.000000,2.549936,10.302064,0.214286,0.000000,0.000000,0.000000,0.000000,0.650000,0.571429,0.071429,-0.875000
Negative_F120,44.000000,5.397754,9.337037,0.000000,0.136364,0.000000,0.000000,0.000000,-0.334091,0.295455,0.159091,2.015682
Negative_F2013,15.000000,-0.444606,5.835682,0.066667,0.000000,0.000000,0.066667,0.000000,0.280000,0.400000,0.200000,-0.093333
Negative_F440,46.000000,5.347859,9.081613,0.086957,0.086957,0.000000,0.021739,0.021739,-0.356522,0.239130,0.043478,1.923696
Negative_F937,15.000000,-1.442811,4.531398,0.066667,0.000000,0.000000,0.000000,0.133333,-0.260000,0.400000,0.000000,1.006000
Negative_F1061,47.000000,0.187592,7.898167,0.127660,0.000000,0.000000,0.042553,0.063830,-0.761702,0.340426,0.106383,1.384043
Negative_F2257,22.000000,4.588993,11.999968,0.090909,0.136364,0.045455,0.000000,0.000000,-0.263636,0.590909,0.227273,1.549545
Negative_F2239,20.000000,-0.477163,6.113738,0.000000,0.100000,0.000000,0.000000,0.100000,0.090000,0.450000,0.100000,1.197500
Negative_F1737,64.000000,4.533290,9.824740,0.109375,0.000000,0.000000,0.031250,0.000000,0.850000,0.593750,0.062500,-0.432656
Negative_F1297,33.000000,1.501376,8.859390,0.090909,0.000000,0.000000,0.030303,0.000000,0.403030,0.424242,0.030303,0.447879
Negative_F1211,37.000000,2.536171,9.307897,0.108108,0.000000,0.027027,0.000000,0.027027,0.475676,0.486486,0.054054,-0.069730
Negative_F1327,27.000000,2.586563,10.302064,0.111111,0.000000,0.037037,0.000000,0.000000,0.362963,0.444444,0.037037,-0.411481
Negative_F1459,97.000000,7.539563,9.541337,0.061856,0.082474,0.041237,0.020619,0.041237,-0.514433,0.309278,0.092784,2.127526
Negative_F861,51.000000,10.481014,10.657994,0.117647,0.156863,0.019608,0.019608,0.039216,-0.800000,0.313725,0.098039,3.169216
Negative_F1615,70.000000,5.266771,10.092284,0.114286,0.028571,0.000000,0.000000,0.057143,0.538571,0.528571,0.057143,0.008714
Negative_F1102,30.000000,-1.514936,4.050028,0.000000,0.000000,0.000000,0.000000,0.033333,1.343333,0.433333,0.033333,-1.056000
Negative_F1107,96.000000,1.477091,8.407467,0.083333,0.072917,0.010417,0.083333,0.052083,-0.687500,0.333333,0.135417,2.154375
Negative_F865,18.000000,4.597755,11.333816,0.222222,0.055556,0.000000,0.000000,0.000000,1.344444,0.722222,0.000000,-0.702222
Negative_F1062,75.000000,7.478361,9.489375,0.053333,0.120000,0.026667,0.040000,0.026667,-0.598667,0.213333,0.040000,2.455200
Negative_F1395,29.000000,-0.597373,6.101291,0.034483,0.034483,0.000000,0.000000,0.068966,-0.068966,0.275862,0.137931,1.079310
Negative_F2070,22.000000,0.701874,8.775130,0.045455,0.045455,0.181818,0.045455,0.000000,0.072727,0.500000,0.136364,0.615455
Negative_F970,37.000000,1.560147,10.529315,0.027027,0.189189,0.000000,0.054054,0.108108,-1.289189,0.216216,0.027027,3.858378
Negative_F2436,38.000000,-6.436750,4.050028,0.000000,0.026316,0.000000,0.078947,0.105263,0.060526,0.394737,0.210526,1.165000
Negative_F943,11.000000,-1.792992,4.050028,0.000000,0.000000,0.000000,0.000000,0.090909,0.763636,0.545455,0.272727,-0.091818
Negative_F1973,16.000000,2.586563,10.302064,0.187500,0.000000,0.062500,0.000000,0.000000,0.556250,0.562500,0.000000,-0.165000
Negative_F2380,12.000000,1.583249,10.353574,0.000000,0.166667,0.000000,0.000000,0.000000,1.050000,0.666667,0.166667,0.542500
Negative_F487,14.000000,0.554947,8.750052,0.071429,0.000000,0.000000,0.000000,0.000000,1.785714,0.571429,0.000000,-2.373571
Negative_F1462,149.000000,0.606775,7.828734,0.046980,0.053691,0.020134,0.040268,0.053691,-0.495973,0.342282,0.120805,1.778725
Negative_F2328,25.000000,1.530551,9.308993,0.080000,0.120000,0.000000,0.040000,0.080000,-1.040000,0.240000,0.040000,3.194400
Negative_F66,37.000000,3.494306,9.514389,0.162162,0.000000,0.000000,0.054054,0.000000,0.245946,0.405405,0.054054,0.452703
Negative_F135,16.000000,2.552391,11.000385,0.062500,0.125000,0.000000,0.000000,0.000000,-1.437500,0.187500,0.062500,2.753125
Negative_F1004,24.000000,3.495918,9.595362,0.166667,0.000000,0.000000,0.000000,0.000000,0.812500,0.541667,0.083333,-0.627500
Negative_F109,11.000000,4.544925,10.602487,0.454545,0.000000,0.000000,0.000000,0.000000,-0.127273,0.545455,0.090909,0.074545
Negative_F902,74.000000,1.589911,9.986233,0.027027,0.027027,0.013514,0.027027,0.000000,0.109459,0.432432,0.040541,0.280811
Negative_F1547,71.000000,-1.323046,6.156197,0.098592,0.084507,0.028169,0.070423,0.126761,-0.977465,0.295775,0.042254,2.904366
Negative_F1064,31.000000,4.240386,10.288783,0.161290,0.064516,0.000000,0.000000,0.064516,-0.258065,0.419355,0.064516,1.454839
Negative_F716,18.000000,0.554947,8.750052,0.055556,0.000000,0.000000,0.000000,0.000000,1.750000,0.666667,0.000000,-1.796111
Negative_F446,26.000000,7.542319,11.603681,0.153846,0.153846,0.000000,0.000000,0.000000,-0.069231,0.538462,0.115385,1.681538
Negative_F2055,26.000000,3.549911,11.263868,0.115385,0.038462,0.000000,0.000000,0.000000,0.403846,0.384615,0.000000,-0.256154
Negative_F925,77.000000,-3.526042,5.136960,0.077922,0.012987,0.025974,0.064935,0.064935,0.475325,0.441558,0.038961,0.519870
Negative_F456,15.000000,1.469133,8.900650,0.133333,0.000000,0.000000,0.000000,0.000000,1.660000,0.600000,0.066667,-1.948000
Negative_F645,43.000000,9.606071,10.918640,0.232558,0.023256,0.046512,0.023256,0.000000,-0.486047,0.348837,0.023256,1.370930
Negative_F2019,27.000000,3.424914,9.044737,0.148148,0.000000,0.000000,0.000000,0.000000,0.329630,0.259259,0.037037,0.778519
Negative_F87,24.000000,3.500904,9.850656,0.125000,0.041667,0.000000,0.000000,0.000000,1.108333,0.541667,0.125000,-0.361250
Negative_F1017,20.000000,0.591574,8.757208,0.050000,0.000000,0.050000,0.000000,0.000000,1.275000,0.650000,0.050000,-1.023500
Negative_F2318,47.000000,9.435523,11.034038,0.000000,0.234043,0.042553,0.000000,0.021277,-0.910638,0.148936,0.085106,3.988511
Negative_F498,43.000000,1.569618,8.789249,0.069767,0.000000,0.046512,0.023256,0.000000,-0.574419,0.348837,0.116279,1.064419
Negative_F1481,77.000000,6.484834,9.838794,0.051948,0.116883,0.012987,0.051948,0.025974,-0.402597,0.350649,0.064935,2.236753
Negative_F1165,30.000000,4.495918,9.904294,0.166667,0.000000,0.000000,0.000000,0.000000,0.513333,0.433333,0.066667,-0.157333
Negative_F676,13.000000,0.554947,8.750052,0.076923,0.000000,0.000000,0.000000,0.000000,2.007692,0.692308,0.153846,-1.923077
Negative_F819,70.000000,10.493880,10.111689,0.114286,0.057143,0.000000,0.000000,0.014286,-0.417143,0.442857,0.157143,1.439714
Negative_F966,83.000000,1.511953,8.409401,0.132530,0.036145,0.024096,0.072289,0.072289,-0.445783,0.325301,0.012048,1.870241
Negative_F1236,41.000000,6.150028,10.749539,0.000000,0.170732,0.000000,0.000000,0.000000,-0.473171,0.243902,0.121951,2.090976
Negative_F1989,90.000000,6.365739,9.276565,0.077778,0.044444,0.000000,0.033333,0.011111,-0.295556,0.311111,0.033333,1.217111
Negative_F1620,44.000000,3.271372,9.994614,0.090909,0.045455,0.000000,0.022727,0.022727,0.240909,0.590909,0.227273,0.139773
Negative_F1330,17.000000,1.552442,10.002737,0.117647,0.000000,0.000000,0.000000,0.000000,1.023529,0.588235,0.000000,-1.084706
Negative_F342,18.000000,1.552442,10.002737,0.111111,0.000000,0.000000,0.000000,0.000000,1.122222,0.555556,0.000000,-1.321111
Negative_F1312,21.000000,1.503435,8.903745,0.095238,0.000000,0.000000,0.000000,0.000000,1.409524,0.428571,0.000000,-1.562857
Negative_F1341,22.000000,1.527938,9.314086,0.090909,0.000000,0.000000,0.000000,0.000000,1.036364,0.500000,0.181818,-0.483182
Negative_F584,39.000000,-0.334666,6.473131,0.076923,0.076923,0.000000,0.051282,0.102564,-0.289744,0.435897,0.051282,1.933077
Negative_F1784,52.000000,-0.453496,6.376846,0.076923,0.096154,0.000000,0.096154,0.076923,-0.807692,0.346154,0.153846,2.823269
Negative_F774,30.000000,-1.590952,4.050028,0.000000,0.000000,0.000000,0.000000,0.033333,1.046667,0.333333,0.066667,-0.462000
Negative_F1944,14.000000,1.605272,11.001030,0.071429,0.071429,0.000000,0.000000,0.000000,0.521429,0.642857,0.285714,-0.609286
Negative_F2180,29.000000,1.504531,8.903229,0.068966,0.034483,0.000000,0.000000,0.034483,0.455172,0.482759,0.068966,0.243793
Negative_F1942,18.000000,5.557302,11.999968,0.000000,0.333333,0.000000,0.000000,0.000000,-1.400000,0.444444,0.333333,3.610556
Negative_F1767,47.000000,5.468806,9.166389,0.042553,0.148936,0.063830,0.021277,0.042553,-0.870213,0.148936,0.085106,3.474043
Negative_F2188,16.000000,1.602791,10.003317,0.125000,0.000000,0.000000,0.000000,0.000000,0.850000,0.500000,0.000000,-0.600625
Negative_F2128,12.000000,-1.443485,4.370259,0.083333,0.000000,0.000000,0.083333,0.083333,-1.000000,0.250000,0.000000,2.220000
Negative_F407,28.000000,-0.152041,7.282973,0.000000,0.000000,0.285714,0.000000,0.000000,-1.232143,0.035714,0.035714,0.698571
Negative_F91,28.000000,2.533438,9.243364,0.178571,0.000000,0.035714,0.071429,0.000000,0.042857,0.392857,0.000000,0.781786
Negative_F2228,29.000000,8.205661,11.999968,0.000000,0.310345,0.000000,0.000000,0.000000,-0.527586,0.448276,0.172414,3.307586
Negative_F1136,30.000000,-0.509884,6.715891,0.066667,0.000000,0.033333,0.033333,0.033333,-0.633333,0.266667,0.166667,1.639333
Negative_F2252,25.000000,4.698872,11.999968,0.080000,0.120000,0.160000,0.000000,0.000000,0.236000,0.480000,0.120000,1.103600
Negative_F203,25.000000,1.552863,9.994292,0.080000,0.040000,0.000000,0.040000,0.000000,0.496000,0.440000,0.000000,0.145200
Negative_F1950,46.000000,3.526889,8.942168,0.043478,0.065217,0.043478,0.021739,0.000000,0.191304,0.369565,0.065217,1.085435
Negative_F1756,65.000000,6.246119,10.614155,0.061538,0.076923,0.000000,0.030769,0.000000,-0.304615,0.400000,0.092308,1.427231
Negative_F2393,25.000000,6.240550,11.395061,0.040000,0.240000,0.000000,0.000000,0.000000,-1.608000,0.280000,0.160000,3.631600
Negative_F1483,111.000000,15.104223,10.039162,0.144144,0.081081,0.009009,0.045045,0.036036,-1.063964,0.234234,0.036036,2.656667
Negative_F209,23.000000,-0.370679,6.920852,0.043478,0.000000,0.086957,0.000000,0.043478,0.443478,0.565217,0.086957,-0.045217
Negative_F465,37.000000,3.495654,9.514389,0.162162,0.000000,0.000000,0.000000,0.054054,0.356757,0.432432,0.027027,0.117297
Negative_F1048,21.000000,4.581922,10.548849,0.142857,0.142857,0.047619,0.047619,0.000000,-1.133333,0.333333,0.142857,3.021905
Negative_F2392,20.000000,4.240600,10.533699,0.050000,0.200000,0.000000,0.000000,0.000000,-1.790000,0.300000,0.200000,3.686500
Negative_F1574,19.000000,3.498374,9.697608,0.105263,0.105263,0.000000,0.000000,0.000000,0.326316,0.578947,0.210526,0.630526
Negative_F745,28.000000,8.538454,11.235244,0.250000,0.107143,0.000000,0.000000,0.035714,-0.757143,0.428571,0.250000,2.288929
Negative_F1853,71.000000,7.542270,11.642168,0.028169,0.140845,0.014085,0.042254,0.014085,-0.581690,0.211268,0.042254,2.321972
Negative_F2441,20.000000,3.209219,9.800049,0.050000,0.200000,0.000000,0.050000,0.000000,0.010000,0.350000,0.100000,2.313000
Negative_F235,25.000000,5.476351,10.344935,0.120000,0.120000,0.000000,0.000000,0.000000,-0.376000,0.240000,0.080000,2.609200
Negative_F1677,36.000000,5.230745,11.438899,0.027778,0.138889,0.000000,0.000000,0.000000,0.144444,0.472222,0.138889,1.426111
Negative_F169,32.000000,3.541852,9.870513,0.125000,0.093750,0.000000,0.062500,0.031250,-1.331250,0.375000,0.125000,3.084062
Negative_F1617,44.000000,4.513301,9.807334,0.090909,0.045455,0.000000,0.022727,0.000000,0.475000,0.590909,0.227273,0.322727
Negative_F2262,155.000000,0.793512,8.263960,0.045161,0.090323,0.025806,0.083871,0.045161,-0.876774,0.316129,0.096774,2.526968
Negative_F2206,17.000000,4.279802,11.999968,0.117647,0.176471,0.000000,0.000000,0.000000,-0.141176,0.470588,0.058824,2.359412
Negative_F1530,95.000000,8.599287,10.172740,0.073684,0.105263,0.031579,0.042105,0.042105,-0.622105,0.368421,0.136842,2.287158
Negative_F1794,33.000000,7.529989,10.674369,0.181818,0.060606,0.030303,0.000000,0.000000,-0.478788,0.272727,0.090909,1.829394
Negative_F1840,41.000000,1.251648,8.476577,0.073171,0.024390,0.048780,0.024390,0.024390,-0.231707,0.292683,0.073171,1.043659
Negative_F1197,88.000000,-3.806083,4.993328,0.045455,0.056818,0.011364,0.056818,0.079545,0.177273,0.420455,0.079545,1.207045
Negative_F1811,14.000000,-0.444606,5.835682,0.071429,0.000000,0.000000,0.071429,0.000000,1.064286,0.642857,0.071429,-0.776429
Negative_F1494,17.000000,0.554947,8.750052,0.058824,0.000000,0.000000,0.000000,0.000000,1.347059,0.647059,0.235294,-1.570588
Negative_F52,17.000000,1.282784,9.700187,0.176471,0.000000,0.058824,0.058824,0.000000,0.711765,0.529412,0.000000,-0.072941
Negative_F2276,37.000000,5.473984,9.378490,0.054054,0.135135,0.054054,0.027027,0.000000,-0.713514,0.216216,0.135135,2.624595
Negative_F678,24.000000,3.498424,9.701283,0.166667,0.000000,0.000000,0.000000,0.000000,1.075000,0.541667,0.125000,-0.969167
Negative_F1911,70.000000,3.495083,9.866322,0.042857,0.071429,0.100000,0.028571,0.028571,-1.385714,0.200000,0.100000,3.149286
Negative_F690,21.000000,-0.446665,5.959762,0.095238,0.000000,0.000000,0.095238,0.000000,0.809524,0.523810,0.095238,-0.285714
Negative_F399,20.000000,2.549936,10.302064,0.150000,0.000000,0.000000,0.000000,0.000000,1.425000,0.650000,0.200000,-1.370500
Negative_F1908,14.000000,0.554947,8.750052,0.071429,0.000000,0.000000,0.000000,0.000000,1.578571,0.642857,0.071429,-2.065714
Negative_F824,44.000000,5.259518,9.918413,0.136364,0.045455,0.000000,0.000000,0.045455,-0.588636,0.500000,0.181818,1.219091
Negative_F762,31.000000,-0.899067,5.850858,0.064516,0.000000,0.000000,0.000000,0.064516,0.690323,0.354839,0.096774,0.331290
Negative_F2202,15.000000,5.220365,11.999968,0.000000,0.400000,0.066667,0.000000,0.000000,-1.233333,0.333333,0.066667,5.249333
Negative_F1168,20.000000,1.553537,9.994292,0.100000,0.050000,0.000000,0.000000,0.050000,1.090000,0.600000,0.100000,-0.509000
Negative_F355,33.000000,7.408641,10.196013,0.000000,0.272727,0.030303,0.000000,0.030303,-0.524242,0.272727,0.121212,3.761818
Negative_F1918,33.000000,1.231719,8.802271,0.121212,0.000000,0.030303,0.060606,0.000000,0.024242,0.393939,0.060606,1.100303
Negative_F388,21.000000,6.549546,11.844277,0.190476,0.238095,0.000000,0.000000,0.095238,-1.638095,0.285714,0.047619,4.973810
Negative_F2100,34.000000,3.438082,8.920893,0.058824,0.088235,0.029412,0.000000,0.029412,-0.502941,0.235294,0.088235,1.819118
Negative_F1289,48.000000,4.406139,9.214418,0.000000,0.145833,0.000000,0.041667,0.000000,0.162500,0.395833,0.125000,1.449167
Negative_F2412,28.000000,4.581782,10.277566,0.107143,0.142857,0.035714,0.035714,0.035714,-0.846429,0.464286,0.178571,2.668929
Negative_F1488,29.000000,2.226976,10.036454,0.068966,0.137931,0.000000,0.000000,0.103448,-0.275862,0.310345,0.068966,2.259310
Negative_F805,28.000000,4.576515,10.122262,0.142857,0.035714,0.035714,0.000000,0.000000,-0.653571,0.464286,0.250000,1.033571
Negative_F458,20.000000,2.500929,9.390159,0.150000,0.000000,0.000000,0.000000,0.000000,1.515000,0.600000,0.150000,-1.848000
Negative_F2109,24.000000,3.498424,9.701283,0.166667,0.000000,0.000000,0.000000,0.000000,1.204167,0.583333,0.083333,-1.160000
Negative_F1863,66.000000,3.330553,8.649417,0.106061,0.030303,0.000000,0.030303,0.045455,-0.577273,0.348485,0.181818,1.600455
Negative_F1457,79.000000,2.197560,8.603580,0.037975,0.025316,0.037975,0.012658,0.012658,-0.451899,0.341772,0.151899,1.547468
Negative_F1525,98.000000,8.519520,9.953290,0.102041,0.061224,0.010204,0.010204,0.061224,-0.468367,0.408163,0.122449,1.622245
Negative_F971,40.000000,7.400681,9.860327,0.050000,0.175000,0.000000,0.025000,0.000000,-0.290000,0.275000,0.125000,2.513000
Negative_F529,38.000000,5.547223,10.605259,0.157895,0.131579,0.000000,0.026316,0.105263,-1.139474,0.263158,0.052632,3.331053
Negative_F717,19.000000,1.552442,10.002737,0.105263,0.000000,0.000000,0.000000,0.000000,1.331579,0.578947,0.052632,-1.075789
Negative_F1543,22.000000,0.456934,7.884242,0.045455,0.000000,0.000000,0.000000,0.000000,0.559091,0.227273,0.136364,0.110909
Negative_F1067,39.000000,3.548244,9.420265,0.076923,0.051282,0.051282,0.000000,0.025641,-0.858974,0.128205,0.025641,2.184615
Negative_F1513,114.000000,-5.650949,4.800701,0.043860,0.008772,0.017544,0.017544,0.078947,-0.064912,0.447368,0.096491,0.787895
Negative_F691,34.000000,14.527310,11.999968,0.352941,0.088235,0.000000,0.000000,0.000000,-0.735294,0.382353,0.176471,2.273235
Negative_F410,20.000000,2.500929,9.390159,0.150000,0.000000,0.000000,0.000000,0.000000,1.160000,0.550000,0.100000,-1.134000
Negative_F2298,16.000000,0.554947,8.750052,0.062500,0.000000,0.000000,0.000000,0.000000,1.268750,0.625000,0.125000,-1.456875
Negative_F2323,30.000000,11.564012,11.041516,0.400000,0.000000,0.033333,0.000000,0.000000,-0.386667,0.400000,0.166667,1.043333
Negative_F1726,21.000000,2.203356,11.165940,0.095238,0.047619,0.000000,0.000000,0.000000,-0.071429,0.333333,0.000000,0.064286
Negative_F1474,93.000000,8.460406,10.632207,0.064516,0.096774,0.000000,0.043011,0.021505,-0.437634,0.311828,0.032258,2.416022
Negative_F766,29.000000,1.404012,8.333780,0.068966,0.034483,0.000000,0.000000,0.034483,0.651724,0.379310,0.068966,0.163103
Negative_F2082,38.000000,4.502222,9.583113,0.078947,0.052632,0.000000,0.000000,0.000000,0.192105,0.315789,0.000000,1.055789
Negative_F663,18.000000,2.410357,8.716980,0.000000,0.166667,0.000000,0.000000,0.000000,1.311111,0.333333,0.055556,0.615000
Negative_F2215,18.000000,4.250759,10.463880,0.222222,0.111111,0.000000,0.055556,0.000000,-0.022222,0.500000,0.111111,1.793333
Negative_F85,31.000000,2.495426,9.190049,0.193548,0.000000,0.000000,0.064516,0.032258,0.187097,0.387097,0.032258,0.275484
Negative_F962,33.000000,2.401325,8.648128,0.090909,0.030303,0.030303,0.000000,0.030303,-0.139394,0.272727,0.090909,1.401818
Negative_F239,46.000000,1.588730,8.360792,0.065217,0.065217,0.043478,0.021739,0.065217,-0.697826,0.152174,0.021739,1.982391
Negative_F1741,41.000000,-0.599458,6.139373,0.024390,0.048780,0.000000,0.024390,0.048780,0.273171,0.439024,0.219512,0.506098
Negative_F1072,21.000000,1.503435,8.903745,0.095238,0.000000,0.000000,0.000000,0.000000,1.300000,0.428571,0.000000,-1.482381
Negative_F1347,37.000000,4.531160,9.788896,0.162162,0.000000,0.027027,0.000000,0.027027,0.148649,0.459459,0.054054,0.402973
Negative_F58,37.000000,4.493149,9.700445,0.189189,0.000000,0.000000,0.000000,0.054054,0.543243,0.459459,0.027027,-0.327568
Negative_F843,18.000000,5.410282,9.687293,0.000000,0.333333,0.000000,0.000000,0.000000,0.288889,0.222222,0.000000,3.348889
Negative_F669,47.000000,1.247295,8.888981,0.085106,0.021277,0.021277,0.042553,0.021277,-0.459574,0.382979,0.170213,1.252340
Negative_F804,41.000000,1.529081,8.347060,0.000000,0.121951,0.048780,0.024390,0.048780,-0.370732,0.292683,0.073171,2.014634
Negative_F2359,36.000000,5.477560,9.425616,0.027778,0.194444,0.055556,0.027778,0.027778,-1.191667,0.222222,0.194444,3.629167
Negative_F1542,21.000000,-0.489116,6.013986,0.000000,0.047619,0.000000,0.000000,0.047619,1.019048,0.380952,0.047619,0.021429
Negative_F1896,38.000000,-0.467050,5.518123,0.000000,0.000000,0.000000,0.000000,0.000000,0.768421,0.473684,0.026316,-0.436579
Negative_F1378,52.000000,3.124823,8.880278,0.115385,0.019231,0.000000,0.038462,0.019231,0.573077,0.403846,0.076923,-0.133846
Negative_F1162,14.000000,-0.446665,5.959762,0.142857,0.000000,0.000000,0.142857,0.000000,0.857143,0.642857,0.071429,-0.513571
Negative_F2446,27.000000,0.251144,8.463103,0.037037,0.037037,0.000000,0.037037,0.000000,0.422222,0.555556,0.037037,0.456296
Negative_F1185,42.000000,-3.335508,5.311115,0.047619,0.023810,0.071429,0.071429,0.071429,0.204762,0.476190,0.095238,0.778571
Negative_F1813,25.000000,1.549672,9.528250,0.160000,0.000000,0.000000,0.000000,0.080000,-0.252000,0.400000,0.120000,0.586800
Negative_F753,37.000000,-1.591747,4.779955,0.027027,0.081081,0.000000,0.108108,0.027027,-0.189189,0.243243,0.054054,2.026486
Negative_F2275,38.000000,4.464037,9.059114,0.105263,0.052632,0.052632,0.026316,0.000000,-0.465789,0.263158,0.157895,1.305000
Negative_F338,55.000000,8.407346,9.724621,0.036364,0.127273,0.018182,0.000000,0.000000,-0.252727,0.290909,0.072727,1.957273
Negative_F2086,123.000000,14.326514,10.722011,0.105691,0.089431,0.016260,0.016260,0.056911,-0.359350,0.406504,0.032520,1.758130
Negative_F1511,95.000000,3.335408,8.592427,0.052632,0.052632,0.010526,0.042105,0.021053,-1.100000,0.147368,0.063158,2.510842
Negative_F1727,19.000000,3.549911,11.263868,0.157895,0.052632,0.000000,0.000000,0.000000,-0.278947,0.315789,0.000000,0.997895
Negative_F1215,24.000000,2.500929,9.390159,0.125000,0.000000,0.000000,0.000000,0.000000,1.162500,0.458333,0.041667,-1.053333
Negative_F206,22.000000,-0.445606,6.290565,0.136364,0.045455,0.000000,0.000000,0.181818,-0.254545,0.409091,0.045455,1.367727
Negative_F55,24.000000,3.498424,9.701283,0.166667,0.000000,0.000000,0.000000,0.000000,1.287500,0.583333,0.083333,-1.193750
Negative_F1119,37.000000,3.433543,8.886532,0.108108,0.054054,0.027027,0.027027,0.027027,-0.289189,0.270270,0.108108,1.541351
Negative_F1174,25.000000,1.624310,9.703282,0.120000,0.000000,0.080000,0.000000,0.040000,0.896000,0.560000,0.040000,-0.826800
Negative_F336,36.000000,5.238195,10.699060,0.166667,0.000000,0.000000,0.000000,0.000000,1.000000,0.555556,0.000000,-0.784722
Negative_F1821,40.000000,2.593462,11.417689,0.025000,0.125000,0.025000,0.050000,0.025000,-0.327500,0.425000,0.050000,2.176250
Negative_F1740,76.000000,0.743542,8.241525,0.065789,0.000000,0.039474,0.039474,0.013158,-0.693421,0.394737,0.184211,1.287632
Negative_F275,25.000000,0.626815,8.605578,0.080000,0.000000,0.080000,0.000000,0.040000,1.160000,0.560000,0.000000,-1.009200
Negative_F1645,33.000000,1.499317,8.821225,0.121212,0.000000,0.000000,0.060606,0.000000,0.681818,0.454545,0.000000,-0.143636
Negative_F2387,104.000000,6.347302,9.860391,0.076923,0.105769,0.028846,0.086538,0.028846,-1.128846,0.346154,0.125000,2.924327
Negative_F1625,31.000000,2.462611,8.762688,0.064516,0.064516,0.032258,0.000000,0.032258,-0.454839,0.225806,0.064516,1.843871
Negative_F1338,31.000000,2.496811,9.243171,0.161290,0.000000,0.000000,0.064516,0.000000,0.006452,0.354839,0.064516,0.456452
Negative_F606,25.000000,5.615647,10.676110,0.200000,0.040000,0.080000,0.000000,0.000000,-0.404000,0.480000,0.160000,0.866000
Negative_F98,39.000000,4.588029,11.567578,0.076923,0.102564,0.025641,0.025641,0.025641,-0.415385,0.410256,0.025641,1.919231
Negative_F507,24.000000,2.500929,9.390159,0.125000,0.000000,0.000000,0.000000,0.000000,1.241667,0.583333,0.125000,-1.177500
Negative_F1446,30.000000,0.507258,7.922729,0.000000,0.033333,0.000000,0.000000,0.000000,0.440000,0.333333,0.033333,0.295667
Negative_F1416,42.000000,9.608552,11.362504,0.214286,0.047619,0.047619,0.023810,0.000000,-0.297619,0.380952,0.047619,1.308810
Negative_F2081,30.000000,0.504298,7.843175,0.066667,0.000000,0.066667,0.000000,0.033333,-0.120000,0.300000,0.066667,0.948333
Negative_F372,24.000000,3.498424,9.701283,0.166667,0.000000,0.000000,0.000000,0.000000,1.100000,0.583333,0.166667,-1.000417
Negative_F854,88.000000,-0.416081,6.784211,0.034091,0.022727,0.011364,0.034091,0.022727,-0.003409,0.409091,0.068182,0.567727
Negative_F1192,50.000000,2.418393,8.482637,0.100000,0.040000,0.040000,0.020000,0.060000,-0.602000,0.240000,0.100000,1.721000
Negative_F2231,13.000000,-0.369294,6.917726,0.000000,0.000000,0.153846,0.000000,0.000000,1.346154,0.615385,0.153846,-1.221538
Negative_F1709,18.000000,0.591574,8.757208,0.055556,0.000000,0.055556,0.000000,0.000000,1.433333,0.611111,0.166667,-1.497222
Negative_F1434,41.000000,-2.587822,4.968888,0.024390,0.146341,0.000000,0.024390,0.195122,-2.173171,0.073171,0.048780,5.195610
Negative_F108,19.000000,6.539914,10.778421,0.368421,0.000000,0.000000,0.000000,0.000000,0.300000,0.473684,0.000000,-0.434211
Negative_F1001,33.000000,4.493859,9.788896,0.181818,0.000000,0.000000,0.030303,0.000000,0.272727,0.454545,0.090909,0.403333
Negative_F2445,28.000000,2.598226,10.001706,0.142857,0.000000,0.000000,0.035714,0.000000,0.132143,0.500000,0.071429,0.644643
Negative_F2043,128.000000,2.323942,8.294132,0.039062,0.078125,0.015625,0.039062,0.054688,-0.512500,0.257812,0.117188,1.609844
Negative_F1581,50.000000,-1.862561,5.557569,0.040000,0.060000,0.020000,0.060000,0.060000,-0.034000,0.320000,0.120000,1.429000
Negative_F1175,18.000000,2.505890,9.695868,0.055556,0.111111,0.000000,0.000000,0.000000,-0.188889,0.388889,0.055556,1.892778
Negative_F1499,24.000000,3.498424,9.701283,0.166667,0.000000,0.000000,0.000000,0.000000,1.300000,0.583333,0.083333,-1.230417
Negative_F1850,60.000000,5.542838,11.610772,0.000000,0.116667,0.016667,0.016667,0.000000,-1.105000,0.233333,0.033333,2.935167
Negative_F1682,31.000000,0.399472,7.760250,0.096774,0.000000,0.000000,0.032258,0.032258,0.445161,0.322581,0.064516,0.223548
Negative_F748,30.000000,1.404012,8.333780,0.066667,0.033333,0.000000,0.000000,0.033333,0.450000,0.300000,0.066667,0.534000
Negative_F552,37.000000,4.510611,9.152012,0.027027,0.135135,0.081081,0.027027,0.000000,-0.710811,0.216216,0.108108,2.302162
Negative_F104,35.000000,7.438403,9.858521,0.057143,0.228571,0.028571,0.028571,0.028571,-0.720000,0.257143,0.057143,3.610286
Negative_F2270,28.000000,2.598226,10.001706,0.142857,0.000000,0.000000,0.035714,0.000000,0.150000,0.535714,0.035714,0.468929
Negative_F1256,29.000000,2.499292,9.306801,0.137931,0.034483,0.000000,0.068966,0.000000,0.227586,0.413793,0.034483,0.982414
Negative_F791,39.000000,3.582815,10.161458,0.102564,0.076923,0.025641,0.076923,0.000000,-0.743590,0.358974,0.076923,2.201026
Negative_F1407,25.000000,1.550383,9.703024,0.120000,0.000000,0.000000,0.040000,0.000000,0.600000,0.440000,0.000000,-0.367600
Negative_F351,50.000000,0.499609,7.734843,0.080000,0.040000,0.080000,0.040000,0.060000,-1.174000,0.200000,0.120000,2.749800
Negative_F1708,14.000000,2.549936,10.302064,0.214286,0.000000,0.000000,0.000000,0.000000,0.528571,0.642857,0.071429,-0.531429
Negative_F414,20.000000,5.456783,10.663216,0.000000,0.300000,0.000000,0.000000,0.000000,-1.385000,0.200000,0.200000,3.966500
Negative_F921,21.000000,1.503435,8.903745,0.095238,0.000000,0.000000,0.000000,0.000000,0.914286,0.380952,0.000000,-0.958571
Negative_F2293,20.000000,1.503435,8.903745,0.100000,0.000000,0.000000,0.000000,0.000000,1.670000,0.600000,0.150000,-1.694500
Negative_F565,38.000000,9.105957,11.634883,0.000000,0.263158,0.000000,0.000000,0.000000,-0.094737,0.315789,0.131579,2.886316
Negative_F987,28.000000,3.494980,9.514389,0.214286,0.000000,0.000000,0.035714,0.035714,0.296429,0.428571,0.000000,0.381429
Negative_F1807,22.000000,2.356390,8.528603,0.090909,0.045455,0.000000,0.000000,0.000000,0.522727,0.227273,0.090909,0.709545
Negative_F1188,15.000000,2.549936,10.302064,0.200000,0.000000,0.000000,0.000000,0.000000,0.926667,0.466667,0.000000,-0.686667
Negative_F1759,18.000000,1.552442,10.002737,0.111111,0.000000,0.000000,0.000000,0.000000,1.294444,0.611111,0.055556,-1.242778
Negative_F1849,17.000000,0.554947,8.750052,0.058824,0.000000,0.000000,0.000000,0.000000,1.535294,0.588235,0.176471,-1.501176
Negative_F2209,16.000000,3.129821,9.612832,0.125000,0.125000,0.000000,0.000000,0.000000,-0.043750,0.312500,0.125000,1.521250
Negative_F1369,49.000000,-1.438782,6.271637,0.020408,0.040816,0.061224,0.040816,0.040816,-0.489796,0.326531,0.122449,1.679592
Negative_F1765,127.000000,4.661865,8.811297,0.078740,0.039370,0.070866,0.031496,0.047244,-0.761417,0.299213,0.086614,2.156850
Negative_F1223,27.000000,1.550383,9.703024,0.111111,0.000000,0.000000,0.037037,0.000000,0.833333,0.555556,0.037037,-0.637037
Negative_F1145,20.000000,3.515980,10.931533,0.050000,0.200000,0.000000,0.050000,0.000000,-1.685000,0.250000,0.100000,3.681500
Negative_F1503,42.000000,-0.522314,6.867594,0.000000,0.047619,0.047619,0.023810,0.023810,-0.228571,0.261905,0.142857,0.821905
Negative_F1507,63.000000,0.350378,7.681699,0.079365,0.047619,0.000000,0.079365,0.031746,-0.396825,0.269841,0.047619,1.650635
Negative_F2089,126.000000,17.341112,10.314571,0.158730,0.063492,0.023810,0.023810,0.055556,-0.738095,0.349206,0.055556,2.262302
Negative_F1970,19.000000,4.592744,10.295359,0.210526,0.052632,0.000000,0.000000,0.000000,-0.331579,0.421053,0.105263,0.753684
Negative_F210,18.000000,0.552888,8.590944,0.111111,0.000000,0.000000,0.055556,0.000000,0.961111,0.555556,0.111111,-0.325556
Negative_F234,21.000000,0.168714,7.672661,0.095238,0.047619,0.047619,0.000000,0.095238,-1.180952,0.095238,0.047619,3.016667
Negative_F1912,19.000000,1.552442,10.002737,0.105263,0.000000,0.000000,0.000000,0.000000,1.526316,0.631579,0.105263,-1.454737
Negative_F2352,79.000000,1.438742,8.040900,0.063291,0.025316,0.050633,0.037975,0.025316,-0.491139,0.227848,0.075949,1.307595
Negative_F2159,43.000000,-2.726646,4.927225,0.186047,0.000000,0.000000,0.093023,0.139535,-1.555814,0.162791,0.023256,3.517907
Negative_F180,18.000000,3.456833,9.374364,0.000000,0.222222,0.000000,0.000000,0.000000,0.194444,0.333333,0.166667,1.763889
Negative_F22,97.000000,2.466229,8.584626,0.020619,0.092784,0.010309,0.082474,0.000000,-0.569072,0.298969,0.092784,2.440825
Negative_F371,24.000000,2.500929,9.390159,0.125000,0.000000,0.000000,0.000000,0.000000,1.337500,0.583333,0.041667,-1.316250
Negative_F597,48.000000,9.536394,11.263739,0.187500,0.062500,0.000000,0.020833,0.020833,-0.204167,0.479167,0.041667,1.399167
Negative_F1965,22.000000,0.640538,8.641229,0.090909,0.000000,0.045455,0.000000,0.045455,0.650000,0.545455,0.045455,-0.909545
Negative_F1866,13.000000,-0.445991,6.069006,0.153846,0.000000,0.000000,0.076923,0.076923,0.700000,0.538462,0.076923,-0.546154
Negative_F5,34.000000,-0.447111,6.731465,0.117647,0.000000,0.029412,0.058824,0.058824,0.220588,0.500000,0.088235,0.551765
Negative_F1820,40.000000,4.583068,10.565030,0.125000,0.050000,0.025000,0.025000,0.025000,-0.322500,0.400000,0.025000,1.433250
Negative_F1936,87.000000,11.562388,9.840406,0.149425,0.057471,0.057471,0.045977,0.022989,-0.558621,0.321839,0.022989,2.093218
Negative_F1461,149.000000,2.485138,8.526153,0.060403,0.040268,0.020134,0.033557,0.046980,-0.525503,0.355705,0.127517,1.656577
Negative_F1472,68.000000,8.511320,9.897783,0.117647,0.073529,0.029412,0.014706,0.044118,-0.413235,0.397059,0.073529,1.940000
Negative_F1191,47.000000,2.430617,8.521383,0.063830,0.106383,0.042553,0.063830,0.042553,-1.000000,0.148936,0.063830,3.249574
Negative_F1702,20.000000,1.154374,8.883373,0.100000,0.000000,0.000000,0.000000,0.000000,1.260000,0.400000,0.000000,-0.863000
Negative_F4,49.000000,1.464342,8.210194,0.061224,0.061224,0.061224,0.040816,0.040816,-0.848980,0.224490,0.122449,2.433673
Negative_F1772,45.000000,0.477968,7.940523,0.044444,0.022222,0.000000,0.022222,0.022222,0.702222,0.466667,0.044444,0.257111
Negative_F1539,38.000000,4.394461,9.079743,0.184211,0.000000,0.000000,0.026316,0.026316,-0.039474,0.263158,0.078947,0.930263
Negative_F168,34.000000,7.119799,10.331333,0.176471,0.058824,0.000000,0.000000,0.000000,-0.355882,0.294118,0.029412,1.712353
Negative_F1997,13.000000,1.562034,9.196496,0.076923,0.076923,0.076923,0.000000,0.000000,0.146154,0.461538,0.153846,0.333077
Negative_F24,13.000000,-0.296041,7.097735,0.000000,0.000000,0.307692,0.000000,0.000000,-0.823077,0.153846,0.000000,1.138462
Negative_F1663,31.000000,3.198197,9.842856,0.096774,0.096774,0.000000,0.032258,0.032258,-0.209677,0.387097,0.096774,1.855484
Negative_F1858,14.000000,3.547405,10.461623,0.214286,0.071429,0.000000,0.000000,0.000000,0.500000,0.571429,0.071429,0.638571
Negative_F1230,37.000000,6.543911,11.166005,0.162162,0.081081,0.000000,0.027027,0.027027,0.094595,0.486486,0.054054,1.142162
Negative_F2353,79.000000,0.806807,7.837631,0.088608,0.050633,0.075949,0.063291,0.063291,-0.775949,0.240506,0.075949,2.171139
Negative_F967,41.000000,-3.598854,4.441138,0.024390,0.073171,0.000000,0.073171,0.097561,-0.929268,0.219512,0.170732,2.611463
Negative_F1355,24.000000,3.498424,9.701283,0.166667,0.000000,0.000000,0.000000,0.000000,1.250000,0.541667,0.083333,-1.230833
Negative_F2442,42.000000,6.486786,10.097764,0.071429,0.142857,0.023810,0.047619,0.000000,-0.735714,0.261905,0.119048,3.128571
Negative_F1155,14.000000,2.548551,10.001383,0.285714,0.000000,0.000000,0.000000,0.071429,-0.214286,0.500000,0.142857,1.010000
Negative_F244,11.000000,0.505915,8.058242,0.000000,0.090909,0.000000,0.000000,0.000000,0.818182,0.454545,0.181818,-0.009091
Negative_F483,23.000000,2.523323,9.626822,0.086957,0.086957,0.000000,0.043478,0.000000,0.126087,0.521739,0.130435,0.879565
Negative_F1158,17.000000,2.548551,10.001383,0.235294,0.000000,0.000000,0.000000,0.058824,0.247059,0.529412,0.058824,0.207059
Negative_F2217,24.000000,-0.480816,6.722313,0.041667,0.000000,0.041667,0.000000,0.041667,0.087500,0.333333,0.125000,0.767917
Negative_F1408,12.000000,-1.442101,4.050028,0.000000,0.000000,0.000000,0.083333,0.000000,1.650000,0.583333,0.000000,-1.835833
Negative_F1823,40.000000,4.585549,11.068980,0.100000,0.075000,0.025000,0.025000,0.025000,-0.320000,0.425000,0.025000,1.634500
Negative_F1271,36.000000,3.497494,9.513422,0.166667,0.027778,0.000000,0.055556,0.027778,0.036111,0.388889,0.055556,0.949722
Negative_F1828,60.000000,4.724324,9.998676,0.133333,0.016667,0.083333,0.016667,0.050000,-0.066667,0.433333,0.016667,1.021833
Negative_F955,43.000000,2.449440,8.700798,0.023256,0.116279,0.046512,0.023256,0.046512,0.281395,0.372093,0.046512,1.498140
Negative_F1640,37.000000,3.532281,9.514454,0.162162,0.000000,0.027027,0.000000,0.054054,0.091892,0.459459,0.108108,0.420000
Negative_F192,47.000000,5.345800,9.064142,0.106383,0.085106,0.000000,0.042553,0.021277,-0.510638,0.234043,0.063830,2.320213
Negative_F1585,14.000000,0.553562,8.591073,0.142857,0.000000,0.000000,0.000000,0.071429,0.671429,0.500000,0.142857,-0.752857
Negative_F2107,29.000000,3.497460,9.594137,0.172414,0.034483,0.000000,0.034483,0.034483,0.220690,0.379310,0.068966,0.478621
Negative_F673,13.000000,1.552442,10.002737,0.153846,0.000000,0.000000,0.000000,0.000000,1.476923,0.615385,0.153846,-1.686154
Negative_F958,40.000000,3.490238,8.941717,0.025000,0.100000,0.025000,0.025000,0.000000,0.230000,0.375000,0.075000,1.381000
Negative_F681,32.000000,3.588451,10.878153,0.062500,0.156250,0.031250,0.062500,0.031250,-1.393750,0.250000,0.093750,3.769375
Negative_F2327,51.000000,-1.677232,5.510222,0.019608,0.039216,0.019608,0.019608,0.058824,0.441176,0.490196,0.039216,0.366275
Negative_F2194,20.000000,5.625413,11.999968,0.100000,0.200000,0.150000,0.000000,0.000000,-0.730000,0.400000,0.200000,3.109500
Negative_F489,60.000000,-11.353431,4.290855,0.083333,0.050000,0.016667,0.100000,0.216667,-1.306667,0.333333,0.066667,3.351000
Negative_F1411,18.000000,0.552888,8.590944,0.111111,0.000000,0.000000,0.055556,0.000000,1.127778,0.555556,0.055556,-0.758889
Negative_F1734,14.000000,4.506033,10.122133,0.357143,0.071429,0.000000,0.071429,0.000000,-0.992857,0.428571,0.142857,2.590714
Negative_F560,18.000000,3.410332,9.007539,0.000000,0.222222,0.000000,0.000000,0.000000,0.522222,0.222222,0.111111,2.192222
Negative_F1160,17.000000,1.551057,9.703024,0.176471,0.000000,0.000000,0.000000,0.058824,0.270588,0.529412,0.058824,0.206471
Negative_F1599,59.000000,-0.586648,6.940405,0.084746,0.000000,0.050847,0.050847,0.033898,0.877966,0.457627,0.016949,-0.274576
Negative_F1351,19.000000,2.528621,9.787026,0.157895,0.052632,0.000000,0.000000,0.052632,-0.721053,0.315789,0.210526,1.567368
Negative_F1783,25.000000,3.387980,8.741994,0.080000,0.080000,0.040000,0.000000,0.000000,-0.204000,0.200000,0.120000,1.862400
Negative_F720,47.000000,5.382435,8.904389,0.170213,0.042553,0.021277,0.042553,0.042553,-0.210638,0.255319,0.042553,1.711915
Negative_F379,38.000000,3.448204,8.904905,0.052632,0.052632,0.000000,0.000000,0.000000,-0.231579,0.289474,0.105263,1.277368
Negative_F1816,19.000000,0.557428,9.750021,0.000000,0.052632,0.000000,0.000000,0.000000,1.584211,0.631579,0.105263,-0.861053
Negative_F1322,33.000000,2.497485,9.243171,0.151515,0.000000,0.000000,0.030303,0.030303,0.163636,0.393939,0.030303,0.738182
Negative_F994,28.000000,2.496811,9.243171,0.178571,0.000000,0.000000,0.071429,0.000000,0.342857,0.428571,0.035714,0.290357
Negative_F2374,50.000000,5.338543,10.221994,0.140000,0.000000,0.040000,0.020000,0.000000,-0.064000,0.460000,0.060000,0.612200
Negative_F444,42.000000,9.603566,10.642328,0.238095,0.023810,0.047619,0.023810,0.000000,-0.295238,0.428571,0.071429,1.062381
Negative_F960,46.000000,-0.473266,6.911701,0.086957,0.000000,0.043478,0.043478,0.043478,0.595652,0.434783,0.043478,-0.178261
Negative_F6,18.000000,2.591498,11.711343,0.000000,0.166667,0.055556,0.000000,0.000000,-1.405556,0.222222,0.055556,2.975556
Negative_F1085,60.000000,5.346632,9.047638,0.116667,0.083333,0.000000,0.033333,0.066667,-0.948333,0.216667,0.100000,2.572333
Negative_F1552,53.000000,12.548047,11.999968,0.075472,0.207547,0.000000,0.037736,0.000000,-1.515094,0.113208,0.000000,4.102264
Negative_F1917,25.000000,0.482533,7.957929,0.040000,0.040000,0.000000,0.000000,0.040000,1.372000,0.480000,0.080000,-0.772400
Negative_F1635,16.000000,0.545047,8.081644,0.000000,0.062500,0.062500,0.000000,0.000000,0.325000,0.437500,0.062500,0.768750
Negative_F823,34.000000,3.218079,9.391641,0.176471,0.000000,0.000000,0.000000,0.058824,-0.358824,0.441176,0.147059,0.712941
Negative_F1913,25.000000,3.547430,10.477740,0.160000,0.000000,0.000000,0.000000,0.000000,0.192000,0.440000,0.120000,0.028000
Negative_F1610,21.000000,4.543515,10.295230,0.238095,0.047619,0.000000,0.000000,0.047619,-0.385714,0.476190,0.047619,1.456667
Negative_F1349,13.000000,0.554947,8.750052,0.076923,0.000000,0.000000,0.000000,0.000000,1.723077,0.615385,0.153846,-2.117692
Negative_F696,30.000000,2.454311,8.678428,0.033333,0.100000,0.000000,0.000000,0.033333,-0.413333,0.200000,0.100000,1.661333
Negative_F1845,20.000000,0.554947,8.750052,0.050000,0.000000,0.000000,0.000000,0.000000,1.275000,0.550000,0.100000,-1.166500
Negative_F2199,17.000000,5.527813,11.834864,0.058824,0.294118,0.000000,0.000000,0.000000,-1.611765,0.411765,0.294118,4.177059
Negative_F1976,13.000000,1.250698,11.000192,0.076923,0.076923,0.000000,0.000000,0.000000,-0.315385,0.384615,0.153846,1.690769
Negative_F600,37.000000,6.539372,10.461301,0.216216,0.054054,0.000000,0.054054,0.027027,-0.562162,0.378378,0.081081,1.994324
Negative_F1518,21.000000,-1.293904,6.425216,0.000000,0.047619,0.190476,0.095238,0.000000,0.452381,0.476190,0.095238,0.488095
Negative_F2444,36.000000,6.502568,10.335072,0.055556,0.166667,0.000000,0.027778,0.000000,-0.716667,0.277778,0.055556,3.265000
Negative_F1956,38.000000,5.476043,9.426970,0.026316,0.131579,0.052632,0.000000,0.000000,-0.473684,0.236842,0.131579,2.177632
Negative_F2072,24.000000,5.454699,10.149080,0.000000,0.291667,0.000000,0.041667,0.000000,-1.283333,0.208333,0.083333,4.634167
Negative_F2256,39.000000,7.582282,11.493117,0.153846,0.128205,0.025641,0.000000,0.076923,-0.530769,0.384615,0.076923,2.345385
Negative_F2399,23.000000,3.583718,10.161458,0.130435,0.130435,0.043478,0.000000,0.086957,-0.686957,0.434783,0.173913,2.477391
Negative_F2191,19.000000,5.549861,11.999968,0.157895,0.157895,0.000000,0.000000,0.000000,-0.563158,0.421053,0.157895,2.516842
Negative_F1247,37.000000,2.553644,10.256678,0.081081,0.108108,0.000000,0.027027,0.081081,-0.816216,0.324324,0.054054,2.685676
Negative_F1492,22.000000,1.275759,9.524575,0.181818,0.000000,0.000000,0.090909,0.000000,0.209091,0.500000,0.181818,0.577727
Negative_F1304,46.000000,5.527016,9.835764,0.173913,0.021739,0.021739,0.043478,0.021739,0.517391,0.434783,0.065217,0.141522
Negative_F25,25.000000,7.500804,11.840344,0.120000,0.200000,0.000000,0.000000,0.000000,-0.576000,0.400000,0.160000,2.751600
Negative_F2145,41.000000,-1.414929,5.647034,0.097561,0.024390,0.024390,0.024390,0.121951,-0.843902,0.390244,0.121951,2.041220
Negative_F2210,19.000000,3.589018,11.999968,0.105263,0.105263,0.052632,0.000000,0.000000,0.605263,0.526316,0.052632,0.387368
Negative_F705,58.000000,-2.448050,4.050028,0.017241,0.000000,0.000000,0.034483,0.017241,1.001724,0.637931,0.137931,-0.896034
Negative_F2415,20.000000,-3.540606,4.050028,0.050000,0.000000,0.000000,0.150000,0.050000,0.125000,0.300000,0.100000,1.308000
Negative_F2118,27.000000,1.545444,9.023334,0.000000,0.111111,0.037037,0.037037,0.000000,-0.033333,0.407407,0.111111,1.598889
Negative_F1143,32.000000,1.477522,8.655864,0.062500,0.031250,0.000000,0.000000,0.031250,0.353125,0.343750,0.062500,0.905937
Negative_F794,47.000000,2.585181,9.401376,0.127660,0.021277,0.000000,0.063830,0.021277,-0.351064,0.468085,0.212766,1.154468
Negative_F849,24.000000,2.586984,10.289686,0.125000,0.041667,0.041667,0.041667,0.000000,0.487500,0.541667,0.083333,0.393750
Negative_F1961,26.000000,2.925427,9.835635,0.115385,0.000000,0.038462,0.000000,0.000000,0.934615,0.653846,0.269231,-1.127308
Negative_F114,51.000000,8.369110,9.268765,0.235294,0.019608,0.000000,0.058824,0.019608,-0.913725,0.274510,0.137255,2.117451
Negative_F1047,50.000000,-0.393597,7.087049,0.100000,0.020000,0.080000,0.060000,0.060000,-0.704000,0.240000,0.100000,1.991200
Negative_F1193,17.000000,1.554922,11.000837,0.058824,0.058824,0.000000,0.000000,0.000000,0.900000,0.529412,0.058824,-0.499412
Negative_F1946,26.000000,0.553305,7.969147,0.076923,0.000000,0.076923,0.000000,0.038462,-0.130769,0.307692,0.153846,1.083462
Negative_F191,38.000000,8.397804,10.002157,0.131579,0.105263,0.000000,0.000000,0.000000,-0.092105,0.263158,0.000000,1.712105
Negative_F547,21.000000,2.549936,10.302064,0.142857,0.000000,0.000000,0.000000,0.000000,0.495238,0.476190,0.047619,-0.398095
Negative_F1632,31.000000,1.498606,8.787637,0.161290,0.000000,0.000000,0.032258,0.064516,-0.048387,0.387097,0.064516,0.802581
Negative_F482,21.000000,1.550383,9.703024,0.142857,0.000000,0.000000,0.047619,0.000000,0.285714,0.476190,0.095238,0.123333
Negative_F101,31.000000,4.242892,10.564708,0.161290,0.064516,0.000000,0.000000,0.064516,-0.558065,0.354839,0.032258,1.859677
Negative_F1960,30.000000,0.405727,7.769515,0.066667,0.033333,0.000000,0.033333,0.033333,0.123333,0.233333,0.033333,1.117333
Negative_F2295,26.000000,6.696291,11.999968,0.038462,0.230769,0.153846,0.000000,0.000000,-1.646154,0.269231,0.153846,4.314231
Negative_F968,44.000000,4.627243,11.232149,0.045455,0.181818,0.045455,0.045455,0.068182,-1.227273,0.340909,0.136364,3.829318
Negative_F625,20.000000,2.444503,8.702797,0.050000,0.100000,0.050000,0.000000,0.000000,-0.385000,0.150000,0.050000,2.414000
Negative_F242,39.000000,7.432372,9.696319,0.128205,0.102564,0.025641,0.025641,0.000000,-0.092308,0.333333,0.153846,1.648205
Negative_F930,40.000000,6.403187,9.690968,0.025000,0.175000,0.000000,0.025000,0.000000,-0.472500,0.275000,0.125000,2.505250
Negative_F879,28.000000,3.496786,9.594137,0.178571,0.035714,0.000000,0.071429,0.000000,0.292857,0.464286,0.035714,0.822500
Negative_F2234,26.000000,3.552813,11.723012,0.076923,0.115385,0.000000,0.038462,0.000000,0.261538,0.461538,0.115385,1.382308
Negative_F1681,31.000000,-0.595517,6.028707,0.064516,0.000000,0.000000,0.032258,0.032258,0.767742,0.387097,0.064516,-0.193548
Negative_F1670,25.000000,3.545371,10.176866,0.200000,0.000000,0.000000,0.040000,0.000000,0.232000,0.440000,0.120000,-0.001600
Negative_F1894,65.000000,5.545021,9.270247,0.076923,0.123077,0.061538,0.046154,0.061538,-0.549231,0.353846,0.030769,2.708462
Negative_F2006,21.000000,1.550383,9.703024,0.142857,0.000000,0.000000,0.047619,0.000000,1.157143,0.571429,0.095238,-0.971905
Negative_F1371,29.000000,3.545371,10.176866,0.172414,0.000000,0.000000,0.034483,0.000000,0.465517,0.482759,0.068966,-0.060690
Negative_F2169,35.000000,8.544699,11.719143,0.000000,0.257143,0.000000,0.000000,0.000000,-1.548571,0.371429,0.228571,3.445143
Negative_F697,20.000000,5.451797,9.930984,0.050000,0.250000,0.000000,0.000000,0.000000,-1.530000,0.200000,0.200000,4.000500
Negative_F2016,131.000000,10.117055,9.990488,0.022901,0.083969,0.000000,0.015267,0.007634,-0.189313,0.343511,0.099237,1.226107
Negative_F1210,37.000000,3.533665,9.595426,0.135135,0.000000,0.027027,0.000000,0.027027,0.308108,0.432432,0.054054,0.160000
Negative_F2235,22.000000,3.587245,10.461623,0.181818,0.045455,0.045455,0.000000,0.045455,-0.018182,0.454545,0.181818,0.946818
Negative_F1627,26.000000,6.495843,10.572702,0.153846,0.115385,0.000000,0.000000,0.000000,-0.026923,0.423077,0.076923,1.652692
Negative_F595,21.000000,-0.369294,6.917726,0.000000,0.000000,0.095238,0.000000,0.000000,1.271429,0.523810,0.000000,-1.283810
Negative_F2104,43.000000,0.369709,7.744392,0.023256,0.023256,0.000000,0.000000,0.023256,0.774419,0.418605,0.139535,-0.422326
Negative_F1194,24.000000,2.057126,8.529635,0.000000,0.125000,0.000000,0.000000,0.000000,0.454167,0.208333,0.083333,1.110000
Negative_F1146,28.000000,0.428515,7.815518,0.035714,0.035714,0.000000,0.000000,0.035714,0.107143,0.357143,0.107143,0.858571
Negative_F1099,30.000000,1.845246,9.520127,0.066667,0.166667,0.266667,0.033333,0.133333,-2.663333,0.100000,0.100000,5.494000
Negative_F2196,18.000000,4.580693,11.999968,0.055556,0.222222,0.000000,0.000000,0.000000,-0.755556,0.444444,0.222222,3.235556
Negative_F463,33.000000,2.498870,9.307704,0.121212,0.000000,0.000000,0.030303,0.000000,0.430303,0.424242,0.030303,0.478788
Negative_F2112,16.000000,2.505890,9.695868,0.062500,0.125000,0.000000,0.000000,0.000000,0.887500,0.437500,0.125000,0.298750
Negative_F1572,19.000000,3.500879,9.847497,0.105263,0.105263,0.000000,0.000000,0.000000,0.052632,0.473684,0.157895,0.918421
Negative_F166,34.000000,2.500672,8.780803,0.088235,0.000000,0.058824,0.000000,0.000000,0.414706,0.294118,0.000000,0.378824
Negative_F2038,29.000000,6.554676,11.907842,0.068966,0.310345,0.000000,0.103448,0.034483,-1.162069,0.344828,0.137931,5.263793
Negative_F847,17.000000,2.591498,11.711343,0.000000,0.176471,0.058824,0.000000,0.000000,-1.211765,0.235294,0.058824,2.434118
Negative_F1094,58.000000,3.609787,8.829671,0.137931,0.034483,0.103448,0.051724,0.051724,-1.031034,0.206897,0.051724,2.630690
Negative_F1397,41.000000,2.144352,9.184182,0.073171,0.000000,0.000000,0.000000,0.000000,0.451220,0.487805,0.170732,-0.659024
Negative_F2448,19.000000,0.591574,8.757208,0.052632,0.000000,0.052632,0.000000,0.000000,1.226316,0.578947,0.105263,-0.896316
Negative_F1339,34.000000,-6.463469,4.385890,0.088235,0.117647,0.000000,0.147059,0.235294,-1.355882,0.264706,0.000000,4.302059
Negative_F1344,12.000000,2.586563,10.302064,0.250000,0.000000,0.083333,0.000000,0.000000,0.066667,0.500000,0.083333,-0.049167
Negative_F685,21.000000,0.607777,9.795020,0.000000,0.047619,0.000000,0.000000,0.000000,-1.185714,0.095238,0.000000,0.359048
Negative_F1716,53.000000,5.772050,11.999968,0.000000,0.113208,0.113208,0.000000,0.000000,-0.724528,0.207547,0.169811,1.516981
Negative_F2340,11.000000,2.552417,11.166263,0.181818,0.090909,0.000000,0.000000,0.000000,1.281818,0.636364,0.181818,-0.338182
Negative_F1366,14.000000,1.605272,11.001030,0.071429,0.071429,0.000000,0.000000,0.000000,0.707143,0.642857,0.142857,0.130714
Negative_F820,44.000000,2.580521,9.145695,0.090909,0.045455,0.022727,0.022727,0.045455,-0.745455,0.386364,0.159091,1.500455
Negative_F297,41.000000,8.608552,10.843018,0.195122,0.048780,0.048780,0.024390,0.000000,-0.273171,0.414634,0.073171,1.182439
Negative_F2165,43.000000,3.310479,10.160943,0.069767,0.069767,0.023256,0.023256,0.023256,-0.151163,0.534884,0.186047,0.739070
Negative_F1270,42.000000,1.517996,8.437316,0.047619,0.023810,0.023810,0.000000,0.023810,0.721429,0.380952,0.142857,-0.372857
Negative_F639,20.000000,2.500929,9.390159,0.150000,0.000000,0.000000,0.000000,0.000000,1.195000,0.550000,0.100000,-1.134000
Negative_F116,13.000000,2.554897,11.999968,0.076923,0.153846,0.000000,0.000000,0.000000,-1.069231,0.538462,0.384615,1.069231
Negative_F2281,13.000000,-3.403199,4.527817,0.076923,0.000000,0.076923,0.153846,0.153846,-0.830769,0.384615,0.076923,2.265385
Negative_F170,24.000000,2.547430,10.001383,0.125000,0.000000,0.000000,0.000000,0.000000,0.545833,0.500000,0.041667,-0.310000
Negative_F2175,28.000000,0.555369,8.747731,0.035714,0.035714,0.000000,0.035714,0.000000,-0.750000,0.214286,0.178571,0.309286
Negative_F421,32.000000,0.467672,7.832409,0.062500,0.000000,0.031250,0.000000,0.031250,0.321875,0.281250,0.062500,0.560937
Negative_F1348,16.000000,0.554947,8.750052,0.062500,0.000000,0.000000,0.000000,0.000000,1.787500,0.625000,0.187500,-2.273125
Negative_F428,30.000000,5.591384,10.398444,0.233333,0.000000,0.000000,0.000000,0.033333,-0.466667,0.466667,0.000000,0.685000
Negative_F42,27.000000,1.587683,9.703153,0.111111,0.000000,0.037037,0.000000,0.037037,0.414815,0.481481,0.037037,-0.275556
Negative_F471,13.000000,-0.405921,6.741127,0.000000,0.000000,0.076923,0.000000,0.000000,1.915385,0.692308,0.153846,-2.320769
Negative_F429,18.000000,0.603697,8.239656,0.055556,0.000000,0.111111,0.000000,0.000000,0.672222,0.555556,0.055556,-0.633889
Negative_F803,87.000000,-3.656323,5.435649,0.011494,0.057471,0.034483,0.034483,0.068966,-0.403448,0.379310,0.091954,1.820345
Negative_F811,44.000000,0.541157,8.055147,0.022727,0.022727,0.022727,0.000000,0.022727,0.911364,0.500000,0.045455,-0.607727
Negative_F1675,54.000000,5.581989,9.844790,0.111111,0.037037,0.037037,0.037037,0.000000,-0.646296,0.370370,0.148148,1.575741
Negative_F2174,37.000000,9.480929,11.414144,0.000000,0.270270,0.054054,0.000000,0.000000,-0.521622,0.270270,0.081081,3.573243
Negative_F1603,44.000000,3.384519,8.710920,0.068182,0.090909,0.022727,0.045455,0.022727,-0.690909,0.204545,0.113636,2.449773
Negative_F1043,22.000000,1.451923,8.518095,0.090909,0.000000,0.000000,0.000000,0.000000,0.427273,0.318182,0.136364,0.309091
Negative_F1611,32.000000,3.078334,9.066592,0.093750,0.031250,0.000000,0.000000,0.000000,0.087500,0.250000,0.062500,1.176875
Negative_F2,34.000000,3.547380,10.446795,0.058824,0.058824,0.000000,0.000000,0.000000,-0.911765,0.294118,0.176471,1.198235
Negative_F1622,121.000000,1.541218,8.686551,0.016529,0.057851,0.000000,0.033058,0.024793,-0.438843,0.380165,0.123967,1.766942
Negative_F1308,20.000000,0.525879,8.175316,0.100000,0.000000,0.000000,0.050000,0.000000,0.180000,0.450000,0.100000,0.400500
Negative_F459,26.000000,2.195295,9.302030,0.115385,0.038462,0.000000,0.000000,0.038462,-0.057692,0.423077,0.076923,1.037308
Negative_F2423,27.000000,1.246832,9.700058,0.111111,0.000000,0.000000,0.000000,0.037037,0.222222,0.555556,0.037037,0.162593
Negative_F860,62.000000,0.575830,8.202200,0.096774,0.064516,0.016129,0.016129,0.129032,-1.300000,0.306452,0.129032,2.460645
Negative_F1458,125.000000,10.609440,9.861423,0.056000,0.112000,0.048000,0.048000,0.032000,-0.984000,0.264000,0.080000,2.994640
Negative_F1769,13.000000,3.591498,11.999968,0.076923,0.230769,0.076923,0.000000,0.000000,0.323077,0.615385,0.153846,2.045385
Negative_F333,74.000000,4.312170,10.109110,0.081081,0.067568,0.027027,0.067568,0.013514,-1.316216,0.229730,0.081081,2.661892
Negative_F254,19.000000,1.552863,9.994292,0.105263,0.052632,0.000000,0.052632,0.000000,0.773684,0.526316,0.052632,-0.041053
Negative_F286,21.000000,3.500904,9.850656,0.142857,0.047619,0.000000,0.000000,0.000000,1.080952,0.523810,0.047619,-0.715714
Negative_F1445,23.000000,2.698922,11.166327,0.086957,0.043478,0.173913,0.000000,0.000000,0.430435,0.434783,0.130435,0.383043
Negative_F1417,31.000000,4.550307,11.733971,0.096774,0.096774,0.000000,0.032258,0.000000,0.303226,0.451613,0.064516,1.075806
Negative_F2124,48.000000,5.427194,9.120358,0.062500,0.125000,0.041667,0.020833,0.041667,-0.804167,0.187500,0.062500,2.893333
Negative_F1683,30.000000,2.400716,8.649868,0.133333,0.033333,0.000000,0.033333,0.033333,-0.040000,0.200000,0.033333,1.099000
Negative_F2156,20.000000,2.500929,9.390159,0.150000,0.000000,0.000000,0.000000,0.000000,1.525000,0.550000,0.050000,-1.562500
Negative_F1685,51.000000,2.404409,8.647934,0.098039,0.058824,0.019608,0.039216,0.058824,-0.003922,0.352941,0.058824,1.404706
Negative_F1980,29.000000,3.396495,8.886403,0.137931,0.034483,0.000000,0.000000,0.034483,-0.258621,0.206897,0.103448,1.310345
Negative_F1103,48.000000,5.511442,9.337295,0.083333,0.125000,0.062500,0.020833,0.062500,-0.462500,0.270833,0.062500,2.646667
Negative_F287,32.000000,2.545743,9.818551,0.062500,0.093750,0.000000,0.062500,0.000000,-0.668750,0.375000,0.156250,1.585625
Negative_F1190,58.000000,3.468567,8.753404,0.051724,0.103448,0.051724,0.017241,0.068966,-0.593103,0.206897,0.068966,2.684310
Negative_F549,21.000000,2.546046,9.825643,0.190476,0.000000,0.000000,0.000000,0.047619,0.247619,0.476190,0.095238,-0.307143
Negative_F2435,22.000000,1.664801,11.000901,0.045455,0.045455,0.136364,0.000000,0.000000,0.790909,0.454545,0.090909,-0.356364
Negative_F838,26.000000,0.553305,7.969147,0.076923,0.000000,0.076923,0.000000,0.038462,0.111538,0.346154,0.115385,0.715000
Negative_F144,30.000000,1.404383,8.333522,0.000000,0.133333,0.000000,0.033333,0.033333,0.123333,0.400000,0.166667,1.427333
Negative_F1943,18.000000,3.557352,11.999968,0.000000,0.222222,0.000000,0.000000,0.000000,-1.155556,0.444444,0.388889,2.011667
Negative_F1201,37.000000,3.495654,9.514389,0.162162,0.000000,0.000000,0.000000,0.054054,0.356757,0.432432,0.027027,0.258378
Negative_F2227,29.000000,8.618077,11.999968,0.172414,0.137931,0.068966,0.000000,0.000000,-0.596552,0.379310,0.137931,2.374483
Negative_F1747,55.000000,6.076687,9.382874,0.109091,0.072727,0.018182,0.054545,0.000000,-0.429091,0.345455,0.145455,1.613455
Negative_F245,12.000000,0.545047,8.081644,0.000000,0.083333,0.083333,0.000000,0.000000,1.308333,0.500000,0.083333,-0.547500
Negative_F2007,23.000000,0.626141,8.605449,0.086957,0.000000,0.086957,0.043478,0.000000,0.739130,0.521739,0.043478,-0.273478
Negative_F1935,35.000000,4.583068,10.565030,0.142857,0.057143,0.028571,0.028571,0.028571,0.005714,0.400000,0.028571,0.940000
Negative_F604,24.000000,1.701428,11.000901,0.041667,0.041667,0.166667,0.000000,0.000000,0.270833,0.458333,0.083333,0.214167
Negative_F642,20.000000,0.554947,8.750052,0.050000,0.000000,0.000000,0.000000,0.000000,1.420000,0.500000,0.000000,-1.699000
Negative_F1418,71.000000,5.419859,9.047703,0.084507,0.084507,0.028169,0.028169,0.056338,-0.785915,0.239437,0.084507,2.382394
Negative_F384,42.000000,5.653816,10.655673,0.142857,0.047619,0.071429,0.023810,0.023810,-0.002381,0.452381,0.047619,1.288333
Negative_F518,23.000000,3.503385,10.106725,0.086957,0.086957,0.000000,0.000000,0.000000,1.052174,0.521739,0.043478,-0.038696
Negative_F1800,35.000000,3.190755,9.512326,0.171429,0.000000,0.000000,0.028571,0.028571,0.188571,0.371429,0.000000,0.746571
Negative_F1898,13.000000,1.554922,11.000837,0.076923,0.076923,0.000000,0.000000,0.000000,1.038462,0.538462,0.076923,-0.297692
Negative_F1852,124.000000,14.313638,9.383261,0.104839,0.080645,0.032258,0.040323,0.024194,-0.736290,0.266129,0.104839,2.498629
Negative_F999,21.000000,1.503435,8.903745,0.095238,0.000000,0.000000,0.000000,0.000000,1.190476,0.476190,0.047619,-1.257619
Negative_F2024,39.000000,2.094026,8.635621,0.000000,0.102564,0.000000,0.025641,0.000000,-0.405128,0.256410,0.153846,1.994103
Negative_F1012,24.000000,3.498424,9.701283,0.166667,0.000000,0.000000,0.000000,0.000000,1.133333,0.583333,0.125000,-0.847500
Negative_F50,20.000000,-0.441839,6.217470,0.050000,0.000000,0.000000,0.000000,0.050000,1.010000,0.500000,0.000000,-1.169500
Negative_F818,30.000000,0.585846,8.070233,0.066667,0.000000,0.033333,0.033333,0.000000,-0.360000,0.333333,0.066667,1.099333
Negative_F557,24.000000,7.522827,11.999968,0.166667,0.166667,0.000000,0.000000,0.000000,0.141667,0.458333,0.000000,1.521667
Negative_F198,25.000000,-0.334053,7.024072,0.040000,0.000000,0.120000,0.000000,0.040000,1.312000,0.560000,0.000000,-1.134000
Negative_F2249,19.000000,1.552442,10.002737,0.105263,0.000000,0.000000,0.000000,0.000000,1.263158,0.578947,0.052632,-1.180000
Negative_F721,49.000000,4.335265,8.763075,0.142857,0.040816,0.020408,0.020408,0.061224,-0.287755,0.224490,0.040816,1.497143
Negative_F864,30.000000,10.535948,11.789736,0.300000,0.100000,0.000000,0.000000,0.033333,-0.536667,0.400000,0.166667,2.126333
Negative_F2236,36.000000,7.535709,10.359054,0.250000,0.055556,0.000000,0.000000,0.083333,-1.197222,0.333333,0.027778,2.960000
Negative_F813,21.000000,0.156880,7.735071,0.047619,0.000000,0.000000,0.000000,0.000000,1.214286,0.476190,0.142857,-1.042381
Negative_F990,24.000000,3.498424,9.701283,0.166667,0.000000,0.000000,0.000000,0.000000,1.175000,0.541667,0.125000,-1.005833
Negative_F1324,48.000000,11.591272,11.999968,0.000000,0.250000,0.020833,0.000000,0.000000,-1.216667,0.125000,0.020833,3.504792
Negative_F815,25.000000,3.551403,10.931533,0.080000,0.160000,0.000000,0.040000,0.040000,-0.932000,0.400000,0.200000,2.809600
Negative_F365,24.000000,2.500929,9.390159,0.125000,0.000000,0.000000,0.000000,0.000000,1.079167,0.541667,0.125000,-0.986250
Negative_F1382,13.000000,1.554922,11.000837,0.076923,0.076923,0.000000,0.000000,0.000000,1.592308,0.692308,0.153846,-0.865385
Negative_F1055,15.000000,2.549936,10.302064,0.200000,0.000000,0.000000,0.000000,0.000000,0.760000,0.533333,0.066667,-0.340667
Negative_F648,38.000000,5.653369,10.655673,0.131579,0.052632,0.078947,0.000000,0.026316,-0.150000,0.394737,0.026316,1.005000
Negative_F1111,14.000000,2.503410,9.503945,0.142857,0.071429,0.000000,0.000000,0.000000,1.435714,0.571429,0.071429,-0.687857
Negative_F2422,37.000000,8.189062,11.052025,0.108108,0.135135,0.000000,0.000000,0.000000,-0.583784,0.324324,0.081081,2.228108
Negative_F246,12.000000,0.503410,8.045155,0.000000,0.083333,0.000000,0.000000,0.000000,1.125000,0.583333,0.166667,-0.664167
Negative_F264,19.000000,3.620683,10.477740,0.210526,0.000000,0.105263,0.000000,0.000000,-0.557895,0.368421,0.157895,1.433684
Negative_F660,37.000000,4.517634,9.386677,0.108108,0.027027,0.054054,0.000000,0.000000,-0.421622,0.297297,0.108108,1.323784
Negative_F603,49.000000,8.453289,11.240724,0.061224,0.163265,0.000000,0.020408,0.020408,-0.851020,0.285714,0.061224,3.147959
Negative_F1356,24.000000,3.498424,9.701283,0.166667,0.000000,0.000000,0.000000,0.000000,1.129167,0.500000,0.083333,-1.085000
Negative_F119,25.000000,7.446761,10.223284,0.080000,0.240000,0.000000,0.000000,0.000000,-1.056000,0.240000,0.120000,3.932400
Negative_F1264,40.000000,5.495303,9.100889,0.050000,0.100000,0.100000,0.000000,0.000000,-0.267500,0.250000,0.125000,1.845500
Negative_F1844,20.000000,-1.843664,4.050028,0.000000,0.000000,0.000000,0.000000,0.050000,0.380000,0.300000,0.150000,0.430000
Negative_F1512,101.000000,-3.513005,5.020782,0.049505,0.029703,0.009901,0.049505,0.059406,-0.446535,0.316832,0.069307,1.958020
Negative_F1732,19.000000,4.544900,10.582759,0.210526,0.052632,0.000000,0.000000,0.000000,0.331579,0.631579,0.263158,0.061579
Negative_F1451,31.000000,3.497460,9.594137,0.161290,0.032258,0.000000,0.032258,0.032258,0.022581,0.387097,0.064516,0.808387
Negative_F1774,66.000000,9.272332,9.201460,0.151515,0.060606,0.015152,0.045455,0.015152,-0.715152,0.166667,0.060606,2.195909
Negative_F204,25.000000,0.551503,8.497658,0.120000,0.000000,0.000000,0.040000,0.040000,0.400000,0.440000,0.000000,0.047200
Negative_F1819,39.000000,2.540565,9.384550,0.051282,0.128205,0.025641,0.051282,0.051282,-0.992308,0.230769,0.051282,2.998462
Negative_F783,51.000000,7.254557,10.067077,0.196078,0.000000,0.000000,0.000000,0.039216,-0.084314,0.549020,0.176471,0.147059
Negative_F934,15.000000,2.244748,9.996097,0.266667,0.066667,0.000000,0.066667,0.066667,-1.373333,0.266667,0.000000,3.215333
Negative_F1674,27.000000,3.550619,10.461623,0.148148,0.037037,0.000000,0.000000,0.037037,0.648148,0.481481,0.074074,0.065926
Negative_F2398,26.000000,2.467723,9.388225,0.115385,0.038462,0.000000,0.000000,0.038462,0.223077,0.346154,0.000000,0.516538
Negative_F680,33.000000,2.217090,9.516388,0.151515,0.000000,0.000000,0.060606,0.000000,0.324242,0.393939,0.000000,0.346970
Negative_F499,44.000000,2.554732,8.847528,0.090909,0.000000,0.068182,0.022727,0.000000,-0.493182,0.295455,0.090909,1.126136
Negative_F1291,24.000000,2.503410,9.503945,0.083333,0.041667,0.000000,0.000000,0.000000,1.179167,0.583333,0.083333,-0.447500
Negative_F1220,14.000000,0.552888,8.590944,0.142857,0.000000,0.000000,0.071429,0.000000,0.628571,0.571429,0.142857,0.235714
Negative_F554,37.000000,6.476018,9.692451,0.027027,0.162162,0.054054,0.000000,0.000000,-0.651351,0.243243,0.135135,2.683243
Negative_F1745,13.000000,-3.445098,4.050028,0.076923,0.000000,0.000000,0.230769,0.076923,-1.653846,0.307692,0.153846,3.080000
Negative_F2226,31.000000,12.532322,11.999968,0.322581,0.096774,0.000000,0.000000,0.000000,-0.416129,0.387097,0.193548,1.780000
Negative_F608,25.000000,4.579467,10.295295,0.200000,0.040000,0.040000,0.040000,0.000000,-0.224000,0.440000,0.120000,0.903600
Negative_F2079,29.000000,5.557023,10.595395,0.172414,0.034483,0.034483,0.000000,0.000000,0.162069,0.379310,0.034483,0.520345
Negative_F447,43.000000,3.386367,8.731292,0.093023,0.046512,0.023256,0.046512,0.000000,-0.411628,0.232558,0.069767,1.756512
Negative_F1097,83.000000,-1.348735,6.278685,0.036145,0.024096,0.036145,0.048193,0.024096,-0.884337,0.265060,0.132530,1.478916
Negative_F940,29.000000,1.657756,9.528701,0.103448,0.000000,0.103448,0.034483,0.000000,-0.410345,0.344828,0.172414,1.058621
Negative_F1443,21.000000,2.500929,9.390159,0.142857,0.000000,0.000000,0.000000,0.000000,1.100000,0.428571,0.047619,-1.261905
Negative_F1754,31.000000,1.497258,8.787573,0.161290,0.000000,0.000000,0.096774,0.000000,0.158065,0.387097,0.032258,0.647097
Negative_F1548,92.000000,0.632518,7.821321,0.043478,0.054348,0.010870,0.043478,0.043478,-0.388043,0.239130,0.097826,1.398152
Negative_F1693,121.000000,8.400359,9.283463,0.107438,0.074380,0.016529,0.074380,0.033058,-0.801653,0.314050,0.099174,2.576942
Negative_F1509,75.000000,0.390448,8.151979,0.066667,0.040000,0.053333,0.040000,0.053333,-0.985333,0.266667,0.093333,1.910667
Negative_F2341,14.000000,5.525357,11.735067,0.214286,0.214286,0.000000,0.000000,0.000000,-0.200000,0.428571,0.000000,2.897857
Negative_F1520,32.000000,1.658624,9.526832,0.125000,0.031250,0.093750,0.093750,0.000000,-0.553125,0.406250,0.093750,1.630625
Negative_F2123,49.000000,4.462486,8.923730,0.102041,0.081633,0.061224,0.020408,0.061224,-0.634694,0.204082,0.061224,2.670816
Negative_F1569,137.000000,2.693127,8.597649,0.072993,0.087591,0.036496,0.029197,0.109489,-0.679562,0.328467,0.087591,2.387591
Negative_F1872,60.000000,6.517670,9.132027,0.183333,0.016667,0.033333,0.033333,0.050000,-0.713333,0.216667,0.050000,1.953167
Negative_F394,34.000000,3.545467,9.872382,0.205882,0.058824,0.000000,0.000000,0.147059,-0.682353,0.352941,0.088235,1.924412
Negative_F732,12.000000,-2.428857,4.353094,0.000000,0.000000,0.083333,0.083333,0.083333,0.825000,0.500000,0.083333,0.373333
Negative_F1567,12.000000,0.552442,8.590880,0.083333,0.000000,0.000000,0.000000,0.000000,0.108333,0.416667,0.083333,0.310833
Negative_F1781,95.000000,-2.500489,4.955076,0.052632,0.052632,0.000000,0.073684,0.052632,-0.017895,0.431579,0.105263,1.322316
Negative_F1534,163.000000,4.344025,9.227118,0.085890,0.036810,0.024540,0.067485,0.024540,-0.366258,0.368098,0.092025,1.454663
Negative_F2455,34.000000,3.194621,9.697737,0.117647,0.029412,0.000000,0.029412,0.000000,0.594118,0.411765,0.029412,0.423529
Negative_F2150,17.000000,-1.407306,5.240180,0.000000,0.000000,0.058824,0.000000,0.058824,0.105882,0.470588,0.058824,0.292941
Negative_F2361,26.000000,3.390485,8.753082,0.076923,0.076923,0.038462,0.000000,0.000000,-0.073077,0.230769,0.153846,1.581154
Negative_F176,40.000000,2.529395,8.692933,0.025000,0.075000,0.050000,0.025000,0.000000,0.047500,0.300000,0.025000,1.320250
Negative_F733,45.000000,1.629395,9.310927,0.044444,0.000000,0.022222,0.000000,0.000000,-0.477778,0.444444,0.155556,1.144000
Negative_F1928,34.000000,9.557623,11.999968,0.000000,0.323529,0.000000,0.029412,0.000000,-0.514706,0.382353,0.117647,3.842059
Negative_F2449,19.000000,0.591574,8.757208,0.052632,0.000000,0.052632,0.000000,0.000000,1.331579,0.578947,0.105263,-1.066842
Negative_F1597,79.000000,-4.529051,5.066310,0.126582,0.000000,0.025316,0.063291,0.113924,-0.201266,0.329114,0.037975,1.322911
Negative_F1377,27.000000,3.152634,9.371205,0.037037,0.111111,0.000000,0.000000,0.000000,0.659259,0.407407,0.111111,0.946667
Negative_F111,48.000000,3.465167,9.695545,0.041667,0.062500,0.000000,0.000000,0.020833,-0.277083,0.333333,0.104167,1.539167
Negative_F949,28.000000,0.552178,8.497852,0.107143,0.000000,0.000000,0.000000,0.071429,0.253571,0.500000,0.035714,0.002857
Negative_F392,19.000000,4.594311,10.295359,0.315789,0.052632,0.000000,0.052632,0.052632,-1.000000,0.368421,0.105263,2.776842
Negative_F655,43.000000,2.493859,9.189984,0.093023,0.000000,0.000000,0.023256,0.000000,-0.151163,0.372093,0.093023,0.800233
Negative_F699,37.000000,3.482350,8.888595,0.081081,0.027027,0.027027,0.000000,0.000000,-0.100000,0.297297,0.081081,0.800541
Negative_F2364,22.000000,1.593661,10.737290,0.045455,0.136364,0.045455,0.090909,0.000000,-0.209091,0.454545,0.136364,2.331818
Negative_F1368,24.000000,3.498424,9.701283,0.166667,0.000000,0.000000,0.000000,0.000000,1.004167,0.541667,0.125000,-0.653333
Negative_F480,14.000000,1.552442,10.002737,0.142857,0.000000,0.000000,0.000000,0.000000,0.900000,0.571429,0.071429,-0.530000
Negative_F2248,43.000000,15.529690,11.999968,0.186047,0.186047,0.000000,0.000000,0.000000,-0.972093,0.395349,0.139535,3.094884
Negative_F1033,29.000000,1.554331,8.367755,0.068966,0.172414,0.034483,0.103448,0.068966,-0.810345,0.206897,0.034483,3.664138
Negative_F1618,11.000000,0.557428,9.750021,0.000000,0.090909,0.000000,0.000000,0.000000,1.118182,0.545455,0.090909,0.487273
Negative_F353,39.000000,4.461182,8.938171,0.025641,0.102564,0.076923,0.000000,0.000000,-0.646154,0.179487,0.128205,1.833590
Negative_F911,28.000000,2.615732,10.046124,0.071429,0.107143,0.035714,0.071429,0.000000,-0.092857,0.357143,0.035714,1.416786
Negative_F1450,37.000000,4.188924,9.699349,0.189189,0.000000,0.000000,0.000000,0.054054,0.078378,0.432432,0.081081,0.661892
Negative_F2424,23.000000,-0.798284,5.235974,0.000000,0.000000,0.000000,0.000000,0.000000,0.695652,0.434783,0.086957,0.013913
Negative_F536,27.000000,2.594136,11.417689,0.037037,0.185185,0.037037,0.037037,0.074074,-1.033333,0.370370,0.222222,3.342963
Negative_F2417,24.000000,3.498424,9.701283,0.166667,0.000000,0.000000,0.000000,0.000000,1.108333,0.541667,0.083333,-0.707500
Negative_F520,37.000000,3.533665,9.595426,0.135135,0.000000,0.027027,0.000000,0.027027,0.345946,0.432432,0.054054,0.018919
Negative_F2324,40.000000,12.578870,11.999968,0.150000,0.175000,0.025000,0.000000,0.000000,-0.807500,0.300000,0.025000,2.587000
Negative_F1938,78.000000,4.546120,9.185858,0.128205,0.038462,0.038462,0.038462,0.064103,-0.619231,0.346154,0.064103,1.934103
Negative_F617,18.000000,-1.440719,4.856574,0.055556,0.000000,0.000000,0.000000,0.111111,1.127778,0.500000,0.000000,-1.265000
Negative_F2060,15.000000,3.547430,10.477740,0.266667,0.000000,0.000000,0.000000,0.000000,-0.053333,0.533333,0.066667,0.726667
Negative_F594,25.000000,0.626815,8.605578,0.080000,0.000000,0.080000,0.000000,0.040000,0.896000,0.560000,0.080000,-0.730400
Negative_F282,43.000000,3.404648,8.919604,0.069767,0.093023,0.023256,0.046512,0.023256,0.179070,0.372093,0.046512,1.482326
Negative_F1422,17.000000,2.500929,9.390159,0.176471,0.000000,0.000000,0.000000,0.000000,1.417647,0.529412,0.117647,-1.344706
Negative_F1272,77.000000,1.356527,9.292811,0.038961,0.142857,0.038961,0.090909,0.064935,-1.662338,0.220779,0.077922,4.057143
Negative_F1808,46.000000,1.252272,8.476255,0.021739,0.065217,0.043478,0.000000,0.043478,-0.580435,0.304348,0.108696,2.031304
Negative_F1795,16.000000,1.552442,10.002737,0.125000,0.000000,0.000000,0.000000,0.000000,1.768750,0.625000,0.062500,-2.271250
Negative_F187,34.000000,3.438504,8.920700,0.058824,0.117647,0.029412,0.029412,0.029412,0.020588,0.352941,0.058824,1.890882
Negative_F288,32.000000,1.549369,9.522577,0.062500,0.093750,0.000000,0.062500,0.031250,-0.825000,0.375000,0.156250,1.930625
Negative_F257,19.000000,1.552863,9.994292,0.105263,0.052632,0.000000,0.052632,0.000000,1.021053,0.526316,0.000000,-0.353158
Negative_F909,20.000000,0.503435,8.045284,0.050000,0.000000,0.000000,0.000000,0.000000,1.110000,0.550000,0.100000,-0.877000
Negative_F2301,32.000000,10.203155,11.999968,0.062500,0.281250,0.000000,0.000000,0.000000,-0.884375,0.343750,0.125000,3.732813
Negative_F541,23.000000,2.602766,11.166392,0.086957,0.043478,0.000000,0.000000,0.000000,0.730435,0.521739,0.043478,-0.343913
Negative_F2391,71.000000,8.338062,10.404117,0.014085,0.183099,0.070423,0.056338,0.014085,-1.033803,0.267606,0.084507,3.768732
Negative_F1086,50.000000,6.376994,9.182377,0.120000,0.060000,0.020000,0.020000,0.020000,-0.662000,0.220000,0.120000,2.043000
Negative_F2041,58.000000,6.169263,10.209616,0.137931,0.120690,0.000000,0.086207,0.051724,-0.815517,0.327586,0.103448,3.183621
Negative_F918,16.000000,0.546738,8.081966,0.000000,0.125000,0.062500,0.062500,0.000000,0.056250,0.312500,0.062500,1.548125
Negative_F2095,51.000000,7.295074,10.243140,0.176471,0.000000,0.019608,0.000000,0.019608,-0.019608,0.549020,0.176471,0.246275
Negative_F684,28.000000,2.496811,9.243171,0.178571,0.000000,0.000000,0.071429,0.000000,0.314286,0.392857,0.000000,0.372500
Negative_F997,33.000000,2.498870,9.307704,0.121212,0.000000,0.000000,0.030303,0.000000,0.260606,0.393939,0.000000,0.578788
Negative_F1830,39.000000,2.888638,9.433933,0.153846,0.025641,0.256410,0.000000,0.102564,-0.994872,0.282051,0.025641,2.254103
Negative_F2117,21.000000,3.473895,9.420910,0.142857,0.047619,0.000000,0.000000,0.000000,-0.247619,0.333333,0.142857,1.240952
Negative_F1176,18.000000,1.506337,8.955835,0.055556,0.111111,0.000000,0.055556,0.000000,-0.744444,0.222222,0.055556,3.109444
Negative_F1814,25.000000,2.549936,10.302064,0.120000,0.000000,0.000000,0.000000,0.000000,0.316000,0.440000,0.080000,-0.216000
Negative_F951,34.000000,4.581551,10.602487,0.147059,0.000000,0.029412,0.000000,0.000000,0.252941,0.529412,0.088235,-0.276471
Negative_F2304,45.000000,3.349030,8.720654,0.111111,0.044444,0.000000,0.022222,0.044444,-0.253333,0.222222,0.066667,1.418667
Negative_F2220,33.000000,3.496365,9.595362,0.151515,0.000000,0.000000,0.030303,0.000000,0.206061,0.363636,0.000000,0.546970
Negative_F513,28.000000,1.499738,8.820838,0.142857,0.035714,0.000000,0.107143,0.000000,0.017857,0.392857,0.000000,1.210000
Negative_F2005,148.000000,-5.815600,5.310945,0.101351,0.033784,0.020270,0.067568,0.101351,-0.187838,0.371622,0.047297,1.623041
Negative_F316,47.000000,4.474405,9.151497,0.021277,0.127660,0.042553,0.042553,0.000000,-0.268085,0.276596,0.106383,1.949362
Negative_F2146,17.000000,2.623189,10.302128,0.176471,0.000000,0.117647,0.000000,0.000000,0.941176,0.588235,0.058824,-1.072941
Negative_F2305,23.000000,2.529009,10.053603,0.086957,0.086957,0.000000,0.000000,0.043478,0.486957,0.434783,0.043478,0.687826
Negative_F1361,21.000000,3.503385,10.106725,0.095238,0.095238,0.000000,0.000000,0.000000,0.814286,0.476190,0.095238,0.369524
Negative_F870,45.000000,11.394959,10.412692,0.155556,0.155556,0.000000,0.000000,0.044444,-0.635556,0.244444,0.066667,2.853556
Negative_F706,35.000000,-2.516549,4.050028,0.028571,0.000000,0.000000,0.057143,0.028571,0.691429,0.428571,0.085714,-0.466857
Negative_F577,40.000000,3.188999,9.368497,0.025000,0.150000,0.000000,0.025000,0.050000,-0.282500,0.325000,0.075000,2.515750
Negative_F1410,25.000000,-0.334053,7.024072,0.040000,0.000000,0.120000,0.000000,0.040000,1.176000,0.560000,0.040000,-1.176000
Negative_F2164,32.000000,5.544858,10.045673,0.187500,0.031250,0.000000,0.000000,0.031250,0.343750,0.437500,0.000000,0.637187
Negative_F2400,16.000000,-0.530867,5.481973,0.000000,0.000000,0.000000,0.000000,0.000000,1.137500,0.687500,0.375000,-1.526250
Negative_F2001,18.000000,1.664801,11.000901,0.055556,0.055556,0.166667,0.000000,0.000000,-1.177778,0.333333,0.166667,2.265556
Negative_F735,27.000000,0.519134,7.968115,0.000000,0.074074,0.037037,0.000000,0.037037,-0.359259,0.370370,0.185185,1.647778
Negative_F1035,28.000000,2.582394,9.820936,0.107143,0.071429,0.035714,0.071429,0.000000,-0.639286,0.428571,0.107143,2.484286
Negative_F779,31.000000,1.399025,8.316889,0.096774,0.000000,0.000000,0.000000,0.032258,0.667742,0.354839,0.064516,-0.076452
Negative_F763,30.000000,1.404012,8.333780,0.066667,0.033333,0.000000,0.000000,0.033333,0.560000,0.300000,0.066667,0.453667
Negative_F13,16.000000,0.552888,8.590944,0.125000,0.000000,0.000000,0.062500,0.000000,1.237500,0.562500,0.062500,-1.011875
Negative_F453,17.000000,1.542542,8.957189,0.058824,0.058824,0.058824,0.000000,0.000000,1.217647,0.470588,0.058824,-0.481765
Negative_F147,32.000000,1.527564,8.347125,0.000000,0.093750,0.062500,0.000000,0.031250,-0.000000,0.312500,0.156250,1.714687
Negative_F1592,13.000000,0.557428,9.750021,0.000000,0.076923,0.000000,0.000000,0.000000,1.646154,0.615385,0.153846,-1.063077
Negative_F1971,43.000000,3.406058,8.938944,0.069767,0.069767,0.023256,0.046512,0.000000,0.304651,0.372093,0.000000,1.191628
Negative_F773,33.000000,-2.595517,4.050028,0.000000,0.000000,0.000000,0.030303,0.030303,0.142424,0.242424,0.181818,0.348485
Negative_F1476,75.000000,5.823509,9.472936,0.106667,0.080000,0.013333,0.053333,0.053333,-0.517333,0.333333,0.066667,2.278667
Negative_F1383,38.000000,1.360544,8.286847,0.131579,0.026316,0.000000,0.000000,0.105263,-0.360526,0.289474,0.131579,1.538947
Negative_F1482,127.000000,14.609017,10.302902,0.086614,0.070866,0.039370,0.015748,0.023622,-0.388189,0.377953,0.086614,1.815039
Negative_F1671,23.000000,2.547877,10.001383,0.173913,0.000000,0.000000,0.043478,0.000000,0.691304,0.478261,0.043478,-0.311304
Negative_F148,38.000000,2.476540,8.675784,0.026316,0.078947,0.052632,0.026316,0.000000,-0.389474,0.210526,0.078947,1.684211
Negative_F2264,38.000000,1.481548,8.337454,0.052632,0.078947,0.052632,0.000000,0.078947,-0.339474,0.210526,0.078947,1.711842
Negative_F1704,13.000000,2.553512,11.000385,0.153846,0.153846,0.000000,0.000000,0.076923,-1.307692,0.230769,0.076923,3.666923
Negative_F404,33.000000,2.496811,9.243171,0.151515,0.000000,0.000000,0.060606,0.000000,0.360606,0.424242,0.000000,0.328182
Negative_F1301,13.000000,4.151794,10.320760,0.153846,0.230769,0.000000,0.000000,0.000000,-0.969231,0.230769,0.153846,4.223846
Negative_F1076,22.000000,0.601853,8.541110,0.136364,0.000000,0.000000,0.045455,0.045455,0.690909,0.545455,0.045455,-0.181364
Negative_F2439,35.000000,5.248418,9.695739,0.142857,0.085714,0.057143,0.057143,0.000000,-0.694286,0.228571,0.028571,2.075714
Negative_F1742,26.000000,4.508117,10.301484,0.192308,0.000000,0.000000,0.000000,0.000000,0.407692,0.615385,0.115385,-0.313846
Negative_F1105,30.000000,4.632781,10.479416,0.133333,0.033333,0.100000,0.000000,0.000000,-0.206667,0.366667,0.133333,0.960333
Negative_F1608,18.000000,3.587633,11.097217,0.166667,0.111111,0.055556,0.000000,0.055556,-1.322222,0.333333,0.222222,2.791111
Negative_F398,23.000000,0.703934,9.775035,0.000000,0.043478,0.173913,0.000000,0.000000,1.291304,0.565217,0.086957,-0.918696
Negative_F2014,25.000000,3.589861,11.553847,0.080000,0.160000,0.040000,0.080000,0.000000,-0.256000,0.480000,0.160000,2.617200
Negative_F519,24.000000,2.549146,10.001383,0.166667,0.000000,0.000000,0.041667,0.000000,0.329167,0.500000,0.166667,0.055833
Negative_F1127,64.000000,1.488656,8.504428,0.031250,0.046875,0.015625,0.015625,0.031250,0.531250,0.500000,0.062500,0.135000
Negative_F1793,28.000000,8.485896,10.321276,0.321429,0.000000,0.000000,0.000000,0.000000,0.117857,0.392857,0.142857,0.506786
Negative_F2326,33.000000,8.238868,11.999968,0.090909,0.242424,0.030303,0.030303,0.030303,-0.693939,0.424242,0.151515,3.410909
Negative_F308,25.000000,5.542419,10.699318,0.240000,0.000000,0.000000,0.000000,0.000000,0.244000,0.480000,0.080000,-0.148400
Negative_F647,38.000000,6.614237,10.728974,0.157895,0.052632,0.052632,0.000000,0.026316,-0.252632,0.394737,0.026316,1.086842
Negative_F656,43.000000,1.569618,8.789249,0.069767,0.000000,0.046512,0.023256,0.000000,-0.606977,0.348837,0.116279,1.195581
Negative_F1396,28.000000,-0.595517,6.028707,0.071429,0.000000,0.000000,0.035714,0.035714,0.607143,0.321429,0.107143,-0.022500
Negative_F2356,13.000000,0.554947,8.750052,0.076923,0.000000,0.000000,0.000000,0.000000,1.853846,0.615385,0.000000,-2.222308
Negative_F1398,71.000000,-0.341336,6.976156,0.028169,0.014085,0.028169,0.014085,0.028169,0.580282,0.436620,0.056338,-0.409577
Negative_F1423,49.000000,4.385631,8.909676,0.102041,0.061224,0.020408,0.020408,0.040816,-0.451020,0.244898,0.081633,2.107551
Negative_F892,28.000000,1.499317,8.821225,0.142857,0.000000,0.000000,0.071429,0.000000,0.060714,0.392857,0.000000,0.786429
Negative_F160,64.000000,4.206852,9.211839,0.015625,0.093750,0.031250,0.031250,0.000000,0.700000,0.453125,0.125000,0.490000
Negative_F46,27.000000,2.582672,9.825643,0.148148,0.000000,0.037037,0.000000,0.037037,0.244444,0.444444,0.037037,-0.023333
Negative_F2330,92.000000,-1.974300,5.691311,0.010870,0.076087,0.010870,0.032609,0.065217,0.021739,0.315217,0.043478,1.591304
Negative_F1824,34.000000,5.474009,9.379006,0.088235,0.117647,0.058824,0.029412,0.000000,0.223529,0.352941,0.088235,1.610588
Negative_F79,13.000000,0.554947,8.750052,0.076923,0.000000,0.000000,0.000000,0.000000,1.815385,0.692308,0.153846,-1.914615
Negative_F1940,14.000000,1.557403,11.999968,0.000000,0.142857,0.000000,0.000000,0.000000,0.864286,0.642857,0.285714,-0.518571
Negative_F2052,14.000000,0.553562,8.591073,0.142857,0.000000,0.000000,0.000000,0.071429,0.792857,0.500000,0.071429,-0.891429
Negative_F1501,36.000000,0.374721,7.753486,0.027778,0.027778,0.000000,0.000000,0.027778,0.675000,0.305556,0.027778,0.471111
Negative_F913,14.000000,1.554922,11.000837,0.071429,0.071429,0.000000,0.000000,0.000000,-0.214286,0.285714,0.071429,0.953571
Negative_F1006,24.000000,3.498424,9.701283,0.166667,0.000000,0.000000,0.000000,0.000000,1.162500,0.541667,0.083333,-1.013333
Negative_F277,35.000000,5.583043,11.122295,0.142857,0.085714,0.028571,0.028571,0.028571,0.017143,0.457143,0.057143,1.207714
Negative_F2138,21.000000,4.544925,10.602487,0.238095,0.000000,0.000000,0.000000,0.000000,0.338095,0.428571,0.047619,-0.085714
Negative_F1589,13.000000,0.554947,8.750052,0.076923,0.000000,0.000000,0.000000,0.000000,0.823077,0.615385,0.230769,-0.393077
Negative_F1899,64.000000,4.535349,9.903843,0.093750,0.000000,0.000000,0.015625,0.000000,0.953125,0.593750,0.062500,-0.666094
Negative_F2093,38.000000,8.343454,11.999968,0.157895,0.105263,0.052632,0.026316,0.000000,-0.615789,0.368421,0.026316,2.112632
Negative_F671,13.000000,0.554947,8.750052,0.076923,0.000000,0.000000,0.000000,0.000000,1.892308,0.692308,0.153846,-2.184615
Negative_F253,19.000000,1.552863,9.994292,0.105263,0.052632,0.000000,0.052632,0.000000,0.810526,0.526316,0.052632,-0.041053
Negative_F1676,37.000000,2.196286,9.821903,0.081081,0.027027,0.000000,0.027027,0.000000,0.262162,0.486486,0.135135,0.349459
Negative_F1806,26.000000,3.390510,8.753211,0.115385,0.038462,0.038462,0.000000,0.000000,0.096154,0.230769,0.115385,1.145769
Negative_F54,24.000000,3.500904,9.850656,0.125000,0.041667,0.000000,0.000000,0.000000,0.950000,0.541667,0.125000,-0.480417
Negative_F1967,121.000000,8.978632,9.061241,0.132231,0.041322,0.016529,0.041322,0.049587,-0.400826,0.388430,0.099174,1.532727
Negative_F156,25.000000,1.430089,8.220057,0.080000,0.040000,0.080000,0.040000,0.000000,0.388000,0.200000,0.080000,0.893200
Negative_F2144,42.000000,-0.452857,6.741411,0.095238,0.023810,0.023810,0.023810,0.095238,-0.466667,0.404762,0.119048,1.483810
Negative_F1452,24.000000,3.498424,9.701283,0.166667,0.000000,0.000000,0.000000,0.000000,0.870833,0.500000,0.083333,-0.241667
Negative_F2454,33.000000,3.543987,10.000932,0.181818,0.000000,0.000000,0.030303,0.030303,0.142424,0.575758,0.030303,0.376970
Negative_F476,24.000000,3.498424,9.701283,0.166667,0.000000,0.000000,0.000000,0.000000,1.254167,0.583333,0.083333,-1.267083
Negative_F1046,37.000000,4.492474,9.700445,0.189189,0.000000,0.000000,0.027027,0.027027,0.440541,0.432432,0.054054,0.027297
Negative_F1316,29.000000,2.496811,9.243171,0.172414,0.000000,0.000000,0.068966,0.000000,0.124138,0.448276,0.034483,0.918621
Negative_F445,21.000000,0.587009,8.505008,0.095238,0.000000,0.047619,0.047619,0.000000,0.833333,0.571429,0.095238,-0.779524
Negative_F2029,47.000000,7.499975,9.490278,0.063830,0.148936,0.085106,0.000000,0.042553,-0.951064,0.148936,0.085106,3.332128
Negative_F1506,19.000000,2.531489,10.763593,0.052632,0.157895,0.000000,0.000000,0.052632,0.063158,0.368421,0.000000,1.420000
Negative_F1198,87.000000,-2.768519,5.548247,0.034483,0.057471,0.022989,0.045977,0.068966,0.050575,0.390805,0.068966,1.342299
Negative_F2031,41.000000,-0.525493,6.948305,0.073171,0.048780,0.073171,0.073171,0.048780,-1.043902,0.195122,0.121951,2.388049
Negative_F533,94.000000,29.551738,11.999968,0.021277,0.297872,0.000000,0.000000,0.000000,-1.464894,0.191489,0.000000,3.810426
Negative_F2099,33.000000,6.476043,9.693805,0.060606,0.151515,0.060606,0.000000,0.000000,-0.721212,0.151515,0.060606,2.670000
Negative_F89,32.000000,3.496365,9.595362,0.156250,0.000000,0.000000,0.031250,0.000000,0.590625,0.437500,0.000000,0.014687
Negative_F2065,13.000000,1.516755,9.702508,0.230769,0.000000,0.000000,0.000000,0.076923,-0.046154,0.461538,0.153846,0.707692
Negative_F1282,31.000000,1.401531,8.325270,0.096774,0.000000,0.000000,0.000000,0.032258,0.703226,0.322581,0.064516,0.004839
Negative_F185,31.000000,3.456766,8.961895,0.000000,0.161290,0.000000,0.000000,0.032258,0.303226,0.354839,0.064516,1.543548
Negative_F545,23.000000,0.550829,8.497529,0.130435,0.000000,0.000000,0.086957,0.000000,0.073913,0.434783,0.086957,0.579130
Negative_F1141,30.000000,4.170092,9.751182,0.133333,0.066667,0.000000,0.033333,0.000000,-0.220000,0.300000,0.033333,1.820000
Negative_F1714,13.000000,1.552417,9.994292,0.076923,0.076923,0.000000,0.000000,0.000000,0.546154,0.692308,0.076923,0.536154
Negative_F532,60.000000,19.556951,11.999968,0.000000,0.333333,0.000000,0.000000,0.000000,-1.486667,0.233333,0.033333,4.245333
Negative_F742,26.000000,8.573984,11.333687,0.269231,0.076923,0.038462,0.000000,0.000000,-0.438462,0.423077,0.115385,1.462308
Negative_F2271,38.000000,-2.911229,4.656500,0.052632,0.000000,0.026316,0.078947,0.026316,-0.144737,0.184211,0.078947,0.979737
Negative_F486,20.000000,2.500929,9.390159,0.150000,0.000000,0.000000,0.000000,0.000000,1.515000,0.600000,0.150000,-1.848000
Negative_F37,40.000000,8.444353,11.201140,0.025000,0.200000,0.025000,0.000000,0.000000,-0.257500,0.250000,0.050000,2.600250
Negative_F346,14.000000,6.195814,11.999968,0.357143,0.142857,0.000000,0.000000,0.000000,-2.042857,0.285714,0.142857,3.483571
Negative_F1376,33.000000,1.349097,8.274727,0.030303,0.030303,0.000000,0.000000,0.000000,0.736364,0.272727,0.000000,0.504848
Negative_F433,25.000000,0.586071,8.438734,0.160000,0.000000,0.040000,0.080000,0.040000,0.516000,0.480000,0.000000,0.058000
Negative_F435,21.000000,-0.409365,6.751131,0.095238,0.000000,0.047619,0.047619,0.047619,0.438095,0.571429,0.000000,0.312381
Negative_F1544,17.000000,2.500929,9.390159,0.176471,0.000000,0.000000,0.000000,0.000000,1.423529,0.529412,0.117647,-1.144706
Negative_F1034,37.000000,2.590807,9.503559,0.054054,0.054054,0.027027,0.027027,0.000000,0.210811,0.378378,0.054054,1.087568
Negative_F100,35.000000,6.537119,10.297164,0.228571,0.028571,0.000000,0.000000,0.057143,-0.160000,0.400000,0.057143,0.640571
Negative_F402,14.000000,5.542419,10.699318,0.428571,0.000000,0.000000,0.000000,0.000000,-0.071429,0.571429,0.000000,0.455714
Negative_F2071,22.000000,1.664801,11.000901,0.045455,0.045455,0.136364,0.000000,0.000000,0.600000,0.454545,0.136364,-0.123182
Negative_F161,37.000000,1.572772,8.822515,0.054054,0.027027,0.054054,0.000000,0.027027,-0.391892,0.351351,0.162162,1.042973
Negative_F1686,45.000000,3.468856,8.765073,0.044444,0.111111,0.066667,0.022222,0.044444,-0.455556,0.200000,0.044444,2.502667
Negative_F2309,19.000000,0.551032,8.496820,0.052632,0.052632,0.000000,0.000000,0.052632,0.368421,0.421053,0.157895,-0.304211
Negative_F564,31.000000,0.403222,7.765025,0.064516,0.032258,0.000000,0.032258,0.032258,-0.022581,0.225806,0.064516,1.279032
Negative_F466,21.000000,2.500929,9.390159,0.142857,0.000000,0.000000,0.000000,0.000000,1.090476,0.428571,0.047619,-1.245714
Negative_F891,46.000000,4.489452,9.568156,0.195652,0.021739,0.000000,0.065217,0.043478,0.030435,0.369565,0.065217,0.896522
Negative_F354,33.000000,2.370081,8.672239,0.030303,0.121212,0.000000,0.030303,0.030303,-0.200000,0.272727,0.121212,2.138485
Negative_F2294,96.000000,7.167044,9.745831,0.083333,0.062500,0.000000,0.020833,0.041667,0.112500,0.427083,0.083333,1.028958
Negative_F265,32.000000,7.603119,10.240432,0.218750,0.031250,0.062500,0.000000,0.000000,-0.565625,0.531250,0.218750,0.917500
Negative_F1002,33.000000,3.494306,9.514389,0.181818,0.000000,0.000000,0.060606,0.000000,0.196970,0.424242,0.030303,0.659394
Negative_F145,33.000000,3.374620,8.981429,0.000000,0.151515,0.000000,0.000000,0.030303,0.660606,0.363636,0.090909,1.404848
Negative_F2443,36.000000,8.496147,10.315602,0.111111,0.194444,0.000000,0.027778,0.027778,-0.597222,0.333333,0.083333,3.319167
Negative_F390,18.000000,6.576540,10.778421,0.388889,0.000000,0.055556,0.000000,0.000000,-0.383333,0.500000,0.222222,0.597222
Negative_F1554,12.000000,1.589068,10.002802,0.166667,0.000000,0.083333,0.000000,0.000000,0.591667,0.583333,0.083333,-0.606667
Negative_F2286,17.000000,0.591574,8.757208,0.058824,0.000000,0.058824,0.000000,0.000000,1.176471,0.470588,0.000000,-1.660588
Negative_F688,36.000000,6.831372,9.871673,0.277778,0.000000,0.000000,0.055556,0.027778,-0.433333,0.333333,0.027778,1.566389
Negative_F1919,24.000000,2.503410,9.503945,0.083333,0.041667,0.000000,0.000000,0.000000,1.183333,0.583333,0.083333,-0.637500
Negative_F2077,20.000000,8.534903,10.903296,0.450000,0.000000,0.000000,0.000000,0.000000,-1.405000,0.350000,0.000000,2.034000
Negative_F1147,28.000000,3.548526,10.461623,0.142857,0.035714,0.000000,0.000000,0.035714,0.039286,0.392857,0.035714,0.318571
Negative_F164,37.000000,2.401456,8.661795,0.027027,0.081081,0.000000,0.000000,0.027027,-0.751351,0.189189,0.108108,1.947568
Negative_F2177,42.000000,2.491426,8.944102,0.023810,0.071429,0.023810,0.023810,0.000000,-0.345238,0.261905,0.095238,0.984286
Negative_F2450,20.000000,-0.371353,6.918351,0.050000,0.000000,0.100000,0.050000,0.000000,0.880000,0.550000,0.100000,-0.670000
Negative_F816,43.000000,4.495326,9.782578,0.093023,0.093023,0.000000,0.046512,0.023256,-0.416279,0.372093,0.116279,1.882791
Negative_F2367,59.000000,5.475858,9.195529,0.135593,0.050847,0.016949,0.050847,0.033898,-0.522034,0.338983,0.050847,2.005763
Negative_F1342,13.000000,0.554947,8.750052,0.076923,0.000000,0.000000,0.000000,0.000000,1.961538,0.615385,0.076923,-2.064615
Negative_F236,24.000000,5.225809,10.480448,0.166667,0.083333,0.000000,0.000000,0.000000,-0.495833,0.291667,0.125000,2.332500
Negative_F1442,82.000000,-1.436133,6.273456,0.000000,0.060976,0.036585,0.060976,0.012195,0.152439,0.463415,0.121951,1.090976
Negative_F82,14.000000,0.591574,8.757208,0.071429,0.000000,0.071429,0.000000,0.000000,1.621429,0.642857,0.071429,-1.887857
Negative_F1060,26.000000,6.591398,11.999968,0.000000,0.269231,0.038462,0.000000,0.000000,-0.700000,0.384615,0.230769,2.871538
Negative_F2390,49.000000,6.354205,9.334522,0.040816,0.122449,0.000000,0.020408,0.000000,0.073469,0.244898,0.040816,1.701429
Negative_F2207,15.000000,4.493561,11.724108,0.133333,0.200000,0.000000,0.000000,0.000000,0.186667,0.400000,0.000000,2.178667
Negative_F283,40.000000,2.642294,11.711407,0.025000,0.075000,0.025000,0.025000,0.000000,-0.180000,0.475000,0.075000,1.623000
Negative_F855,90.000000,-3.547965,4.385890,0.033333,0.011111,0.000000,0.044444,0.033333,0.114444,0.433333,0.077778,0.477111
Negative_F218,43.000000,9.557202,11.999968,0.000000,0.232558,0.000000,0.000000,0.000000,-1.013953,0.255814,0.162791,2.680000
Negative_F807,48.000000,1.535472,8.821676,0.041667,0.020833,0.020833,0.020833,0.000000,0.197917,0.416667,0.125000,0.075625
Negative_F602,26.000000,7.584378,11.999968,0.153846,0.192308,0.038462,0.038462,0.000000,-0.576923,0.384615,0.038462,2.537308
Negative_F1977,30.000000,5.562405,11.568932,0.100000,0.133333,0.033333,0.033333,0.000000,-0.483333,0.400000,0.100000,2.087000
Negative_F1275,34.000000,8.538900,11.235244,0.235294,0.088235,0.000000,0.029412,0.029412,-0.773529,0.323529,0.000000,2.635882
Negative_F1528,97.000000,9.595290,10.241399,0.092784,0.072165,0.030928,0.030928,0.030928,-0.534021,0.371134,0.123711,1.888041
Negative_F474,13.000000,0.554947,8.750052,0.076923,0.000000,0.000000,0.000000,0.000000,1.907692,0.692308,0.153846,-2.085385
Negative_F1239,37.000000,3.501364,9.468294,0.000000,0.243243,0.027027,0.054054,0.081081,-1.608108,0.108108,0.027027,4.959730
Negative_F610,23.000000,4.580141,10.295295,0.217391,0.043478,0.043478,0.000000,0.043478,0.017391,0.521739,0.086957,0.496522
Negative_F1497,28.000000,2.499292,9.306801,0.142857,0.035714,0.000000,0.071429,0.000000,-0.007143,0.392857,0.000000,1.135714
Negative_F450,40.000000,2.619720,9.823322,0.100000,0.025000,0.050000,0.025000,0.025000,-0.012500,0.475000,0.075000,0.569250
Negative_F134,16.000000,2.591523,11.999968,0.062500,0.125000,0.062500,0.000000,0.000000,-1.731250,0.125000,0.000000,3.290000
Negative_F2279,20.000000,3.451822,9.249102,0.000000,0.200000,0.000000,0.000000,0.000000,-0.260000,0.400000,0.250000,2.447500
Negative_F413,20.000000,5.485943,9.793989,0.100000,0.200000,0.050000,0.000000,0.000000,-1.375000,0.250000,0.200000,3.389500
Negative_F945,24.000000,3.498424,9.701283,0.166667,0.000000,0.000000,0.000000,0.000000,1.016667,0.541667,0.083333,-0.678333
Negative_F2344,97.000000,-7.719734,4.581587,0.103093,0.041237,0.010309,0.154639,0.061856,-0.759794,0.329897,0.051546,2.562062
Negative_F2407,14.000000,0.552888,8.590944,0.142857,0.000000,0.000000,0.071429,0.000000,1.292857,0.642857,0.000000,-1.437143
Negative_F1662,47.000000,7.486474,10.026719,0.212766,0.042553,0.000000,0.042553,0.042553,-0.217021,0.319149,0.021277,1.224894
Negative_F1629,13.000000,-1.443511,4.370259,0.000000,0.076923,0.000000,0.076923,0.076923,0.007692,0.538462,0.076923,1.173846
Negative_F1766,37.000000,6.542526,10.708602,0.189189,0.081081,0.000000,0.027027,0.054054,-0.243243,0.432432,0.054054,1.455946
Negative_F1760,16.000000,1.554922,11.000837,0.062500,0.062500,0.000000,0.000000,0.000000,1.025000,0.562500,0.062500,-0.391875
Negative_F1749,20.000000,2.678499,11.999968,0.050000,0.100000,0.100000,0.000000,0.000000,0.495000,0.550000,0.150000,0.070000
Negative_F190,47.000000,4.314903,10.271635,0.106383,0.106383,0.042553,0.063830,0.042553,-0.931915,0.340426,0.085106,2.948723
Negative_F2003,29.000000,8.581426,11.999968,0.137931,0.172414,0.034483,0.000000,0.000000,0.093103,0.448276,0.034483,1.808966
Negative_F438,27.000000,8.552266,11.999968,0.074074,0.259259,0.000000,0.000000,0.000000,-0.492593,0.370370,0.148148,3.309259
Negative_F93,37.000000,6.542105,10.728974,0.189189,0.054054,0.000000,0.000000,0.054054,0.032432,0.486486,0.054054,0.863784
Negative_F19,17.000000,0.589515,8.598358,0.117647,0.000000,0.058824,0.058824,0.000000,0.935294,0.529412,0.058824,-0.598824
Negative_F1634,31.000000,1.497932,8.787637,0.161290,0.000000,0.000000,0.064516,0.032258,0.148387,0.354839,0.000000,0.549032
Negative_F607,19.000000,3.662271,11.999968,0.105263,0.105263,0.157895,0.000000,0.000000,0.100000,0.473684,0.157895,1.023684
Negative_F217,41.000000,3.356314,8.764106,0.000000,0.097561,0.000000,0.000000,0.000000,-0.519512,0.195122,0.073171,2.155854
Negative_F1910,35.000000,-0.103683,5.945211,0.000000,0.000000,0.000000,0.000000,0.000000,-1.180000,0.228571,0.057143,1.186857
Negative_F1639,13.000000,0.554947,8.750052,0.076923,0.000000,0.000000,0.000000,0.000000,1.592308,0.615385,0.076923,-1.700000
Negative_F1415,102.000000,4.527460,9.576279,0.019608,0.068627,0.019608,0.029412,0.009804,-0.505882,0.245098,0.029412,1.949902
Negative_F2274,12.000000,1.554897,10.835024,0.000000,0.166667,0.000000,0.000000,0.000000,-1.650000,0.083333,0.083333,3.858333
Negative_F1321,24.000000,3.498424,9.701283,0.166667,0.000000,0.000000,0.000000,0.000000,1.083333,0.458333,0.083333,-0.892083
Negative_F328,14.000000,0.554947,8.750052,0.071429,0.000000,0.000000,0.000000,0.000000,1.750000,0.642857,0.214286,-1.618571
Negative_F1697,99.000000,-2.368161,6.073496,0.080808,0.050505,0.040404,0.070707,0.080808,-0.742424,0.353535,0.131313,2.313535
Negative_F211,26.000000,-0.446702,6.228155,0.115385,0.000000,0.000000,0.000000,0.115385,0.261538,0.423077,0.000000,0.426538
Negative_F1385,44.000000,0.404144,7.765252,0.045455,0.068182,0.000000,0.022727,0.068182,-0.565909,0.204545,0.090909,1.726591
Negative_F1786,17.000000,1.552442,10.002737,0.117647,0.000000,0.000000,0.000000,0.000000,0.876471,0.529412,0.117647,-0.936471
Negative_F2311,22.000000,2.549936,10.302064,0.136364,0.000000,0.000000,0.000000,0.000000,1.322727,0.590909,0.045455,-1.457273
Negative_F2012,15.000000,-0.444606,5.835682,0.066667,0.000000,0.000000,0.066667,0.000000,0.233333,0.400000,0.266667,0.208667
Negative_F570,36.000000,0.583850,8.342999,0.027778,0.138889,0.027778,0.027778,0.111111,-1.208333,0.388889,0.138889,3.210833
Negative_F1412,32.000000,3.555022,11.000257,0.093750,0.093750,0.031250,0.031250,0.031250,0.262500,0.468750,0.062500,1.170000
Negative_F1914,41.000000,-2.858393,4.830200,0.024390,0.024390,0.024390,0.024390,0.073171,0.446341,0.414634,0.097561,0.316829
Negative_F1026,15.000000,4.510623,10.602422,0.333333,0.000000,0.000000,0.000000,0.000000,0.373333,0.533333,0.066667,-0.045333
Negative_F1587,13.000000,0.554947,8.750052,0.076923,0.000000,0.000000,0.000000,0.000000,0.938462,0.538462,0.153846,-0.714615
Negative_F1626,97.000000,8.665099,9.952194,0.103093,0.072165,0.051546,0.041237,0.041237,-0.602062,0.381443,0.123711,1.988247
Negative_F530,33.000000,4.525936,10.425199,0.121212,0.151515,0.000000,0.060606,0.060606,-0.584848,0.363636,0.090909,2.661818
Negative_F2388,105.000000,1.313926,9.093797,0.038095,0.114286,0.019048,0.076190,0.057143,-0.935238,0.380952,0.133333,2.802667
Negative_F2413,27.000000,5.512115,11.122295,0.185185,0.111111,0.000000,0.037037,0.037037,-0.192593,0.370370,0.037037,2.300741
Negative_F343,76.000000,4.163389,9.075424,0.039474,0.052632,0.026316,0.013158,0.013158,-0.321053,0.342105,0.144737,1.455921
Negative_F1927,91.000000,4.418598,8.624274,0.087912,0.032967,0.054945,0.032967,0.032967,-0.581319,0.230769,0.087912,1.254396
Negative_F1402,18.000000,1.552442,10.002737,0.111111,0.000000,0.000000,0.000000,0.000000,0.811111,0.444444,0.055556,-0.732778
Negative_F871,13.000000,0.557428,9.750021,0.000000,0.076923,0.000000,0.000000,0.000000,1.130769,0.538462,0.076923,-0.578462
Negative_F1113,34.000000,1.474784,8.328945,0.088235,0.000000,0.058824,0.000000,0.029412,-0.408824,0.205882,0.058824,0.907941
Negative_F1897,68.000000,-2.600309,4.139038,0.029412,0.000000,0.000000,0.058824,0.000000,0.795588,0.441176,0.088235,-0.216618
Negative_F1353,16.000000,0.510533,8.072360,0.000000,0.187500,0.000000,0.125000,0.000000,-0.212500,0.312500,0.062500,2.810000
Negative_F776,30.000000,-2.586309,4.274315,0.000000,0.033333,0.000000,0.066667,0.033333,0.040000,0.200000,0.066667,0.786333
Negative_F2437,43.000000,3.387069,8.849914,0.046512,0.186047,0.023256,0.093023,0.046512,-0.504651,0.279070,0.023256,3.514884
Negative_F2409,63.000000,-3.452107,4.642575,0.015873,0.031746,0.015873,0.031746,0.063492,0.749206,0.523810,0.031746,-0.060635
Negative_F1631,26.000000,2.617370,10.860618,0.038462,0.076923,0.038462,0.000000,0.000000,0.457692,0.461538,0.038462,0.090769
Negative_F1384,13.000000,0.554947,8.750052,0.076923,0.000000,0.000000,0.000000,0.000000,1.138462,0.615385,0.230769,-1.236154
Negative_F914,24.000000,0.504375,8.016466,0.083333,0.000000,0.041667,0.000000,0.041667,0.808333,0.583333,0.083333,-0.221667
Negative_F2338,13.000000,4.557327,11.999968,0.000000,0.384615,0.000000,0.000000,0.000000,0.469231,0.538462,0.000000,3.224615
Negative_F2355,20.000000,6.538529,10.477418,0.400000,0.000000,0.000000,0.000000,0.050000,-0.345000,0.450000,0.150000,0.854500
Negative_F1364,17.000000,2.555993,11.711343,0.058824,0.176471,0.000000,0.000000,0.058824,-0.300000,0.411765,0.000000,2.179412
Negative_F2176,37.000000,4.276678,9.731841,0.162162,0.027027,0.027027,0.000000,0.054054,-0.700000,0.405405,0.216216,1.319189
Negative_F747,28.000000,-0.593458,5.961126,0.035714,0.000000,0.000000,0.000000,0.035714,0.389286,0.250000,0.107143,0.496071
Negative_F1982,30.000000,2.401927,8.661924,0.100000,0.066667,0.000000,0.033333,0.033333,-0.230000,0.200000,0.033333,1.593667
Negative_F307,45.000000,6.532290,9.998998,0.244444,0.022222,0.000000,0.022222,0.088889,-0.700000,0.377778,0.088889,1.462444
Negative_F713,32.000000,1.548998,9.528250,0.125000,0.000000,0.000000,0.031250,0.031250,-0.190625,0.437500,0.031250,0.779375
Negative_F1367,14.000000,1.552442,10.002737,0.142857,0.000000,0.000000,0.000000,0.000000,0.871429,0.571429,0.000000,-0.190000
Negative_F1096,40.000000,2.522375,8.654897,0.100000,0.025000,0.050000,0.050000,0.000000,-0.177500,0.350000,0.100000,1.203750
Negative_F276,35.000000,5.546417,11.122295,0.142857,0.085714,0.000000,0.028571,0.028571,-0.074286,0.457143,0.057143,1.298857
Negative_F2426,18.000000,2.586563,10.302064,0.166667,0.000000,0.055556,0.000000,0.000000,0.588889,0.500000,0.000000,-0.262222
Negative_F83,33.000000,3.530932,9.514454,0.181818,0.000000,0.030303,0.060606,0.000000,0.269697,0.393939,0.000000,0.535455
Negative_F1550,28.000000,0.406492,7.773494,0.000000,0.071429,0.000000,0.000000,0.035714,0.250000,0.285714,0.071429,0.768929
Negative_F1952,35.000000,0.459094,7.814358,0.000000,0.085714,0.000000,0.057143,0.000000,-0.120000,0.314286,0.142857,2.121714
Negative_F207,23.000000,0.551503,8.497658,0.130435,0.000000,0.000000,0.043478,0.043478,0.156522,0.434783,0.043478,0.337391
Negative_F1372,28.000000,3.545371,10.176866,0.178571,0.000000,0.000000,0.035714,0.000000,0.689286,0.535714,0.000000,-0.185000
Negative_F1802,33.000000,3.496786,9.594137,0.151515,0.030303,0.000000,0.060606,0.000000,0.136364,0.424242,0.030303,1.055455
Negative_F935,17.000000,0.554947,8.750052,0.058824,0.000000,0.000000,0.000000,0.000000,1.617647,0.588235,0.117647,-1.870588
Negative_F491,28.000000,5.543737,10.045673,0.178571,0.035714,0.000000,0.000000,0.000000,0.239286,0.464286,0.107143,0.505714
Negative_F802,41.000000,3.304802,8.621244,0.000000,0.097561,0.000000,0.000000,0.000000,-0.065854,0.243902,0.073171,1.438049
Negative_F2379,33.000000,0.061347,7.485036,0.000000,0.030303,0.000000,0.000000,0.000000,0.709091,0.272727,0.030303,0.198485
Negative_F574,42.000000,6.132661,9.610641,0.023810,0.142857,0.023810,0.000000,0.000000,-0.342857,0.309524,0.119048,1.866429
Negative_F744,24.000000,4.538975,10.000674,0.291667,0.000000,0.000000,0.041667,0.041667,-1.016667,0.375000,0.166667,1.770000
Negative_F1022,16.000000,0.554947,8.750052,0.062500,0.000000,0.000000,0.000000,0.000000,1.275000,0.562500,0.000000,-1.148750
Negative_F1083,18.000000,6.357971,11.999968,0.111111,0.277778,0.166667,0.000000,0.000000,-1.627778,0.222222,0.055556,4.806111
Negative_F924,88.000000,-6.461757,5.086033,0.147727,0.000000,0.045455,0.125000,0.090909,-0.556818,0.329545,0.034091,1.774545
Negative_F221,30.000000,1.404012,8.333780,0.066667,0.033333,0.000000,0.000000,0.033333,0.416667,0.333333,0.066667,0.408000
Negative_F269,19.000000,4.886741,10.304707,0.315789,0.000000,0.000000,0.052632,0.000000,-1.205263,0.263158,0.000000,2.017895
Negative_F1431,41.000000,7.543886,11.603681,0.146341,0.097561,0.000000,0.024390,0.024390,-0.356098,0.390244,0.048780,1.671463
Negative_F2289,63.000000,6.524067,9.258643,0.174603,0.015873,0.063492,0.079365,0.000000,-0.850794,0.253968,0.126984,2.048413
Negative_F2004,13.000000,0.554947,8.750052,0.076923,0.000000,0.000000,0.000000,0.000000,1.923077,0.692308,0.153846,-2.116923
Negative_F1667,24.000000,1.514173,8.657218,0.125000,0.000000,0.041667,0.000000,0.041667,0.125000,0.333333,0.041667,0.585833
Negative_F1018,13.000000,1.549936,9.703024,0.153846,0.000000,0.000000,0.000000,0.000000,0.600000,0.538462,0.153846,-0.892308
Negative_F559,18.000000,5.410282,9.687293,0.000000,0.333333,0.000000,0.000000,0.000000,0.177778,0.222222,0.000000,3.446667
Negative_F1788,78.000000,10.400560,10.112978,0.115385,0.076923,0.000000,0.025641,0.025641,-0.433333,0.358974,0.076923,1.995256
Negative_F630,31.000000,2.548585,9.825643,0.161290,0.000000,0.000000,0.032258,0.032258,0.187097,0.419355,0.032258,0.402258
Negative_F810,45.000000,1.505915,8.956480,0.022222,0.022222,0.000000,0.000000,0.000000,0.880000,0.466667,0.044444,-0.964444
Negative_F626,40.000000,3.189421,9.367466,0.025000,0.175000,0.000000,0.050000,0.050000,-0.402500,0.300000,0.050000,2.944250
Negative_F2034,28.000000,1.427130,8.404308,0.107143,0.035714,0.000000,0.000000,0.071429,-0.821429,0.214286,0.107143,2.123929
Negative_F1907,17.000000,0.282358,8.497787,0.000000,0.058824,0.000000,0.000000,0.000000,0.523529,0.647059,0.235294,-0.147059
Negative_F2022,24.000000,2.547877,10.001383,0.166667,0.000000,0.000000,0.041667,0.000000,0.312500,0.458333,0.125000,-0.023333
Negative_F2430,18.000000,3.410332,9.007539,0.000000,0.222222,0.000000,0.000000,0.000000,1.177778,0.333333,0.000000,1.242222
Negative_F624,22.000000,2.358870,8.537242,0.045455,0.090909,0.000000,0.000000,0.000000,1.000000,0.227273,0.090909,0.187273
Negative_F817,23.000000,1.567045,9.508071,0.043478,0.043478,0.043478,0.000000,0.000000,-0.043478,0.391304,0.043478,0.939130
Negative_F2225,32.000000,5.555243,11.999968,0.031250,0.187500,0.000000,0.031250,0.000000,-1.000000,0.343750,0.187500,2.281563
Negative_F698,45.000000,4.305872,8.799564,0.000000,0.133333,0.000000,0.000000,0.022222,-1.037778,0.133333,0.066667,3.343333
Negative_F2230,13.000000,-0.332668,7.022423,0.000000,0.000000,0.230769,0.000000,0.000000,1.392308,0.615385,0.153846,-1.559231
Negative_F738,42.000000,6.400656,9.609996,0.000000,0.190476,0.000000,0.023810,0.000000,-0.214286,0.333333,0.214286,2.567619
Negative_F1379,21.000000,-0.415522,6.740786,0.000000,0.047619,0.047619,0.047619,0.000000,-0.790476,0.428571,0.238095,1.832857
Negative_F1974,27.000000,4.555268,11.999968,0.037037,0.185185,0.000000,0.037037,0.000000,-0.877778,0.333333,0.074074,3.055556
Negative_F494,48.000000,3.493595,9.448889,0.145833,0.000000,0.000000,0.020833,0.041667,0.147917,0.354167,0.041667,0.425208
Negative_F1901,42.000000,0.175803,7.688122,0.023810,0.023810,0.000000,0.000000,0.023810,0.369048,0.380952,0.047619,0.475476
Negative_F1966,121.000000,10.883423,9.097021,0.157025,0.041322,0.008264,0.049587,0.049587,-0.663636,0.314050,0.099174,1.950826
Negative_F121,29.000000,8.583906,11.999968,0.103448,0.206897,0.034483,0.000000,0.000000,-0.210345,0.413793,0.034483,2.162069
Negative_F2171,24.000000,9.555404,11.999968,0.041667,0.416667,0.000000,0.000000,0.041667,-1.337500,0.333333,0.083333,5.910833
Negative_F832,35.000000,-2.492492,4.050028,0.000000,0.000000,0.000000,0.028571,0.028571,1.294286,0.571429,0.085714,-1.579143
Negative_F1315,29.000000,2.496811,9.243171,0.172414,0.000000,0.000000,0.068966,0.000000,-0.131034,0.413793,0.034483,1.165862
Negative_F2288,22.000000,0.554947,8.750052,0.045455,0.000000,0.000000,0.000000,0.000000,1.204545,0.590909,0.090909,-0.963182
Negative_F611,26.000000,1.711881,9.704313,0.115385,0.000000,0.115385,0.038462,0.000000,-0.057692,0.461538,0.153846,0.499231
Negative_F2394,31.000000,3.624606,10.834444,0.000000,0.193548,0.064516,0.032258,0.032258,-1.293548,0.322581,0.225806,2.912258
Negative_F167,32.000000,1.428540,8.415332,0.093750,0.000000,0.000000,0.000000,0.031250,0.190625,0.281250,0.062500,0.630937
Negative_F284,22.000000,4.591448,11.999968,0.000000,0.227273,0.045455,0.000000,0.000000,-1.118182,0.318182,0.090909,3.274091
Negative_F2087,15.000000,2.515584,10.277953,0.066667,0.133333,0.000000,0.000000,0.000000,-0.160000,0.466667,0.200000,1.644667
Negative_F726,19.000000,1.544059,8.955964,0.052632,0.157895,0.052632,0.052632,0.052632,-1.478947,0.105263,0.052632,4.481579
Negative_F367,20.000000,2.466627,9.389385,0.150000,0.000000,0.000000,0.000000,0.000000,1.290000,0.500000,0.050000,-1.113000
Negative_F1293,24.000000,0.428540,7.815583,0.083333,0.000000,0.000000,0.000000,0.041667,0.766667,0.458333,0.083333,-0.184167
Negative_F1744,14.000000,0.553562,8.591073,0.142857,0.000000,0.000000,0.000000,0.071429,0.671429,0.500000,0.142857,-0.752857
Negative_F2427,19.000000,2.586563,10.302064,0.157895,0.000000,0.052632,0.000000,0.000000,0.336842,0.473684,0.052632,-0.112105
Negative_F2139,13.000000,5.557302,11.999968,0.000000,0.461538,0.000000,0.000000,0.000000,-1.576923,0.538462,0.461538,5.332308
Negative_F495,77.000000,-1.569450,5.647829,0.103896,0.000000,0.012987,0.077922,0.038961,0.406494,0.428571,0.038961,0.581558
Negative_F220,34.000000,6.101442,9.799404,0.000000,0.235294,0.000000,0.029412,0.000000,-0.447059,0.264706,0.117647,3.291176
Negative_F2251,18.000000,0.554947,8.750052,0.055556,0.000000,0.000000,0.000000,0.000000,1.777778,0.666667,0.000000,-1.793333
Negative_F442,27.000000,4.557444,10.187955,0.148148,0.074074,0.037037,0.037037,0.000000,-0.133333,0.370370,0.148148,1.278889
Negative_F1707,40.000000,9.397779,10.259450,0.125000,0.125000,0.000000,0.000000,0.000000,-0.515000,0.225000,0.050000,2.336250
Negative_F638,14.000000,0.554947,8.750052,0.071429,0.000000,0.000000,0.000000,0.000000,1.950000,0.714286,0.214286,-1.994286
Negative_F2365,26.000000,-0.432888,6.765568,0.115385,0.038462,0.038462,0.038462,0.115385,0.103846,0.384615,0.038462,1.106538
Negative_F931,42.000000,3.445549,8.982718,0.000000,0.119048,0.023810,0.000000,0.023810,0.030952,0.333333,0.095238,1.530476
Negative_F1409,15.000000,-0.442547,5.525000,0.000000,0.000000,0.000000,0.000000,0.000000,1.126667,0.466667,0.000000,-1.552667
Negative_F1056,14.000000,2.549936,10.302064,0.214286,0.000000,0.000000,0.000000,0.000000,1.057143,0.571429,0.000000,-0.750000
Negative_F478,13.000000,0.554947,8.750052,0.076923,0.000000,0.000000,0.000000,0.000000,1.823077,0.615385,0.076923,-2.334615
Negative_F1152,38.000000,6.334688,9.268313,0.026316,0.184211,0.000000,0.026316,0.000000,-0.884211,0.131579,0.026316,3.182895
Negative_F2015,26.000000,1.628282,9.970890,0.038462,0.153846,0.076923,0.038462,0.076923,-0.434615,0.500000,0.153846,2.521154
Negative_F704,37.000000,1.467267,8.304576,0.081081,0.000000,0.054054,0.000000,0.027027,-0.408108,0.270270,0.189189,0.802703
Negative_F1712,44.000000,4.277032,11.068786,0.090909,0.068182,0.000000,0.000000,0.045455,1.009091,0.590909,0.045455,-0.048409
Negative_F1964,100.000000,-4.466380,4.838556,0.050000,0.040000,0.010000,0.050000,0.080000,-0.008000,0.450000,0.080000,1.109900
Negative_F938,47.000000,6.468360,9.372301,0.042553,0.148936,0.063830,0.000000,0.042553,-0.795745,0.170213,0.085106,3.297021
Negative_F1044,13.000000,1.552442,10.002737,0.153846,0.000000,0.000000,0.000000,0.000000,1.107692,0.538462,0.153846,-0.966154
Negative_F586,19.000000,-0.369294,6.917726,0.000000,0.000000,0.105263,0.000000,0.000000,0.926316,0.578947,0.052632,-0.547368
Negative_F881,15.000000,0.591574,8.757208,0.066667,0.000000,0.066667,0.000000,0.000000,1.560000,0.600000,0.000000,-1.909333
Negative_F228,34.000000,5.540745,10.218513,0.235294,0.029412,0.000000,0.000000,0.088235,-0.894118,0.294118,0.058824,1.747353
Negative_F516,28.000000,1.499317,8.821225,0.142857,0.000000,0.000000,0.071429,0.000000,0.253571,0.428571,0.000000,0.693214
Negative_F2232,13.000000,-0.369294,6.917726,0.000000,0.000000,0.153846,0.000000,0.000000,1.207692,0.615385,0.230769,-1.008462
Negative_F1329,17.000000,1.552442,10.002737,0.117647,0.000000,0.000000,0.000000,0.000000,0.805882,0.470588,0.058824,-0.844706
Negative_F1746,26.000000,3.547066,10.156494,0.076923,0.153846,0.000000,0.000000,0.076923,-0.926923,0.384615,0.192308,2.615000
Negative_F969,34.000000,6.136709,9.689679,0.058824,0.205882,0.029412,0.029412,0.029412,-0.926471,0.205882,0.088235,3.677059
Negative_F426,56.000000,6.541816,10.453758,0.142857,0.053571,0.000000,0.000000,0.071429,-0.055357,0.446429,0.017857,0.930893
Negative_F2265,55.000000,5.377298,9.100309,0.218182,0.018182,0.000000,0.090909,0.036364,-1.290909,0.236364,0.109091,2.789818
Negative_F128,26.000000,1.549672,9.528250,0.153846,0.000000,0.000000,0.000000,0.076923,0.134615,0.538462,0.076923,0.320000
Negative_F976,33.000000,2.194646,9.302868,0.121212,0.000000,0.000000,0.030303,0.000000,0.384848,0.393939,0.030303,0.547576
Negative_F1969,11.000000,4.542419,10.301548,0.454545,0.000000,0.000000,0.000000,0.000000,-0.190909,0.545455,0.181818,0.475455
Negative_F1818,40.000000,1.545155,8.955319,0.025000,0.100000,0.025000,0.025000,0.050000,-0.582500,0.275000,0.025000,2.450000
Negative_F1867,76.000000,5.488551,9.100825,0.171053,0.000000,0.039474,0.039474,0.052632,-0.506579,0.328947,0.078947,1.500658
Negative_F2105,33.000000,1.551057,9.703024,0.090909,0.000000,0.000000,0.000000,0.030303,0.033333,0.424242,0.121212,0.093030
Negative_F2218,44.000000,1.541354,8.542851,0.000000,0.045455,0.022727,0.000000,0.000000,0.136364,0.409091,0.045455,0.948636
Negative_F1380,18.000000,1.554132,9.994292,0.111111,0.055556,0.000000,0.055556,0.000000,-0.377778,0.444444,0.166667,1.920000
Negative_F928,36.000000,3.476565,8.940492,0.083333,0.055556,0.055556,0.027778,0.000000,0.302778,0.361111,0.166667,0.443333
Negative_F1263,40.000000,3.534486,8.743412,0.050000,0.050000,0.125000,0.000000,0.000000,0.042500,0.300000,0.100000,1.044000
Negative_F1695,29.000000,-0.568761,6.005915,0.068966,0.034483,0.000000,0.103448,0.000000,0.517241,0.379310,0.000000,0.816207
Negative_F620,81.000000,-2.498835,5.880187,0.123457,0.024691,0.037037,0.086420,0.086420,-0.502469,0.320988,0.061728,1.942593
Negative_F1421,13.000000,1.552417,9.994292,0.076923,0.076923,0.000000,0.000000,0.000000,1.046154,0.615385,0.230769,-0.842308
Negative_F306,24.000000,4.543540,10.301548,0.250000,0.000000,0.000000,0.000000,0.041667,0.395833,0.500000,0.041667,-0.434583
Negative_F1979,51.000000,7.460147,9.506395,0.156863,0.039216,0.039216,0.019608,0.019608,-0.545098,0.294118,0.098039,1.861569
Negative_F2063,14.000000,-0.440223,6.711116,0.000000,0.000000,0.071429,0.000000,0.000000,0.442857,0.428571,0.000000,-0.068571
Negative_F1128,19.000000,1.586563,9.703153,0.105263,0.000000,0.052632,0.000000,0.000000,-0.926316,0.263158,0.157895,0.824737
Negative_F1124,19.000000,-0.520622,5.814652,0.052632,0.000000,0.000000,0.052632,0.000000,-0.510526,0.210526,0.105263,1.486842
Negative_F1429,22.000000,1.553706,9.978304,0.090909,0.136364,0.000000,0.136364,0.000000,-0.686364,0.363636,0.181818,3.046364
Negative_F1751,25.000000,4.495918,9.904294,0.200000,0.000000,0.000000,0.000000,0.000000,-0.164000,0.360000,0.040000,1.029600
Negative_F1157,14.000000,2.549936,10.302064,0.214286,0.000000,0.000000,0.000000,0.000000,0.300000,0.571429,0.071429,-0.197857
Negative_F1030,13.000000,1.551007,9.696641,0.076923,0.153846,0.000000,0.000000,0.076923,-1.315385,0.384615,0.153846,3.069231
Negative_F601,24.000000,1.590585,9.986233,0.083333,0.083333,0.041667,0.041667,0.041667,0.095833,0.416667,0.041667,0.590000
Negative_F2287,16.000000,1.557403,11.999968,0.000000,0.125000,0.000000,0.000000,0.000000,1.175000,0.562500,0.125000,-0.426250
Negative_F1129,41.000000,5.424509,9.218995,0.146341,0.000000,0.024390,0.000000,0.000000,-0.107317,0.365854,0.146341,0.505122
Negative_F1453,24.000000,3.498424,9.701283,0.166667,0.000000,0.000000,0.000000,0.000000,1.079167,0.541667,0.083333,-0.878333
Negative_F400,20.000000,6.569096,10.572702,0.200000,0.150000,0.100000,0.000000,0.000000,-1.050000,0.300000,0.100000,3.162500
Negative_F872,14.000000,2.549936,10.302064,0.214286,0.000000,0.000000,0.000000,0.000000,0.671429,0.642857,0.000000,-0.121429
Negative_F309,26.000000,6.542394,11.433484,0.230769,0.038462,0.000000,0.000000,0.000000,0.111538,0.461538,0.038462,0.423462
Negative_F1427,14.000000,-0.443932,6.001425,0.071429,0.000000,0.000000,0.000000,0.071429,0.514286,0.500000,0.214286,-0.595714
Negative_F324,84.000000,0.023996,7.414669,0.000000,0.011905,0.154762,0.011905,0.000000,-1.078571,0.071429,0.059524,0.681667
Negative_F1440,45.000000,8.344233,9.537404,0.133333,0.088889,0.000000,0.022222,0.000000,-0.395556,0.244444,0.044444,2.131778
Negative_F2233,22.000000,4.586512,11.999968,0.136364,0.090909,0.045455,0.000000,0.000000,-0.090909,0.454545,0.227273,1.453182
Negative_F1883,21.000000,2.503410,9.503945,0.095238,0.047619,0.000000,0.000000,0.000000,1.066667,0.571429,0.047619,-0.474286
Negative_F337,37.000000,11.533839,11.537536,0.243243,0.135135,0.000000,0.027027,0.027027,-1.113514,0.324324,0.081081,3.011892
Negative_F2067,18.000000,1.554922,11.000837,0.055556,0.055556,0.000000,0.000000,0.000000,1.327778,0.611111,0.111111,-0.741667
Negative_F1792,38.000000,7.526789,9.993518,0.052632,0.184211,0.052632,0.026316,0.000000,-0.828947,0.210526,0.105263,3.497895
Negative_F1920,46.000000,4.491511,9.627983,0.173913,0.021739,0.000000,0.043478,0.043478,0.128261,0.391304,0.065217,0.609348
Negative_F2018,38.000000,0.478642,7.940716,0.052632,0.026316,0.000000,0.000000,0.052632,-0.144737,0.289474,0.078947,1.530526
Negative_F501,41.000000,2.549844,9.307446,0.048780,0.048780,0.000000,0.000000,0.024390,-0.185366,0.390244,0.097561,1.020976
Negative_F1306,46.000000,4.491511,9.627983,0.173913,0.021739,0.000000,0.043478,0.043478,0.215217,0.391304,0.043478,0.703043
Negative_F202,24.000000,0.626815,8.605578,0.083333,0.000000,0.083333,0.000000,0.041667,1.037500,0.541667,0.041667,-0.982917
Negative_F479,13.000000,-0.442547,5.525000,0.000000,0.000000,0.000000,0.000000,0.000000,1.992308,0.615385,0.076923,-2.496154
Negative_F304,19.000000,1.550383,9.703024,0.157895,0.000000,0.000000,0.052632,0.000000,0.910526,0.473684,0.000000,-1.103684
Negative_F389,25.000000,3.559239,9.863550,0.160000,0.080000,0.040000,0.000000,0.080000,-0.464000,0.400000,0.040000,2.042000
Negative_F571,15.000000,-0.444606,5.835682,0.066667,0.000000,0.000000,0.066667,0.000000,1.406667,0.533333,0.066667,-1.798000
Negative_F2160,34.000000,6.539372,10.461301,0.235294,0.058824,0.000000,0.058824,0.029412,-1.567647,0.205882,0.029412,3.447941
Negative_F789,38.000000,5.441922,9.487055,0.026316,0.131579,0.026316,0.000000,0.000000,0.428947,0.368421,0.105263,1.190263
Negative_F1551,16.000000,-0.442547,5.525000,0.000000,0.000000,0.000000,0.000000,0.000000,1.818750,0.625000,0.125000,-1.840000
Negative_F1508,13.000000,0.554947,8.750052,0.076923,0.000000,0.000000,0.000000,0.000000,1.138462,0.615385,0.153846,-1.584615
Negative_F1619,30.000000,4.305493,10.118587,0.166667,0.066667,0.033333,0.033333,0.033333,-0.683333,0.400000,0.133333,1.698333
Negative_F386,51.000000,12.308741,11.999968,0.098039,0.156863,0.039216,0.000000,0.000000,-0.680392,0.352941,0.058824,2.436863
Negative_F2253,27.000000,5.737954,11.999968,0.037037,0.185185,0.185185,0.000000,0.000000,-0.255556,0.444444,0.148148,2.316667
Negative_F2098,33.000000,5.406127,9.426132,0.090909,0.181818,0.000000,0.000000,0.090909,-0.387879,0.272727,0.090909,2.848788
Negative_F1593,13.000000,-0.476849,5.494989,0.000000,0.000000,0.000000,0.000000,0.000000,2.169231,0.615385,0.000000,-2.180000
Negative_F65,33.000000,2.496811,9.243171,0.151515,0.000000,0.000000,0.060606,0.000000,0.254545,0.393939,0.060606,0.430303
Negative_F1864,40.000000,5.524805,9.379715,0.100000,0.100000,0.050000,0.050000,0.000000,-0.130000,0.350000,0.050000,1.724750
Negative_F683,32.000000,3.494306,9.514389,0.187500,0.000000,0.000000,0.062500,0.000000,0.315625,0.406250,0.062500,0.274687
Negative_F1148,34.000000,3.477497,9.501431,0.088235,0.058824,0.000000,0.000000,0.029412,-0.102941,0.352941,0.088235,1.139118
Negative_F2414,87.000000,8.214698,9.768910,0.103448,0.057471,0.022989,0.022989,0.034483,0.054023,0.402299,0.080460,1.197011
Negative_F2201,20.000000,5.520793,10.561033,0.200000,0.150000,0.000000,0.050000,0.000000,-0.695000,0.350000,0.150000,2.897000
Negative_F412,27.000000,5.578369,10.222317,0.296296,0.000000,0.037037,0.000000,0.074074,-0.659259,0.407407,0.111111,1.334074
Negative_F1594,30.000000,2.496811,9.243171,0.166667,0.000000,0.000000,0.066667,0.000000,0.383333,0.433333,0.000000,0.233000
Negative_F828,76.000000,-4.692480,4.142676,0.026316,0.013158,0.000000,0.052632,0.039474,0.885526,0.434211,0.052632,-0.204737
Negative_F2306,19.000000,-0.405921,6.741127,0.000000,0.000000,0.052632,0.000000,0.000000,1.500000,0.684211,0.105263,-1.165789
Negative_F1738,57.000000,-0.553713,7.111604,0.000000,0.000000,0.122807,0.000000,0.000000,0.152632,0.245614,0.122807,0.247018
Negative_F1855,38.000000,4.542346,10.726201,0.052632,0.184211,0.026316,0.078947,0.026316,-1.105263,0.210526,0.078947,4.056842
Negative_F1011,24.000000,3.500904,9.850656,0.125000,0.041667,0.000000,0.000000,0.000000,0.983333,0.583333,0.083333,-0.374583
Negative_F1519,13.000000,0.554947,8.750052,0.076923,0.000000,0.000000,0.000000,0.000000,1.853846,0.615385,0.000000,-2.222308
Negative_F3,54.000000,2.456176,8.490825,0.092593,0.037037,0.055556,0.055556,0.018519,-0.612963,0.222222,0.111111,1.954444
Negative_F1265,19.000000,1.552442,10.002737,0.105263,0.000000,0.000000,0.000000,0.000000,1.163158,0.578947,0.105263,-1.257895
Negative_F1331,17.000000,1.552442,10.002737,0.117647,0.000000,0.000000,0.000000,0.000000,1.423529,0.647059,0.000000,-1.478235
Negative_F1401,27.000000,3.549911,11.263868,0.111111,0.037037,0.000000,0.000000,0.000000,0.248148,0.444444,0.037037,-0.112963
Negative_F775,30.000000,-1.593011,4.370146,0.033333,0.000000,0.000000,0.033333,0.033333,0.793333,0.366667,0.066667,-0.107667
Negative_F1216,24.000000,3.500904,9.850656,0.125000,0.041667,0.000000,0.000000,0.000000,1.283333,0.583333,0.083333,-0.789167
Negative_F1290,50.000000,2.421811,8.497529,0.040000,0.060000,0.040000,0.000000,0.040000,-0.490000,0.260000,0.120000,1.775800
Negative_F310,26.000000,4.544925,10.602487,0.192308,0.000000,0.000000,0.000000,0.000000,0.026923,0.461538,0.076923,-0.119231
Negative_F2037,20.000000,6.552316,11.999968,0.100000,0.250000,0.000000,0.000000,0.000000,0.255000,0.450000,0.000000,1.883000
Negative_F197,25.000000,-0.334053,7.024072,0.040000,0.000000,0.120000,0.000000,0.040000,0.972000,0.520000,0.000000,-0.573600
Negative_F150,34.000000,7.404282,9.990037,0.058824,0.235294,0.000000,0.029412,0.029412,-0.447059,0.264706,0.088235,3.260294
Negative_F2182,25.000000,1.587683,9.703153,0.120000,0.000000,0.040000,0.000000,0.040000,0.664000,0.480000,0.040000,-0.441600
Negative_F417,14.000000,0.552888,8.590944,0.142857,0.000000,0.000000,0.071429,0.000000,0.885714,0.642857,0.071429,-0.710714
Negative_F1333,19.000000,2.196680,9.384485,0.105263,0.052632,0.000000,0.000000,0.000000,-0.226316,0.263158,0.105263,0.863158
Negative_F423,28.000000,7.578970,11.763691,0.178571,0.107143,0.035714,0.000000,0.000000,-0.896429,0.321429,0.071429,2.066071
Negative_F1118,50.000000,3.343274,8.691773,0.160000,0.060000,0.000000,0.100000,0.040000,-1.274000,0.120000,0.040000,2.898400
Negative_F1130,21.000000,-0.843690,5.710295,0.000000,0.047619,0.000000,0.000000,0.047619,0.890476,0.333333,0.047619,0.185714
Negative_F515,28.000000,2.496811,9.243171,0.178571,0.000000,0.000000,0.071429,0.000000,0.146429,0.392857,0.000000,0.751071
Negative_F1066,22.000000,5.583956,11.580343,0.090909,0.181818,0.045455,0.000000,0.000000,-0.627273,0.454545,0.136364,2.656818
Negative_F1930,93.000000,-9.760131,4.482914,0.075269,0.043011,0.010753,0.086022,0.129032,-0.533333,0.344086,0.075269,1.935269
Negative_F1614,57.000000,4.412514,8.933529,0.192982,0.035088,0.017544,0.087719,0.052632,-1.214035,0.245614,0.122807,2.908772
Negative_F2377,124.000000,9.689239,10.834250,0.024194,0.145161,0.032258,0.048387,0.040323,-1.208065,0.282258,0.088710,3.123226
Negative_F1258,24.000000,2.505890,9.695868,0.041667,0.083333,0.000000,0.000000,0.000000,1.104167,0.500000,0.041667,-0.156250
Negative_F279,16.000000,0.552888,8.590944,0.125000,0.000000,0.000000,0.062500,0.000000,1.281250,0.562500,0.062500,-1.011875
Negative_F679,38.000000,7.548847,11.999968,0.105263,0.157895,0.000000,0.026316,0.026316,-0.818421,0.315789,0.000000,2.883684
Negative_F569,26.000000,1.552442,10.002737,0.076923,0.000000,0.000000,0.000000,0.000000,0.700000,0.384615,0.038462,-0.689615
Negative_F633,13.000000,0.557428,9.750021,0.000000,0.076923,0.000000,0.000000,0.000000,1.653846,0.692308,0.230769,-1.048462
Negative_F214,36.000000,4.476540,9.182377,0.083333,0.083333,0.055556,0.027778,0.000000,-0.013889,0.305556,0.166667,1.210833
Negative_F2372,14.000000,2.233301,9.688132,0.000000,0.214286,0.000000,0.000000,0.000000,-0.507143,0.285714,0.071429,2.459286
Negative_F1065,47.000000,2.462486,8.506039,0.063830,0.085106,0.063830,0.021277,0.063830,-0.544681,0.255319,0.085106,2.244894
Negative_F1900,35.000000,1.408816,8.338293,0.028571,0.057143,0.028571,0.000000,0.028571,-0.080000,0.200000,0.114286,0.679429
Negative_F724,48.000000,7.341488,9.326077,0.166667,0.062500,0.000000,0.020833,0.041667,-0.397917,0.229167,0.062500,1.894583
Negative_F2320,51.000000,1.580167,9.309186,0.058824,0.000000,0.019608,0.000000,0.019608,-0.388235,0.352941,0.098039,0.606863
Negative_F1137,31.000000,6.201286,10.065787,0.193548,0.032258,0.032258,0.000000,0.000000,-0.022581,0.290323,0.064516,1.160323
Negative_F2290,31.000000,2.634853,10.001706,0.129032,0.000000,0.032258,0.032258,0.000000,0.503226,0.548387,0.032258,-0.178710
Negative_F1404,22.000000,1.548998,9.528250,0.181818,0.000000,0.000000,0.045455,0.045455,0.172727,0.500000,0.090909,0.345455
Negative_F1007,24.000000,2.500929,9.390159,0.125000,0.000000,0.000000,0.000000,0.000000,1.191667,0.541667,0.083333,-1.004583
Negative_F1218,13.000000,-0.442547,5.525000,0.000000,0.000000,0.000000,0.000000,0.000000,1.800000,0.615385,0.076923,-2.250769
Negative_F1138,82.000000,5.355739,8.783576,0.085366,0.073171,0.036585,0.048780,0.036585,-0.381707,0.256098,0.085366,1.900122
Negative_F1669,27.000000,3.545371,10.176866,0.185185,0.000000,0.000000,0.037037,0.000000,0.222222,0.407407,0.074074,0.147778
Negative_F525,24.000000,-1.527317,5.238873,0.000000,0.000000,0.041667,0.000000,0.041667,0.162500,0.125000,0.041667,0.574583
Negative_F893,28.000000,2.497485,9.243171,0.178571,0.000000,0.000000,0.035714,0.035714,0.439286,0.428571,0.000000,0.245357
Negative_F2214,22.000000,8.537333,11.235244,0.272727,0.136364,0.000000,0.000000,0.000000,-0.759091,0.409091,0.136364,2.029545
Negative_F858,62.000000,-2.747876,4.138697,0.016129,0.016129,0.000000,0.064516,0.000000,-0.251613,0.338710,0.064516,1.161129
Negative_F615,24.000000,0.811332,8.795954,0.041667,0.000000,0.291667,0.000000,0.000000,0.375000,0.458333,0.125000,-0.517500
Negative_F772,31.000000,0.403247,7.765082,0.096774,0.000000,0.000000,0.032258,0.032258,0.470968,0.290323,0.064516,0.262581
Negative_F616,17.000000,-0.442547,5.525000,0.000000,0.000000,0.000000,0.000000,0.000000,1.782353,0.588235,0.000000,-2.290000
Negative_F78,13.000000,0.554947,8.750052,0.076923,0.000000,0.000000,0.000000,0.000000,1.807692,0.692308,0.153846,-1.850769
Negative_F2440,36.000000,6.479319,9.763688,0.138889,0.111111,0.027778,0.055556,0.000000,-0.580556,0.305556,0.111111,2.505556
Negative_F153,33.000000,4.413727,9.301708,0.000000,0.181818,0.030303,0.000000,0.030303,-0.160606,0.212121,0.060606,2.808788
Negative_F30,44.000000,0.437615,7.772755,0.068182,0.045455,0.022727,0.045455,0.045455,-0.468182,0.272727,0.113636,1.747955
Negative_F508,24.000000,3.498424,9.701283,0.166667,0.000000,0.000000,0.000000,0.000000,1.258333,0.583333,0.125000,-1.149583
Negative_F330,69.000000,13.868320,10.750506,0.217391,0.072464,0.000000,0.043478,0.043478,-1.139130,0.333333,0.000000,2.593623
Negative_F1125,37.000000,8.088619,9.818551,0.189189,0.054054,0.000000,0.000000,0.000000,-0.327027,0.243243,0.000000,1.446486
Negative_F393,20.000000,-3.441208,4.050028,0.000000,0.000000,0.000000,0.150000,0.000000,1.480000,0.550000,0.000000,-1.108500
Negative_F1773,27.000000,2.585178,10.001383,0.148148,0.000000,0.037037,0.000000,0.037037,0.288889,0.518519,0.148148,-0.342222
Negative_F2375,25.000000,1.548998,9.528250,0.160000,0.000000,0.000000,0.040000,0.040000,0.180000,0.520000,0.080000,0.318800
Negative_F876,18.000000,3.500879,9.847497,0.111111,0.111111,0.000000,0.000000,0.000000,-0.316667,0.333333,0.166667,1.402222
Negative_F1049,25.000000,7.615597,11.763691,0.200000,0.120000,0.080000,0.000000,0.000000,-0.712000,0.360000,0.080000,2.425200
Negative_F1262,43.000000,1.418235,8.190789,0.046512,0.023256,0.046512,0.000000,0.023256,0.179070,0.348837,0.139535,0.601163
Negative_F1713,14.000000,2.515634,10.301935,0.214286,0.000000,0.000000,0.000000,0.000000,1.371429,0.642857,0.000000,-0.977143
Negative_F2011,45.000000,1.554936,8.349446,0.022222,0.111111,0.088889,0.044444,0.044444,-0.928889,0.244444,0.066667,2.997778
Negative_F746,31.000000,1.404012,8.333780,0.064516,0.032258,0.000000,0.000000,0.032258,0.680645,0.354839,0.064516,0.243548
Negative_F431,25.000000,1.548998,9.528250,0.160000,0.000000,0.000000,0.040000,0.040000,0.372000,0.480000,0.000000,0.256800
Negative_F1934,39.000000,3.586670,10.433064,0.102564,0.076923,0.025641,0.025641,0.051282,-0.351282,0.384615,0.025641,1.624359
Negative_F40,27.000000,1.587683,9.703153,0.111111,0.000000,0.037037,0.000000,0.037037,0.425926,0.481481,0.037037,-0.114815
Negative_F1179,33.000000,7.445448,10.602744,0.000000,0.272727,0.030303,0.000000,0.030303,0.148485,0.363636,0.090909,2.699394
Negative_F1276,22.000000,3.588993,11.723012,0.045455,0.136364,0.045455,0.000000,0.000000,-0.863636,0.318182,0.090909,2.513182
Negative_F1718,44.000000,8.448350,11.353801,0.000000,0.250000,0.022727,0.022727,0.022727,-1.093182,0.181818,0.000000,4.034091
Negative_F1538,80.000000,4.981300,8.878280,0.100000,0.062500,0.012500,0.025000,0.062500,-0.475000,0.325000,0.162500,1.725000
Negative_F1689,13.000000,0.552442,8.590880,0.076923,0.000000,0.000000,0.000000,0.000000,0.946154,0.615385,0.230769,-0.901538
Negative_F700,50.000000,0.608015,7.798692,0.080000,0.020000,0.080000,0.020000,0.060000,-0.690000,0.240000,0.100000,1.881600
Negative_F1259,29.000000,-0.588472,5.962319,0.000000,0.034483,0.000000,0.000000,0.034483,0.075862,0.172414,0.034483,0.747931
Negative_F550,19.000000,5.552737,11.999968,0.052632,0.315789,0.000000,0.052632,0.000000,-2.131579,0.157895,0.052632,4.998421
Negative_F1978,32.000000,6.627745,10.665214,0.156250,0.062500,0.093750,0.000000,0.000000,-0.600000,0.375000,0.093750,1.522188
Negative_F972,42.000000,-1.551652,5.295769,0.000000,0.047619,0.023810,0.071429,0.000000,0.545238,0.285714,0.047619,0.292143
Negative_F1829,63.000000,7.793636,10.354670,0.158730,0.047619,0.111111,0.015873,0.063492,-0.125397,0.444444,0.015873,1.320794
Negative_F1298,33.000000,0.501822,8.033099,0.090909,0.000000,0.000000,0.060606,0.000000,0.454545,0.393939,0.000000,0.379091
Negative_F510,46.000000,5.489005,9.761561,0.195652,0.021739,0.000000,0.043478,0.043478,0.004348,0.369565,0.043478,1.056304
Negative_F1205,21.000000,1.503435,8.903745,0.095238,0.000000,0.000000,0.000000,0.000000,1.209524,0.428571,0.095238,-1.102381
Negative_F1958,32.000000,-0.594273,6.151309,0.031250,0.031250,0.000000,0.031250,0.031250,0.506250,0.343750,0.093750,0.549687
Negative_F2336,11.000000,3.547430,10.477740,0.363636,0.000000,0.000000,0.000000,0.000000,0.072727,0.545455,0.272727,0.311818
Negative_F261,17.000000,1.550383,9.703024,0.176471,0.000000,0.000000,0.058824,0.000000,0.747059,0.588235,0.058824,0.011176
Negative_F1985,27.000000,3.533665,9.595426,0.185185,0.000000,0.037037,0.000000,0.037037,0.551852,0.555556,0.222222,-0.424444
Negative_F2241,49.000000,6.539706,10.281176,0.142857,0.102041,0.000000,0.020408,0.081633,-0.642857,0.448980,0.122449,2.101837
Negative_F884,13.000000,0.554947,8.750052,0.076923,0.000000,0.000000,0.000000,0.000000,1.853846,0.692308,0.153846,-2.290000
Negative_F2384,27.000000,8.243502,11.999968,0.148148,0.222222,0.000000,0.037037,0.000000,-1.233333,0.259259,0.111111,3.843704
Negative_F618,38.000000,0.798394,8.319081,0.078947,0.105263,0.184211,0.078947,0.078947,-2.094737,0.236842,0.210526,4.290526
Negative_F2132,20.000000,7.574035,10.845339,0.400000,0.000000,0.050000,0.000000,0.000000,-0.765000,0.400000,0.200000,1.529500
Negative_F1729,58.000000,5.393372,9.242591,0.068966,0.103448,0.000000,0.034483,0.034483,-0.584483,0.327586,0.137931,2.119828
Negative_F664,21.000000,3.248142,11.722947,0.047619,0.142857,0.000000,0.000000,0.000000,-0.490476,0.380952,0.142857,1.980952
Negative_F1879,19.000000,2.525433,9.790185,0.157895,0.000000,0.000000,0.000000,0.000000,1.042105,0.578947,0.105263,-0.908947
Negative_F227,23.000000,1.698947,10.003060,0.086957,0.000000,0.173913,0.000000,0.000000,0.786957,0.521739,0.173913,-0.507826
Negative_F784,33.000000,-1.596902,4.678952,0.060606,0.000000,0.000000,0.030303,0.060606,0.006061,0.242424,0.151515,0.610000
Negative_F1941,14.000000,2.605246,11.999968,0.071429,0.142857,0.000000,0.000000,0.000000,0.378571,0.642857,0.214286,0.075000
Negative_F2219,44.000000,1.539944,8.527314,0.000000,0.068182,0.022727,0.000000,0.022727,-0.188636,0.363636,0.068182,1.589091
Negative_F888,17.000000,0.554947,8.750052,0.058824,0.000000,0.000000,0.000000,0.000000,2.058824,0.647059,0.058824,-2.550000
Negative_F1660,12.000000,2.552417,11.166263,0.166667,0.083333,0.000000,0.000000,0.000000,0.858333,0.583333,0.166667,-0.456667
Negative_F1748,49.000000,0.240554,8.063335,0.020408,0.081633,0.000000,0.061224,0.020408,-0.869388,0.408163,0.163265,2.481429
Negative_F863,79.000000,5.467959,9.270054,0.012658,0.101266,0.025316,0.025316,0.012658,0.072152,0.455696,0.126582,1.379873
Negative_F598,37.000000,7.538251,10.790283,0.216216,0.054054,0.000000,0.054054,0.000000,-0.383784,0.378378,0.108108,1.811622
Negative_F1370,29.000000,4.541481,10.125550,0.241379,0.000000,0.000000,0.034483,0.034483,0.168966,0.482759,0.000000,0.478621
Negative_F1886,31.000000,0.404037,7.769003,0.064516,0.000000,0.000000,0.000000,0.032258,0.874194,0.322581,0.064516,-0.218387
Negative_F464,33.000000,2.498870,9.307704,0.121212,0.000000,0.000000,0.030303,0.000000,0.439394,0.393939,0.000000,0.308182
Negative_F2035,183.000000,-0.675752,6.727429,0.054645,0.043716,0.010929,0.071038,0.027322,-0.479235,0.382514,0.087432,1.640546
Negative_F2411,32.000000,11.503006,11.999968,0.250000,0.125000,0.000000,0.000000,0.000000,-0.306250,0.375000,0.031250,2.055625
Negative_F1475,73.000000,9.468369,9.911643,0.095890,0.109589,0.027397,0.013699,0.054795,-0.401370,0.342466,0.082192,2.252877
Negative_F1865,43.000000,4.536916,9.903843,0.186047,0.000000,0.000000,0.046512,0.023256,-0.472093,0.441860,0.093023,1.195349
Negative_F162,14.000000,3.547430,10.477740,0.285714,0.000000,0.000000,0.000000,0.000000,0.571429,0.571429,0.071429,-0.207143
Negative_F504,33.000000,-0.443224,6.282380,0.060606,0.000000,0.000000,0.000000,0.060606,0.651515,0.454545,0.090909,-0.120000
Negative_F795,39.000000,2.692343,9.821903,0.102564,0.051282,0.025641,0.051282,0.025641,-0.461538,0.410256,0.076923,1.743846
Negative_F301,30.000000,5.538975,10.222317,0.266667,0.000000,0.000000,0.033333,0.033333,-0.893333,0.400000,0.100000,1.155333
Negative_F45,27.000000,2.546046,9.825643,0.148148,0.000000,0.000000,0.000000,0.037037,0.251852,0.444444,0.037037,0.051852
Negative_F370,24.000000,3.498424,9.701283,0.166667,0.000000,0.000000,0.000000,0.000000,1.295833,0.583333,0.125000,-1.151667
Negative_F662,43.000000,3.579400,9.448116,0.093023,0.046512,0.023256,0.023256,0.023256,-0.690698,0.395349,0.162791,1.452326
Negative_F2154,17.000000,-0.442126,5.836364,0.000000,0.058824,0.000000,0.058824,0.000000,0.223529,0.411765,0.000000,0.956471
Negative_F238,44.000000,-2.577797,5.738317,0.000000,0.045455,0.068182,0.068182,0.022727,-0.243182,0.204545,0.068182,1.637500
Negative_F579,37.000000,3.587380,11.000257,0.081081,0.081081,0.027027,0.054054,0.000000,-1.056757,0.270270,0.081081,2.465135
Negative_F722,50.000000,5.415659,9.032939,0.180000,0.040000,0.040000,0.060000,0.040000,-0.790000,0.200000,0.060000,2.636600
Negative_F889,18.000000,3.584057,10.477740,0.222222,0.000000,0.055556,0.000000,0.000000,0.616667,0.555556,0.055556,-0.440556
Negative_F1135,29.000000,-0.495255,6.876347,0.068966,0.000000,0.068966,0.034483,0.034483,-0.393103,0.241379,0.068966,1.553103
Negative_F1456,31.000000,4.186386,10.060114,0.129032,0.064516,0.032258,0.032258,0.000000,-0.848387,0.290323,0.161290,1.828387
Negative_F1391,32.000000,-0.593458,5.961126,0.031250,0.000000,0.000000,0.000000,0.031250,0.437500,0.343750,0.062500,0.168125
Negative_F243,41.000000,4.543287,10.295230,0.146341,0.024390,0.000000,0.048780,0.000000,-0.200000,0.414634,0.048780,1.221463
Negative_F186,51.000000,2.400580,8.636330,0.117647,0.039216,0.019608,0.078431,0.019608,-0.086275,0.333333,0.078431,1.461176
Negative_F910,39.000000,7.539889,11.471778,0.179487,0.025641,0.000000,0.000000,0.000000,0.192308,0.461538,0.051282,0.246667
Negative_F1365,27.000000,8.439370,10.066819,0.296296,0.037037,0.000000,0.000000,0.000000,0.070370,0.333333,0.000000,0.525926
Negative_F2240,22.000000,7.552712,11.999968,0.090909,0.318182,0.000000,0.045455,0.000000,-2.013636,0.227273,0.090909,5.581364
Negative_F1602,55.000000,22.550595,11.275408,0.418182,0.018182,0.000000,0.018182,0.000000,-1.427273,0.290909,0.000000,2.346909
Negative_F812,33.000000,3.613588,9.874316,0.121212,0.030303,0.060606,0.030303,0.000000,-0.415152,0.393939,0.121212,0.894242
Negative_F866,15.000000,2.549936,10.302064,0.200000,0.000000,0.000000,0.000000,0.000000,0.586667,0.600000,0.066667,-0.350000
Negative_F2193,20.000000,5.532799,11.999968,0.000000,0.300000,0.000000,0.000000,0.000000,-1.055000,0.350000,0.200000,4.409000
Negative_F2197,19.000000,6.557277,11.999968,0.000000,0.368421,0.000000,0.000000,0.000000,-0.484211,0.421053,0.105263,4.163158
Negative_F1703,20.000000,1.154374,8.883373,0.100000,0.000000,0.000000,0.000000,0.000000,1.420000,0.450000,0.000000,-1.082000
Negative_F894,46.000000,5.395770,9.302933,0.086957,0.065217,0.000000,0.021739,0.000000,-0.463043,0.217391,0.043478,1.831739
Negative_F1381,43.000000,2.443384,8.673722,0.069767,0.046512,0.046512,0.023256,0.023256,0.358140,0.372093,0.023256,0.960465
Negative_F1287,30.000000,0.404458,7.769117,0.066667,0.033333,0.000000,0.033333,0.033333,0.443333,0.300000,0.066667,0.746333
Negative_F1791,38.000000,2.513166,8.676365,0.026316,0.078947,0.078947,0.026316,0.000000,-0.465789,0.236842,0.131579,1.800789
Negative_F1204,33.000000,2.194646,9.302868,0.121212,0.000000,0.000000,0.030303,0.000000,0.345455,0.393939,0.060606,0.712727
Negative_F422,29.000000,1.393117,8.409659,0.068966,0.000000,0.000000,0.000000,0.000000,0.731034,0.344828,0.103448,-0.373448
Negative_F1045,13.000000,0.557428,9.750021,0.000000,0.076923,0.000000,0.000000,0.000000,1.861538,0.615385,0.076923,-1.546154
Negative_F1768,22.000000,3.544925,10.176866,0.181818,0.000000,0.000000,0.000000,0.000000,-0.140909,0.454545,0.181818,0.763636
Negative_F906,32.000000,5.515410,10.142569,0.187500,0.000000,0.000000,0.000000,0.000000,-0.275000,0.375000,0.093750,0.902500
Negative_F35,42.000000,5.410282,9.687293,0.000000,0.142857,0.000000,0.000000,0.000000,-0.233333,0.285714,0.071429,1.922143
Negative_F1140,31.000000,5.162179,9.735838,0.193548,0.000000,0.000000,0.000000,0.000000,0.087097,0.290323,0.032258,0.733871
Negative_F158,18.000000,5.456783,10.663216,0.000000,0.333333,0.000000,0.000000,0.000000,-0.250000,0.277778,0.111111,3.652222
Negative_F1311,21.000000,2.500929,9.390159,0.142857,0.000000,0.000000,0.000000,0.000000,1.419048,0.476190,0.047619,-1.473810
Negative_F1753,23.000000,2.500929,9.390159,0.130435,0.000000,0.000000,0.000000,0.000000,1.147826,0.521739,0.043478,-0.756087
Negative_F1317,16.000000,5.547355,11.744351,0.187500,0.187500,0.000000,0.000000,0.000000,-0.906250,0.375000,0.250000,2.657500
Negative_F149,33.000000,6.500273,11.351545,0.000000,0.333333,0.030303,0.000000,0.121212,-2.033333,0.090909,0.030303,6.064545
Negative_F1028,45.000000,3.353539,8.616538,0.044444,0.088889,0.000000,0.044444,0.000000,-0.442222,0.200000,0.066667,1.984222
Negative_F1246,61.000000,1.586298,9.528379,0.065574,0.000000,0.016393,0.000000,0.032787,0.750820,0.573770,0.049180,-0.585410
Negative_F1024,15.000000,4.510623,10.602422,0.333333,0.000000,0.000000,0.000000,0.000000,0.193333,0.533333,0.066667,0.162000
Negative_F461,46.000000,6.487174,9.866322,0.217391,0.021739,0.000000,0.021739,0.065217,0.002174,0.369565,0.043478,0.857826
Negative_F2282,20.000000,0.551503,8.497658,0.150000,0.000000,0.000000,0.050000,0.050000,0.460000,0.500000,0.050000,-0.038000
Negative_F2167,39.000000,3.132887,8.976207,0.025641,0.128205,0.051282,0.051282,0.000000,0.094872,0.358974,0.051282,1.606923
Negative_F605,25.000000,2.733043,10.289815,0.080000,0.040000,0.200000,0.000000,0.000000,-0.376000,0.440000,0.120000,0.975600
Negative_F978,37.000000,2.498160,9.243171,0.135135,0.000000,0.000000,0.000000,0.054054,0.294595,0.378378,0.027027,0.174865
Negative_F1775,22.000000,5.584007,11.999968,0.181818,0.090909,0.045455,0.000000,0.000000,-0.436364,0.454545,0.181818,1.635000
Negative_F74,21.000000,5.498348,10.466652,0.142857,0.142857,0.000000,0.000000,0.000000,-0.900000,0.238095,0.047619,2.810952
Negative_F1414,103.000000,6.487435,10.093767,0.019417,0.067961,0.009709,0.009709,0.009709,-0.446602,0.242718,0.029126,1.693495
Negative_F97,39.000000,4.547538,10.548849,0.128205,0.076923,0.000000,0.025641,0.051282,-0.441026,0.410256,0.025641,1.939231
Negative_F492,27.000000,4.547363,9.902167,0.185185,0.037037,0.000000,0.000000,0.037037,0.300000,0.444444,0.000000,0.599630
Negative_F1678,22.000000,6.532444,10.557552,0.136364,0.181818,0.045455,0.000000,0.000000,-1.522727,0.272727,0.136364,3.709545
Negative_F340,25.000000,2.524048,9.630497,0.160000,0.000000,0.000000,0.000000,0.040000,0.184000,0.400000,0.080000,-0.042000
Negative_F1077,31.000000,11.542243,11.999968,0.161290,0.225806,0.000000,0.000000,0.000000,-0.670968,0.451613,0.161290,2.892903
Negative_F825,44.000000,6.591309,10.708666,0.113636,0.068182,0.000000,0.000000,0.022727,0.063636,0.522727,0.136364,0.630000
Negative_F1743,43.000000,2.544900,9.823257,0.046512,0.023256,0.000000,0.000000,0.000000,-0.379070,0.441860,0.139535,0.730000
Negative_F780,23.000000,2.585178,10.001383,0.173913,0.000000,0.043478,0.000000,0.043478,0.008696,0.391304,0.086957,0.584783
Negative_F1318,24.000000,3.528194,10.295617,0.125000,0.125000,0.000000,0.041667,0.041667,-0.725000,0.333333,0.166667,2.277917
Negative_F2300,28.000000,7.586231,11.999968,0.071429,0.214286,0.071429,0.000000,0.000000,-0.575000,0.428571,0.142857,2.871071
Negative_F90,28.000000,2.496811,9.243171,0.178571,0.000000,0.000000,0.071429,0.000000,0.507143,0.428571,0.000000,0.227500
Negative_F448,25.000000,-0.422279,6.155686,0.000000,0.120000,0.000000,0.080000,0.040000,-0.428000,0.360000,0.120000,2.438400
Negative_F1117,40.000000,1.404259,8.220831,0.050000,0.000000,0.000000,0.000000,0.000000,-0.210000,0.200000,0.075000,0.473000
Negative_F1268,15.000000,0.552888,8.590944,0.133333,0.000000,0.000000,0.066667,0.000000,0.953333,0.600000,0.133333,0.006000
Negative_F364,24.000000,2.500929,9.390159,0.125000,0.000000,0.000000,0.000000,0.000000,1.475000,0.583333,0.041667,-1.327500
Negative_F2303,31.000000,13.555042,11.999968,0.032258,0.451613,0.000000,0.032258,0.000000,-1.900000,0.193548,0.000000,6.682903
Negative_F1573,19.000000,3.500879,9.847497,0.105263,0.105263,0.000000,0.000000,0.000000,0.115789,0.473684,0.157895,0.921579
Negative_F250,35.000000,6.438428,9.611027,0.057143,0.200000,0.028571,0.028571,0.028571,-0.402857,0.314286,0.057143,2.818000
Negative_F2135,19.000000,-0.392198,5.570017,0.000000,0.000000,0.000000,0.000000,0.000000,0.921053,0.684211,0.052632,-0.740526
Negative_F51,20.000000,-0.441839,6.217470,0.050000,0.000000,0.000000,0.000000,0.050000,0.955000,0.500000,0.000000,-0.952500
Negative_F2078,14.000000,5.238195,10.699060,0.428571,0.000000,0.000000,0.000000,0.000000,-1.392857,0.214286,0.000000,2.098571
Negative_F826,44.000000,5.298701,10.000223,0.181818,0.000000,0.022727,0.000000,0.045455,0.202273,0.568182,0.159091,-0.119318
Negative_F1426,14.000000,0.553562,8.591073,0.142857,0.000000,0.000000,0.000000,0.071429,0.142857,0.500000,0.214286,-0.345714
Negative_F926,77.000000,-2.568776,5.118658,0.090909,0.000000,0.012987,0.064935,0.051948,0.858442,0.467532,0.025974,-0.288442
Negative_F905,36.000000,7.626639,11.999968,0.055556,0.194444,0.055556,0.000000,0.027778,-1.572222,0.222222,0.083333,3.138056
Negative_F331,69.000000,29.482285,11.462430,0.434783,0.000000,0.000000,0.000000,0.000000,-1.237681,0.362319,0.000000,1.914928
Negative_F2076,27.000000,9.582746,10.954420,0.370370,0.000000,0.000000,0.000000,0.000000,-0.985185,0.370370,0.000000,1.358889
Negative_F406,30.000000,2.520868,9.519095,0.133333,0.000000,0.000000,0.033333,0.000000,0.636667,0.533333,0.033333,0.070000
Negative_F1951,43.000000,6.560985,9.614509,0.093023,0.093023,0.069767,0.023256,0.000000,-0.446512,0.302326,0.069767,2.173256
Negative_F544,13.000000,-0.444606,5.835682,0.076923,0.000000,0.000000,0.076923,0.000000,1.092308,0.538462,0.153846,-0.625385
Negative_F2307,79.000000,8.604099,10.050186,0.075949,0.113924,0.037975,0.037975,0.037975,-0.221519,0.417722,0.025316,2.051519
Negative_F1269,41.000000,4.441973,9.216287,0.048780,0.073171,0.024390,0.000000,0.000000,0.058537,0.317073,0.073171,1.136829
Negative_F658,37.000000,0.561802,7.901970,0.027027,0.000000,0.081081,0.000000,0.000000,-0.297297,0.297297,0.108108,0.792432
Negative_F1358,17.000000,0.554947,8.750052,0.058824,0.000000,0.000000,0.000000,0.000000,1.876471,0.647059,0.058824,-2.418824
Negative_F1233,37.000000,5.466518,9.271795,0.108108,0.081081,0.054054,0.027027,0.000000,-0.308108,0.297297,0.189189,1.513514
Negative_F2157,143.000000,-2.495550,5.644362,0.069930,0.006993,0.013986,0.027972,0.062937,0.064336,0.391608,0.069930,0.915594
Negative_F573,94.000000,2.796191,8.768877,0.000000,0.127660,0.010638,0.031915,0.063830,-0.244681,0.340426,0.031915,1.943936
Negative_F1848,102.000000,-1.757474,6.393159,0.078431,0.068627,0.039216,0.078431,0.078431,-0.892157,0.225490,0.039216,2.873431
Negative_F136,20.000000,2.516005,10.266929,0.050000,0.150000,0.000000,0.050000,0.000000,-1.395000,0.250000,0.100000,3.187000
Negative_F2131,21.000000,7.542790,11.763691,0.285714,0.142857,0.000000,0.047619,0.000000,-0.528571,0.476190,0.190476,2.495714
Negative_F1009,20.000000,2.500929,9.390159,0.150000,0.000000,0.000000,0.000000,0.000000,1.425000,0.600000,0.050000,-1.274500
Negative_F2382,35.000000,3.534793,9.045382,0.114286,0.000000,0.085714,0.000000,0.000000,-0.051429,0.228571,0.028571,0.956571
Negative_F1630,23.000000,2.500929,9.390159,0.130435,0.000000,0.000000,0.000000,0.000000,1.382609,0.565217,0.086957,-1.109130
Negative_F1875,13.000000,0.554947,8.750052,0.076923,0.000000,0.000000,0.000000,0.000000,1.884615,0.692308,0.153846,-2.017692
Negative_F1493,25.000000,1.275759,9.524575,0.160000,0.000000,0.000000,0.080000,0.000000,0.584000,0.520000,0.040000,0.318000
Negative_F809,62.000000,0.533438,8.019819,0.048387,0.000000,0.016129,0.032258,0.000000,0.533871,0.483871,0.096774,-0.678226
Negative_F295,37.000000,12.480958,11.999968,0.189189,0.162162,0.000000,0.000000,0.000000,-0.335135,0.351351,0.054054,1.934324
Negative_F886,16.000000,0.603238,8.634976,0.125000,0.000000,0.000000,0.062500,0.000000,1.006250,0.625000,0.062500,-0.181875
Negative_F1710,47.000000,6.536863,10.075844,0.212766,0.042553,0.000000,0.021277,0.085106,-0.736170,0.404255,0.106383,1.870426
Negative_F727,63.000000,7.269587,8.974531,0.174603,0.047619,0.015873,0.047619,0.047619,-0.812698,0.174603,0.063492,2.365873
Negative_F1523,95.000000,9.635492,10.345967,0.084211,0.094737,0.042105,0.031579,0.042105,-0.626316,0.357895,0.126316,2.224000
Negative_F1405,25.000000,2.548551,10.001383,0.160000,0.000000,0.000000,0.000000,0.040000,0.080000,0.480000,0.120000,0.174000
Negative_F873,14.000000,0.552888,8.590944,0.142857,0.000000,0.000000,0.071429,0.000000,1.014286,0.642857,0.000000,-0.770714
Negative_F1870,25.000000,4.581551,10.602487,0.200000,0.000000,0.040000,0.000000,0.000000,0.148000,0.520000,0.080000,0.028800
Negative_F1337,30.000000,2.401481,8.661924,0.066667,0.066667,0.000000,0.000000,0.033333,-0.100000,0.300000,0.200000,1.175667
Negative_F1659,12.000000,2.552417,11.166263,0.166667,0.083333,0.000000,0.000000,0.000000,1.166667,0.583333,0.000000,-0.418333
Negative_F449,35.000000,-1.781544,5.049201,0.000000,0.000000,0.028571,0.028571,0.000000,0.388571,0.428571,0.114286,-0.268857
Negative_F555,37.000000,4.461110,9.040224,0.108108,0.027027,0.054054,0.000000,0.000000,-0.791892,0.216216,0.189189,1.545946
Negative_F1120,42.000000,7.392554,9.587110,0.166667,0.071429,0.000000,0.000000,0.047619,-0.554762,0.285714,0.095238,1.978571
Negative_F1804,33.000000,3.194199,9.699607,0.121212,0.000000,0.000000,0.000000,0.000000,0.690909,0.454545,0.030303,-0.054848
Negative_F2129,20.000000,5.544900,11.388421,0.250000,0.050000,0.000000,0.000000,0.000000,0.425000,0.550000,0.200000,0.337500
Negative_F1182,18.000000,2.410357,8.716980,0.000000,0.166667,0.000000,0.000000,0.000000,1.350000,0.333333,0.055556,0.615000
Negative_F84,25.000000,3.194199,9.699607,0.160000,0.000000,0.000000,0.000000,0.000000,0.596000,0.440000,0.040000,-0.056800
Negative_F473,22.000000,1.554922,11.000837,0.045455,0.045455,0.000000,0.000000,0.000000,1.072727,0.545455,0.045455,-0.366364
Negative_F2130,18.000000,0.593898,8.736062,0.055556,0.000000,0.111111,0.000000,0.000000,1.050000,0.555556,0.055556,-0.450556
Negative_F1114,20.000000,1.527938,9.314086,0.100000,0.000000,0.000000,0.000000,0.000000,0.365000,0.450000,0.050000,-0.194500
Negative_F419,20.000000,1.552442,10.002737,0.100000,0.000000,0.000000,0.000000,0.000000,1.390000,0.550000,0.000000,-1.810500
Negative_F2321,51.000000,0.609196,8.049281,0.058824,0.000000,0.058824,0.039216,0.000000,-0.370588,0.313725,0.058824,0.753922
Negative_F869,90.000000,6.402074,9.302675,0.033333,0.055556,0.000000,0.011111,0.000000,0.205556,0.366667,0.033333,1.194889
Negative_F2342,14.000000,1.558498,11.699029,0.000000,0.214286,0.000000,0.000000,0.071429,0.600000,0.500000,0.000000,1.838571
Negative_F2292,14.000000,2.549936,10.302064,0.214286,0.000000,0.000000,0.000000,0.000000,1.278571,0.714286,0.000000,-1.121429
Negative_F34,41.000000,7.410232,11.174450,0.000000,0.195122,0.000000,0.000000,0.000000,-0.241463,0.292683,0.073171,2.436098
Negative_F1075,21.000000,-0.361074,6.797455,0.142857,0.000000,0.047619,0.095238,0.047619,0.561905,0.523810,0.047619,0.153333
Negative_F225,23.000000,0.664645,8.593072,0.043478,0.000000,0.173913,0.000000,0.000000,0.917391,0.565217,0.217391,-0.704783
Negative_F1633,26.000000,2.530394,10.860425,0.038462,0.076923,0.000000,0.000000,0.000000,0.919231,0.500000,0.076923,-0.243462
Negative_F1374,19.000000,-0.442547,5.525000,0.000000,0.000000,0.000000,0.000000,0.000000,0.484211,0.315789,0.000000,-1.007895
Negative_F1437,25.000000,2.701403,11.999968,0.040000,0.080000,0.160000,0.000000,0.000000,0.516000,0.480000,0.080000,0.192000
Negative_F728,66.000000,8.283891,9.164132,0.060606,0.106061,0.015152,0.015152,0.015152,-0.498485,0.212121,0.045455,2.282576
Negative_F702,47.000000,3.355822,8.752502,0.063830,0.085106,0.000000,0.042553,0.021277,-0.272340,0.276596,0.042553,1.794468
Negative_F2044,119.000000,2.285860,8.297420,0.042017,0.058824,0.008403,0.050420,0.025210,-0.157143,0.260504,0.075630,1.048151
Negative_F462,46.000000,4.528137,9.628047,0.173913,0.021739,0.021739,0.043478,0.043478,0.191304,0.391304,0.065217,0.569565
Negative_F2238,11.000000,-0.440223,6.711116,0.000000,0.000000,0.090909,0.000000,0.000000,-0.427273,0.181818,0.000000,0.178182
Negative_F1932,43.000000,0.454592,7.756669,0.023256,0.023256,0.046512,0.023256,0.000000,-0.074419,0.209302,0.162791,1.516047
Negative_F263,13.000000,-0.407980,6.743628,0.076923,0.000000,0.076923,0.076923,0.000000,0.830769,0.615385,0.153846,-0.352308
Negative_F576,41.000000,2.442551,8.674946,0.048780,0.121951,0.024390,0.048780,0.048780,-0.663415,0.195122,0.097561,2.507561
Negative_F2074,21.000000,7.587758,10.845403,0.380952,0.000000,0.000000,0.000000,0.000000,-1.100000,0.333333,0.000000,1.771905
Negative_F1305,17.000000,2.590386,9.505428,0.117647,0.058824,0.058824,0.000000,0.000000,0.364706,0.470588,0.176471,0.823529
Negative_F929,41.000000,3.449061,8.888208,0.121951,0.048780,0.000000,0.000000,0.073171,-0.080488,0.341463,0.195122,1.181707
Negative_F2203,16.000000,5.544900,11.388421,0.312500,0.062500,0.000000,0.000000,0.000000,-1.400000,0.187500,0.000000,3.144375
Negative_F2247,11.000000,-1.432483,5.076427,0.000000,0.000000,0.090909,0.090909,0.000000,-0.018182,0.363636,0.090909,0.583636
Negative_F1584,34.000000,5.585102,11.744351,0.117647,0.088235,0.029412,0.000000,0.029412,-0.170588,0.441176,0.029412,1.347059
Negative_F1580,132.000000,7.520240,9.939429,0.045455,0.022727,0.000000,0.007576,0.000000,-0.193182,0.196970,0.068182,-0.643636
Negative_F531,52.000000,10.624084,11.999968,0.057692,0.173077,0.038462,0.000000,0.019231,-1.248077,0.250000,0.076923,2.305192
Negative_F932,45.000000,0.437615,7.772755,0.066667,0.044444,0.022222,0.044444,0.044444,-0.404444,0.244444,0.066667,1.511333
Negative_F686,27.000000,6.486789,9.943555,0.333333,0.000000,0.000000,0.074074,0.000000,-0.355556,0.407407,0.111111,1.154815
Negative_F2059,22.000000,-2.491818,4.050028,0.000000,0.000000,0.000000,0.000000,0.090909,0.259091,0.363636,0.045455,0.228182
Negative_F736,22.000000,1.451923,8.518095,0.090909,0.000000,0.000000,0.000000,0.000000,-0.013636,0.272727,0.227273,0.751818
Negative_F2368,14.000000,-0.750216,5.788733,0.142857,0.000000,0.000000,0.071429,0.071429,-0.692857,0.357143,0.214286,1.630000
Negative_F643,43.000000,4.520914,9.254324,0.023256,0.162791,0.069767,0.046512,0.023256,-1.130233,0.116279,0.000000,3.581163
Negative_F1212,16.000000,1.662321,10.002995,0.125000,0.000000,0.187500,0.000000,0.000000,-0.568750,0.375000,0.125000,1.525000
Negative_F1609,26.000000,3.699993,11.723012,0.076923,0.115385,0.153846,0.000000,0.038462,-0.573077,0.346154,0.076923,2.198077
Negative_F575,38.000000,5.429419,9.271343,0.052632,0.105263,0.026316,0.000000,0.000000,-0.513158,0.315789,0.184211,1.585526
Negative_F1171,60.000000,4.540360,10.125550,0.100000,0.000000,0.000000,0.016667,0.000000,0.886667,0.616667,0.066667,-0.634167
Negative_F1764,127.000000,7.623008,9.223443,0.070866,0.047244,0.062992,0.047244,0.007874,-0.543307,0.346457,0.094488,1.881969
Negative_F1739,106.000000,4.542746,9.561773,0.028302,0.047170,0.009434,0.000000,0.028302,0.044340,0.433962,0.150943,0.905849
Negative_F941,78.000000,-2.487840,5.859327,0.076923,0.012821,0.038462,0.012821,0.102564,-0.128205,0.346154,0.038462,1.356282
Negative_F907,29.000000,2.496811,9.243171,0.172414,0.000000,0.000000,0.068966,0.000000,0.227586,0.448276,0.034483,0.860345
Negative_F363,36.000000,3.429941,8.870930,0.111111,0.027778,0.027778,0.027778,0.000000,-0.272222,0.277778,0.111111,1.309444
Negative_F1510,75.000000,5.383819,10.203879,0.080000,0.066667,0.053333,0.026667,0.040000,-1.032000,0.293333,0.106667,2.145867
Negative_F1835,16.000000,3.547405,10.461623,0.187500,0.062500,0.000000,0.000000,0.000000,-0.050000,0.437500,0.125000,1.165000
Negative_F1326,12.000000,0.557428,9.750021,0.000000,0.083333,0.000000,0.000000,0.000000,1.575000,0.666667,0.083333,-1.005000
Negative_F2453,31.000000,2.545107,9.701025,0.193548,0.000000,0.000000,0.032258,0.064516,-0.274194,0.483871,0.032258,1.052258
Negative_F189,40.000000,2.590981,10.834573,0.050000,0.100000,0.025000,0.050000,0.025000,-0.312500,0.425000,0.050000,2.007750
Negative_F1394,29.000000,0.456867,7.809781,0.034483,0.034483,0.000000,0.000000,0.034483,0.755172,0.344828,0.068966,0.163103
Negative_F834,25.000000,-0.478335,6.723109,0.000000,0.040000,0.040000,0.000000,0.040000,0.176000,0.320000,0.120000,0.934000
Negative_F1229,32.000000,8.549785,11.999968,0.093750,0.187500,0.000000,0.000000,0.000000,0.103125,0.468750,0.125000,1.865938
Negative_F141,38.000000,2.910308,9.599165,0.078947,0.131579,0.263158,0.052632,0.078947,-2.455263,0.157895,0.131579,4.950000
Negative_F103,13.000000,1.554922,11.000837,0.076923,0.076923,0.000000,0.000000,0.000000,1.715385,0.692308,0.076923,-1.177692
Negative_F877,37.000000,3.531606,9.514454,0.162162,0.000000,0.027027,0.027027,0.027027,0.175676,0.378378,0.054054,0.404324
Negative_F1225,75.000000,7.510332,9.127450,0.120000,0.093333,0.040000,0.040000,0.066667,-0.745333,0.226667,0.066667,2.362800
Negative_F527,37.000000,7.541406,11.203074,0.189189,0.081081,0.000000,0.027027,0.027027,-0.454054,0.351351,0.081081,1.781081
Negative_F667,16.000000,0.554947,8.750052,0.062500,0.000000,0.000000,0.000000,0.000000,1.625000,0.562500,0.062500,-1.995625
Negative_F1641,30.000000,1.499991,8.821225,0.133333,0.000000,0.000000,0.033333,0.033333,0.266667,0.433333,0.033333,0.218667
Negative_F1700,23.000000,-2.403679,4.507241,0.000000,0.000000,0.043478,0.000000,0.086957,-1.134783,0.086957,0.000000,0.604783
Negative_F853,43.000000,-0.538236,6.679968,0.000000,0.000000,0.023256,0.000000,0.000000,-0.132558,0.069767,0.000000,0.010233
Negative_F2208,12.000000,3.554872,11.999968,0.083333,0.250000,0.000000,0.000000,0.000000,-0.908333,0.250000,0.000000,3.678333
Negative_F500,43.000000,1.582630,8.764235,0.093023,0.000000,0.023256,0.000000,0.046512,-0.076744,0.418605,0.093023,0.551395
Negative_F1142,24.000000,-0.599366,5.466399,0.000000,0.000000,0.000000,0.000000,0.000000,0.333333,0.166667,0.083333,0.288333
