ID,AAC_A,AAC_C,AAC_D,AAC_E,AAC_F,AAC_G,AAC_H,AAC_I,AAC_K,AAC_L,AAC_M,AAC_N,AAC_P,AAC_Q,AAC_R,AAC_S,AAC_T,AAC_V,AAC_W,AAC_Y
Negative_F1839,0.191176,0.029412,0.014706,0.029412,0.044118,0.058824,0.000000,0.088235,0.117647,0.102941,0.014706,0.044118,0.000000,0.044118,0.014706,0.058824,0.029412,0.088235,0.029412,0.000000
Negative_F1590,0.076923,0.000000,0.000000,0.000000,0.153846,0.076923,0.000000,0.230769,0.153846,0.076923,0.000000,0.000000,0.000000,0.000000,0.000000,0.153846,0.000000,0.000000,0.076923,0.000000
Negative_F1789,0.014085,0.056338,0.014085,0.014085,0.042254,0.028169,0.028169,0.042254,0.140845,0.056338,0.000000,0.014085,0.056338,0.056338,0.070423,0.112676,0.112676,0.056338,0.042254,0.042254
Negative_F1515,0.000000,0.000000,0.000000,0.000000,0.086957,0.173913,0.260870,0.217391,0.043478,0.086957,0.000000,0.000000,0.000000,0.000000,0.000000,0.086957,0.000000,0.043478,0.000000,0.000000
Negative_F1041,0.066667,0.166667,0.000000,0.000000,0.000000,0.033333,0.000000,0.133333,0.166667,0.033333,0.000000,0.033333,0.000000,0.000000,0.000000,0.133333,0.166667,0.066667,0.000000,0.000000
Negative_F2183,0.058824,0.000000,0.000000,0.000000,0.000000,0.294118,0.000000,0.117647,0.058824,0.294118,0.000000,0.000000,0.058824,0.000000,0.000000,0.000000,0.000000,0.117647,0.000000,0.000000
Negative_F1299,0.000000,0.000000,0.000000,0.000000,0.200000,0.066667,0.000000,0.200000,0.133333,0.066667,0.000000,0.133333,0.066667,0.000000,0.066667,0.066667,0.000000,0.000000,0.000000,0.000000
Negative_F224,0.000000,0.000000,0.000000,0.000000,0.217391,0.130435,0.173913,0.086957,0.000000,0.043478,0.000000,0.043478,0.000000,0.043478,0.043478,0.043478,0.000000,0.173913,0.000000,0.000000
Negative_F2017,0.260870,0.000000,0.000000,0.021739,0.000000,0.086957,0.000000,0.000000,0.434783,0.000000,0.000000,0.000000,0.108696,0.021739,0.021739,0.000000,0.043478,0.000000,0.000000,0.000000
Negative_F850,0.166667,0.000000,0.041667,0.000000,0.000000,0.083333,0.000000,0.166667,0.208333,0.041667,0.000000,0.083333,0.000000,0.041667,0.000000,0.041667,0.041667,0.041667,0.041667,0.000000
Negative_F562,0.047619,0.095238,0.000000,0.000000,0.000000,0.047619,0.000000,0.000000,0.000000,0.047619,0.000000,0.000000,0.000000,0.000000,0.285714,0.000000,0.000000,0.238095,0.095238,0.142857
Negative_F285,0.000000,0.142857,0.000000,0.000000,0.285714,0.071429,0.000000,0.142857,0.142857,0.000000,0.000000,0.000000,0.071429,0.000000,0.000000,0.000000,0.071429,0.071429,0.000000,0.000000
Negative_F585,0.166667,0.000000,0.041667,0.041667,0.000000,0.041667,0.000000,0.083333,0.125000,0.166667,0.000000,0.166667,0.000000,0.083333,0.000000,0.000000,0.000000,0.041667,0.041667,0.000000
Negative_F2053,0.100000,0.000000,0.000000,0.000000,0.100000,0.150000,0.000000,0.150000,0.100000,0.100000,0.050000,0.050000,0.050000,0.000000,0.000000,0.100000,0.000000,0.050000,0.000000,0.000000
Negative_F335,0.156250,0.000000,0.000000,0.000000,0.000000,0.156250,0.000000,0.093750,0.156250,0.093750,0.000000,0.000000,0.062500,0.000000,0.000000,0.062500,0.000000,0.218750,0.000000,0.000000
Negative_F649,0.078947,0.000000,0.000000,0.026316,0.000000,0.263158,0.026316,0.105263,0.131579,0.078947,0.000000,0.026316,0.000000,0.105263,0.026316,0.026316,0.026316,0.052632,0.000000,0.026316
Negative_F1706,0.026316,0.026316,0.052632,0.092105,0.013158,0.039474,0.026316,0.052632,0.078947,0.131579,0.039474,0.039474,0.065789,0.065789,0.052632,0.078947,0.052632,0.065789,0.000000,0.000000
Negative_F21,0.058824,0.000000,0.058824,0.000000,0.058824,0.117647,0.058824,0.235294,0.117647,0.058824,0.000000,0.000000,0.000000,0.000000,0.000000,0.117647,0.000000,0.117647,0.000000,0.000000
Negative_F566,0.054054,0.000000,0.027027,0.081081,0.108108,0.054054,0.027027,0.108108,0.135135,0.081081,0.000000,0.027027,0.027027,0.054054,0.135135,0.027027,0.027027,0.027027,0.000000,0.000000
Negative_F885,0.043478,0.000000,0.000000,0.000000,0.086957,0.086957,0.000000,0.043478,0.173913,0.260870,0.043478,0.000000,0.043478,0.000000,0.086957,0.043478,0.000000,0.086957,0.000000,0.000000
Negative_F334,0.241379,0.000000,0.000000,0.000000,0.000000,0.068966,0.000000,0.137931,0.206897,0.137931,0.000000,0.000000,0.103448,0.000000,0.000000,0.068966,0.000000,0.034483,0.000000,0.000000
Negative_F140,0.000000,0.193548,0.000000,0.000000,0.096774,0.032258,0.000000,0.064516,0.000000,0.032258,0.000000,0.032258,0.032258,0.032258,0.225806,0.000000,0.161290,0.032258,0.000000,0.064516
Negative_F1715,0.000000,0.083333,0.000000,0.000000,0.083333,0.000000,0.000000,0.000000,0.166667,0.250000,0.000000,0.000000,0.166667,0.000000,0.000000,0.166667,0.000000,0.083333,0.000000,0.000000
Negative_F908,0.000000,0.153846,0.000000,0.000000,0.153846,0.000000,0.000000,0.076923,0.076923,0.076923,0.076923,0.000000,0.076923,0.000000,0.153846,0.153846,0.000000,0.000000,0.000000,0.000000
Negative_F740,0.048780,0.146341,0.048780,0.000000,0.024390,0.048780,0.000000,0.000000,0.073171,0.048780,0.000000,0.048780,0.097561,0.024390,0.170732,0.048780,0.048780,0.000000,0.073171,0.048780
Negative_F1842,0.000000,0.230769,0.076923,0.000000,0.000000,0.115385,0.000000,0.038462,0.038462,0.000000,0.000000,0.000000,0.038462,0.000000,0.000000,0.192308,0.115385,0.000000,0.153846,0.000000
Negative_F517,0.000000,0.000000,0.000000,0.000000,0.076923,0.153846,0.000000,0.153846,0.076923,0.307692,0.000000,0.000000,0.076923,0.000000,0.000000,0.076923,0.000000,0.076923,0.000000,0.000000
Negative_F408,0.000000,0.000000,0.000000,0.000000,0.000000,0.657895,0.210526,0.000000,0.000000,0.000000,0.000000,0.052632,0.000000,0.000000,0.000000,0.000000,0.000000,0.000000,0.000000,0.078947
Negative_F2113,0.050000,0.100000,0.000000,0.000000,0.050000,0.150000,0.000000,0.000000,0.200000,0.000000,0.000000,0.000000,0.200000,0.050000,0.000000,0.050000,0.050000,0.000000,0.050000,0.050000
Negative_F1430,0.027027,0.000000,0.067568,0.081081,0.027027,0.054054,0.013514,0.094595,0.094595,0.121622,0.013514,0.027027,0.040541,0.081081,0.054054,0.040541,0.094595,0.054054,0.000000,0.013514
Negative_F2354,0.018018,0.108108,0.054054,0.027027,0.054054,0.171171,0.063063,0.027027,0.027027,0.009009,0.000000,0.045045,0.099099,0.027027,0.063063,0.054054,0.054054,0.072072,0.009009,0.018018
Negative_F953,0.021739,0.173913,0.021739,0.021739,0.000000,0.130435,0.021739,0.043478,0.108696,0.065217,0.043478,0.021739,0.000000,0.021739,0.086957,0.021739,0.108696,0.000000,0.021739,0.065217
Negative_F1857,0.045455,0.030303,0.045455,0.000000,0.015152,0.212121,0.030303,0.030303,0.075758,0.030303,0.015152,0.045455,0.090909,0.015152,0.090909,0.136364,0.045455,0.030303,0.015152,0.000000
Negative_F2349,0.021277,0.127660,0.063830,0.085106,0.021277,0.021277,0.000000,0.106383,0.085106,0.042553,0.021277,0.000000,0.042553,0.063830,0.085106,0.085106,0.042553,0.021277,0.000000,0.063830
Negative_F2216,0.241379,0.000000,0.017241,0.000000,0.017241,0.120690,0.017241,0.034483,0.034483,0.155172,0.000000,0.000000,0.017241,0.034483,0.000000,0.068966,0.103448,0.103448,0.034483,0.000000
Negative_F1836,0.028571,0.000000,0.028571,0.028571,0.085714,0.028571,0.000000,0.114286,0.085714,0.057143,0.057143,0.057143,0.171429,0.000000,0.085714,0.028571,0.028571,0.085714,0.028571,0.000000
Negative_F1250,0.040000,0.160000,0.040000,0.040000,0.060000,0.080000,0.040000,0.060000,0.060000,0.000000,0.020000,0.100000,0.020000,0.040000,0.020000,0.080000,0.020000,0.020000,0.040000,0.060000
Negative_F714,0.160000,0.000000,0.040000,0.040000,0.040000,0.120000,0.000000,0.040000,0.120000,0.080000,0.120000,0.040000,0.000000,0.000000,0.000000,0.040000,0.040000,0.080000,0.040000,0.000000
Negative_F981,0.160000,0.000000,0.080000,0.000000,0.000000,0.120000,0.040000,0.120000,0.160000,0.120000,0.000000,0.040000,0.000000,0.000000,0.000000,0.000000,0.040000,0.120000,0.000000,0.000000
Negative_F580,0.095238,0.000000,0.142857,0.071429,0.000000,0.023810,0.023810,0.095238,0.047619,0.095238,0.000000,0.047619,0.119048,0.000000,0.071429,0.023810,0.047619,0.023810,0.023810,0.047619
Negative_F1295,0.125000,0.083333,0.000000,0.000000,0.083333,0.000000,0.041667,0.041667,0.041667,0.166667,0.000000,0.000000,0.083333,0.000000,0.041667,0.000000,0.125000,0.166667,0.000000,0.000000
Negative_F2410,0.064516,0.161290,0.000000,0.000000,0.032258,0.129032,0.032258,0.064516,0.096774,0.064516,0.032258,0.000000,0.032258,0.000000,0.000000,0.064516,0.193548,0.032258,0.000000,0.000000
Negative_F2009,0.235294,0.117647,0.000000,0.000000,0.117647,0.000000,0.000000,0.117647,0.176471,0.058824,0.000000,0.058824,0.058824,0.000000,0.058824,0.000000,0.000000,0.000000,0.000000,0.000000
Negative_F2245,0.066667,0.000000,0.000000,0.000000,0.133333,0.133333,0.000000,0.000000,0.000000,0.066667,0.066667,0.000000,0.000000,0.000000,0.333333,0.133333,0.000000,0.000000,0.000000,0.066667
Negative_F1255,0.125000,0.083333,0.083333,0.041667,0.000000,0.041667,0.000000,0.041667,0.208333,0.125000,0.083333,0.000000,0.000000,0.000000,0.000000,0.041667,0.041667,0.083333,0.000000,0.000000
Negative_F2141,0.000000,0.000000,0.000000,0.000000,0.041667,0.000000,0.000000,0.000000,0.250000,0.166667,0.000000,0.000000,0.041667,0.041667,0.208333,0.000000,0.000000,0.125000,0.083333,0.041667
Negative_F1177,0.031250,0.125000,0.000000,0.000000,0.062500,0.093750,0.000000,0.000000,0.000000,0.000000,0.000000,0.093750,0.156250,0.000000,0.187500,0.062500,0.000000,0.125000,0.031250,0.031250
Negative_F240,0.000000,0.170213,0.042553,0.021277,0.021277,0.148936,0.063830,0.000000,0.063830,0.106383,0.021277,0.021277,0.021277,0.000000,0.127660,0.042553,0.063830,0.042553,0.000000,0.021277
Negative_F1134,0.121212,0.121212,0.060606,0.000000,0.000000,0.060606,0.000000,0.151515,0.090909,0.030303,0.000000,0.060606,0.030303,0.000000,0.030303,0.060606,0.121212,0.030303,0.030303,0.000000
Negative_F1386,0.071429,0.190476,0.071429,0.023810,0.023810,0.119048,0.023810,0.071429,0.142857,0.023810,0.047619,0.047619,0.047619,0.000000,0.000000,0.000000,0.071429,0.023810,0.000000,0.000000
Negative_F1360,0.095238,0.095238,0.000000,0.000000,0.047619,0.047619,0.000000,0.047619,0.095238,0.238095,0.047619,0.000000,0.047619,0.000000,0.047619,0.047619,0.095238,0.047619,0.000000,0.000000
Negative_F294,0.000000,0.000000,0.043478,0.000000,0.043478,0.000000,0.000000,0.086957,0.086957,0.086957,0.000000,0.000000,0.086957,0.043478,0.217391,0.000000,0.043478,0.173913,0.086957,0.000000
Negative_F215,0.000000,0.157895,0.000000,0.000000,0.000000,0.078947,0.052632,0.026316,0.105263,0.026316,0.026316,0.052632,0.105263,0.026316,0.184211,0.052632,0.026316,0.078947,0.000000,0.000000
Negative_F1253,0.000000,0.206897,0.034483,0.034483,0.000000,0.103448,0.000000,0.034483,0.034483,0.068966,0.034483,0.034483,0.103448,0.000000,0.000000,0.068966,0.137931,0.034483,0.034483,0.034483
Negative_F2133,0.000000,0.000000,0.000000,0.068966,0.137931,0.034483,0.000000,0.103448,0.275862,0.103448,0.000000,0.000000,0.034483,0.000000,0.137931,0.034483,0.000000,0.068966,0.000000,0.000000
Negative_F233,0.058824,0.156863,0.000000,0.039216,0.039216,0.078431,0.039216,0.039216,0.078431,0.039216,0.000000,0.117647,0.058824,0.039216,0.039216,0.058824,0.019608,0.039216,0.019608,0.039216
Negative_F2036,0.030303,0.000000,0.000000,0.030303,0.090909,0.151515,0.030303,0.121212,0.121212,0.151515,0.030303,0.090909,0.000000,0.060606,0.060606,0.000000,0.000000,0.000000,0.030303,0.000000
Negative_F822,0.034483,0.034483,0.017241,0.000000,0.034483,0.120690,0.034483,0.051724,0.155172,0.120690,0.000000,0.034483,0.034483,0.034483,0.034483,0.034483,0.103448,0.051724,0.034483,0.034483
Negative_F1069,0.125000,0.150000,0.025000,0.000000,0.000000,0.150000,0.050000,0.025000,0.025000,0.100000,0.000000,0.075000,0.000000,0.000000,0.100000,0.050000,0.050000,0.050000,0.000000,0.025000
Negative_F2110,0.100000,0.066667,0.066667,0.000000,0.066667,0.166667,0.000000,0.066667,0.166667,0.133333,0.033333,0.033333,0.000000,0.000000,0.000000,0.033333,0.033333,0.033333,0.000000,0.000000
Negative_F271,0.100000,0.000000,0.050000,0.000000,0.050000,0.100000,0.100000,0.200000,0.050000,0.150000,0.000000,0.000000,0.000000,0.000000,0.150000,0.050000,0.000000,0.000000,0.000000,0.000000
Negative_F751,0.000000,0.206897,0.000000,0.034483,0.000000,0.172414,0.000000,0.034483,0.000000,0.034483,0.000000,0.068966,0.103448,0.000000,0.034483,0.068966,0.137931,0.068966,0.034483,0.000000
Negative_F497,0.136364,0.045455,0.022727,0.000000,0.000000,0.204545,0.000000,0.068182,0.090909,0.022727,0.000000,0.159091,0.000000,0.000000,0.000000,0.045455,0.068182,0.045455,0.045455,0.045455
Negative_F522,0.108108,0.054054,0.027027,0.000000,0.081081,0.135135,0.000000,0.054054,0.135135,0.108108,0.000000,0.027027,0.000000,0.027027,0.054054,0.108108,0.000000,0.081081,0.000000,0.000000
Negative_F493,0.064516,0.064516,0.032258,0.000000,0.064516,0.129032,0.000000,0.032258,0.096774,0.064516,0.000000,0.064516,0.000000,0.000000,0.032258,0.064516,0.161290,0.129032,0.000000,0.000000
Negative_F538,0.012658,0.000000,0.000000,0.000000,0.189873,0.088608,0.000000,0.012658,0.000000,0.000000,0.000000,0.063291,0.531646,0.000000,0.075949,0.000000,0.000000,0.012658,0.012658,0.000000
Negative_F374,0.166667,0.083333,0.000000,0.000000,0.125000,0.000000,0.000000,0.166667,0.166667,0.041667,0.000000,0.000000,0.041667,0.000000,0.000000,0.125000,0.000000,0.083333,0.000000,0.000000
Negative_F636,0.000000,0.000000,0.000000,0.000000,0.142857,0.000000,0.000000,0.142857,0.071429,0.142857,0.000000,0.000000,0.071429,0.000000,0.000000,0.214286,0.071429,0.142857,0.000000,0.000000
Negative_F322,0.021277,0.170213,0.085106,0.042553,0.042553,0.063830,0.042553,0.000000,0.063830,0.042553,0.000000,0.085106,0.021277,0.000000,0.127660,0.042553,0.106383,0.000000,0.021277,0.021277
Negative_F590,0.043478,0.021739,0.021739,0.021739,0.021739,0.000000,0.021739,0.043478,0.043478,0.130435,0.021739,0.065217,0.000000,0.021739,0.043478,0.173913,0.043478,0.173913,0.043478,0.043478
Negative_F2432,0.000000,0.000000,0.000000,0.050000,0.150000,0.000000,0.000000,0.050000,0.100000,0.150000,0.000000,0.000000,0.100000,0.000000,0.150000,0.100000,0.000000,0.000000,0.150000,0.000000
Negative_F455,0.030303,0.060606,0.030303,0.030303,0.030303,0.212121,0.000000,0.000000,0.151515,0.181818,0.000000,0.030303,0.000000,0.030303,0.000000,0.060606,0.000000,0.151515,0.000000,0.000000
Negative_F2337,0.000000,0.076923,0.000000,0.000000,0.076923,0.000000,0.000000,0.076923,0.307692,0.153846,0.000000,0.000000,0.076923,0.000000,0.076923,0.000000,0.076923,0.076923,0.000000,0.000000
Negative_F1151,0.052632,0.236842,0.026316,0.000000,0.000000,0.052632,0.000000,0.000000,0.026316,0.052632,0.000000,0.052632,0.184211,0.026316,0.184211,0.026316,0.026316,0.000000,0.052632,0.000000
Negative_F1504,0.040816,0.000000,0.020408,0.020408,0.061224,0.163265,0.040816,0.040816,0.132653,0.000000,0.000000,0.061224,0.132653,0.071429,0.020408,0.071429,0.020408,0.061224,0.030612,0.010204
Negative_F2302,0.111111,0.000000,0.027778,0.055556,0.083333,0.000000,0.000000,0.000000,0.166667,0.027778,0.027778,0.000000,0.166667,0.027778,0.000000,0.083333,0.111111,0.083333,0.000000,0.027778
Negative_F2255,0.090909,0.000000,0.018182,0.127273,0.018182,0.054545,0.018182,0.036364,0.200000,0.054545,0.000000,0.000000,0.018182,0.036364,0.090909,0.018182,0.036364,0.163636,0.018182,0.000000
Negative_F646,0.105263,0.000000,0.000000,0.026316,0.000000,0.184211,0.078947,0.131579,0.184211,0.026316,0.000000,0.026316,0.026316,0.000000,0.026316,0.026316,0.026316,0.105263,0.000000,0.026316
Negative_F1292,0.111111,0.000000,0.000000,0.000000,0.111111,0.000000,0.055556,0.111111,0.222222,0.111111,0.055556,0.055556,0.055556,0.000000,0.055556,0.000000,0.055556,0.000000,0.000000,0.000000
Negative_F2121,0.056604,0.113208,0.056604,0.037736,0.018868,0.094340,0.037736,0.037736,0.094340,0.037736,0.018868,0.037736,0.037736,0.075472,0.037736,0.000000,0.018868,0.094340,0.018868,0.075472
Negative_F391,0.022222,0.177778,0.044444,0.022222,0.000000,0.177778,0.000000,0.000000,0.066667,0.044444,0.000000,0.088889,0.044444,0.088889,0.022222,0.133333,0.000000,0.000000,0.022222,0.044444
Negative_F514,0.071429,0.071429,0.071429,0.000000,0.000000,0.107143,0.000000,0.071429,0.178571,0.178571,0.035714,0.071429,0.000000,0.000000,0.000000,0.000000,0.107143,0.035714,0.000000,0.000000
Negative_F583,0.033333,0.000000,0.050000,0.133333,0.050000,0.016667,0.000000,0.066667,0.133333,0.066667,0.000000,0.116667,0.033333,0.083333,0.000000,0.066667,0.083333,0.033333,0.000000,0.033333
Negative_F1209,0.000000,0.187500,0.000000,0.062500,0.125000,0.125000,0.062500,0.062500,0.000000,0.000000,0.000000,0.000000,0.062500,0.000000,0.000000,0.187500,0.062500,0.062500,0.000000,0.000000
Negative_F2385,0.000000,0.000000,0.028571,0.028571,0.000000,0.114286,0.000000,0.171429,0.200000,0.114286,0.000000,0.085714,0.057143,0.000000,0.085714,0.000000,0.057143,0.028571,0.028571,0.000000
Negative_F1862,0.062500,0.125000,0.046875,0.015625,0.015625,0.109375,0.000000,0.000000,0.078125,0.015625,0.031250,0.078125,0.031250,0.000000,0.078125,0.046875,0.062500,0.046875,0.046875,0.109375
Negative_F621,0.133333,0.066667,0.066667,0.100000,0.022222,0.011111,0.077778,0.044444,0.033333,0.077778,0.022222,0.077778,0.022222,0.055556,0.044444,0.022222,0.066667,0.033333,0.000000,0.022222
Negative_F2211,0.000000,0.000000,0.000000,0.000000,0.000000,0.000000,0.071429,0.071429,0.142857,0.285714,0.071429,0.000000,0.000000,0.000000,0.142857,0.071429,0.071429,0.071429,0.000000,0.000000
Negative_F2212,0.133333,0.000000,0.000000,0.000000,0.000000,0.133333,0.000000,0.000000,0.000000,0.133333,0.000000,0.000000,0.000000,0.000000,0.266667,0.066667,0.066667,0.066667,0.066667,0.066667
Negative_F157,0.000000,0.200000,0.000000,0.033333,0.033333,0.233333,0.000000,0.000000,0.066667,0.000000,0.033333,0.000000,0.066667,0.033333,0.100000,0.066667,0.000000,0.066667,0.000000,0.066667
Negative_F939,0.166667,0.000000,0.000000,0.000000,0.055556,0.111111,0.000000,0.166667,0.111111,0.277778,0.000000,0.055556,0.055556,0.000000,0.000000,0.000000,0.000000,0.000000,0.000000,0.000000
Negative_F1557,0.000000,0.000000,0.000000,0.028571,0.000000,0.628571,0.171429,0.000000,0.000000,0.000000,0.000000,0.028571,0.000000,0.000000,0.000000,0.028571,0.000000,0.000000,0.000000,0.114286
Negative_F47,0.222222,0.000000,0.000000,0.037037,0.000000,0.185185,0.000000,0.037037,0.148148,0.185185,0.000000,0.037037,0.000000,0.000000,0.000000,0.037037,0.000000,0.074074,0.000000,0.037037
Negative_F1101,0.025641,0.051282,0.025641,0.025641,0.000000,0.128205,0.051282,0.102564,0.076923,0.051282,0.051282,0.076923,0.051282,0.051282,0.000000,0.076923,0.025641,0.051282,0.025641,0.051282
Negative_F1962,0.043478,0.000000,0.000000,0.043478,0.043478,0.304348,0.173913,0.086957,0.043478,0.173913,0.043478,0.000000,0.000000,0.000000,0.000000,0.000000,0.000000,0.043478,0.000000,0.000000
Negative_F2224,0.000000,0.000000,0.000000,0.000000,0.093750,0.031250,0.000000,0.125000,0.000000,0.031250,0.000000,0.000000,0.375000,0.000000,0.312500,0.000000,0.000000,0.000000,0.000000,0.031250
Negative_F2438,0.030303,0.181818,0.000000,0.000000,0.000000,0.090909,0.060606,0.000000,0.181818,0.030303,0.060606,0.090909,0.030303,0.060606,0.060606,0.000000,0.090909,0.030303,0.000000,0.000000
Negative_F512,0.107143,0.071429,0.071429,0.000000,0.000000,0.071429,0.000000,0.071429,0.178571,0.142857,0.035714,0.071429,0.000000,0.035714,0.000000,0.000000,0.071429,0.071429,0.000000,0.000000
Negative_F883,0.105263,0.000000,0.105263,0.000000,0.105263,0.105263,0.000000,0.000000,0.157895,0.105263,0.000000,0.052632,0.000000,0.000000,0.000000,0.052632,0.000000,0.210526,0.000000,0.000000
Negative_F900,0.074074,0.000000,0.074074,0.037037,0.037037,0.037037,0.037037,0.000000,0.111111,0.111111,0.037037,0.074074,0.037037,0.037037,0.148148,0.074074,0.000000,0.037037,0.000000,0.037037
Negative_F320,0.055556,0.000000,0.027778,0.111111,0.000000,0.027778,0.027778,0.027778,0.055556,0.083333,0.027778,0.055556,0.138889,0.027778,0.083333,0.055556,0.055556,0.027778,0.000000,0.111111
Negative_F1947,0.014706,0.117647,0.029412,0.044118,0.014706,0.132353,0.014706,0.029412,0.044118,0.044118,0.000000,0.014706,0.161765,0.044118,0.088235,0.058824,0.088235,0.029412,0.014706,0.014706
Negative_F851,0.157895,0.000000,0.052632,0.000000,0.105263,0.105263,0.000000,0.000000,0.210526,0.210526,0.000000,0.000000,0.000000,0.000000,0.000000,0.000000,0.052632,0.105263,0.000000,0.000000
Negative_F568,0.054054,0.000000,0.054054,0.081081,0.081081,0.108108,0.000000,0.081081,0.189189,0.108108,0.000000,0.000000,0.027027,0.054054,0.081081,0.027027,0.027027,0.027027,0.000000,0.000000
Negative_F451,0.136364,0.000000,0.022727,0.045455,0.000000,0.068182,0.000000,0.068182,0.159091,0.045455,0.000000,0.045455,0.045455,0.045455,0.000000,0.090909,0.045455,0.090909,0.068182,0.022727
Negative_F1780,0.091837,0.020408,0.030612,0.051020,0.020408,0.122449,0.010204,0.030612,0.020408,0.102041,0.020408,0.030612,0.020408,0.061224,0.081633,0.061224,0.081633,0.061224,0.051020,0.030612
Negative_F249,0.086957,0.043478,0.000000,0.043478,0.130435,0.043478,0.000000,0.043478,0.130435,0.000000,0.000000,0.043478,0.043478,0.043478,0.086957,0.130435,0.000000,0.000000,0.000000,0.130435
Negative_F1387,0.035714,0.214286,0.000000,0.035714,0.107143,0.142857,0.000000,0.071429,0.071429,0.035714,0.000000,0.035714,0.035714,0.000000,0.000000,0.107143,0.000000,0.071429,0.000000,0.035714
Negative_F488,0.142857,0.000000,0.000000,0.000000,0.142857,0.142857,0.000000,0.214286,0.000000,0.142857,0.000000,0.000000,0.071429,0.000000,0.000000,0.142857,0.000000,0.000000,0.000000,0.000000
Negative_F1199,0.043478,0.043478,0.043478,0.043478,0.043478,0.195652,0.000000,0.152174,0.173913,0.043478,0.021739,0.043478,0.000000,0.000000,0.021739,0.021739,0.021739,0.086957,0.000000,0.000000
Negative_F592,0.217391,0.000000,0.000000,0.000000,0.014493,0.115942,0.000000,0.101449,0.043478,0.086957,0.028986,0.028986,0.000000,0.043478,0.014493,0.043478,0.130435,0.101449,0.014493,0.014493
Negative_F548,0.047619,0.000000,0.000000,0.047619,0.000000,0.238095,0.000000,0.047619,0.190476,0.238095,0.000000,0.000000,0.047619,0.000000,0.000000,0.047619,0.000000,0.047619,0.000000,0.047619
Negative_F43,0.050000,0.000000,0.000000,0.000000,0.000000,0.250000,0.000000,0.150000,0.100000,0.200000,0.050000,0.000000,0.050000,0.000000,0.000000,0.050000,0.000000,0.100000,0.000000,0.000000
Negative_F708,0.069767,0.116279,0.046512,0.000000,0.023256,0.186047,0.069767,0.000000,0.046512,0.023256,0.046512,0.000000,0.023256,0.000000,0.000000,0.116279,0.046512,0.023256,0.046512,0.116279
Negative_F582,0.137255,0.000000,0.039216,0.098039,0.019608,0.019608,0.019608,0.019608,0.176471,0.078431,0.000000,0.039216,0.019608,0.137255,0.000000,0.039216,0.058824,0.078431,0.000000,0.019608
Negative_F1241,0.055556,0.000000,0.055556,0.000000,0.055556,0.000000,0.000000,0.055556,0.111111,0.000000,0.055556,0.111111,0.166667,0.055556,0.000000,0.111111,0.111111,0.000000,0.000000,0.055556
Negative_F415,0.031250,0.000000,0.062500,0.031250,0.031250,0.062500,0.218750,0.000000,0.125000,0.031250,0.000000,0.062500,0.000000,0.000000,0.125000,0.093750,0.000000,0.000000,0.000000,0.125000
Negative_F1637,0.058824,0.000000,0.000000,0.000000,0.235294,0.117647,0.000000,0.058824,0.058824,0.294118,0.000000,0.000000,0.117647,0.000000,0.000000,0.058824,0.000000,0.000000,0.000000,0.000000
Negative_F1613,0.075949,0.151899,0.037975,0.025316,0.012658,0.063291,0.025316,0.012658,0.037975,0.075949,0.012658,0.063291,0.075949,0.037975,0.101266,0.088608,0.075949,0.012658,0.000000,0.012658
Negative_F965,0.012987,0.051948,0.012987,0.090909,0.012987,0.025974,0.038961,0.051948,0.181818,0.038961,0.025974,0.025974,0.051948,0.025974,0.090909,0.077922,0.038961,0.051948,0.025974,0.064935
Negative_F1688,0.000000,0.000000,0.000000,0.076923,0.076923,0.153846,0.000000,0.307692,0.153846,0.076923,0.000000,0.000000,0.000000,0.000000,0.000000,0.076923,0.000000,0.000000,0.076923,0.000000
Negative_F992,0.208333,0.083333,0.000000,0.000000,0.083333,0.041667,0.000000,0.166667,0.166667,0.041667,0.000000,0.000000,0.041667,0.041667,0.000000,0.041667,0.000000,0.083333,0.000000,0.000000
Negative_F1692,0.038168,0.061069,0.022901,0.015267,0.038168,0.045802,0.030534,0.045802,0.007634,0.053435,0.015267,0.106870,0.068702,0.061069,0.106870,0.083969,0.083969,0.068702,0.007634,0.038168
Negative_F1231,0.076923,0.115385,0.057692,0.038462,0.057692,0.173077,0.000000,0.000000,0.076923,0.096154,0.038462,0.038462,0.000000,0.000000,0.038462,0.057692,0.057692,0.057692,0.019231,0.000000
Negative_F2362,0.029412,0.117647,0.029412,0.029412,0.029412,0.058824,0.029412,0.029412,0.058824,0.088235,0.029412,0.029412,0.029412,0.000000,0.117647,0.117647,0.058824,0.029412,0.058824,0.029412
Negative_F427,0.068182,0.068182,0.045455,0.034091,0.045455,0.045455,0.034091,0.045455,0.011364,0.056818,0.011364,0.136364,0.045455,0.056818,0.102273,0.034091,0.056818,0.022727,0.022727,0.056818
Negative_F1588,0.153846,0.000000,0.000000,0.000000,0.153846,0.076923,0.000000,0.000000,0.076923,0.153846,0.000000,0.076923,0.000000,0.000000,0.000000,0.076923,0.000000,0.153846,0.076923,0.000000
Negative_F1373,0.107143,0.000000,0.035714,0.000000,0.000000,0.071429,0.000000,0.142857,0.178571,0.107143,0.000000,0.000000,0.071429,0.000000,0.000000,0.071429,0.107143,0.107143,0.000000,0.000000
Negative_F1051,0.058824,0.000000,0.000000,0.000000,0.117647,0.117647,0.000000,0.117647,0.058824,0.235294,0.000000,0.000000,0.058824,0.000000,0.000000,0.176471,0.000000,0.058824,0.000000,0.000000
Negative_F2103,0.129630,0.037037,0.018519,0.037037,0.018519,0.240741,0.018519,0.055556,0.037037,0.092593,0.037037,0.074074,0.055556,0.000000,0.037037,0.055556,0.000000,0.037037,0.000000,0.018519
Negative_F1454,0.041667,0.083333,0.000000,0.000000,0.041667,0.000000,0.000000,0.083333,0.125000,0.166667,0.000000,0.083333,0.041667,0.000000,0.000000,0.083333,0.125000,0.125000,0.000000,0.000000
Negative_F258,0.052632,0.000000,0.052632,0.000000,0.000000,0.157895,0.000000,0.105263,0.105263,0.210526,0.000000,0.052632,0.000000,0.000000,0.052632,0.000000,0.052632,0.157895,0.000000,0.000000
Negative_F553,0.051282,0.205128,0.000000,0.000000,0.051282,0.179487,0.051282,0.025641,0.025641,0.025641,0.000000,0.051282,0.025641,0.025641,0.102564,0.025641,0.025641,0.000000,0.025641,0.102564
Negative_F350,0.129032,0.000000,0.000000,0.000000,0.096774,0.096774,0.064516,0.032258,0.129032,0.096774,0.000000,0.032258,0.000000,0.000000,0.032258,0.096774,0.064516,0.032258,0.032258,0.064516
Negative_F694,0.076923,0.000000,0.000000,0.000000,0.230769,0.076923,0.076923,0.076923,0.000000,0.230769,0.000000,0.076923,0.000000,0.000000,0.000000,0.153846,0.000000,0.000000,0.000000,0.000000
Negative_F1403,0.318182,0.000000,0.000000,0.000000,0.000000,0.181818,0.000000,0.045455,0.136364,0.090909,0.045455,0.000000,0.000000,0.000000,0.000000,0.000000,0.090909,0.090909,0.000000,0.000000
Negative_F2402,0.138889,0.166667,0.027778,0.027778,0.000000,0.138889,0.000000,0.000000,0.222222,0.083333,0.027778,0.000000,0.055556,0.000000,0.000000,0.000000,0.055556,0.027778,0.027778,0.000000
Negative_F1093,0.035088,0.105263,0.052632,0.087719,0.000000,0.070175,0.105263,0.017544,0.087719,0.035088,0.000000,0.035088,0.035088,0.017544,0.035088,0.070175,0.087719,0.070175,0.000000,0.052632
Negative_F2296,0.065789,0.078947,0.026316,0.065789,0.013158,0.118421,0.039474,0.092105,0.184211,0.026316,0.039474,0.065789,0.000000,0.039474,0.000000,0.013158,0.052632,0.039474,0.013158,0.026316
Negative_F1624,0.107692,0.061538,0.061538,0.023077,0.015385,0.084615,0.007692,0.038462,0.038462,0.061538,0.015385,0.076923,0.015385,0.046154,0.107692,0.046154,0.038462,0.069231,0.038462,0.046154
Negative_F468,0.200000,0.066667,0.033333,0.033333,0.000000,0.066667,0.033333,0.033333,0.133333,0.133333,0.000000,0.033333,0.000000,0.000000,0.033333,0.033333,0.100000,0.066667,0.000000,0.000000
Negative_F212,0.025641,0.153846,0.025641,0.000000,0.102564,0.076923,0.000000,0.051282,0.128205,0.102564,0.000000,0.000000,0.025641,0.000000,0.128205,0.128205,0.025641,0.000000,0.000000,0.025641
Negative_F1570,0.108108,0.054054,0.000000,0.000000,0.054054,0.054054,0.027027,0.027027,0.027027,0.081081,0.000000,0.162162,0.000000,0.027027,0.027027,0.135135,0.135135,0.054054,0.000000,0.027027
Negative_F27,0.095238,0.190476,0.047619,0.000000,0.095238,0.190476,0.000000,0.047619,0.000000,0.047619,0.000000,0.047619,0.000000,0.000000,0.000000,0.047619,0.000000,0.095238,0.047619,0.047619
Negative_F1805,0.028571,0.114286,0.085714,0.171429,0.000000,0.085714,0.028571,0.000000,0.028571,0.028571,0.028571,0.000000,0.000000,0.085714,0.285714,0.000000,0.000000,0.000000,0.028571,0.000000
Negative_F653,0.139535,0.046512,0.023256,0.000000,0.000000,0.162791,0.023256,0.046512,0.116279,0.000000,0.000000,0.116279,0.000000,0.000000,0.000000,0.116279,0.046512,0.046512,0.093023,0.023256
Negative_F637,0.000000,0.000000,0.000000,0.000000,0.142857,0.000000,0.000000,0.142857,0.071429,0.214286,0.000000,0.000000,0.071429,0.000000,0.000000,0.214286,0.071429,0.071429,0.000000,0.000000
Negative_F1439,0.066667,0.177778,0.000000,0.000000,0.022222,0.111111,0.000000,0.022222,0.111111,0.088889,0.000000,0.044444,0.044444,0.022222,0.111111,0.111111,0.022222,0.022222,0.000000,0.022222
Negative_F651,0.046512,0.093023,0.023256,0.000000,0.000000,0.232558,0.000000,0.046512,0.093023,0.023256,0.000000,0.046512,0.023256,0.046512,0.000000,0.046512,0.046512,0.093023,0.069767,0.069767
Negative_F1307,0.135135,0.054054,0.000000,0.054054,0.027027,0.135135,0.000000,0.081081,0.189189,0.108108,0.027027,0.027027,0.000000,0.027027,0.000000,0.000000,0.135135,0.000000,0.000000,0.000000
Negative_F1346,0.030303,0.060606,0.030303,0.030303,0.060606,0.121212,0.000000,0.000000,0.181818,0.121212,0.030303,0.121212,0.000000,0.000000,0.000000,0.060606,0.000000,0.151515,0.000000,0.000000
Negative_F80,0.076923,0.000000,0.000000,0.000000,0.000000,0.076923,0.000000,0.076923,0.076923,0.384615,0.076923,0.000000,0.076923,0.000000,0.000000,0.076923,0.000000,0.076923,0.000000,0.000000
Negative_F2389,0.000000,0.000000,0.000000,0.000000,0.150000,0.050000,0.050000,0.000000,0.050000,0.200000,0.000000,0.100000,0.000000,0.000000,0.250000,0.000000,0.100000,0.000000,0.000000,0.050000
Negative_F2401,0.160000,0.000000,0.000000,0.000000,0.080000,0.280000,0.000000,0.000000,0.040000,0.040000,0.000000,0.000000,0.040000,0.040000,0.000000,0.040000,0.080000,0.200000,0.000000,0.000000
Negative_F113,0.166667,0.000000,0.023810,0.000000,0.047619,0.071429,0.000000,0.119048,0.214286,0.047619,0.000000,0.071429,0.047619,0.000000,0.047619,0.023810,0.047619,0.071429,0.000000,0.000000
Negative_F2376,0.058824,0.000000,0.050420,0.033613,0.016807,0.134454,0.050420,0.033613,0.025210,0.033613,0.008403,0.058824,0.100840,0.033613,0.159664,0.058824,0.025210,0.050420,0.016807,0.050420
Negative_F2371,0.181818,0.000000,0.000000,0.090909,0.090909,0.090909,0.000000,0.000000,0.000000,0.000000,0.000000,0.000000,0.000000,0.090909,0.090909,0.181818,0.000000,0.090909,0.000000,0.090909
Negative_F1595,0.046512,0.139535,0.023256,0.023256,0.023256,0.139535,0.069767,0.023256,0.023256,0.046512,0.000000,0.000000,0.023256,0.046512,0.139535,0.023256,0.069767,0.023256,0.023256,0.093023
Negative_F216,0.000000,0.160000,0.000000,0.000000,0.040000,0.200000,0.080000,0.040000,0.080000,0.080000,0.000000,0.000000,0.040000,0.000000,0.080000,0.160000,0.040000,0.000000,0.000000,0.000000
Negative_F1399,0.074074,0.000000,0.074074,0.000000,0.111111,0.148148,0.037037,0.111111,0.074074,0.037037,0.000000,0.074074,0.074074,0.037037,0.000000,0.037037,0.037037,0.074074,0.000000,0.000000
Negative_F1972,0.053571,0.107143,0.035714,0.017857,0.017857,0.125000,0.000000,0.053571,0.071429,0.017857,0.053571,0.053571,0.035714,0.017857,0.142857,0.071429,0.071429,0.035714,0.017857,0.000000
Negative_F792,0.102564,0.000000,0.051282,0.000000,0.000000,0.153846,0.025641,0.076923,0.128205,0.000000,0.051282,0.076923,0.000000,0.051282,0.051282,0.076923,0.000000,0.076923,0.051282,0.025641
Negative_F312,0.200000,0.000000,0.000000,0.000000,0.100000,0.100000,0.000000,0.200000,0.100000,0.100000,0.000000,0.000000,0.050000,0.000000,0.000000,0.050000,0.050000,0.050000,0.000000,0.000000
Negative_F231,0.060606,0.121212,0.030303,0.030303,0.060606,0.000000,0.121212,0.000000,0.090909,0.060606,0.090909,0.000000,0.030303,0.121212,0.000000,0.151515,0.000000,0.000000,0.000000,0.030303
Negative_F1340,0.022222,0.022222,0.044444,0.222222,0.088889,0.022222,0.000000,0.022222,0.088889,0.133333,0.000000,0.044444,0.022222,0.022222,0.088889,0.044444,0.044444,0.044444,0.000000,0.022222
Negative_F1237,0.137931,0.068966,0.000000,0.034483,0.000000,0.206897,0.000000,0.034483,0.034483,0.000000,0.034483,0.000000,0.137931,0.000000,0.103448,0.068966,0.000000,0.034483,0.034483,0.068966
Negative_F2357,0.000000,0.200000,0.000000,0.033333,0.033333,0.100000,0.000000,0.066667,0.066667,0.033333,0.000000,0.100000,0.066667,0.000000,0.000000,0.066667,0.066667,0.133333,0.000000,0.033333
Negative_F92,0.074074,0.074074,0.037037,0.000000,0.037037,0.185185,0.000000,0.037037,0.185185,0.259259,0.000000,0.000000,0.037037,0.037037,0.000000,0.000000,0.037037,0.000000,0.000000,0.000000
Negative_F1486,0.084746,0.000000,0.000000,0.016949,0.033898,0.101695,0.016949,0.000000,0.220339,0.016949,0.016949,0.067797,0.050847,0.050847,0.118644,0.033898,0.050847,0.101695,0.000000,0.016949
Negative_F1705,0.090909,0.000000,0.045455,0.136364,0.000000,0.136364,0.000000,0.000000,0.090909,0.000000,0.000000,0.000000,0.181818,0.090909,0.045455,0.136364,0.000000,0.000000,0.000000,0.045455
Negative_F985,0.034483,0.000000,0.068966,0.034483,0.034483,0.137931,0.241379,0.034483,0.172414,0.000000,0.000000,0.034483,0.000000,0.034483,0.068966,0.034483,0.000000,0.068966,0.000000,0.000000
Negative_F1987,0.095238,0.000000,0.000000,0.000000,0.047619,0.047619,0.095238,0.047619,0.190476,0.238095,0.000000,0.000000,0.000000,0.047619,0.000000,0.095238,0.000000,0.047619,0.047619,0.000000
Negative_F1906,0.000000,0.080000,0.040000,0.040000,0.000000,0.040000,0.040000,0.120000,0.080000,0.120000,0.000000,0.120000,0.040000,0.000000,0.120000,0.000000,0.080000,0.000000,0.040000,0.040000
Negative_F831,0.119048,0.000000,0.035714,0.011905,0.011905,0.226190,0.011905,0.035714,0.000000,0.107143,0.011905,0.083333,0.059524,0.035714,0.000000,0.119048,0.047619,0.047619,0.023810,0.011905
Negative_F1473,0.011494,0.045977,0.022989,0.057471,0.034483,0.022989,0.000000,0.103448,0.080460,0.057471,0.022989,0.022989,0.080460,0.045977,0.126437,0.080460,0.022989,0.114943,0.022989,0.022989
Negative_F2161,0.026316,0.000000,0.000000,0.000000,0.078947,0.131579,0.000000,0.078947,0.210526,0.105263,0.000000,0.000000,0.078947,0.000000,0.184211,0.026316,0.000000,0.078947,0.000000,0.000000
Negative_F840,0.000000,0.200000,0.000000,0.050000,0.050000,0.200000,0.000000,0.050000,0.000000,0.100000,0.000000,0.000000,0.050000,0.000000,0.000000,0.050000,0.200000,0.050000,0.000000,0.000000
Negative_F1015,0.300000,0.000000,0.000000,0.000000,0.050000,0.050000,0.050000,0.100000,0.000000,0.150000,0.000000,0.100000,0.050000,0.000000,0.000000,0.000000,0.050000,0.100000,0.000000,0.000000
Negative_F1801,0.000000,0.000000,0.000000,0.000000,0.153846,0.153846,0.000000,0.000000,0.076923,0.384615,0.000000,0.000000,0.076923,0.000000,0.000000,0.076923,0.000000,0.076923,0.000000,0.000000
Negative_F1448,0.000000,0.000000,0.086957,0.130435,0.043478,0.130435,0.000000,0.086957,0.000000,0.043478,0.000000,0.043478,0.043478,0.130435,0.043478,0.086957,0.043478,0.043478,0.000000,0.043478
Negative_F1921,0.046512,0.186047,0.046512,0.023256,0.023256,0.162791,0.023256,0.023256,0.046512,0.046512,0.000000,0.023256,0.023256,0.023256,0.093023,0.046512,0.069767,0.023256,0.023256,0.046512
Negative_F1248,0.000000,0.100000,0.000000,0.000000,0.100000,0.000000,0.000000,0.100000,0.250000,0.100000,0.000000,0.000000,0.050000,0.000000,0.150000,0.100000,0.000000,0.000000,0.050000,0.000000
Negative_F266,0.147059,0.235294,0.000000,0.000000,0.058824,0.117647,0.000000,0.000000,0.117647,0.000000,0.000000,0.000000,0.000000,0.000000,0.176471,0.088235,0.000000,0.000000,0.029412,0.029412
Negative_F737,0.277778,0.055556,0.055556,0.055556,0.000000,0.000000,0.000000,0.000000,0.000000,0.166667,0.000000,0.000000,0.000000,0.000000,0.000000,0.111111,0.055556,0.111111,0.111111,0.000000
Negative_F57,0.021739,0.043478,0.043478,0.043478,0.021739,0.173913,0.000000,0.130435,0.173913,0.086957,0.021739,0.043478,0.000000,0.000000,0.043478,0.043478,0.021739,0.086957,0.000000,0.000000
Negative_F1202,0.103448,0.068966,0.068966,0.000000,0.034483,0.103448,0.000000,0.034483,0.172414,0.103448,0.034483,0.068966,0.000000,0.000000,0.000000,0.000000,0.103448,0.103448,0.000000,0.000000
Negative_F1110,0.000000,0.000000,0.083333,0.000000,0.000000,0.166667,0.083333,0.166667,0.166667,0.083333,0.000000,0.000000,0.083333,0.000000,0.000000,0.083333,0.000000,0.000000,0.000000,0.083333
Negative_F572,0.043478,0.000000,0.043478,0.000000,0.000000,0.217391,0.000000,0.000000,0.086957,0.260870,0.000000,0.043478,0.000000,0.000000,0.000000,0.086957,0.086957,0.130435,0.000000,0.000000
Negative_F1042,0.000000,0.000000,0.000000,0.000000,0.000000,0.190476,0.619048,0.000000,0.000000,0.000000,0.000000,0.000000,0.190476,0.000000,0.000000,0.000000,0.000000,0.000000,0.000000,0.000000
Negative_F830,0.045455,0.136364,0.090909,0.000000,0.045455,0.090909,0.000000,0.090909,0.045455,0.000000,0.000000,0.045455,0.045455,0.000000,0.045455,0.090909,0.090909,0.090909,0.045455,0.000000
Negative_F1032,0.111111,0.000000,0.083333,0.055556,0.000000,0.027778,0.027778,0.055556,0.027778,0.055556,0.027778,0.055556,0.111111,0.027778,0.111111,0.055556,0.027778,0.000000,0.000000,0.138889
Negative_F1309,0.050000,0.000000,0.000000,0.100000,0.150000,0.200000,0.000000,0.100000,0.100000,0.100000,0.000000,0.050000,0.000000,0.000000,0.000000,0.050000,0.000000,0.100000,0.000000,0.000000
Negative_F778,0.032258,0.193548,0.000000,0.032258,0.064516,0.096774,0.000000,0.064516,0.096774,0.032258,0.000000,0.032258,0.064516,0.000000,0.000000,0.129032,0.064516,0.064516,0.000000,0.032258
Negative_F2125,0.000000,0.000000,0.000000,0.000000,0.162162,0.081081,0.000000,0.000000,0.000000,0.000000,0.000000,0.000000,0.459459,0.000000,0.189189,0.027027,0.000000,0.000000,0.027027,0.054054
Negative_F1104,0.058824,0.117647,0.019608,0.019608,0.058824,0.058824,0.000000,0.039216,0.176471,0.019608,0.000000,0.058824,0.039216,0.019608,0.039216,0.039216,0.137255,0.058824,0.019608,0.019608
Negative_F1796,0.058824,0.000000,0.000000,0.000000,0.117647,0.058824,0.000000,0.176471,0.058824,0.235294,0.000000,0.000000,0.117647,0.000000,0.000000,0.117647,0.000000,0.058824,0.000000,0.000000
Negative_F1050,0.030303,0.121212,0.000000,0.030303,0.000000,0.060606,0.000000,0.060606,0.060606,0.121212,0.030303,0.090909,0.060606,0.000000,0.000000,0.121212,0.151515,0.030303,0.000000,0.030303
Negative_F1020,0.000000,0.000000,0.000000,0.000000,0.000000,0.150000,0.000000,0.200000,0.250000,0.000000,0.000000,0.000000,0.000000,0.050000,0.050000,0.050000,0.050000,0.100000,0.100000,0.000000
Negative_F2136,0.000000,0.000000,0.000000,0.000000,0.000000,0.000000,0.000000,0.000000,0.000000,0.000000,0.000000,0.000000,0.000000,0.000000,0.583333,0.000000,0.000000,0.000000,0.416667,0.000000
Negative_F14,0.062500,0.000000,0.062500,0.000000,0.062500,0.187500,0.000000,0.062500,0.125000,0.187500,0.000000,0.000000,0.000000,0.000000,0.000000,0.062500,0.000000,0.187500,0.000000,0.000000
Negative_F1763,0.000000,0.000000,0.000000,0.000000,0.147059,0.029412,0.000000,0.088235,0.382353,0.029412,0.029412,0.000000,0.058824,0.000000,0.058824,0.029412,0.029412,0.117647,0.000000,0.000000
Negative_F904,0.000000,0.133333,0.000000,0.000000,0.100000,0.100000,0.000000,0.100000,0.033333,0.066667,0.033333,0.066667,0.066667,0.033333,0.166667,0.033333,0.066667,0.000000,0.000000,0.000000
Negative_F1755,0.095238,0.095238,0.000000,0.000000,0.142857,0.000000,0.000000,0.142857,0.190476,0.142857,0.000000,0.047619,0.047619,0.000000,0.000000,0.047619,0.000000,0.047619,0.000000,0.000000
Negative_F2363,0.071429,0.000000,0.035714,0.000000,0.000000,0.178571,0.000000,0.000000,0.142857,0.000000,0.071429,0.107143,0.000000,0.178571,0.071429,0.000000,0.000000,0.000000,0.035714,0.107143
Negative_F764,0.000000,0.193548,0.032258,0.064516,0.032258,0.032258,0.032258,0.096774,0.129032,0.000000,0.000000,0.064516,0.064516,0.000000,0.000000,0.064516,0.032258,0.096774,0.032258,0.032258
Negative_F256,0.052632,0.000000,0.052632,0.000000,0.052632,0.210526,0.000000,0.157895,0.157895,0.105263,0.000000,0.052632,0.000000,0.000000,0.000000,0.000000,0.000000,0.157895,0.000000,0.000000
Negative_F1994,0.038462,0.000000,0.000000,0.000000,0.038462,0.038462,0.076923,0.115385,0.153846,0.076923,0.038462,0.076923,0.000000,0.000000,0.076923,0.038462,0.076923,0.076923,0.000000,0.076923
Negative_F695,0.157895,0.000000,0.000000,0.000000,0.052632,0.052632,0.105263,0.105263,0.052632,0.210526,0.000000,0.000000,0.052632,0.000000,0.000000,0.105263,0.000000,0.105263,0.000000,0.000000
Negative_F2192,0.050000,0.000000,0.000000,0.000000,0.050000,0.100000,0.100000,0.100000,0.050000,0.200000,0.000000,0.050000,0.000000,0.000000,0.200000,0.000000,0.050000,0.000000,0.000000,0.050000
Negative_F226,0.043478,0.000000,0.000000,0.000000,0.173913,0.130435,0.130435,0.086957,0.043478,0.086957,0.000000,0.043478,0.000000,0.000000,0.043478,0.043478,0.000000,0.130435,0.000000,0.043478
Negative_F477,0.090909,0.000000,0.015152,0.030303,0.030303,0.121212,0.060606,0.000000,0.060606,0.015152,0.000000,0.090909,0.000000,0.045455,0.045455,0.090909,0.106061,0.075758,0.045455,0.075758
Negative_F2204,0.000000,0.105263,0.000000,0.000000,0.052632,0.000000,0.000000,0.052632,0.052632,0.105263,0.052632,0.000000,0.000000,0.052632,0.210526,0.105263,0.105263,0.000000,0.052632,0.052632
Negative_F672,0.000000,0.000000,0.076923,0.000000,0.000000,0.076923,0.000000,0.076923,0.000000,0.461538,0.000000,0.153846,0.076923,0.000000,0.000000,0.000000,0.000000,0.076923,0.000000,0.000000
Negative_F1535,0.063218,0.005747,0.068966,0.022989,0.051724,0.143678,0.040230,0.051724,0.063218,0.063218,0.011494,0.057471,0.028736,0.045977,0.063218,0.080460,0.028736,0.045977,0.017241,0.045977
Negative_F1673,0.103448,0.000000,0.000000,0.034483,0.068966,0.068966,0.000000,0.137931,0.172414,0.103448,0.000000,0.034483,0.034483,0.034483,0.034483,0.103448,0.000000,0.068966,0.000000,0.000000
Negative_F272,0.052632,0.157895,0.026316,0.026316,0.052632,0.157895,0.000000,0.026316,0.105263,0.000000,0.000000,0.052632,0.052632,0.052632,0.105263,0.026316,0.000000,0.026316,0.026316,0.052632
Negative_F1672,0.083333,0.000000,0.000000,0.000000,0.041667,0.041667,0.000000,0.166667,0.166667,0.083333,0.041667,0.041667,0.083333,0.000000,0.000000,0.083333,0.083333,0.083333,0.000000,0.000000
Negative_F2345,0.028571,0.171429,0.000000,0.085714,0.000000,0.085714,0.057143,0.114286,0.028571,0.028571,0.000000,0.085714,0.028571,0.114286,0.114286,0.000000,0.028571,0.000000,0.000000,0.028571
Negative_F947,0.000000,0.000000,0.000000,0.000000,0.142857,0.142857,0.000000,0.142857,0.071429,0.214286,0.000000,0.000000,0.000000,0.000000,0.071429,0.000000,0.142857,0.071429,0.000000,0.000000
Negative_F1019,0.071429,0.142857,0.000000,0.000000,0.214286,0.000000,0.000000,0.000000,0.214286,0.214286,0.000000,0.000000,0.071429,0.000000,0.000000,0.000000,0.000000,0.071429,0.000000,0.000000
Negative_F526,0.040000,0.120000,0.040000,0.080000,0.020000,0.060000,0.000000,0.040000,0.080000,0.080000,0.000000,0.040000,0.040000,0.020000,0.160000,0.040000,0.060000,0.000000,0.020000,0.060000
Negative_F1186,0.000000,0.086957,0.000000,0.043478,0.000000,0.130435,0.000000,0.086957,0.000000,0.086957,0.000000,0.000000,0.130435,0.130435,0.000000,0.043478,0.130435,0.086957,0.000000,0.043478
Negative_F439,0.025000,0.150000,0.075000,0.025000,0.050000,0.200000,0.050000,0.025000,0.125000,0.000000,0.025000,0.050000,0.025000,0.025000,0.000000,0.025000,0.000000,0.025000,0.025000,0.075000
Negative_F360,0.285714,0.000000,0.000000,0.000000,0.000000,0.000000,0.000000,0.142857,0.214286,0.285714,0.000000,0.071429,0.000000,0.000000,0.000000,0.000000,0.000000,0.000000,0.000000,0.000000
Negative_F2021,0.050000,0.200000,0.100000,0.000000,0.050000,0.200000,0.000000,0.050000,0.000000,0.050000,0.000000,0.000000,0.000000,0.000000,0.000000,0.000000,0.100000,0.100000,0.100000,0.000000
Negative_F2334,0.000000,0.000000,0.000000,0.000000,0.083333,0.000000,0.000000,0.166667,0.083333,0.250000,0.083333,0.000000,0.000000,0.000000,0.250000,0.000000,0.000000,0.083333,0.000000,0.000000
Negative_F2158,0.155556,0.000000,0.022222,0.022222,0.022222,0.066667,0.044444,0.022222,0.044444,0.088889,0.022222,0.044444,0.044444,0.022222,0.044444,0.088889,0.111111,0.044444,0.022222,0.066667
Negative_F1088,0.012048,0.144578,0.048193,0.072289,0.036145,0.084337,0.012048,0.024096,0.084337,0.024096,0.000000,0.024096,0.132530,0.024096,0.072289,0.036145,0.072289,0.048193,0.012048,0.036145
Negative_F1080,0.105263,0.000000,0.000000,0.000000,0.000000,0.157895,0.000000,0.052632,0.157895,0.157895,0.052632,0.000000,0.000000,0.000000,0.000000,0.052632,0.052632,0.210526,0.000000,0.000000
Negative_F1005,0.000000,0.000000,0.000000,0.000000,0.153846,0.076923,0.000000,0.153846,0.153846,0.230769,0.000000,0.000000,0.076923,0.000000,0.000000,0.076923,0.000000,0.076923,0.000000,0.000000
Negative_F1159,0.058824,0.000000,0.000000,0.058824,0.000000,0.117647,0.000000,0.176471,0.176471,0.117647,0.000000,0.058824,0.000000,0.000000,0.000000,0.117647,0.000000,0.058824,0.058824,0.000000
Negative_F790,0.027778,0.055556,0.083333,0.027778,0.083333,0.055556,0.000000,0.027778,0.138889,0.083333,0.000000,0.055556,0.111111,0.000000,0.055556,0.111111,0.000000,0.055556,0.027778,0.000000
Negative_F2254,0.102564,0.000000,0.000000,0.102564,0.051282,0.076923,0.000000,0.025641,0.153846,0.025641,0.000000,0.000000,0.025641,0.025641,0.128205,0.025641,0.051282,0.179487,0.025641,0.000000
Negative_F1091,0.227273,0.000000,0.000000,0.000000,0.000000,0.136364,0.000000,0.000000,0.045455,0.090909,0.000000,0.045455,0.000000,0.000000,0.045455,0.000000,0.090909,0.136364,0.090909,0.090909
Negative_F432,0.142857,0.000000,0.142857,0.000000,0.000000,0.000000,0.000000,0.142857,0.214286,0.214286,0.000000,0.000000,0.000000,0.071429,0.000000,0.000000,0.000000,0.000000,0.071429,0.000000
Negative_F1092,0.054545,0.109091,0.127273,0.018182,0.036364,0.036364,0.000000,0.018182,0.236364,0.000000,0.000000,0.127273,0.018182,0.000000,0.000000,0.018182,0.109091,0.036364,0.000000,0.054545
Negative_F703,0.021277,0.170213,0.021277,0.063830,0.042553,0.042553,0.021277,0.063830,0.127660,0.063830,0.000000,0.021277,0.085106,0.000000,0.085106,0.063830,0.106383,0.000000,0.000000,0.000000
Negative_F1149,0.029412,0.029412,0.000000,0.088235,0.058824,0.117647,0.058824,0.029412,0.088235,0.029412,0.029412,0.029412,0.029412,0.088235,0.000000,0.029412,0.088235,0.088235,0.000000,0.088235
Negative_F2153,0.000000,0.108108,0.027027,0.000000,0.054054,0.162162,0.054054,0.081081,0.000000,0.027027,0.027027,0.027027,0.054054,0.135135,0.135135,0.027027,0.054054,0.027027,0.000000,0.000000
Negative_F2395,0.041667,0.083333,0.041667,0.041667,0.041667,0.083333,0.041667,0.000000,0.125000,0.041667,0.000000,0.041667,0.041667,0.000000,0.083333,0.041667,0.000000,0.125000,0.000000,0.125000
Negative_F1181,0.000000,0.333333,0.000000,0.000000,0.055556,0.111111,0.000000,0.000000,0.000000,0.000000,0.000000,0.000000,0.000000,0.000000,0.277778,0.000000,0.055556,0.166667,0.000000,0.000000
Negative_F991,0.166667,0.083333,0.000000,0.000000,0.125000,0.041667,0.000000,0.083333,0.125000,0.125000,0.000000,0.041667,0.083333,0.000000,0.000000,0.041667,0.000000,0.083333,0.000000,0.000000
Negative_F416,0.000000,0.000000,0.000000,0.000000,0.000000,0.250000,0.000000,0.166667,0.083333,0.416667,0.000000,0.000000,0.000000,0.000000,0.000000,0.000000,0.083333,0.000000,0.000000,0.000000
Negative_F2397,0.100000,0.050000,0.050000,0.000000,0.050000,0.150000,0.000000,0.100000,0.100000,0.050000,0.000000,0.050000,0.050000,0.050000,0.000000,0.000000,0.050000,0.150000,0.000000,0.000000
Negative_F1878,0.034483,0.103448,0.034483,0.051724,0.017241,0.051724,0.017241,0.017241,0.172414,0.103448,0.017241,0.034483,0.017241,0.068966,0.017241,0.103448,0.017241,0.103448,0.000000,0.017241
Negative_F381,0.129032,0.129032,0.032258,0.032258,0.096774,0.129032,0.000000,0.000000,0.064516,0.064516,0.000000,0.064516,0.064516,0.032258,0.032258,0.064516,0.032258,0.032258,0.000000,0.000000
Negative_F1332,0.100000,0.100000,0.000000,0.000000,0.000000,0.100000,0.000000,0.050000,0.150000,0.050000,0.000000,0.000000,0.200000,0.000000,0.100000,0.050000,0.050000,0.000000,0.050000,0.000000
Negative_F1533,0.074074,0.024691,0.061728,0.074074,0.037037,0.061728,0.012346,0.037037,0.037037,0.123457,0.012346,0.024691,0.037037,0.049383,0.086420,0.037037,0.074074,0.086420,0.037037,0.012346
Negative_F2370,0.000000,0.000000,0.000000,0.000000,0.108108,0.702703,0.000000,0.054054,0.054054,0.000000,0.000000,0.000000,0.000000,0.000000,0.054054,0.000000,0.000000,0.000000,0.000000,0.027027
Negative_F782,0.272727,0.000000,0.000000,0.000000,0.000000,0.136364,0.000000,0.000000,0.181818,0.136364,0.045455,0.000000,0.000000,0.000000,0.000000,0.090909,0.000000,0.136364,0.000000,0.000000
Negative_F1885,0.076923,0.000000,0.000000,0.000000,0.000000,0.076923,0.000000,0.153846,0.307692,0.307692,0.000000,0.000000,0.000000,0.000000,0.000000,0.076923,0.000000,0.000000,0.000000,0.000000
Negative_F1013,0.153846,0.000000,0.000000,0.000000,0.076923,0.153846,0.000000,0.153846,0.076923,0.230769,0.076923,0.000000,0.076923,0.000000,0.000000,0.000000,0.000000,0.000000,0.000000,0.000000
Negative_F1778,0.035088,0.210526,0.017544,0.000000,0.017544,0.105263,0.035088,0.017544,0.000000,0.052632,0.000000,0.070175,0.052632,0.035088,0.122807,0.052632,0.122807,0.052632,0.000000,0.000000
Negative_F1261,0.222222,0.000000,0.000000,0.055556,0.055556,0.055556,0.000000,0.055556,0.166667,0.166667,0.055556,0.000000,0.000000,0.111111,0.000000,0.000000,0.055556,0.000000,0.000000,0.000000
Negative_F1320,0.125000,0.083333,0.000000,0.000000,0.083333,0.041667,0.000000,0.125000,0.083333,0.166667,0.000000,0.041667,0.083333,0.041667,0.041667,0.000000,0.000000,0.083333,0.000000,0.000000
Negative_F1521,0.000000,0.000000,0.000000,0.076923,0.000000,0.000000,0.076923,0.076923,0.153846,0.307692,0.000000,0.000000,0.000000,0.000000,0.076923,0.000000,0.000000,0.153846,0.000000,0.076923
Negative_F2028,0.162791,0.139535,0.023256,0.023256,0.046512,0.116279,0.046512,0.023256,0.046512,0.116279,0.000000,0.046512,0.000000,0.023256,0.069767,0.046512,0.023256,0.046512,0.000000,0.000000
Negative_F848,0.000000,0.000000,0.000000,0.000000,0.102564,0.076923,0.051282,0.025641,0.051282,0.025641,0.000000,0.076923,0.333333,0.051282,0.025641,0.051282,0.000000,0.025641,0.025641,0.076923
Negative_F629,0.096774,0.000000,0.032258,0.032258,0.000000,0.225806,0.000000,0.096774,0.161290,0.096774,0.000000,0.064516,0.000000,0.000000,0.000000,0.032258,0.032258,0.129032,0.000000,0.000000
Negative_F2181,0.210526,0.000000,0.000000,0.000000,0.052632,0.052632,0.052632,0.157895,0.105263,0.210526,0.000000,0.000000,0.052632,0.000000,0.000000,0.052632,0.052632,0.000000,0.000000,0.000000
Negative_F1122,0.000000,0.157895,0.052632,0.000000,0.157895,0.105263,0.000000,0.000000,0.105263,0.000000,0.000000,0.052632,0.052632,0.052632,0.000000,0.105263,0.105263,0.052632,0.000000,0.000000
Negative_F2096,0.019608,0.137255,0.039216,0.098039,0.078431,0.098039,0.000000,0.019608,0.078431,0.098039,0.000000,0.058824,0.058824,0.039216,0.098039,0.058824,0.000000,0.019608,0.000000,0.000000
Negative_F341,0.136364,0.000000,0.045455,0.000000,0.090909,0.136364,0.000000,0.000000,0.181818,0.136364,0.045455,0.090909,0.045455,0.000000,0.000000,0.000000,0.000000,0.090909,0.000000,0.000000
Negative_F2200,0.166667,0.000000,0.000000,0.000000,0.000000,0.083333,0.083333,0.000000,0.000000,0.000000,0.000000,0.000000,0.000000,0.000000,0.250000,0.083333,0.083333,0.000000,0.166667,0.083333
Negative_F1068,0.023810,0.000000,0.047619,0.071429,0.071429,0.119048,0.023810,0.095238,0.071429,0.023810,0.000000,0.000000,0.047619,0.023810,0.166667,0.047619,0.047619,0.047619,0.047619,0.023810
Negative_F2319,0.125000,0.083333,0.000000,0.000000,0.041667,0.041667,0.000000,0.125000,0.125000,0.208333,0.000000,0.041667,0.083333,0.000000,0.000000,0.041667,0.041667,0.041667,0.000000,0.000000
Negative_F1477,0.067568,0.054054,0.054054,0.013514,0.027027,0.027027,0.000000,0.054054,0.162162,0.067568,0.013514,0.027027,0.108108,0.054054,0.054054,0.067568,0.067568,0.040541,0.013514,0.027027
Negative_F875,0.058824,0.117647,0.000000,0.000000,0.000000,0.058824,0.000000,0.000000,0.176471,0.000000,0.000000,0.000000,0.235294,0.000000,0.058824,0.117647,0.058824,0.000000,0.058824,0.058824
Negative_F1029,0.000000,0.000000,0.000000,0.000000,0.181818,0.090909,0.000000,0.000000,0.090909,0.090909,0.090909,0.000000,0.181818,0.181818,0.090909,0.000000,0.000000,0.000000,0.000000,0.000000
Negative_F2120,0.136364,0.000000,0.000000,0.000000,0.181818,0.136364,0.045455,0.090909,0.136364,0.000000,0.000000,0.000000,0.000000,0.045455,0.136364,0.045455,0.000000,0.000000,0.045455,0.000000
Negative_F1984,0.000000,0.111111,0.000000,0.000000,0.111111,0.055556,0.000000,0.000000,0.222222,0.111111,0.000000,0.000000,0.111111,0.000000,0.000000,0.055556,0.055556,0.000000,0.111111,0.055556
Negative_F380,0.047619,0.000000,0.000000,0.047619,0.095238,0.285714,0.047619,0.095238,0.000000,0.000000,0.000000,0.000000,0.095238,0.000000,0.000000,0.047619,0.047619,0.095238,0.000000,0.095238
Negative_F1335,0.050000,0.100000,0.000000,0.000000,0.050000,0.150000,0.000000,0.000000,0.100000,0.050000,0.000000,0.000000,0.150000,0.000000,0.050000,0.100000,0.050000,0.050000,0.100000,0.000000
Negative_F693,0.000000,0.000000,0.000000,0.000000,0.076923,0.076923,0.000000,0.076923,0.000000,0.384615,0.000000,0.076923,0.076923,0.000000,0.000000,0.076923,0.076923,0.076923,0.000000,0.000000
Negative_F641,0.130435,0.086957,0.000000,0.000000,0.000000,0.260870,0.043478,0.086957,0.086957,0.173913,0.000000,0.000000,0.000000,0.000000,0.000000,0.043478,0.043478,0.043478,0.000000,0.000000
Negative_F1014,0.117647,0.000000,0.000000,0.000000,0.117647,0.058824,0.000000,0.176471,0.117647,0.235294,0.000000,0.000000,0.117647,0.000000,0.000000,0.058824,0.000000,0.000000,0.000000,0.000000
Negative_F1728,0.157895,0.000000,0.000000,0.000000,0.000000,0.157895,0.000000,0.000000,0.052632,0.368421,0.000000,0.052632,0.052632,0.000000,0.052632,0.000000,0.105263,0.000000,0.000000,0.000000
Negative_F1856,0.031250,0.062500,0.093750,0.031250,0.093750,0.062500,0.031250,0.062500,0.062500,0.000000,0.000000,0.093750,0.000000,0.000000,0.187500,0.125000,0.000000,0.062500,0.000000,0.000000
Negative_F946,0.058824,0.000000,0.000000,0.000000,0.176471,0.117647,0.000000,0.117647,0.058824,0.235294,0.000000,0.000000,0.117647,0.000000,0.000000,0.058824,0.000000,0.058824,0.000000,0.000000
Negative_F2187,0.200000,0.085714,0.057143,0.028571,0.057143,0.171429,0.000000,0.114286,0.028571,0.028571,0.000000,0.028571,0.057143,0.000000,0.000000,0.057143,0.057143,0.028571,0.000000,0.000000
Negative_F2023,0.162791,0.000000,0.023256,0.046512,0.023256,0.069767,0.000000,0.069767,0.162791,0.046512,0.000000,0.069767,0.046512,0.023256,0.000000,0.069767,0.046512,0.069767,0.069767,0.000000
Negative_F741,0.040000,0.000000,0.000000,0.040000,0.000000,0.080000,0.000000,0.000000,0.280000,0.160000,0.080000,0.040000,0.000000,0.000000,0.120000,0.080000,0.000000,0.000000,0.080000,0.000000
Negative_F7,0.000000,0.166667,0.000000,0.000000,0.000000,0.000000,0.000000,0.166667,0.000000,0.083333,0.000000,0.000000,0.000000,0.000000,0.333333,0.000000,0.000000,0.250000,0.000000,0.000000
Negative_F1163,0.040541,0.094595,0.040541,0.067568,0.067568,0.054054,0.027027,0.040541,0.027027,0.067568,0.027027,0.027027,0.054054,0.054054,0.162162,0.067568,0.013514,0.013514,0.013514,0.040541
Negative_F2064,0.000000,0.000000,0.000000,0.000000,0.000000,0.000000,0.000000,0.250000,0.000000,0.000000,0.000000,0.000000,0.000000,0.000000,0.416667,0.000000,0.000000,0.166667,0.166667,0.000000
Negative_F38,0.025000,0.150000,0.000000,0.000000,0.000000,0.125000,0.000000,0.050000,0.025000,0.100000,0.025000,0.050000,0.050000,0.050000,0.175000,0.050000,0.025000,0.050000,0.025000,0.025000
Negative_F382,0.125000,0.000000,0.017857,0.089286,0.071429,0.053571,0.000000,0.017857,0.178571,0.089286,0.017857,0.035714,0.089286,0.017857,0.053571,0.053571,0.017857,0.035714,0.017857,0.017857
Negative_F2434,0.031250,0.062500,0.046875,0.046875,0.031250,0.039062,0.039062,0.023438,0.062500,0.015625,0.039062,0.070312,0.054688,0.054688,0.078125,0.125000,0.062500,0.078125,0.000000,0.039062
Negative_F1460,0.041667,0.050000,0.058333,0.058333,0.066667,0.066667,0.033333,0.066667,0.083333,0.016667,0.016667,0.050000,0.075000,0.025000,0.083333,0.075000,0.050000,0.025000,0.008333,0.050000
Negative_F132,0.160000,0.000000,0.000000,0.000000,0.080000,0.160000,0.120000,0.000000,0.160000,0.080000,0.000000,0.000000,0.000000,0.000000,0.000000,0.040000,0.040000,0.080000,0.040000,0.040000
Negative_F2143,0.238095,0.000000,0.000000,0.047619,0.047619,0.000000,0.000000,0.238095,0.000000,0.000000,0.000000,0.000000,0.142857,0.000000,0.000000,0.000000,0.238095,0.047619,0.000000,0.000000
Negative_F2223,0.098039,0.156863,0.019608,0.019608,0.000000,0.058824,0.019608,0.058824,0.019608,0.019608,0.000000,0.058824,0.098039,0.039216,0.098039,0.117647,0.019608,0.019608,0.000000,0.078431
Negative_F2002,0.000000,0.000000,0.000000,0.000000,0.000000,0.068966,0.000000,0.068966,0.103448,0.034483,0.000000,0.034483,0.034483,0.034483,0.448276,0.068966,0.034483,0.034483,0.034483,0.000000
Negative_F1480,0.043478,0.057971,0.043478,0.028986,0.014493,0.043478,0.000000,0.072464,0.115942,0.086957,0.000000,0.043478,0.072464,0.086957,0.028986,0.057971,0.057971,0.072464,0.028986,0.043478
Negative_F1150,0.052632,0.236842,0.026316,0.000000,0.000000,0.052632,0.000000,0.000000,0.052632,0.052632,0.000000,0.026316,0.210526,0.052632,0.157895,0.052632,0.000000,0.000000,0.026316,0.000000
Negative_F1939,0.095238,0.095238,0.000000,0.000000,0.047619,0.047619,0.047619,0.047619,0.095238,0.095238,0.000000,0.047619,0.047619,0.047619,0.190476,0.047619,0.047619,0.000000,0.000000,0.000000
Negative_F387,0.100000,0.100000,0.000000,0.000000,0.000000,0.100000,0.000000,0.050000,0.200000,0.050000,0.000000,0.000000,0.150000,0.000000,0.050000,0.100000,0.050000,0.000000,0.050000,0.000000
Negative_F319,0.040000,0.000000,0.080000,0.000000,0.000000,0.000000,0.040000,0.040000,0.160000,0.280000,0.040000,0.000000,0.000000,0.040000,0.120000,0.000000,0.040000,0.120000,0.000000,0.000000
Negative_F457,0.052632,0.052632,0.000000,0.026316,0.026316,0.184211,0.000000,0.026316,0.157895,0.131579,0.000000,0.052632,0.000000,0.026316,0.000000,0.078947,0.026316,0.157895,0.000000,0.000000
Negative_F839,0.135135,0.054054,0.027027,0.027027,0.027027,0.027027,0.054054,0.000000,0.054054,0.108108,0.027027,0.000000,0.054054,0.000000,0.000000,0.162162,0.054054,0.135135,0.000000,0.054054
Negative_F2280,0.121212,0.060606,0.030303,0.000000,0.030303,0.090909,0.030303,0.060606,0.121212,0.000000,0.000000,0.060606,0.000000,0.000000,0.000000,0.090909,0.030303,0.181818,0.060606,0.030303
Negative_F383,0.065217,0.173913,0.065217,0.021739,0.043478,0.043478,0.086957,0.021739,0.086957,0.043478,0.000000,0.086957,0.000000,0.021739,0.021739,0.043478,0.108696,0.021739,0.021739,0.021739
Negative_F1484,0.028986,0.057971,0.072464,0.028986,0.028986,0.043478,0.014493,0.028986,0.057971,0.086957,0.028986,0.028986,0.086957,0.014493,0.101449,0.057971,0.028986,0.115942,0.028986,0.057971
Negative_F2062,0.050847,0.152542,0.033898,0.101695,0.016949,0.016949,0.016949,0.033898,0.169492,0.135593,0.033898,0.016949,0.033898,0.016949,0.016949,0.050847,0.067797,0.016949,0.000000,0.016949
Negative_F130,0.133333,0.000000,0.000000,0.033333,0.000000,0.133333,0.000000,0.100000,0.133333,0.133333,0.033333,0.033333,0.033333,0.066667,0.000000,0.100000,0.033333,0.000000,0.033333,0.000000
Negative_F1668,0.172414,0.000000,0.034483,0.000000,0.000000,0.068966,0.000000,0.103448,0.241379,0.137931,0.034483,0.000000,0.034483,0.000000,0.000000,0.068966,0.068966,0.034483,0.000000,0.000000
Negative_F2325,0.000000,0.000000,0.000000,0.000000,0.121212,0.121212,0.030303,0.030303,0.090909,0.060606,0.030303,0.000000,0.000000,0.030303,0.303030,0.060606,0.030303,0.090909,0.000000,0.000000
Negative_F146,0.062500,0.187500,0.000000,0.062500,0.000000,0.093750,0.000000,0.031250,0.000000,0.093750,0.000000,0.000000,0.000000,0.000000,0.187500,0.093750,0.093750,0.031250,0.000000,0.062500
Negative_F1924,0.235294,0.000000,0.029412,0.000000,0.000000,0.088235,0.000000,0.058824,0.205882,0.088235,0.000000,0.029412,0.029412,0.000000,0.058824,0.058824,0.029412,0.088235,0.000000,0.000000
Negative_F1812,0.285714,0.000000,0.071429,0.000000,0.071429,0.142857,0.000000,0.142857,0.142857,0.071429,0.000000,0.000000,0.071429,0.000000,0.000000,0.000000,0.000000,0.000000,0.000000,0.000000
Negative_F1621,0.069767,0.000000,0.023256,0.023256,0.093023,0.093023,0.023256,0.139535,0.162791,0.046512,0.046512,0.000000,0.023256,0.093023,0.023256,0.000000,0.023256,0.023256,0.069767,0.023256
Negative_F836,0.000000,0.074074,0.000000,0.037037,0.074074,0.111111,0.074074,0.111111,0.037037,0.000000,0.000000,0.074074,0.000000,0.000000,0.000000,0.148148,0.074074,0.111111,0.037037,0.037037
Negative_F1854,0.018868,0.037736,0.056604,0.018868,0.056604,0.226415,0.018868,0.056604,0.037736,0.000000,0.000000,0.056604,0.075472,0.000000,0.150943,0.132075,0.000000,0.056604,0.000000,0.000000
Negative_F1133,0.162162,0.135135,0.000000,0.000000,0.027027,0.216216,0.000000,0.027027,0.027027,0.081081,0.000000,0.027027,0.000000,0.108108,0.054054,0.027027,0.027027,0.027027,0.027027,0.027027
Negative_F1200,0.043478,0.043478,0.043478,0.043478,0.021739,0.173913,0.000000,0.195652,0.173913,0.043478,0.021739,0.043478,0.000000,0.000000,0.043478,0.021739,0.021739,0.065217,0.000000,0.000000
Negative_F2343,0.000000,0.133333,0.080000,0.013333,0.053333,0.093333,0.000000,0.040000,0.080000,0.013333,0.013333,0.053333,0.053333,0.053333,0.053333,0.066667,0.053333,0.026667,0.106667,0.013333
Negative_F33,0.000000,0.142857,0.000000,0.000000,0.047619,0.119048,0.023810,0.095238,0.023810,0.000000,0.000000,0.047619,0.071429,0.047619,0.190476,0.023810,0.071429,0.071429,0.023810,0.000000
Negative_F1838,0.095238,0.031746,0.000000,0.031746,0.031746,0.031746,0.000000,0.031746,0.126984,0.095238,0.047619,0.047619,0.031746,0.111111,0.095238,0.031746,0.079365,0.031746,0.031746,0.015873
Negative_F546,0.086957,0.000000,0.086957,0.000000,0.043478,0.130435,0.000000,0.086957,0.130435,0.130435,0.000000,0.000000,0.000000,0.086957,0.000000,0.043478,0.086957,0.043478,0.043478,0.000000
Negative_F793,0.064516,0.145161,0.048387,0.016129,0.032258,0.064516,0.032258,0.000000,0.064516,0.112903,0.000000,0.080645,0.064516,0.000000,0.048387,0.064516,0.016129,0.032258,0.016129,0.096774
Negative_F2163,0.115385,0.000000,0.000000,0.000000,0.000000,0.153846,0.038462,0.038462,0.038462,0.192308,0.000000,0.076923,0.000000,0.038462,0.153846,0.000000,0.038462,0.000000,0.115385,0.000000
Negative_F1059,0.012195,0.158537,0.036585,0.097561,0.036585,0.097561,0.012195,0.048780,0.085366,0.012195,0.000000,0.000000,0.195122,0.024390,0.012195,0.073171,0.012195,0.024390,0.012195,0.048780
Negative_F1063,0.079365,0.126984,0.063492,0.000000,0.015873,0.126984,0.000000,0.063492,0.063492,0.063492,0.031746,0.031746,0.047619,0.031746,0.063492,0.079365,0.063492,0.031746,0.000000,0.015873
Negative_F1797,0.058824,0.000000,0.000000,0.000000,0.176471,0.058824,0.000000,0.058824,0.058824,0.352941,0.000000,0.000000,0.117647,0.000000,0.000000,0.058824,0.058824,0.000000,0.000000,0.000000
Negative_F2155,0.176471,0.000000,0.000000,0.000000,0.058824,0.117647,0.000000,0.058824,0.058824,0.294118,0.000000,0.000000,0.000000,0.058824,0.000000,0.058824,0.058824,0.058824,0.000000,0.000000
Negative_F159,0.045455,0.159091,0.000000,0.113636,0.000000,0.045455,0.022727,0.045455,0.090909,0.090909,0.000000,0.113636,0.022727,0.045455,0.068182,0.000000,0.000000,0.068182,0.022727,0.045455
Negative_F44,0.050000,0.000000,0.000000,0.000000,0.000000,0.250000,0.000000,0.100000,0.100000,0.300000,0.000000,0.000000,0.050000,0.000000,0.000000,0.050000,0.000000,0.100000,0.000000,0.000000
Negative_F1008,0.125000,0.083333,0.000000,0.000000,0.125000,0.041667,0.000000,0.166667,0.166667,0.083333,0.041667,0.000000,0.083333,0.000000,0.000000,0.041667,0.041667,0.000000,0.000000,0.000000
Negative_F632,0.000000,0.000000,0.000000,0.000000,0.076923,0.153846,0.000000,0.230769,0.076923,0.307692,0.000000,0.000000,0.076923,0.000000,0.000000,0.000000,0.076923,0.000000,0.000000,0.000000
Negative_F829,0.066667,0.133333,0.033333,0.033333,0.033333,0.066667,0.033333,0.000000,0.033333,0.066667,0.033333,0.100000,0.000000,0.000000,0.000000,0.100000,0.133333,0.000000,0.100000,0.033333
Negative_F1463,0.059406,0.019802,0.108911,0.049505,0.059406,0.059406,0.029703,0.059406,0.118812,0.069307,0.049505,0.049505,0.029703,0.029703,0.029703,0.089109,0.049505,0.009901,0.000000,0.029703
Negative_F1435,0.000000,0.058824,0.044118,0.220588,0.000000,0.000000,0.029412,0.000000,0.102941,0.000000,0.029412,0.014706,0.029412,0.205882,0.176471,0.000000,0.029412,0.000000,0.000000,0.058824
Negative_F2010,0.176471,0.117647,0.000000,0.000000,0.117647,0.000000,0.058824,0.058824,0.117647,0.058824,0.000000,0.058824,0.058824,0.000000,0.058824,0.000000,0.000000,0.117647,0.000000,0.000000
Negative_F1139,0.083333,0.000000,0.000000,0.000000,0.000000,0.083333,0.041667,0.000000,0.041667,0.250000,0.000000,0.000000,0.041667,0.000000,0.208333,0.125000,0.041667,0.000000,0.083333,0.000000
Negative_F1393,0.071429,0.214286,0.000000,0.035714,0.000000,0.071429,0.000000,0.142857,0.071429,0.000000,0.000000,0.035714,0.071429,0.000000,0.000000,0.071429,0.071429,0.071429,0.035714,0.035714
Negative_F208,0.227273,0.000000,0.000000,0.045455,0.090909,0.090909,0.090909,0.045455,0.045455,0.090909,0.000000,0.000000,0.045455,0.000000,0.000000,0.000000,0.000000,0.227273,0.000000,0.000000
Negative_F1447,0.272727,0.000000,0.000000,0.000000,0.000000,0.000000,0.000000,0.000000,0.045455,0.090909,0.000000,0.000000,0.090909,0.000000,0.000000,0.045455,0.227273,0.227273,0.000000,0.000000
Negative_F36,0.000000,0.142857,0.000000,0.000000,0.047619,0.142857,0.023810,0.071429,0.023810,0.000000,0.000000,0.023810,0.071429,0.047619,0.190476,0.000000,0.071429,0.095238,0.023810,0.023810
Negative_F1441,0.000000,0.129032,0.129032,0.032258,0.000000,0.032258,0.096774,0.000000,0.032258,0.000000,0.032258,0.000000,0.032258,0.193548,0.225806,0.064516,0.000000,0.000000,0.000000,0.000000
Negative_F1073,0.000000,0.095238,0.000000,0.000000,0.047619,0.238095,0.000000,0.095238,0.095238,0.142857,0.000000,0.047619,0.000000,0.000000,0.000000,0.142857,0.000000,0.095238,0.000000,0.000000
Negative_F1121,0.000000,0.133333,0.044444,0.022222,0.044444,0.088889,0.022222,0.066667,0.044444,0.022222,0.044444,0.066667,0.022222,0.022222,0.155556,0.111111,0.022222,0.044444,0.022222,0.000000
Negative_F715,0.157895,0.000000,0.000000,0.000000,0.105263,0.052632,0.157895,0.105263,0.052632,0.105263,0.000000,0.052632,0.052632,0.000000,0.000000,0.052632,0.000000,0.105263,0.000000,0.000000
Negative_F2111,0.076923,0.000000,0.000000,0.000000,0.307692,0.153846,0.000000,0.076923,0.076923,0.230769,0.000000,0.000000,0.076923,0.000000,0.000000,0.000000,0.000000,0.000000,0.000000,0.000000
Negative_F1831,0.162791,0.000000,0.023256,0.023256,0.046512,0.116279,0.023256,0.046512,0.162791,0.023256,0.023256,0.046512,0.000000,0.000000,0.046512,0.046512,0.046512,0.162791,0.000000,0.000000
Negative_F376,0.045455,0.000000,0.000000,0.000000,0.136364,0.181818,0.136364,0.181818,0.000000,0.045455,0.000000,0.000000,0.000000,0.000000,0.136364,0.045455,0.045455,0.045455,0.000000,0.000000
Negative_F1874,0.000000,0.129032,0.129032,0.096774,0.000000,0.064516,0.064516,0.000000,0.096774,0.000000,0.064516,0.000000,0.000000,0.064516,0.161290,0.032258,0.032258,0.000000,0.000000,0.064516
Negative_F219,0.000000,0.162162,0.054054,0.000000,0.027027,0.081081,0.027027,0.000000,0.135135,0.081081,0.000000,0.054054,0.081081,0.081081,0.027027,0.108108,0.054054,0.000000,0.000000,0.027027
Negative_F77,0.076923,0.000000,0.000000,0.000000,0.153846,0.076923,0.000000,0.076923,0.076923,0.384615,0.000000,0.000000,0.076923,0.000000,0.000000,0.076923,0.000000,0.000000,0.000000,0.000000
Negative_F9,0.000000,0.000000,0.000000,0.000000,0.050000,0.050000,0.000000,0.066667,0.000000,0.083333,0.000000,0.000000,0.466667,0.000000,0.283333,0.000000,0.000000,0.000000,0.000000,0.000000
Negative_F303,0.200000,0.000000,0.033333,0.000000,0.000000,0.166667,0.000000,0.066667,0.200000,0.100000,0.033333,0.000000,0.033333,0.033333,0.000000,0.000000,0.033333,0.033333,0.066667,0.000000
Negative_F1923,0.000000,0.052632,0.008772,0.008772,0.043860,0.263158,0.008772,0.070175,0.035088,0.043860,0.000000,0.043860,0.105263,0.061404,0.070175,0.078947,0.043860,0.008772,0.008772,0.043860
Negative_F2360,0.040000,0.000000,0.000000,0.000000,0.080000,0.080000,0.200000,0.320000,0.080000,0.000000,0.000000,0.040000,0.000000,0.000000,0.120000,0.040000,0.000000,0.000000,0.000000,0.000000
Negative_F1491,0.064516,0.064516,0.064516,0.000000,0.064516,0.129032,0.000000,0.064516,0.161290,0.096774,0.000000,0.032258,0.000000,0.032258,0.064516,0.000000,0.064516,0.064516,0.032258,0.000000
Negative_F1089,0.053333,0.133333,0.080000,0.026667,0.040000,0.053333,0.000000,0.013333,0.053333,0.040000,0.000000,0.080000,0.066667,0.026667,0.106667,0.093333,0.053333,0.026667,0.040000,0.013333
Negative_F2259,0.057692,0.115385,0.019231,0.019231,0.000000,0.115385,0.038462,0.057692,0.134615,0.019231,0.000000,0.076923,0.057692,0.038462,0.000000,0.115385,0.038462,0.019231,0.019231,0.057692
Negative_F2268,0.000000,0.179487,0.025641,0.102564,0.025641,0.051282,0.051282,0.000000,0.179487,0.025641,0.025641,0.000000,0.000000,0.025641,0.128205,0.102564,0.076923,0.000000,0.000000,0.000000
Negative_F95,0.142857,0.000000,0.028571,0.057143,0.028571,0.085714,0.000000,0.114286,0.171429,0.057143,0.000000,0.028571,0.028571,0.028571,0.085714,0.000000,0.000000,0.114286,0.028571,0.000000
Negative_F619,0.000000,0.333333,0.000000,0.000000,0.111111,0.111111,0.000000,0.000000,0.000000,0.000000,0.000000,0.000000,0.000000,0.000000,0.222222,0.000000,0.111111,0.111111,0.000000,0.000000
Negative_F1730,0.000000,0.000000,0.000000,0.058824,0.000000,0.117647,0.058824,0.117647,0.235294,0.176471,0.000000,0.000000,0.000000,0.058824,0.000000,0.000000,0.000000,0.117647,0.058824,0.000000
Negative_F1860,0.050000,0.100000,0.000000,0.000000,0.100000,0.100000,0.000000,0.100000,0.150000,0.000000,0.000000,0.150000,0.050000,0.000000,0.050000,0.000000,0.050000,0.050000,0.000000,0.050000
Negative_F2166,0.068966,0.068966,0.034483,0.068966,0.034483,0.068966,0.000000,0.034483,0.241379,0.034483,0.034483,0.068966,0.068966,0.000000,0.034483,0.068966,0.000000,0.068966,0.000000,0.000000
Negative_F2386,0.126214,0.000000,0.087379,0.067961,0.077670,0.145631,0.029126,0.019417,0.058252,0.009709,0.029126,0.029126,0.048544,0.038835,0.077670,0.038835,0.019417,0.009709,0.029126,0.058252
Negative_F1937,0.063291,0.050633,0.025316,0.025316,0.037975,0.063291,0.075949,0.063291,0.075949,0.025316,0.000000,0.025316,0.050633,0.063291,0.075949,0.075949,0.063291,0.075949,0.012658,0.050633
Negative_F800,0.037037,0.148148,0.092593,0.074074,0.018519,0.018519,0.018519,0.018519,0.129630,0.055556,0.000000,0.074074,0.018519,0.074074,0.037037,0.037037,0.000000,0.037037,0.000000,0.111111
Negative_F1406,0.080000,0.000000,0.000000,0.040000,0.040000,0.200000,0.000000,0.040000,0.160000,0.160000,0.000000,0.040000,0.040000,0.000000,0.000000,0.000000,0.120000,0.040000,0.040000,0.000000
Negative_F299,0.233333,0.000000,0.033333,0.000000,0.000000,0.166667,0.000000,0.000000,0.266667,0.066667,0.066667,0.000000,0.033333,0.033333,0.000000,0.000000,0.000000,0.000000,0.100000,0.000000
Negative_F1546,0.105769,0.096154,0.057692,0.028846,0.048077,0.096154,0.038462,0.048077,0.038462,0.009615,0.019231,0.038462,0.038462,0.028846,0.048077,0.076923,0.057692,0.057692,0.009615,0.057692
Negative_F1841,0.076923,0.153846,0.038462,0.019231,0.019231,0.076923,0.000000,0.076923,0.096154,0.019231,0.019231,0.057692,0.038462,0.019231,0.076923,0.076923,0.076923,0.038462,0.000000,0.019231
Negative_F2250,0.105263,0.000000,0.052632,0.000000,0.105263,0.052632,0.000000,0.157895,0.105263,0.105263,0.052632,0.000000,0.052632,0.000000,0.000000,0.105263,0.052632,0.052632,0.000000,0.000000
Negative_F537,0.050000,0.000000,0.025000,0.025000,0.025000,0.050000,0.075000,0.125000,0.075000,0.100000,0.025000,0.000000,0.025000,0.075000,0.150000,0.100000,0.050000,0.025000,0.000000,0.000000
Negative_F2069,0.076923,0.000000,0.000000,0.000000,0.230769,0.076923,0.000000,0.076923,0.076923,0.230769,0.000000,0.000000,0.000000,0.000000,0.000000,0.230769,0.000000,0.000000,0.000000,0.000000
Negative_F880,0.142857,0.000000,0.028571,0.028571,0.028571,0.114286,0.000000,0.142857,0.142857,0.000000,0.000000,0.028571,0.028571,0.057143,0.057143,0.000000,0.028571,0.142857,0.028571,0.000000
Negative_F69,0.000000,0.000000,0.000000,0.000000,0.000000,0.076923,0.000000,0.153846,0.000000,0.384615,0.000000,0.153846,0.076923,0.000000,0.000000,0.076923,0.000000,0.076923,0.000000,0.000000
Negative_F2373,0.025641,0.000000,0.000000,0.076923,0.051282,0.000000,0.025641,0.025641,0.205128,0.128205,0.000000,0.051282,0.025641,0.128205,0.051282,0.025641,0.076923,0.025641,0.000000,0.076923
Negative_F302,0.206897,0.000000,0.068966,0.034483,0.034483,0.103448,0.000000,0.034483,0.206897,0.068966,0.068966,0.000000,0.034483,0.000000,0.000000,0.000000,0.068966,0.000000,0.068966,0.000000
Negative_F2322,0.148148,0.000000,0.018519,0.000000,0.055556,0.148148,0.055556,0.037037,0.037037,0.055556,0.018519,0.092593,0.000000,0.074074,0.000000,0.018519,0.111111,0.037037,0.018519,0.074074
Negative_F411,0.160000,0.000000,0.000000,0.000000,0.040000,0.040000,0.080000,0.040000,0.200000,0.240000,0.000000,0.000000,0.000000,0.080000,0.000000,0.040000,0.040000,0.000000,0.040000,0.000000
Negative_F1993,0.000000,0.062500,0.000000,0.000000,0.125000,0.062500,0.062500,0.000000,0.187500,0.187500,0.000000,0.062500,0.125000,0.000000,0.000000,0.000000,0.000000,0.062500,0.000000,0.062500
Negative_F835,0.000000,0.111111,0.000000,0.037037,0.074074,0.111111,0.074074,0.074074,0.037037,0.000000,0.037037,0.074074,0.000000,0.037037,0.000000,0.148148,0.074074,0.074074,0.037037,0.000000
Negative_F280,0.062500,0.000000,0.062500,0.000000,0.062500,0.187500,0.000000,0.125000,0.125000,0.125000,0.000000,0.000000,0.000000,0.000000,0.000000,0.062500,0.000000,0.187500,0.000000,0.000000
Negative_F1334,0.050000,0.100000,0.000000,0.000000,0.050000,0.150000,0.000000,0.000000,0.050000,0.050000,0.000000,0.050000,0.150000,0.000000,0.050000,0.100000,0.050000,0.050000,0.050000,0.050000
Negative_F1354,0.064516,0.064516,0.032258,0.032258,0.032258,0.129032,0.000000,0.129032,0.161290,0.096774,0.000000,0.064516,0.000000,0.000000,0.032258,0.032258,0.064516,0.032258,0.032258,0.000000
Negative_F1478,0.053333,0.053333,0.026667,0.026667,0.040000,0.026667,0.026667,0.053333,0.146667,0.080000,0.013333,0.026667,0.053333,0.053333,0.053333,0.080000,0.093333,0.053333,0.013333,0.026667
Negative_F1541,0.101449,0.000000,0.028986,0.057971,0.028986,0.072464,0.000000,0.072464,0.275362,0.086957,0.043478,0.014493,0.000000,0.043478,0.014493,0.043478,0.014493,0.043478,0.014493,0.043478
Negative_F961,0.125000,0.150000,0.075000,0.000000,0.000000,0.075000,0.050000,0.000000,0.050000,0.125000,0.025000,0.075000,0.000000,0.000000,0.050000,0.075000,0.025000,0.075000,0.025000,0.000000
Negative_F1240,0.069767,0.116279,0.046512,0.000000,0.023256,0.116279,0.093023,0.023256,0.046512,0.023256,0.046512,0.000000,0.023256,0.000000,0.000000,0.162791,0.046512,0.000000,0.046512,0.116279
Negative_F2221,0.052632,0.210526,0.026316,0.000000,0.000000,0.105263,0.000000,0.078947,0.026316,0.000000,0.000000,0.000000,0.052632,0.052632,0.078947,0.210526,0.000000,0.000000,0.026316,0.078947
Negative_F133,0.052632,0.000000,0.000000,0.000000,0.052632,0.210526,0.000000,0.105263,0.052632,0.052632,0.105263,0.000000,0.000000,0.105263,0.000000,0.157895,0.052632,0.000000,0.052632,0.000000
Negative_F1877,0.078947,0.078947,0.052632,0.052632,0.026316,0.105263,0.039474,0.078947,0.171053,0.039474,0.026316,0.039474,0.026316,0.026316,0.026316,0.026316,0.013158,0.065789,0.013158,0.013158
Negative_F1235,0.021739,0.130435,0.065217,0.021739,0.000000,0.108696,0.021739,0.021739,0.043478,0.021739,0.000000,0.043478,0.130435,0.043478,0.130435,0.065217,0.021739,0.043478,0.043478,0.021739
Negative_F614,0.173913,0.000000,0.000000,0.000000,0.000000,0.173913,0.043478,0.043478,0.217391,0.130435,0.000000,0.000000,0.000000,0.043478,0.043478,0.043478,0.000000,0.000000,0.086957,0.000000
Negative_F950,0.192308,0.000000,0.000000,0.000000,0.038462,0.153846,0.076923,0.038462,0.038462,0.076923,0.000000,0.076923,0.000000,0.000000,0.038462,0.038462,0.038462,0.115385,0.076923,0.000000
Negative_F298,0.136364,0.000000,0.022727,0.068182,0.000000,0.045455,0.000000,0.045455,0.181818,0.090909,0.000000,0.090909,0.045455,0.000000,0.000000,0.068182,0.068182,0.068182,0.068182,0.000000
Negative_F425,0.160000,0.000000,0.080000,0.000000,0.000000,0.120000,0.040000,0.080000,0.160000,0.120000,0.040000,0.040000,0.000000,0.000000,0.000000,0.040000,0.000000,0.120000,0.000000,0.000000
Negative_F927,0.000000,0.147059,0.029412,0.000000,0.029412,0.147059,0.029412,0.117647,0.088235,0.029412,0.000000,0.029412,0.058824,0.029412,0.088235,0.029412,0.058824,0.029412,0.000000,0.058824
Negative_F1319,0.117647,0.117647,0.058824,0.000000,0.176471,0.176471,0.000000,0.000000,0.176471,0.058824,0.000000,0.000000,0.058824,0.000000,0.058824,0.000000,0.000000,0.000000,0.000000,0.000000
Negative_F1238,0.032787,0.000000,0.000000,0.000000,0.000000,0.377049,0.000000,0.016393,0.163934,0.000000,0.016393,0.000000,0.016393,0.016393,0.065574,0.262295,0.032787,0.000000,0.000000,0.000000
Negative_F1843,0.055556,0.222222,0.055556,0.055556,0.055556,0.055556,0.000000,0.000000,0.000000,0.111111,0.000000,0.000000,0.000000,0.000000,0.000000,0.222222,0.055556,0.000000,0.111111,0.000000
Negative_F1532,0.050000,0.025000,0.050000,0.075000,0.025000,0.050000,0.025000,0.062500,0.037500,0.062500,0.000000,0.025000,0.050000,0.037500,0.112500,0.075000,0.062500,0.087500,0.050000,0.037500
Negative_F2269,0.142857,0.000000,0.071429,0.000000,0.000000,0.071429,0.000000,0.000000,0.178571,0.142857,0.035714,0.107143,0.000000,0.035714,0.000000,0.000000,0.035714,0.142857,0.035714,0.000000
Negative_F2313,0.128205,0.000000,0.025641,0.051282,0.025641,0.128205,0.000000,0.153846,0.179487,0.000000,0.000000,0.025641,0.025641,0.000000,0.051282,0.025641,0.051282,0.076923,0.025641,0.025641
Negative_F1345,0.107143,0.071429,0.107143,0.000000,0.071429,0.035714,0.000000,0.071429,0.178571,0.142857,0.000000,0.071429,0.000000,0.035714,0.000000,0.000000,0.071429,0.035714,0.000000,0.000000
Negative_F1990,0.036585,0.158537,0.048780,0.060976,0.048780,0.073171,0.048780,0.048780,0.024390,0.085366,0.000000,0.012195,0.219512,0.012195,0.012195,0.073171,0.024390,0.000000,0.000000,0.012195
Negative_F2267,0.000000,0.000000,0.000000,0.000000,0.200000,0.050000,0.050000,0.000000,0.100000,0.200000,0.000000,0.050000,0.100000,0.000000,0.050000,0.050000,0.050000,0.050000,0.050000,0.000000
Negative_F1336,0.117647,0.117647,0.000000,0.000000,0.058824,0.058824,0.000000,0.000000,0.117647,0.058824,0.000000,0.058824,0.117647,0.000000,0.058824,0.058824,0.058824,0.000000,0.058824,0.058824
Negative_F1273,0.000000,0.000000,0.000000,0.000000,0.083333,0.083333,0.000000,0.083333,0.250000,0.111111,0.000000,0.083333,0.083333,0.000000,0.138889,0.027778,0.000000,0.055556,0.000000,0.000000
Negative_F300,0.166667,0.000000,0.033333,0.033333,0.000000,0.133333,0.000000,0.033333,0.233333,0.100000,0.000000,0.000000,0.033333,0.066667,0.000000,0.000000,0.033333,0.033333,0.100000,0.000000
Negative_F1895,0.000000,0.054054,0.000000,0.000000,0.000000,0.135135,0.000000,0.027027,0.054054,0.054054,0.027027,0.054054,0.108108,0.027027,0.216216,0.081081,0.027027,0.054054,0.027027,0.054054
Negative_F1352,0.062500,0.125000,0.000000,0.000000,0.000000,0.062500,0.062500,0.062500,0.000000,0.000000,0.000000,0.062500,0.062500,0.062500,0.062500,0.062500,0.187500,0.062500,0.062500,0.000000
Negative_F2284,0.091667,0.008333,0.033333,0.016667,0.075000,0.133333,0.033333,0.016667,0.008333,0.083333,0.008333,0.050000,0.100000,0.058333,0.066667,0.075000,0.025000,0.041667,0.025000,0.050000
Negative_F2088,0.067961,0.000000,0.029126,0.038835,0.019417,0.165049,0.019417,0.058252,0.106796,0.077670,0.019417,0.019417,0.009709,0.019417,0.135922,0.019417,0.067961,0.087379,0.000000,0.038835
Negative_F983,0.000000,0.000000,0.000000,0.000000,0.000000,0.590909,0.000000,0.000000,0.000000,0.363636,0.000000,0.000000,0.045455,0.000000,0.000000,0.000000,0.000000,0.000000,0.000000,0.000000
Negative_F2335,0.000000,0.000000,0.000000,0.000000,0.083333,0.000000,0.000000,0.083333,0.250000,0.250000,0.083333,0.000000,0.000000,0.000000,0.083333,0.000000,0.000000,0.000000,0.166667,0.000000
Negative_F430,0.026316,0.157895,0.000000,0.000000,0.026316,0.157895,0.052632,0.026316,0.000000,0.078947,0.000000,0.026316,0.026316,0.026316,0.131579,0.105263,0.052632,0.000000,0.026316,0.078947
Negative_F378,0.000000,0.000000,0.000000,0.086957,0.000000,0.086957,0.086957,0.130435,0.130435,0.130435,0.000000,0.086957,0.000000,0.043478,0.000000,0.043478,0.043478,0.130435,0.000000,0.000000
Negative_F2348,0.062500,0.000000,0.000000,0.000000,0.125000,0.062500,0.000000,0.250000,0.187500,0.000000,0.000000,0.000000,0.000000,0.000000,0.125000,0.062500,0.000000,0.062500,0.062500,0.000000
Negative_F687,0.000000,0.086957,0.000000,0.000000,0.000000,0.086957,0.000000,0.043478,0.217391,0.173913,0.000000,0.000000,0.000000,0.043478,0.000000,0.043478,0.086957,0.217391,0.000000,0.000000
Negative_F920,0.130435,0.043478,0.043478,0.000000,0.043478,0.173913,0.000000,0.000000,0.130435,0.086957,0.000000,0.000000,0.000000,0.000000,0.043478,0.086957,0.000000,0.130435,0.000000,0.086957
Negative_F1098,0.043478,0.000000,0.000000,0.000000,0.000000,0.000000,0.000000,0.086957,0.000000,0.043478,0.000000,0.000000,0.347826,0.086957,0.130435,0.000000,0.086957,0.000000,0.000000,0.173913
Negative_F1242,0.000000,0.000000,0.000000,0.076923,0.153846,0.076923,0.000000,0.000000,0.076923,0.076923,0.000000,0.076923,0.153846,0.076923,0.000000,0.230769,0.000000,0.000000,0.000000,0.000000
Negative_F460,0.071429,0.071429,0.071429,0.000000,0.000000,0.107143,0.000000,0.107143,0.178571,0.107143,0.035714,0.035714,0.000000,0.000000,0.000000,0.000000,0.142857,0.071429,0.000000,0.000000
Negative_F1561,0.071429,0.071429,0.053571,0.035714,0.017857,0.017857,0.053571,0.053571,0.053571,0.142857,0.000000,0.017857,0.089286,0.107143,0.053571,0.053571,0.035714,0.053571,0.000000,0.017857
Negative_F484,0.150000,0.100000,0.000000,0.000000,0.150000,0.000000,0.000000,0.000000,0.150000,0.300000,0.000000,0.000000,0.050000,0.000000,0.000000,0.050000,0.000000,0.050000,0.000000,0.000000
Negative_F627,0.034483,0.000000,0.000000,0.275862,0.068966,0.103448,0.000000,0.000000,0.068966,0.034483,0.068966,0.000000,0.137931,0.000000,0.034483,0.103448,0.000000,0.000000,0.000000,0.068966
Negative_F71,0.000000,0.000000,0.000000,0.000000,0.153846,0.153846,0.000000,0.230769,0.000000,0.153846,0.000000,0.076923,0.076923,0.000000,0.076923,0.000000,0.000000,0.076923,0.000000,0.000000
Negative_F48,0.111111,0.000000,0.000000,0.037037,0.074074,0.148148,0.000000,0.074074,0.148148,0.148148,0.000000,0.000000,0.000000,0.037037,0.000000,0.074074,0.074074,0.037037,0.000000,0.037037
Negative_F278,0.243243,0.000000,0.027027,0.054054,0.027027,0.027027,0.000000,0.081081,0.027027,0.000000,0.000000,0.027027,0.054054,0.000000,0.108108,0.081081,0.081081,0.135135,0.027027,0.000000
Negative_F1400,0.037037,0.000000,0.000000,0.000000,0.037037,0.148148,0.037037,0.074074,0.111111,0.222222,0.000000,0.000000,0.111111,0.074074,0.037037,0.037037,0.000000,0.074074,0.000000,0.000000
Negative_F2431,0.000000,0.333333,0.000000,0.000000,0.111111,0.111111,0.000000,0.000000,0.000000,0.000000,0.000000,0.000000,0.000000,0.000000,0.333333,0.000000,0.000000,0.111111,0.000000,0.000000
Negative_F1826,0.093750,0.187500,0.000000,0.000000,0.031250,0.062500,0.062500,0.062500,0.093750,0.062500,0.000000,0.062500,0.000000,0.062500,0.062500,0.093750,0.031250,0.000000,0.000000,0.031250
Negative_F1310,0.000000,0.095238,0.000000,0.047619,0.047619,0.238095,0.000000,0.095238,0.142857,0.142857,0.047619,0.000000,0.000000,0.000000,0.000000,0.047619,0.047619,0.047619,0.000000,0.000000
Negative_F2000,0.083333,0.083333,0.000000,0.000000,0.083333,0.000000,0.000000,0.000000,0.250000,0.166667,0.083333,0.083333,0.000000,0.000000,0.083333,0.083333,0.000000,0.000000,0.000000,0.000000
Negative_F81,0.071429,0.000000,0.000000,0.000000,0.071429,0.071429,0.000000,0.142857,0.142857,0.214286,0.071429,0.142857,0.000000,0.000000,0.000000,0.000000,0.071429,0.000000,0.000000,0.000000
Negative_F2332,0.000000,0.060606,0.030303,0.000000,0.030303,0.212121,0.000000,0.030303,0.151515,0.151515,0.000000,0.030303,0.000000,0.030303,0.000000,0.121212,0.000000,0.151515,0.000000,0.000000
Negative_F293,0.029412,0.000000,0.058824,0.058824,0.058824,0.117647,0.000000,0.147059,0.088235,0.088235,0.000000,0.000000,0.000000,0.058824,0.264706,0.029412,0.000000,0.000000,0.000000,0.000000
Negative_F915,0.052632,0.078947,0.026316,0.026316,0.000000,0.157895,0.052632,0.052632,0.078947,0.157895,0.000000,0.026316,0.026316,0.026316,0.026316,0.131579,0.000000,0.052632,0.000000,0.026316
Negative_F2403,0.142857,0.171429,0.028571,0.028571,0.000000,0.114286,0.000000,0.028571,0.114286,0.085714,0.057143,0.028571,0.028571,0.057143,0.000000,0.028571,0.057143,0.028571,0.000000,0.000000
Negative_F1500,0.105263,0.105263,0.000000,0.000000,0.157895,0.052632,0.000000,0.105263,0.157895,0.105263,0.000000,0.000000,0.052632,0.000000,0.000000,0.000000,0.157895,0.000000,0.000000,0.000000
Negative_F122,0.000000,0.333333,0.000000,0.000000,0.000000,0.111111,0.000000,0.000000,0.000000,0.000000,0.000000,0.000000,0.000000,0.000000,0.333333,0.000000,0.000000,0.222222,0.000000,0.000000
Negative_F787,0.000000,0.176471,0.000000,0.088235,0.029412,0.088235,0.029412,0.088235,0.117647,0.000000,0.000000,0.000000,0.088235,0.000000,0.088235,0.029412,0.029412,0.058824,0.029412,0.058824
Negative_F1343,0.000000,0.000000,0.000000,0.000000,0.000000,0.166667,0.083333,0.166667,0.083333,0.166667,0.083333,0.000000,0.000000,0.000000,0.083333,0.083333,0.000000,0.000000,0.083333,0.000000
Negative_F1948,0.045455,0.121212,0.045455,0.045455,0.015152,0.121212,0.015152,0.045455,0.030303,0.015152,0.000000,0.015152,0.136364,0.030303,0.106061,0.060606,0.060606,0.075758,0.000000,0.015152
Negative_F1284,0.032258,0.193548,0.000000,0.032258,0.032258,0.096774,0.000000,0.129032,0.064516,0.000000,0.000000,0.064516,0.064516,0.000000,0.000000,0.161290,0.000000,0.096774,0.000000,0.032258
Negative_F1214,0.000000,0.000000,0.000000,0.000000,0.000000,0.000000,0.000000,0.071429,0.000000,0.000000,0.000000,0.071429,0.357143,0.000000,0.357143,0.000000,0.000000,0.000000,0.000000,0.142857
Negative_F1851,0.000000,0.000000,0.075000,0.175000,0.025000,0.025000,0.000000,0.025000,0.250000,0.050000,0.000000,0.025000,0.075000,0.050000,0.000000,0.075000,0.075000,0.075000,0.000000,0.000000
Negative_F1556,0.000000,0.139535,0.116279,0.116279,0.023256,0.023256,0.000000,0.069767,0.116279,0.069767,0.023256,0.000000,0.023256,0.023256,0.116279,0.046512,0.046512,0.000000,0.000000,0.046512
Negative_F18,0.062500,0.000000,0.062500,0.000000,0.062500,0.187500,0.000000,0.187500,0.125000,0.125000,0.000000,0.000000,0.000000,0.000000,0.000000,0.062500,0.000000,0.125000,0.000000,0.000000
Negative_F1684,0.000000,0.046512,0.232558,0.046512,0.000000,0.069767,0.046512,0.046512,0.093023,0.046512,0.023256,0.023256,0.023256,0.139535,0.046512,0.046512,0.023256,0.023256,0.023256,0.000000
Negative_F1623,0.078431,0.019608,0.039216,0.058824,0.039216,0.078431,0.019608,0.068627,0.058824,0.058824,0.029412,0.049020,0.039216,0.049020,0.029412,0.078431,0.068627,0.078431,0.019608,0.039216
Negative_F1126,0.019231,0.115385,0.038462,0.038462,0.057692,0.038462,0.019231,0.038462,0.153846,0.038462,0.000000,0.057692,0.038462,0.000000,0.057692,0.057692,0.115385,0.076923,0.019231,0.019231
Negative_F923,0.054054,0.162162,0.000000,0.054054,0.027027,0.108108,0.000000,0.027027,0.189189,0.081081,0.000000,0.054054,0.000000,0.000000,0.081081,0.027027,0.027027,0.054054,0.000000,0.054054
Negative_F1809,0.086957,0.000000,0.000000,0.043478,0.130435,0.217391,0.043478,0.043478,0.173913,0.086957,0.043478,0.000000,0.000000,0.000000,0.000000,0.086957,0.000000,0.043478,0.000000,0.000000
Negative_F1735,0.193548,0.129032,0.032258,0.032258,0.000000,0.032258,0.000000,0.000000,0.000000,0.129032,0.000000,0.032258,0.000000,0.000000,0.000000,0.129032,0.129032,0.096774,0.064516,0.000000
Negative_F2419,0.153846,0.000000,0.051282,0.051282,0.025641,0.102564,0.000000,0.128205,0.051282,0.051282,0.000000,0.051282,0.000000,0.076923,0.102564,0.000000,0.102564,0.025641,0.025641,0.000000
Negative_F327,0.153846,0.000000,0.000000,0.000000,0.230769,0.076923,0.000000,0.153846,0.076923,0.153846,0.000000,0.000000,0.000000,0.000000,0.000000,0.153846,0.000000,0.000000,0.000000,0.000000
Negative_F1123,0.000000,0.157895,0.052632,0.000000,0.105263,0.105263,0.000000,0.000000,0.052632,0.052632,0.000000,0.052632,0.052632,0.052632,0.052632,0.105263,0.105263,0.052632,0.000000,0.000000
Negative_F361,0.000000,0.000000,0.000000,0.076923,0.076923,0.076923,0.076923,0.000000,0.076923,0.000000,0.076923,0.000000,0.076923,0.000000,0.076923,0.153846,0.000000,0.076923,0.076923,0.076923
Negative_F1189,0.142857,0.000000,0.071429,0.000000,0.000000,0.000000,0.071429,0.071429,0.071429,0.214286,0.000000,0.000000,0.000000,0.071429,0.000000,0.071429,0.071429,0.142857,0.000000,0.000000
Negative_F437,0.055556,0.000000,0.055556,0.000000,0.111111,0.055556,0.000000,0.055556,0.111111,0.055556,0.111111,0.111111,0.000000,0.055556,0.055556,0.111111,0.000000,0.055556,0.000000,0.000000
Negative_F1562,0.061404,0.052632,0.035088,0.052632,0.008772,0.052632,0.070175,0.043860,0.078947,0.052632,0.017544,0.026316,0.026316,0.035088,0.140351,0.114035,0.061404,0.061404,0.008772,0.000000
Negative_F1432,0.086957,0.086957,0.032609,0.010870,0.021739,0.065217,0.000000,0.043478,0.043478,0.043478,0.032609,0.065217,0.043478,0.000000,0.054348,0.239130,0.043478,0.076087,0.000000,0.010870
Negative_F2051,0.074074,0.000000,0.074074,0.000000,0.074074,0.111111,0.000000,0.074074,0.111111,0.111111,0.000000,0.037037,0.037037,0.000000,0.000000,0.222222,0.000000,0.037037,0.037037,0.000000
Negative_F434,0.227273,0.000000,0.090909,0.045455,0.045455,0.045455,0.045455,0.136364,0.136364,0.090909,0.000000,0.000000,0.000000,0.090909,0.000000,0.000000,0.000000,0.045455,0.000000,0.000000
Negative_F814,0.066667,0.000000,0.033333,0.000000,0.066667,0.166667,0.033333,0.100000,0.066667,0.033333,0.000000,0.066667,0.000000,0.000000,0.100000,0.100000,0.000000,0.133333,0.000000,0.033333
Negative_F511,0.054054,0.054054,0.027027,0.027027,0.027027,0.162162,0.000000,0.081081,0.189189,0.162162,0.054054,0.027027,0.000000,0.000000,0.000000,0.081081,0.000000,0.054054,0.000000,0.000000
Negative_F418,0.024390,0.146341,0.024390,0.000000,0.024390,0.146341,0.024390,0.073171,0.121951,0.048780,0.000000,0.000000,0.121951,0.024390,0.048780,0.024390,0.073171,0.048780,0.000000,0.024390
Negative_F917,0.000000,0.133333,0.000000,0.000000,0.000000,0.066667,0.000000,0.066667,0.066667,0.000000,0.000000,0.000000,0.000000,0.000000,0.200000,0.133333,0.066667,0.133333,0.000000,0.133333
Negative_F251,0.030303,0.181818,0.000000,0.030303,0.060606,0.151515,0.030303,0.030303,0.000000,0.060606,0.000000,0.030303,0.000000,0.000000,0.151515,0.090909,0.090909,0.060606,0.000000,0.000000
Negative_F1549,0.000000,0.000000,0.000000,0.040000,0.160000,0.080000,0.000000,0.000000,0.160000,0.240000,0.000000,0.000000,0.040000,0.040000,0.040000,0.160000,0.000000,0.040000,0.000000,0.000000
Negative_F1449,0.000000,0.000000,0.000000,0.000000,0.153846,0.153846,0.000000,0.000000,0.076923,0.384615,0.000000,0.076923,0.076923,0.000000,0.000000,0.000000,0.000000,0.076923,0.000000,0.000000
Negative_F1283,0.000000,0.200000,0.000000,0.033333,0.033333,0.100000,0.000000,0.133333,0.033333,0.000000,0.000000,0.033333,0.066667,0.000000,0.033333,0.200000,0.000000,0.100000,0.000000,0.033333
Negative_F1444,0.027778,0.166667,0.027778,0.055556,0.000000,0.111111,0.027778,0.055556,0.138889,0.055556,0.000000,0.027778,0.027778,0.000000,0.000000,0.083333,0.055556,0.027778,0.000000,0.111111
Negative_F623,0.000000,0.400000,0.000000,0.000000,0.100000,0.100000,0.000000,0.000000,0.000000,0.050000,0.050000,0.000000,0.050000,0.000000,0.250000,0.000000,0.000000,0.000000,0.000000,0.000000
Negative_F980,0.000000,0.000000,0.000000,0.086957,0.043478,0.043478,0.086957,0.043478,0.086957,0.173913,0.000000,0.086957,0.130435,0.086957,0.086957,0.000000,0.000000,0.043478,0.000000,0.000000
Negative_F2049,0.000000,0.000000,0.000000,0.038462,0.153846,0.115385,0.000000,0.038462,0.230769,0.153846,0.038462,0.000000,0.038462,0.000000,0.038462,0.076923,0.038462,0.038462,0.000000,0.000000
Negative_F99,0.250000,0.000000,0.027778,0.055556,0.027778,0.055556,0.000000,0.055556,0.055556,0.055556,0.000000,0.027778,0.055556,0.055556,0.083333,0.027778,0.055556,0.083333,0.027778,0.000000
Negative_F2358,0.052632,0.157895,0.000000,0.000000,0.052632,0.157895,0.052632,0.052632,0.052632,0.052632,0.000000,0.026316,0.026316,0.052632,0.157895,0.026316,0.052632,0.000000,0.000000,0.026316
Negative_F188,0.075000,0.150000,0.025000,0.000000,0.025000,0.175000,0.050000,0.050000,0.025000,0.075000,0.000000,0.050000,0.000000,0.025000,0.075000,0.050000,0.050000,0.075000,0.000000,0.025000
Negative_F567,0.027027,0.000000,0.027027,0.027027,0.081081,0.135135,0.000000,0.081081,0.216216,0.108108,0.000000,0.054054,0.027027,0.027027,0.108108,0.027027,0.027027,0.027027,0.000000,0.000000
Negative_F1537,0.000000,0.000000,0.000000,0.000000,0.090909,0.181818,0.136364,0.045455,0.045455,0.136364,0.000000,0.000000,0.000000,0.000000,0.045455,0.090909,0.045455,0.136364,0.000000,0.045455
Negative_F1981,0.000000,0.200000,0.033333,0.033333,0.000000,0.200000,0.033333,0.066667,0.066667,0.033333,0.000000,0.033333,0.033333,0.000000,0.066667,0.033333,0.100000,0.033333,0.000000,0.033333
Negative_F2378,0.119048,0.000000,0.000000,0.023810,0.000000,0.166667,0.047619,0.047619,0.119048,0.047619,0.000000,0.119048,0.023810,0.023810,0.071429,0.000000,0.023810,0.142857,0.000000,0.023810
Negative_F2242,0.066667,0.000000,0.000000,0.133333,0.133333,0.066667,0.000000,0.066667,0.266667,0.066667,0.000000,0.066667,0.000000,0.066667,0.000000,0.000000,0.000000,0.000000,0.066667,0.000000
Negative_F788,0.121951,0.146341,0.024390,0.000000,0.048780,0.121951,0.024390,0.073171,0.024390,0.048780,0.000000,0.048780,0.073171,0.073171,0.048780,0.024390,0.073171,0.024390,0.000000,0.000000
Negative_F1803,0.206897,0.068966,0.034483,0.000000,0.000000,0.068966,0.000000,0.034483,0.172414,0.206897,0.000000,0.000000,0.000000,0.068966,0.000000,0.068966,0.068966,0.000000,0.000000,0.000000
Negative_F591,0.310345,0.000000,0.034483,0.000000,0.034483,0.120690,0.017241,0.068966,0.017241,0.137931,0.017241,0.000000,0.017241,0.017241,0.017241,0.034483,0.086207,0.017241,0.034483,0.017241
Negative_F2114,0.066667,0.000000,0.000000,0.000000,0.066667,0.266667,0.000000,0.066667,0.133333,0.266667,0.066667,0.000000,0.000000,0.000000,0.000000,0.000000,0.066667,0.000000,0.000000,0.000000
Negative_F1081,0.119048,0.142857,0.047619,0.000000,0.023810,0.071429,0.023810,0.023810,0.071429,0.047619,0.000000,0.000000,0.047619,0.047619,0.071429,0.142857,0.047619,0.047619,0.023810,0.000000
Negative_F895,0.043478,0.130435,0.021739,0.021739,0.021739,0.108696,0.000000,0.086957,0.065217,0.000000,0.000000,0.065217,0.065217,0.000000,0.086957,0.130435,0.086957,0.021739,0.000000,0.043478
Negative_F975,0.208333,0.083333,0.000000,0.041667,0.041667,0.041667,0.041667,0.041667,0.083333,0.041667,0.083333,0.000000,0.041667,0.041667,0.000000,0.041667,0.000000,0.125000,0.000000,0.041667
Negative_F1438,0.045455,0.000000,0.045455,0.000000,0.045455,0.136364,0.090909,0.045455,0.136364,0.045455,0.045455,0.000000,0.136364,0.000000,0.000000,0.090909,0.000000,0.090909,0.045455,0.000000
Negative_F1156,0.071429,0.000000,0.000000,0.000000,0.000000,0.142857,0.000000,0.142857,0.214286,0.285714,0.000000,0.071429,0.000000,0.000000,0.000000,0.000000,0.000000,0.000000,0.071429,0.000000
Negative_F120,0.000000,0.136364,0.000000,0.000000,0.045455,0.113636,0.000000,0.022727,0.000000,0.068182,0.000000,0.022727,0.068182,0.068182,0.136364,0.090909,0.068182,0.045455,0.000000,0.113636
Negative_F2013,0.000000,0.000000,0.066667,0.000000,0.133333,0.200000,0.000000,0.066667,0.066667,0.133333,0.000000,0.000000,0.066667,0.000000,0.000000,0.200000,0.000000,0.000000,0.066667,0.000000
Negative_F440,0.065217,0.173913,0.021739,0.021739,0.000000,0.065217,0.000000,0.043478,0.086957,0.021739,0.000000,0.065217,0.108696,0.000000,0.086957,0.021739,0.108696,0.065217,0.000000,0.043478
Negative_F937,0.200000,0.000000,0.000000,0.133333,0.000000,0.066667,0.000000,0.066667,0.066667,0.133333,0.000000,0.000000,0.066667,0.133333,0.000000,0.066667,0.066667,0.000000,0.000000,0.000000
Negative_F1061,0.063830,0.000000,0.042553,0.063830,0.021277,0.106383,0.000000,0.042553,0.127660,0.021277,0.021277,0.042553,0.127660,0.042553,0.000000,0.063830,0.042553,0.085106,0.000000,0.085106
Negative_F2257,0.318182,0.000000,0.000000,0.000000,0.136364,0.090909,0.045455,0.000000,0.090909,0.045455,0.000000,0.045455,0.000000,0.000000,0.136364,0.000000,0.000000,0.000000,0.090909,0.000000
Negative_F2239,0.100000,0.000000,0.000000,0.100000,0.050000,0.150000,0.000000,0.050000,0.000000,0.100000,0.000000,0.050000,0.050000,0.000000,0.100000,0.050000,0.050000,0.100000,0.000000,0.050000
Negative_F1737,0.250000,0.000000,0.031250,0.000000,0.000000,0.078125,0.000000,0.187500,0.109375,0.046875,0.015625,0.000000,0.000000,0.000000,0.000000,0.093750,0.093750,0.031250,0.015625,0.046875
Negative_F1297,0.151515,0.060606,0.030303,0.000000,0.030303,0.090909,0.000000,0.030303,0.090909,0.181818,0.000000,0.121212,0.000000,0.000000,0.000000,0.121212,0.060606,0.030303,0.000000,0.000000
Negative_F1211,0.216216,0.054054,0.000000,0.027027,0.054054,0.135135,0.027027,0.027027,0.108108,0.135135,0.027027,0.054054,0.000000,0.027027,0.000000,0.027027,0.054054,0.027027,0.000000,0.000000
Negative_F1327,0.148148,0.000000,0.000000,0.000000,0.037037,0.222222,0.037037,0.037037,0.111111,0.222222,0.000000,0.000000,0.037037,0.074074,0.000000,0.074074,0.000000,0.000000,0.000000,0.000000
Negative_F1459,0.051546,0.061856,0.020619,0.041237,0.061856,0.072165,0.041237,0.041237,0.061856,0.041237,0.030928,0.061856,0.072165,0.020619,0.082474,0.103093,0.051546,0.051546,0.000000,0.030928
Negative_F861,0.078431,0.078431,0.019608,0.039216,0.058824,0.058824,0.019608,0.039216,0.117647,0.039216,0.019608,0.039216,0.019608,0.019608,0.156863,0.098039,0.019608,0.039216,0.019608,0.019608
Negative_F1615,0.171429,0.000000,0.000000,0.057143,0.014286,0.128571,0.000000,0.085714,0.114286,0.085714,0.014286,0.014286,0.014286,0.000000,0.028571,0.057143,0.057143,0.114286,0.028571,0.014286
Negative_F1102,0.100000,0.100000,0.000000,0.033333,0.033333,0.233333,0.000000,0.133333,0.000000,0.066667,0.000000,0.033333,0.000000,0.000000,0.000000,0.100000,0.066667,0.100000,0.000000,0.000000
Negative_F1107,0.020833,0.041667,0.083333,0.052083,0.062500,0.125000,0.010417,0.062500,0.083333,0.020833,0.031250,0.041667,0.052083,0.031250,0.072917,0.041667,0.031250,0.062500,0.031250,0.041667
Negative_F865,0.222222,0.000000,0.000000,0.000000,0.000000,0.000000,0.000000,0.166667,0.222222,0.222222,0.000000,0.000000,0.000000,0.000000,0.055556,0.000000,0.000000,0.111111,0.000000,0.000000
Negative_F1062,0.040000,0.106667,0.040000,0.026667,0.026667,0.160000,0.026667,0.013333,0.053333,0.026667,0.026667,0.013333,0.066667,0.026667,0.120000,0.120000,0.026667,0.066667,0.013333,0.000000
Negative_F1395,0.000000,0.206897,0.000000,0.068966,0.034483,0.103448,0.000000,0.034483,0.034483,0.034483,0.000000,0.068966,0.068966,0.034483,0.034483,0.068966,0.034483,0.068966,0.000000,0.103448
Negative_F2070,0.136364,0.000000,0.045455,0.000000,0.090909,0.136364,0.181818,0.045455,0.045455,0.090909,0.045455,0.000000,0.000000,0.000000,0.045455,0.045455,0.000000,0.045455,0.045455,0.000000
Negative_F970,0.027027,0.000000,0.054054,0.108108,0.027027,0.081081,0.000000,0.081081,0.027027,0.081081,0.000000,0.054054,0.162162,0.000000,0.189189,0.054054,0.054054,0.000000,0.000000,0.000000
Negative_F2436,0.026316,0.000000,0.078947,0.105263,0.210526,0.184211,0.000000,0.000000,0.000000,0.000000,0.000000,0.052632,0.026316,0.026316,0.026316,0.105263,0.000000,0.157895,0.000000,0.000000
Negative_F943,0.000000,0.000000,0.000000,0.090909,0.181818,0.090909,0.000000,0.000000,0.000000,0.000000,0.090909,0.000000,0.000000,0.000000,0.000000,0.181818,0.090909,0.181818,0.000000,0.090909
Negative_F1973,0.187500,0.000000,0.000000,0.000000,0.000000,0.062500,0.062500,0.125000,0.187500,0.125000,0.125000,0.000000,0.000000,0.000000,0.000000,0.125000,0.000000,0.000000,0.000000,0.000000
Negative_F2380,0.250000,0.083333,0.000000,0.000000,0.083333,0.000000,0.000000,0.083333,0.000000,0.083333,0.000000,0.000000,0.000000,0.000000,0.166667,0.000000,0.083333,0.083333,0.083333,0.000000
Negative_F487,0.000000,0.000000,0.000000,0.000000,0.000000,0.214286,0.000000,0.214286,0.071429,0.357143,0.000000,0.000000,0.071429,0.000000,0.000000,0.071429,0.000000,0.000000,0.000000,0.000000
Negative_F1462,0.060403,0.040268,0.040268,0.053691,0.033557,0.073826,0.020134,0.026846,0.046980,0.073826,0.006711,0.046980,0.067114,0.020134,0.053691,0.154362,0.040268,0.053691,0.040268,0.046980
Negative_F2328,0.080000,0.040000,0.040000,0.080000,0.000000,0.120000,0.000000,0.040000,0.080000,0.040000,0.000000,0.000000,0.000000,0.080000,0.120000,0.080000,0.120000,0.040000,0.040000,0.000000
Negative_F66,0.108108,0.054054,0.054054,0.000000,0.054054,0.135135,0.000000,0.054054,0.162162,0.108108,0.027027,0.000000,0.000000,0.054054,0.000000,0.081081,0.054054,0.054054,0.000000,0.000000
Negative_F135,0.000000,0.000000,0.000000,0.000000,0.000000,0.062500,0.000000,0.000000,0.062500,0.062500,0.000000,0.125000,0.312500,0.000000,0.125000,0.000000,0.125000,0.062500,0.000000,0.062500
Negative_F1004,0.208333,0.083333,0.000000,0.000000,0.041667,0.083333,0.000000,0.125000,0.166667,0.041667,0.041667,0.000000,0.041667,0.000000,0.000000,0.000000,0.083333,0.041667,0.000000,0.041667
Negative_F109,0.000000,0.000000,0.000000,0.000000,0.000000,0.000000,0.000000,0.000000,0.454545,0.454545,0.000000,0.000000,0.000000,0.000000,0.000000,0.000000,0.000000,0.000000,0.090909,0.000000
Negative_F902,0.162162,0.000000,0.027027,0.000000,0.013514,0.189189,0.013514,0.040541,0.027027,0.040541,0.054054,0.054054,0.094595,0.054054,0.027027,0.054054,0.027027,0.094595,0.027027,0.000000
Negative_F1547,0.070423,0.000000,0.070423,0.126761,0.028169,0.028169,0.028169,0.028169,0.098592,0.084507,0.014085,0.014085,0.098592,0.000000,0.084507,0.098592,0.056338,0.056338,0.014085,0.000000
Negative_F1064,0.096774,0.000000,0.000000,0.064516,0.000000,0.096774,0.000000,0.096774,0.161290,0.129032,0.000000,0.032258,0.000000,0.000000,0.064516,0.129032,0.032258,0.032258,0.032258,0.032258
Negative_F716,0.166667,0.000000,0.000000,0.000000,0.000000,0.055556,0.000000,0.166667,0.055556,0.277778,0.055556,0.000000,0.055556,0.000000,0.000000,0.166667,0.000000,0.000000,0.000000,0.000000
Negative_F446,0.076923,0.000000,0.000000,0.000000,0.000000,0.038462,0.000000,0.115385,0.153846,0.076923,0.000000,0.038462,0.038462,0.000000,0.153846,0.000000,0.038462,0.153846,0.038462,0.076923
Negative_F2055,0.000000,0.000000,0.000000,0.000000,0.000000,0.307692,0.000000,0.000000,0.115385,0.269231,0.000000,0.076923,0.038462,0.000000,0.038462,0.000000,0.038462,0.115385,0.000000,0.000000
Negative_F925,0.064935,0.077922,0.064935,0.064935,0.025974,0.077922,0.025974,0.064935,0.077922,0.142857,0.000000,0.051948,0.012987,0.025974,0.012987,0.025974,0.038961,0.129870,0.000000,0.012987
Negative_F456,0.066667,0.133333,0.000000,0.000000,0.000000,0.066667,0.000000,0.133333,0.133333,0.200000,0.000000,0.000000,0.066667,0.000000,0.000000,0.000000,0.000000,0.133333,0.066667,0.000000
Negative_F645,0.093023,0.000000,0.023256,0.000000,0.023256,0.116279,0.046512,0.186047,0.232558,0.023256,0.000000,0.046512,0.046512,0.046512,0.023256,0.046512,0.023256,0.023256,0.000000,0.000000
Negative_F2019,0.037037,0.185185,0.000000,0.000000,0.000000,0.037037,0.000000,0.074074,0.148148,0.000000,0.000000,0.037037,0.000000,0.000000,0.000000,0.111111,0.222222,0.111111,0.037037,0.000000
Negative_F87,0.125000,0.083333,0.000000,0.000000,0.125000,0.000000,0.000000,0.125000,0.125000,0.083333,0.000000,0.000000,0.083333,0.000000,0.041667,0.083333,0.041667,0.083333,0.000000,0.000000
Negative_F1017,0.250000,0.000000,0.000000,0.000000,0.050000,0.050000,0.050000,0.250000,0.050000,0.050000,0.000000,0.100000,0.050000,0.000000,0.000000,0.000000,0.050000,0.050000,0.000000,0.000000
Negative_F2318,0.021277,0.170213,0.000000,0.021277,0.085106,0.106383,0.042553,0.000000,0.000000,0.021277,0.000000,0.042553,0.042553,0.042553,0.234043,0.063830,0.085106,0.021277,0.000000,0.000000
Negative_F498,0.139535,0.046512,0.023256,0.000000,0.000000,0.209302,0.046512,0.046512,0.069767,0.000000,0.000000,0.162791,0.000000,0.000000,0.000000,0.023256,0.069767,0.046512,0.069767,0.046512
Negative_F1481,0.051948,0.051948,0.051948,0.025974,0.025974,0.051948,0.012987,0.064935,0.051948,0.077922,0.012987,0.025974,0.077922,0.064935,0.116883,0.051948,0.064935,0.077922,0.012987,0.025974
Negative_F1165,0.133333,0.066667,0.000000,0.000000,0.066667,0.166667,0.000000,0.066667,0.166667,0.133333,0.000000,0.033333,0.000000,0.033333,0.000000,0.066667,0.033333,0.033333,0.000000,0.000000
Negative_F676,0.076923,0.000000,0.000000,0.000000,0.153846,0.076923,0.000000,0.153846,0.076923,0.230769,0.000000,0.000000,0.000000,0.000000,0.000000,0.153846,0.000000,0.076923,0.000000,0.000000
Negative_F819,0.085714,0.014286,0.000000,0.014286,0.028571,0.071429,0.000000,0.042857,0.114286,0.028571,0.042857,0.042857,0.042857,0.042857,0.057143,0.085714,0.071429,0.085714,0.014286,0.114286
Negative_F966,0.060241,0.048193,0.072289,0.072289,0.000000,0.072289,0.024096,0.096386,0.132530,0.096386,0.012048,0.036145,0.036145,0.036145,0.036145,0.060241,0.048193,0.048193,0.000000,0.012048
Negative_F1236,0.024390,0.097561,0.000000,0.000000,0.073171,0.219512,0.000000,0.024390,0.000000,0.000000,0.000000,0.024390,0.146341,0.024390,0.170732,0.073171,0.000000,0.073171,0.000000,0.048780
Negative_F1989,0.188889,0.077778,0.033333,0.011111,0.000000,0.200000,0.000000,0.022222,0.077778,0.055556,0.000000,0.022222,0.022222,0.055556,0.044444,0.011111,0.133333,0.011111,0.011111,0.022222
Negative_F1620,0.113636,0.000000,0.022727,0.022727,0.068182,0.113636,0.000000,0.068182,0.090909,0.090909,0.022727,0.022727,0.000000,0.022727,0.045455,0.045455,0.022727,0.068182,0.113636,0.045455
Negative_F1330,0.235294,0.000000,0.000000,0.000000,0.000000,0.176471,0.000000,0.058824,0.117647,0.294118,0.000000,0.058824,0.000000,0.000000,0.000000,0.058824,0.000000,0.000000,0.000000,0.000000
Negative_F342,0.111111,0.000000,0.000000,0.000000,0.000000,0.166667,0.000000,0.055556,0.111111,0.333333,0.000000,0.055556,0.055556,0.000000,0.000000,0.055556,0.000000,0.055556,0.000000,0.000000
Negative_F1312,0.000000,0.095238,0.000000,0.000000,0.000000,0.285714,0.000000,0.095238,0.095238,0.238095,0.000000,0.000000,0.000000,0.000000,0.000000,0.095238,0.000000,0.095238,0.000000,0.000000
Negative_F1341,0.000000,0.045455,0.000000,0.000000,0.181818,0.045455,0.000000,0.045455,0.090909,0.227273,0.045455,0.000000,0.000000,0.045455,0.000000,0.181818,0.090909,0.000000,0.000000,0.000000
Negative_F584,0.179487,0.000000,0.051282,0.102564,0.051282,0.076923,0.000000,0.153846,0.076923,0.025641,0.000000,0.025641,0.025641,0.076923,0.076923,0.025641,0.025641,0.025641,0.000000,0.000000
Negative_F1784,0.038462,0.000000,0.096154,0.076923,0.096154,0.096154,0.000000,0.057692,0.076923,0.096154,0.000000,0.000000,0.000000,0.057692,0.096154,0.096154,0.057692,0.000000,0.000000,0.057692
Negative_F774,0.000000,0.200000,0.000000,0.033333,0.033333,0.133333,0.000000,0.100000,0.000000,0.033333,0.000000,0.066667,0.066667,0.000000,0.000000,0.133333,0.033333,0.133333,0.000000,0.033333
Negative_F1944,0.071429,0.000000,0.000000,0.000000,0.071429,0.071429,0.000000,0.142857,0.071429,0.142857,0.000000,0.000000,0.071429,0.000000,0.071429,0.071429,0.000000,0.000000,0.214286,0.000000
Negative_F2180,0.137931,0.068966,0.000000,0.034483,0.034483,0.068966,0.000000,0.034483,0.068966,0.137931,0.034483,0.034483,0.034483,0.068966,0.034483,0.034483,0.068966,0.068966,0.034483,0.000000
Negative_F1942,0.000000,0.000000,0.000000,0.000000,0.055556,0.055556,0.000000,0.055556,0.000000,0.000000,0.000000,0.000000,0.166667,0.000000,0.333333,0.000000,0.000000,0.055556,0.277778,0.000000
Negative_F1767,0.042553,0.170213,0.021277,0.042553,0.085106,0.085106,0.063830,0.000000,0.042553,0.000000,0.000000,0.021277,0.021277,0.042553,0.148936,0.106383,0.085106,0.021277,0.000000,0.000000
Negative_F2188,0.125000,0.000000,0.000000,0.000000,0.000000,0.187500,0.000000,0.000000,0.125000,0.187500,0.000000,0.062500,0.000000,0.000000,0.000000,0.062500,0.062500,0.187500,0.000000,0.000000
Negative_F2128,0.083333,0.000000,0.083333,0.083333,0.000000,0.083333,0.000000,0.000000,0.083333,0.166667,0.000000,0.083333,0.083333,0.083333,0.000000,0.083333,0.083333,0.000000,0.000000,0.000000
Negative_F407,0.000000,0.000000,0.000000,0.000000,0.000000,0.678571,0.285714,0.000000,0.000000,0.000000,0.000000,0.000000,0.000000,0.000000,0.000000,0.000000,0.000000,0.000000,0.000000,0.035714
Negative_F91,0.071429,0.071429,0.071429,0.000000,0.000000,0.107143,0.035714,0.035714,0.178571,0.142857,0.071429,0.071429,0.000000,0.000000,0.000000,0.000000,0.071429,0.071429,0.000000,0.000000
Negative_F2228,0.103448,0.000000,0.000000,0.000000,0.068966,0.172414,0.000000,0.068966,0.000000,0.068966,0.000000,0.000000,0.000000,0.000000,0.310345,0.034483,0.034483,0.034483,0.068966,0.034483
Negative_F1136,0.033333,0.133333,0.033333,0.033333,0.033333,0.066667,0.033333,0.000000,0.066667,0.033333,0.033333,0.100000,0.000000,0.000000,0.000000,0.133333,0.133333,0.000000,0.100000,0.033333
Negative_F2252,0.040000,0.000000,0.000000,0.000000,0.120000,0.120000,0.160000,0.160000,0.080000,0.080000,0.040000,0.000000,0.000000,0.000000,0.120000,0.000000,0.040000,0.040000,0.000000,0.000000
Negative_F203,0.120000,0.000000,0.040000,0.000000,0.000000,0.200000,0.000000,0.040000,0.080000,0.160000,0.000000,0.000000,0.040000,0.040000,0.040000,0.120000,0.000000,0.120000,0.000000,0.000000
Negative_F1950,0.152174,0.130435,0.021739,0.000000,0.021739,0.086957,0.043478,0.021739,0.043478,0.086957,0.000000,0.043478,0.021739,0.000000,0.065217,0.108696,0.065217,0.043478,0.021739,0.021739
Negative_F1756,0.092308,0.015385,0.030769,0.000000,0.061538,0.030769,0.000000,0.046154,0.061538,0.061538,0.061538,0.030769,0.169231,0.061538,0.076923,0.076923,0.046154,0.046154,0.000000,0.030769
Negative_F2393,0.000000,0.000000,0.000000,0.000000,0.000000,0.080000,0.000000,0.000000,0.040000,0.040000,0.000000,0.040000,0.280000,0.000000,0.240000,0.040000,0.000000,0.080000,0.000000,0.160000
Negative_F1483,0.063063,0.054054,0.045045,0.036036,0.009009,0.090090,0.009009,0.027027,0.144144,0.072072,0.009009,0.000000,0.090090,0.090090,0.081081,0.090090,0.036036,0.027027,0.009009,0.018018
Negative_F209,0.260870,0.000000,0.000000,0.043478,0.086957,0.086957,0.086957,0.043478,0.043478,0.086957,0.000000,0.086957,0.043478,0.043478,0.000000,0.000000,0.000000,0.086957,0.000000,0.000000
Negative_F465,0.135135,0.054054,0.000000,0.054054,0.027027,0.135135,0.000000,0.081081,0.162162,0.135135,0.027027,0.027027,0.000000,0.027027,0.000000,0.000000,0.108108,0.027027,0.000000,0.000000
Negative_F1048,0.000000,0.000000,0.047619,0.000000,0.047619,0.047619,0.047619,0.000000,0.142857,0.095238,0.047619,0.000000,0.095238,0.000000,0.142857,0.047619,0.095238,0.047619,0.000000,0.095238
Negative_F2392,0.100000,0.000000,0.000000,0.000000,0.000000,0.100000,0.000000,0.000000,0.050000,0.000000,0.000000,0.050000,0.200000,0.000000,0.200000,0.100000,0.000000,0.000000,0.000000,0.200000
Negative_F1574,0.105263,0.105263,0.000000,0.000000,0.052632,0.000000,0.000000,0.000000,0.105263,0.157895,0.052632,0.000000,0.052632,0.000000,0.105263,0.052632,0.000000,0.052632,0.052632,0.105263
Negative_F745,0.071429,0.000000,0.000000,0.035714,0.214286,0.107143,0.000000,0.000000,0.250000,0.071429,0.035714,0.035714,0.000000,0.000000,0.107143,0.035714,0.000000,0.000000,0.000000,0.035714
Negative_F1853,0.014085,0.028169,0.042254,0.014085,0.042254,0.281690,0.014085,0.084507,0.028169,0.028169,0.000000,0.042254,0.070423,0.000000,0.140845,0.126761,0.000000,0.042254,0.000000,0.000000
Negative_F2441,0.000000,0.150000,0.050000,0.000000,0.100000,0.100000,0.000000,0.000000,0.050000,0.100000,0.100000,0.000000,0.050000,0.000000,0.200000,0.000000,0.050000,0.050000,0.000000,0.000000
Negative_F235,0.040000,0.120000,0.000000,0.000000,0.080000,0.080000,0.000000,0.080000,0.120000,0.000000,0.000000,0.080000,0.000000,0.000000,0.120000,0.120000,0.120000,0.040000,0.000000,0.000000
Negative_F1677,0.083333,0.055556,0.000000,0.000000,0.055556,0.055556,0.000000,0.027778,0.027778,0.111111,0.111111,0.000000,0.027778,0.000000,0.138889,0.166667,0.055556,0.000000,0.055556,0.027778
Negative_F169,0.093750,0.000000,0.062500,0.031250,0.000000,0.031250,0.000000,0.062500,0.125000,0.062500,0.000000,0.031250,0.031250,0.156250,0.093750,0.000000,0.062500,0.031250,0.031250,0.093750
Negative_F1617,0.090909,0.022727,0.022727,0.000000,0.136364,0.022727,0.000000,0.068182,0.090909,0.090909,0.022727,0.068182,0.045455,0.022727,0.045455,0.000000,0.068182,0.090909,0.000000,0.090909
Negative_F2262,0.058065,0.000000,0.083871,0.045161,0.032258,0.167742,0.025806,0.045161,0.045161,0.051613,0.019355,0.051613,0.025806,0.038710,0.090323,0.058065,0.051613,0.045161,0.025806,0.038710
Negative_F2206,0.058824,0.000000,0.000000,0.000000,0.000000,0.000000,0.000000,0.176471,0.117647,0.058824,0.117647,0.000000,0.000000,0.000000,0.176471,0.176471,0.058824,0.000000,0.058824,0.000000
Negative_F1530,0.052632,0.021053,0.042105,0.042105,0.063158,0.084211,0.031579,0.031579,0.073684,0.094737,0.010526,0.031579,0.031579,0.031579,0.105263,0.084211,0.052632,0.042105,0.042105,0.031579
Negative_F1794,0.060606,0.060606,0.000000,0.000000,0.090909,0.151515,0.030303,0.030303,0.181818,0.060606,0.000000,0.060606,0.000000,0.000000,0.060606,0.090909,0.090909,0.030303,0.000000,0.000000
Negative_F1840,0.024390,0.097561,0.024390,0.024390,0.024390,0.121951,0.048780,0.073171,0.073171,0.024390,0.048780,0.024390,0.073171,0.048780,0.024390,0.073171,0.073171,0.048780,0.024390,0.024390
Negative_F1197,0.079545,0.056818,0.056818,0.079545,0.056818,0.045455,0.011364,0.034091,0.045455,0.079545,0.011364,0.011364,0.068182,0.022727,0.056818,0.068182,0.056818,0.136364,0.000000,0.022727
Negative_F1811,0.285714,0.000000,0.071429,0.000000,0.071429,0.142857,0.000000,0.142857,0.071429,0.142857,0.000000,0.071429,0.000000,0.000000,0.000000,0.000000,0.000000,0.000000,0.000000,0.000000
Negative_F1494,0.058824,0.000000,0.000000,0.000000,0.235294,0.058824,0.000000,0.000000,0.058824,0.235294,0.117647,0.000000,0.117647,0.000000,0.000000,0.117647,0.000000,0.000000,0.000000,0.000000
Negative_F52,0.117647,0.000000,0.058824,0.000000,0.000000,0.058824,0.058824,0.117647,0.176471,0.176471,0.000000,0.000000,0.000000,0.000000,0.000000,0.058824,0.058824,0.117647,0.000000,0.000000
Negative_F2276,0.000000,0.162162,0.027027,0.000000,0.081081,0.162162,0.054054,0.027027,0.054054,0.027027,0.000000,0.027027,0.027027,0.081081,0.135135,0.027027,0.027027,0.027027,0.000000,0.054054
Negative_F678,0.125000,0.083333,0.000000,0.000000,0.125000,0.041667,0.000000,0.041667,0.166667,0.208333,0.000000,0.000000,0.083333,0.000000,0.000000,0.041667,0.041667,0.041667,0.000000,0.000000
Negative_F1911,0.042857,0.000000,0.028571,0.028571,0.014286,0.114286,0.100000,0.014286,0.042857,0.028571,0.000000,0.028571,0.028571,0.057143,0.071429,0.257143,0.042857,0.014286,0.028571,0.057143
Negative_F690,0.047619,0.000000,0.095238,0.000000,0.095238,0.142857,0.000000,0.142857,0.095238,0.142857,0.000000,0.000000,0.000000,0.095238,0.000000,0.000000,0.047619,0.095238,0.000000,0.000000
Negative_F399,0.100000,0.000000,0.000000,0.000000,0.200000,0.100000,0.000000,0.000000,0.150000,0.100000,0.000000,0.000000,0.050000,0.000000,0.000000,0.050000,0.000000,0.250000,0.000000,0.000000
Negative_F1908,0.071429,0.000000,0.000000,0.000000,0.071429,0.142857,0.000000,0.071429,0.071429,0.428571,0.000000,0.071429,0.071429,0.000000,0.000000,0.000000,0.000000,0.000000,0.000000,0.000000
Negative_F824,0.113636,0.000000,0.000000,0.045455,0.022727,0.022727,0.000000,0.068182,0.136364,0.068182,0.045455,0.045455,0.090909,0.045455,0.045455,0.000000,0.068182,0.022727,0.045455,0.113636
Negative_F762,0.032258,0.193548,0.000000,0.064516,0.064516,0.064516,0.000000,0.096774,0.064516,0.032258,0.032258,0.064516,0.000000,0.000000,0.000000,0.161290,0.032258,0.064516,0.000000,0.032258
Negative_F2202,0.133333,0.066667,0.000000,0.000000,0.000000,0.066667,0.066667,0.000000,0.000000,0.133333,0.000000,0.000000,0.000000,0.000000,0.400000,0.000000,0.066667,0.000000,0.066667,0.000000
Negative_F1168,0.050000,0.000000,0.000000,0.050000,0.100000,0.100000,0.000000,0.050000,0.100000,0.350000,0.000000,0.050000,0.000000,0.000000,0.050000,0.050000,0.000000,0.050000,0.000000,0.000000
Negative_F355,0.030303,0.181818,0.000000,0.030303,0.060606,0.090909,0.030303,0.060606,0.000000,0.030303,0.000000,0.030303,0.000000,0.000000,0.272727,0.030303,0.060606,0.030303,0.000000,0.060606
Negative_F1918,0.121212,0.060606,0.060606,0.000000,0.060606,0.030303,0.030303,0.030303,0.121212,0.151515,0.000000,0.060606,0.000000,0.060606,0.000000,0.090909,0.090909,0.030303,0.000000,0.000000
Negative_F388,0.142857,0.000000,0.000000,0.095238,0.047619,0.047619,0.000000,0.000000,0.190476,0.047619,0.000000,0.000000,0.000000,0.047619,0.238095,0.095238,0.000000,0.047619,0.000000,0.000000
Negative_F2100,0.058824,0.176471,0.000000,0.029412,0.029412,0.088235,0.029412,0.029412,0.058824,0.000000,0.029412,0.058824,0.147059,0.000000,0.088235,0.058824,0.029412,0.029412,0.000000,0.058824
Negative_F1289,0.041667,0.125000,0.041667,0.000000,0.083333,0.125000,0.000000,0.083333,0.000000,0.000000,0.125000,0.000000,0.083333,0.020833,0.145833,0.020833,0.041667,0.020833,0.000000,0.041667
Negative_F2412,0.035714,0.000000,0.035714,0.035714,0.035714,0.035714,0.035714,0.071429,0.107143,0.178571,0.000000,0.035714,0.000000,0.071429,0.142857,0.000000,0.035714,0.000000,0.035714,0.107143
Negative_F1488,0.000000,0.034483,0.000000,0.103448,0.068966,0.103448,0.000000,0.034483,0.068966,0.103448,0.000000,0.000000,0.068966,0.000000,0.137931,0.137931,0.034483,0.103448,0.000000,0.000000
Negative_F805,0.035714,0.000000,0.000000,0.000000,0.035714,0.071429,0.035714,0.000000,0.142857,0.142857,0.000000,0.035714,0.035714,0.035714,0.035714,0.071429,0.071429,0.035714,0.107143,0.107143
Negative_F458,0.050000,0.100000,0.000000,0.000000,0.150000,0.050000,0.000000,0.000000,0.150000,0.400000,0.000000,0.000000,0.100000,0.000000,0.000000,0.000000,0.000000,0.000000,0.000000,0.000000
Negative_F2109,0.166667,0.083333,0.000000,0.000000,0.083333,0.041667,0.000000,0.125000,0.166667,0.125000,0.041667,0.000000,0.083333,0.000000,0.000000,0.000000,0.041667,0.041667,0.000000,0.000000
Negative_F1863,0.030303,0.121212,0.030303,0.045455,0.030303,0.106061,0.000000,0.030303,0.106061,0.075758,0.000000,0.121212,0.000000,0.015152,0.030303,0.045455,0.030303,0.030303,0.045455,0.106061
Negative_F1457,0.101266,0.075949,0.012658,0.012658,0.063291,0.113924,0.037975,0.025316,0.037975,0.000000,0.000000,0.113924,0.012658,0.063291,0.025316,0.113924,0.037975,0.063291,0.025316,0.063291
Negative_F1525,0.112245,0.020408,0.010204,0.061224,0.040816,0.091837,0.010204,0.030612,0.102041,0.061224,0.010204,0.020408,0.020408,0.071429,0.061224,0.071429,0.051020,0.071429,0.051020,0.030612
Negative_F971,0.000000,0.150000,0.025000,0.000000,0.075000,0.150000,0.000000,0.050000,0.050000,0.075000,0.000000,0.050000,0.025000,0.000000,0.175000,0.100000,0.000000,0.025000,0.000000,0.050000
Negative_F529,0.000000,0.000000,0.026316,0.105263,0.052632,0.105263,0.000000,0.131579,0.157895,0.078947,0.000000,0.026316,0.026316,0.078947,0.131579,0.026316,0.052632,0.000000,0.000000,0.000000
Negative_F717,0.105263,0.000000,0.000000,0.000000,0.052632,0.052632,0.000000,0.052632,0.105263,0.263158,0.000000,0.000000,0.052632,0.000000,0.000000,0.210526,0.000000,0.105263,0.000000,0.000000
Negative_F1543,0.000000,0.181818,0.000000,0.000000,0.136364,0.181818,0.000000,0.090909,0.045455,0.000000,0.000000,0.045455,0.045455,0.000000,0.000000,0.136364,0.136364,0.000000,0.000000,0.000000
Negative_F1067,0.025641,0.076923,0.000000,0.025641,0.000000,0.076923,0.051282,0.025641,0.076923,0.051282,0.000000,0.000000,0.128205,0.025641,0.051282,0.128205,0.230769,0.000000,0.000000,0.025641
Negative_F1513,0.114035,0.000000,0.017544,0.078947,0.035088,0.087719,0.017544,0.061404,0.043860,0.043860,0.026316,0.043860,0.043860,0.078947,0.008772,0.061404,0.070175,0.105263,0.035088,0.026316
Negative_F691,0.029412,0.000000,0.000000,0.000000,0.176471,0.029412,0.000000,0.058824,0.352941,0.029412,0.000000,0.029412,0.058824,0.000000,0.088235,0.058824,0.000000,0.088235,0.000000,0.000000
Negative_F410,0.150000,0.100000,0.000000,0.000000,0.100000,0.100000,0.000000,0.050000,0.150000,0.150000,0.050000,0.000000,0.050000,0.000000,0.000000,0.000000,0.050000,0.050000,0.000000,0.000000
Negative_F2298,0.125000,0.000000,0.000000,0.000000,0.125000,0.187500,0.000000,0.000000,0.062500,0.312500,0.000000,0.062500,0.000000,0.062500,0.000000,0.000000,0.000000,0.062500,0.000000,0.000000
Negative_F2323,0.000000,0.000000,0.000000,0.000000,0.166667,0.033333,0.033333,0.066667,0.400000,0.033333,0.000000,0.000000,0.066667,0.000000,0.000000,0.066667,0.000000,0.133333,0.000000,0.000000
Negative_F1726,0.142857,0.000000,0.000000,0.000000,0.000000,0.238095,0.000000,0.000000,0.095238,0.190476,0.000000,0.000000,0.190476,0.000000,0.047619,0.000000,0.095238,0.000000,0.000000,0.000000
Negative_F1474,0.043011,0.021505,0.043011,0.021505,0.010753,0.053763,0.000000,0.053763,0.064516,0.053763,0.021505,0.043011,0.032258,0.053763,0.096774,0.086022,0.172043,0.107527,0.010753,0.010753
Negative_F766,0.103448,0.206897,0.000000,0.034483,0.000000,0.068966,0.000000,0.137931,0.068966,0.000000,0.000000,0.034483,0.068966,0.000000,0.034483,0.103448,0.000000,0.068966,0.034483,0.034483
Negative_F2082,0.184211,0.105263,0.000000,0.000000,0.000000,0.078947,0.000000,0.078947,0.078947,0.026316,0.000000,0.000000,0.052632,0.026316,0.052632,0.131579,0.157895,0.026316,0.000000,0.000000
Negative_F663,0.000000,0.333333,0.000000,0.000000,0.055556,0.111111,0.000000,0.111111,0.000000,0.111111,0.000000,0.000000,0.000000,0.000000,0.166667,0.000000,0.055556,0.055556,0.000000,0.000000
Negative_F2215,0.055556,0.055556,0.055556,0.000000,0.111111,0.000000,0.000000,0.000000,0.222222,0.222222,0.055556,0.055556,0.000000,0.000000,0.111111,0.000000,0.000000,0.055556,0.000000,0.000000
Negative_F85,0.096774,0.064516,0.064516,0.032258,0.032258,0.161290,0.000000,0.032258,0.193548,0.193548,0.000000,0.000000,0.032258,0.000000,0.000000,0.000000,0.064516,0.032258,0.000000,0.000000
Negative_F962,0.030303,0.181818,0.000000,0.030303,0.000000,0.090909,0.030303,0.030303,0.090909,0.000000,0.000000,0.090909,0.000000,0.000000,0.030303,0.121212,0.060606,0.121212,0.030303,0.060606
Negative_F239,0.043478,0.130435,0.021739,0.065217,0.021739,0.152174,0.043478,0.000000,0.065217,0.043478,0.000000,0.021739,0.130435,0.021739,0.065217,0.065217,0.065217,0.043478,0.000000,0.000000
Negative_F1741,0.121951,0.146341,0.024390,0.048780,0.097561,0.121951,0.000000,0.000000,0.024390,0.024390,0.000000,0.024390,0.048780,0.000000,0.048780,0.024390,0.048780,0.073171,0.024390,0.097561
Negative_F1072,0.000000,0.095238,0.000000,0.000000,0.000000,0.285714,0.000000,0.095238,0.095238,0.238095,0.047619,0.000000,0.000000,0.000000,0.000000,0.095238,0.000000,0.047619,0.000000,0.000000
Negative_F1347,0.189189,0.054054,0.000000,0.027027,0.054054,0.108108,0.027027,0.054054,0.162162,0.135135,0.000000,0.081081,0.000000,0.054054,0.000000,0.000000,0.027027,0.027027,0.000000,0.000000
Negative_F58,0.135135,0.054054,0.000000,0.054054,0.027027,0.189189,0.000000,0.081081,0.189189,0.162162,0.000000,0.000000,0.000000,0.027027,0.000000,0.027027,0.000000,0.054054,0.000000,0.000000
Negative_F843,0.000000,0.333333,0.000000,0.000000,0.000000,0.111111,0.000000,0.222222,0.000000,0.000000,0.000000,0.000000,0.000000,0.000000,0.333333,0.000000,0.000000,0.000000,0.000000,0.000000
Negative_F669,0.063830,0.021277,0.042553,0.021277,0.042553,0.106383,0.021277,0.021277,0.085106,0.042553,0.042553,0.000000,0.021277,0.042553,0.021277,0.063830,0.170213,0.042553,0.042553,0.085106
Negative_F804,0.073171,0.146341,0.024390,0.048780,0.000000,0.146341,0.048780,0.048780,0.000000,0.000000,0.024390,0.024390,0.073171,0.024390,0.121951,0.048780,0.000000,0.073171,0.000000,0.073171
Negative_F2359,0.027778,0.166667,0.027778,0.027778,0.083333,0.138889,0.055556,0.000000,0.027778,0.000000,0.000000,0.083333,0.027778,0.000000,0.194444,0.027778,0.000000,0.000000,0.055556,0.055556
Negative_F1542,0.095238,0.190476,0.000000,0.047619,0.000000,0.095238,0.000000,0.095238,0.000000,0.047619,0.000000,0.000000,0.000000,0.000000,0.047619,0.095238,0.142857,0.095238,0.047619,0.000000
Negative_F1896,0.131579,0.026316,0.000000,0.000000,0.026316,0.105263,0.000000,0.105263,0.000000,0.078947,0.000000,0.105263,0.105263,0.078947,0.000000,0.052632,0.052632,0.131579,0.000000,0.000000
Negative_F1378,0.057692,0.115385,0.038462,0.019231,0.057692,0.173077,0.000000,0.038462,0.115385,0.115385,0.057692,0.000000,0.038462,0.000000,0.019231,0.038462,0.038462,0.057692,0.019231,0.000000
Negative_F1162,0.000000,0.000000,0.142857,0.000000,0.000000,0.071429,0.000000,0.071429,0.142857,0.214286,0.142857,0.000000,0.000000,0.000000,0.000000,0.000000,0.000000,0.142857,0.071429,0.000000
Negative_F2446,0.259259,0.000000,0.037037,0.000000,0.000000,0.074074,0.000000,0.074074,0.037037,0.074074,0.037037,0.111111,0.037037,0.000000,0.037037,0.111111,0.000000,0.074074,0.037037,0.000000
Negative_F1185,0.095238,0.000000,0.071429,0.071429,0.071429,0.142857,0.071429,0.071429,0.047619,0.047619,0.023810,0.023810,0.000000,0.023810,0.023810,0.047619,0.000000,0.142857,0.000000,0.023810
Negative_F1813,0.120000,0.000000,0.000000,0.080000,0.080000,0.160000,0.000000,0.000000,0.160000,0.160000,0.000000,0.040000,0.040000,0.000000,0.000000,0.080000,0.040000,0.000000,0.040000,0.000000
Negative_F753,0.054054,0.162162,0.108108,0.027027,0.027027,0.108108,0.000000,0.027027,0.027027,0.054054,0.000000,0.027027,0.054054,0.000000,0.081081,0.054054,0.108108,0.054054,0.000000,0.027027
Negative_F2275,0.000000,0.157895,0.026316,0.000000,0.026316,0.236842,0.052632,0.078947,0.105263,0.026316,0.000000,0.052632,0.000000,0.000000,0.052632,0.052632,0.000000,0.000000,0.026316,0.105263
Negative_F338,0.054545,0.127273,0.000000,0.000000,0.000000,0.090909,0.018182,0.036364,0.036364,0.054545,0.000000,0.018182,0.072727,0.036364,0.127273,0.072727,0.109091,0.072727,0.000000,0.072727
Negative_F2086,0.113821,0.000000,0.016260,0.056911,0.008130,0.113821,0.016260,0.040650,0.105691,0.121951,0.016260,0.048780,0.040650,0.032520,0.089431,0.048780,0.024390,0.081301,0.000000,0.024390
Negative_F1511,0.084211,0.105263,0.042105,0.021053,0.021053,0.157895,0.010526,0.000000,0.052632,0.000000,0.000000,0.094737,0.094737,0.042105,0.052632,0.115789,0.063158,0.000000,0.021053,0.021053
Negative_F1727,0.052632,0.000000,0.000000,0.000000,0.000000,0.157895,0.000000,0.000000,0.157895,0.210526,0.000000,0.000000,0.105263,0.052632,0.052632,0.157895,0.000000,0.052632,0.000000,0.000000
Negative_F1215,0.000000,0.083333,0.000000,0.000000,0.041667,0.041667,0.000000,0.041667,0.125000,0.250000,0.000000,0.000000,0.125000,0.000000,0.000000,0.041667,0.125000,0.125000,0.000000,0.000000
Negative_F206,0.045455,0.000000,0.000000,0.181818,0.000000,0.136364,0.000000,0.090909,0.136364,0.090909,0.000000,0.045455,0.000000,0.000000,0.045455,0.045455,0.000000,0.136364,0.045455,0.000000
Negative_F55,0.166667,0.083333,0.000000,0.000000,0.083333,0.041667,0.000000,0.083333,0.166667,0.125000,0.000000,0.000000,0.083333,0.000000,0.000000,0.000000,0.041667,0.125000,0.000000,0.000000
Negative_F1119,0.054054,0.162162,0.027027,0.027027,0.054054,0.108108,0.027027,0.081081,0.108108,0.027027,0.000000,0.054054,0.054054,0.000000,0.054054,0.054054,0.054054,0.000000,0.000000,0.054054
Negative_F1174,0.120000,0.000000,0.000000,0.040000,0.040000,0.080000,0.080000,0.080000,0.120000,0.200000,0.000000,0.000000,0.080000,0.000000,0.000000,0.040000,0.000000,0.120000,0.000000,0.000000
Negative_F336,0.166667,0.000000,0.000000,0.000000,0.000000,0.111111,0.000000,0.111111,0.166667,0.055556,0.000000,0.000000,0.055556,0.027778,0.000000,0.055556,0.027778,0.222222,0.000000,0.000000
Negative_F1821,0.175000,0.000000,0.050000,0.025000,0.025000,0.125000,0.025000,0.075000,0.025000,0.025000,0.000000,0.025000,0.000000,0.100000,0.125000,0.000000,0.075000,0.100000,0.025000,0.000000
Negative_F1740,0.092105,0.000000,0.039474,0.013158,0.026316,0.144737,0.039474,0.026316,0.065789,0.000000,0.000000,0.118421,0.039474,0.013158,0.000000,0.078947,0.052632,0.092105,0.039474,0.118421
Negative_F275,0.080000,0.000000,0.000000,0.040000,0.000000,0.080000,0.080000,0.040000,0.080000,0.200000,0.000000,0.000000,0.080000,0.000000,0.000000,0.080000,0.000000,0.240000,0.000000,0.000000
Negative_F1645,0.121212,0.060606,0.060606,0.000000,0.000000,0.151515,0.000000,0.030303,0.121212,0.181818,0.000000,0.030303,0.000000,0.030303,0.000000,0.030303,0.060606,0.121212,0.000000,0.000000
Negative_F2387,0.134615,0.009615,0.086538,0.028846,0.038462,0.105769,0.028846,0.009615,0.076923,0.019231,0.028846,0.048077,0.048077,0.019231,0.105769,0.076923,0.019231,0.028846,0.048077,0.038462
Negative_F1625,0.064516,0.161290,0.000000,0.032258,0.000000,0.096774,0.032258,0.000000,0.064516,0.064516,0.000000,0.064516,0.064516,0.000000,0.064516,0.096774,0.096774,0.032258,0.000000,0.064516
Negative_F1338,0.032258,0.064516,0.064516,0.000000,0.032258,0.161290,0.000000,0.129032,0.161290,0.064516,0.032258,0.064516,0.064516,0.000000,0.000000,0.032258,0.032258,0.032258,0.032258,0.000000
Negative_F606,0.160000,0.000000,0.000000,0.000000,0.040000,0.120000,0.080000,0.000000,0.200000,0.080000,0.000000,0.000000,0.000000,0.000000,0.040000,0.000000,0.080000,0.080000,0.080000,0.040000
Negative_F98,0.179487,0.000000,0.025641,0.025641,0.000000,0.128205,0.025641,0.102564,0.076923,0.076923,0.000000,0.025641,0.000000,0.102564,0.102564,0.000000,0.076923,0.025641,0.025641,0.000000
Negative_F507,0.166667,0.083333,0.000000,0.000000,0.125000,0.041667,0.000000,0.125000,0.125000,0.166667,0.000000,0.041667,0.083333,0.000000,0.000000,0.000000,0.041667,0.000000,0.000000,0.000000
Negative_F1446,0.166667,0.133333,0.000000,0.000000,0.000000,0.166667,0.000000,0.066667,0.000000,0.033333,0.000000,0.000000,0.066667,0.066667,0.033333,0.200000,0.000000,0.033333,0.000000,0.033333
Negative_F1416,0.095238,0.000000,0.023810,0.000000,0.047619,0.119048,0.047619,0.119048,0.214286,0.023810,0.000000,0.023810,0.047619,0.023810,0.047619,0.023810,0.047619,0.095238,0.000000,0.000000
Negative_F2081,0.100000,0.166667,0.000000,0.033333,0.000000,0.100000,0.066667,0.033333,0.066667,0.066667,0.000000,0.133333,0.000000,0.000000,0.000000,0.100000,0.033333,0.033333,0.066667,0.000000
Negative_F372,0.166667,0.083333,0.000000,0.000000,0.166667,0.041667,0.000000,0.125000,0.166667,0.083333,0.041667,0.000000,0.083333,0.000000,0.000000,0.041667,0.000000,0.000000,0.000000,0.000000
Negative_F854,0.159091,0.022727,0.034091,0.022727,0.011364,0.170455,0.011364,0.068182,0.034091,0.056818,0.022727,0.056818,0.068182,0.022727,0.022727,0.090909,0.034091,0.034091,0.022727,0.034091
Negative_F1192,0.060000,0.160000,0.020000,0.060000,0.020000,0.120000,0.040000,0.040000,0.100000,0.020000,0.000000,0.040000,0.060000,0.020000,0.040000,0.080000,0.020000,0.020000,0.020000,0.060000
Negative_F2231,0.076923,0.000000,0.000000,0.000000,0.153846,0.076923,0.153846,0.230769,0.000000,0.153846,0.000000,0.000000,0.000000,0.076923,0.000000,0.000000,0.076923,0.000000,0.000000,0.000000
Negative_F1709,0.111111,0.000000,0.000000,0.000000,0.166667,0.111111,0.055556,0.166667,0.055556,0.166667,0.000000,0.000000,0.055556,0.000000,0.000000,0.111111,0.000000,0.000000,0.000000,0.000000
Negative_F1434,0.000000,0.146341,0.024390,0.195122,0.000000,0.024390,0.000000,0.024390,0.024390,0.000000,0.000000,0.024390,0.048780,0.243902,0.146341,0.024390,0.024390,0.000000,0.000000,0.048780
Negative_F108,0.000000,0.000000,0.000000,0.000000,0.000000,0.157895,0.000000,0.000000,0.368421,0.473684,0.000000,0.000000,0.000000,0.000000,0.000000,0.000000,0.000000,0.000000,0.000000,0.000000
Negative_F1001,0.181818,0.060606,0.030303,0.000000,0.090909,0.121212,0.000000,0.060606,0.181818,0.060606,0.030303,0.060606,0.000000,0.000000,0.000000,0.090909,0.000000,0.030303,0.000000,0.000000
Negative_F2445,0.142857,0.000000,0.035714,0.000000,0.035714,0.071429,0.000000,0.035714,0.142857,0.071429,0.035714,0.107143,0.000000,0.035714,0.000000,0.071429,0.035714,0.142857,0.035714,0.000000
Negative_F2043,0.046875,0.093750,0.039062,0.054688,0.070312,0.156250,0.015625,0.007812,0.039062,0.031250,0.000000,0.007812,0.148438,0.023438,0.078125,0.054688,0.031250,0.054688,0.015625,0.031250
Negative_F1581,0.000000,0.120000,0.060000,0.060000,0.060000,0.100000,0.020000,0.080000,0.040000,0.080000,0.000000,0.020000,0.040000,0.020000,0.060000,0.120000,0.020000,0.040000,0.020000,0.040000
Negative_F1175,0.111111,0.111111,0.000000,0.000000,0.055556,0.055556,0.000000,0.000000,0.055556,0.111111,0.111111,0.166667,0.055556,0.000000,0.111111,0.055556,0.000000,0.000000,0.000000,0.000000
Negative_F1499,0.166667,0.083333,0.000000,0.000000,0.083333,0.041667,0.000000,0.125000,0.166667,0.125000,0.000000,0.000000,0.083333,0.000000,0.000000,0.000000,0.041667,0.083333,0.000000,0.000000
Negative_F1850,0.033333,0.033333,0.016667,0.000000,0.016667,0.083333,0.016667,0.033333,0.000000,0.050000,0.016667,0.033333,0.116667,0.250000,0.116667,0.066667,0.033333,0.066667,0.000000,0.016667
Negative_F1682,0.032258,0.193548,0.032258,0.032258,0.000000,0.096774,0.000000,0.064516,0.096774,0.064516,0.000000,0.032258,0.064516,0.000000,0.000000,0.064516,0.064516,0.096774,0.000000,0.064516
Negative_F748,0.033333,0.200000,0.000000,0.033333,0.033333,0.100000,0.000000,0.066667,0.066667,0.033333,0.000000,0.066667,0.066667,0.000000,0.033333,0.066667,0.066667,0.100000,0.000000,0.033333
Negative_F552,0.054054,0.162162,0.027027,0.000000,0.027027,0.189189,0.081081,0.027027,0.027027,0.027027,0.000000,0.027027,0.081081,0.000000,0.135135,0.027027,0.027027,0.000000,0.000000,0.081081
Negative_F104,0.000000,0.171429,0.028571,0.028571,0.000000,0.085714,0.028571,0.000000,0.057143,0.114286,0.057143,0.028571,0.000000,0.000000,0.228571,0.000000,0.085714,0.028571,0.000000,0.057143
Negative_F2270,0.214286,0.000000,0.035714,0.000000,0.000000,0.071429,0.000000,0.000000,0.142857,0.142857,0.035714,0.107143,0.000000,0.035714,0.000000,0.035714,0.035714,0.107143,0.035714,0.000000
Negative_F1256,0.103448,0.068966,0.068966,0.000000,0.034483,0.103448,0.000000,0.034483,0.137931,0.068966,0.034483,0.068966,0.000000,0.000000,0.034483,0.000000,0.103448,0.137931,0.000000,0.000000
Negative_F791,0.076923,0.000000,0.076923,0.000000,0.000000,0.153846,0.025641,0.076923,0.102564,0.051282,0.000000,0.076923,0.000000,0.051282,0.076923,0.051282,0.025641,0.076923,0.051282,0.025641
Negative_F1407,0.080000,0.000000,0.040000,0.000000,0.000000,0.160000,0.000000,0.080000,0.120000,0.160000,0.040000,0.000000,0.080000,0.000000,0.000000,0.120000,0.040000,0.080000,0.000000,0.000000
Negative_F351,0.060000,0.160000,0.040000,0.060000,0.040000,0.060000,0.080000,0.000000,0.080000,0.020000,0.000000,0.100000,0.020000,0.060000,0.040000,0.060000,0.040000,0.000000,0.060000,0.020000
Negative_F1708,0.214286,0.000000,0.000000,0.000000,0.000000,0.071429,0.000000,0.142857,0.214286,0.142857,0.071429,0.071429,0.000000,0.000000,0.000000,0.000000,0.000000,0.000000,0.071429,0.000000
Negative_F414,0.000000,0.200000,0.000000,0.000000,0.000000,0.200000,0.000000,0.000000,0.000000,0.000000,0.000000,0.000000,0.050000,0.050000,0.300000,0.000000,0.000000,0.000000,0.150000,0.050000
Negative_F921,0.047619,0.095238,0.000000,0.000000,0.000000,0.285714,0.000000,0.047619,0.095238,0.238095,0.000000,0.000000,0.000000,0.047619,0.000000,0.095238,0.000000,0.047619,0.000000,0.000000
Negative_F2293,0.050000,0.100000,0.000000,0.000000,0.150000,0.000000,0.000000,0.000000,0.100000,0.350000,0.000000,0.000000,0.100000,0.000000,0.000000,0.100000,0.000000,0.050000,0.000000,0.000000
Negative_F565,0.026316,0.157895,0.000000,0.000000,0.105263,0.105263,0.000000,0.052632,0.000000,0.052632,0.000000,0.000000,0.052632,0.026316,0.263158,0.078947,0.000000,0.052632,0.026316,0.000000
Negative_F987,0.107143,0.071429,0.035714,0.035714,0.000000,0.107143,0.000000,0.071429,0.214286,0.142857,0.035714,0.035714,0.000000,0.000000,0.000000,0.035714,0.035714,0.071429,0.000000,0.000000
Negative_F1807,0.000000,0.363636,0.000000,0.000000,0.090909,0.136364,0.000000,0.000000,0.090909,0.045455,0.045455,0.136364,0.000000,0.000000,0.045455,0.000000,0.000000,0.045455,0.000000,0.000000
Negative_F1188,0.000000,0.000000,0.000000,0.000000,0.000000,0.133333,0.000000,0.200000,0.200000,0.266667,0.000000,0.000000,0.000000,0.000000,0.000000,0.133333,0.066667,0.000000,0.000000,0.000000
Negative_F1759,0.111111,0.000000,0.000000,0.000000,0.055556,0.111111,0.000000,0.166667,0.111111,0.111111,0.055556,0.055556,0.055556,0.000000,0.000000,0.055556,0.000000,0.111111,0.000000,0.000000
Negative_F1849,0.058824,0.000000,0.000000,0.000000,0.176471,0.117647,0.000000,0.117647,0.058824,0.176471,0.000000,0.000000,0.058824,0.000000,0.000000,0.176471,0.000000,0.058824,0.000000,0.000000
Negative_F2209,0.062500,0.187500,0.000000,0.000000,0.062500,0.062500,0.000000,0.062500,0.125000,0.062500,0.000000,0.000000,0.062500,0.000000,0.125000,0.000000,0.125000,0.000000,0.062500,0.000000
Negative_F1369,0.061224,0.122449,0.040816,0.040816,0.000000,0.081633,0.061224,0.040816,0.020408,0.020408,0.040816,0.040816,0.020408,0.061224,0.040816,0.061224,0.081633,0.040816,0.040816,0.081633
Negative_F1765,0.055118,0.062992,0.031496,0.047244,0.039370,0.039370,0.070866,0.047244,0.078740,0.039370,0.015748,0.070866,0.062992,0.070866,0.039370,0.062992,0.062992,0.055118,0.007874,0.039370
Negative_F1223,0.185185,0.000000,0.037037,0.000000,0.037037,0.185185,0.000000,0.037037,0.111111,0.222222,0.000000,0.074074,0.000000,0.000000,0.000000,0.037037,0.000000,0.074074,0.000000,0.000000
Negative_F1145,0.000000,0.000000,0.050000,0.000000,0.000000,0.000000,0.000000,0.050000,0.050000,0.050000,0.000000,0.100000,0.350000,0.000000,0.200000,0.000000,0.000000,0.050000,0.000000,0.100000
Negative_F1503,0.071429,0.142857,0.023810,0.023810,0.047619,0.238095,0.047619,0.000000,0.000000,0.047619,0.000000,0.000000,0.071429,0.023810,0.047619,0.047619,0.071429,0.000000,0.023810,0.071429
Negative_F1507,0.031746,0.126984,0.079365,0.031746,0.015873,0.031746,0.000000,0.047619,0.079365,0.079365,0.031746,0.031746,0.158730,0.031746,0.047619,0.047619,0.063492,0.031746,0.000000,0.031746
Negative_F2089,0.103175,0.000000,0.023810,0.055556,0.015873,0.055556,0.023810,0.047619,0.158730,0.047619,0.023810,0.023810,0.047619,0.023810,0.063492,0.111111,0.063492,0.071429,0.000000,0.039683
Negative_F1970,0.052632,0.000000,0.000000,0.000000,0.000000,0.105263,0.000000,0.052632,0.210526,0.052632,0.000000,0.000000,0.157895,0.000000,0.052632,0.000000,0.052632,0.157895,0.000000,0.105263
Negative_F210,0.111111,0.000000,0.055556,0.000000,0.111111,0.111111,0.000000,0.055556,0.111111,0.055556,0.000000,0.055556,0.000000,0.000000,0.000000,0.000000,0.111111,0.222222,0.000000,0.000000
Negative_F234,0.047619,0.142857,0.000000,0.095238,0.047619,0.047619,0.047619,0.000000,0.095238,0.000000,0.000000,0.095238,0.095238,0.000000,0.047619,0.142857,0.095238,0.000000,0.000000,0.000000
Negative_F1912,0.105263,0.000000,0.000000,0.000000,0.105263,0.000000,0.000000,0.210526,0.105263,0.210526,0.000000,0.000000,0.105263,0.000000,0.000000,0.157895,0.000000,0.000000,0.000000,0.000000
Negative_F2352,0.037975,0.151899,0.037975,0.025316,0.012658,0.075949,0.050633,0.025316,0.063291,0.050633,0.000000,0.050633,0.177215,0.012658,0.025316,0.075949,0.025316,0.037975,0.000000,0.063291
Negative_F2159,0.000000,0.000000,0.093023,0.139535,0.023256,0.000000,0.000000,0.046512,0.186047,0.046512,0.023256,0.046512,0.046512,0.046512,0.000000,0.139535,0.139535,0.023256,0.000000,0.000000
Negative_F180,0.000000,0.222222,0.000000,0.000000,0.055556,0.222222,0.000000,0.055556,0.000000,0.055556,0.000000,0.000000,0.000000,0.000000,0.222222,0.000000,0.000000,0.055556,0.055556,0.055556
Negative_F22,0.092784,0.072165,0.082474,0.000000,0.072165,0.082474,0.010309,0.051546,0.020619,0.030928,0.000000,0.134021,0.082474,0.010309,0.092784,0.020619,0.092784,0.030928,0.000000,0.020619
Negative_F371,0.125000,0.083333,0.000000,0.000000,0.041667,0.041667,0.000000,0.041667,0.125000,0.208333,0.083333,0.000000,0.083333,0.000000,0.000000,0.041667,0.041667,0.083333,0.000000,0.000000
Negative_F597,0.187500,0.000000,0.020833,0.020833,0.041667,0.062500,0.000000,0.041667,0.187500,0.145833,0.020833,0.041667,0.020833,0.062500,0.062500,0.041667,0.000000,0.041667,0.000000,0.000000
Negative_F1965,0.090909,0.000000,0.000000,0.045455,0.000000,0.045455,0.045455,0.000000,0.090909,0.318182,0.045455,0.000000,0.136364,0.000000,0.000000,0.000000,0.090909,0.045455,0.045455,0.000000
Negative_F1866,0.000000,0.000000,0.076923,0.076923,0.000000,0.153846,0.000000,0.307692,0.153846,0.153846,0.000000,0.000000,0.000000,0.000000,0.000000,0.000000,0.000000,0.000000,0.076923,0.000000
Negative_F5,0.117647,0.000000,0.058824,0.058824,0.088235,0.058824,0.029412,0.147059,0.117647,0.058824,0.000000,0.088235,0.058824,0.029412,0.000000,0.000000,0.000000,0.088235,0.000000,0.000000
Negative_F1820,0.150000,0.000000,0.025000,0.025000,0.000000,0.125000,0.025000,0.100000,0.125000,0.050000,0.000000,0.025000,0.000000,0.100000,0.050000,0.000000,0.100000,0.075000,0.025000,0.000000
Negative_F1936,0.034483,0.068966,0.045977,0.022989,0.000000,0.034483,0.057471,0.068966,0.149425,0.034483,0.057471,0.034483,0.045977,0.057471,0.057471,0.045977,0.057471,0.103448,0.011494,0.011494
Negative_F1461,0.073826,0.040268,0.033557,0.046980,0.026846,0.093960,0.020134,0.020134,0.060403,0.067114,0.020134,0.067114,0.046980,0.013423,0.040268,0.161074,0.020134,0.046980,0.040268,0.060403
Negative_F1472,0.073529,0.058824,0.014706,0.044118,0.029412,0.000000,0.029412,0.058824,0.117647,0.117647,0.000000,0.102941,0.058824,0.044118,0.073529,0.044118,0.014706,0.073529,0.014706,0.029412
Negative_F1191,0.000000,0.170213,0.063830,0.042553,0.042553,0.085106,0.042553,0.021277,0.063830,0.063830,0.000000,0.127660,0.042553,0.000000,0.106383,0.042553,0.063830,0.000000,0.021277,0.000000
Negative_F1702,0.000000,0.100000,0.000000,0.000000,0.000000,0.100000,0.000000,0.200000,0.100000,0.100000,0.000000,0.000000,0.050000,0.000000,0.000000,0.050000,0.200000,0.100000,0.000000,0.000000
Negative_F4,0.061224,0.163265,0.040816,0.040816,0.040816,0.102041,0.061224,0.000000,0.061224,0.040816,0.000000,0.102041,0.000000,0.020408,0.061224,0.040816,0.081633,0.000000,0.061224,0.020408
Negative_F1772,0.200000,0.066667,0.022222,0.022222,0.022222,0.088889,0.000000,0.066667,0.044444,0.022222,0.022222,0.022222,0.022222,0.000000,0.022222,0.177778,0.044444,0.111111,0.000000,0.022222
Negative_F1539,0.026316,0.157895,0.026316,0.026316,0.052632,0.131579,0.000000,0.052632,0.184211,0.000000,0.000000,0.052632,0.026316,0.000000,0.000000,0.105263,0.026316,0.105263,0.026316,0.000000
Negative_F168,0.117647,0.088235,0.000000,0.000000,0.029412,0.088235,0.000000,0.029412,0.176471,0.058824,0.000000,0.029412,0.029412,0.058824,0.058824,0.058824,0.117647,0.058824,0.000000,0.000000
Negative_F1997,0.000000,0.076923,0.000000,0.000000,0.000000,0.153846,0.076923,0.000000,0.076923,0.153846,0.000000,0.000000,0.076923,0.000000,0.076923,0.000000,0.000000,0.153846,0.000000,0.153846
Negative_F24,0.000000,0.000000,0.000000,0.000000,0.000000,0.384615,0.307692,0.000000,0.000000,0.000000,0.000000,0.000000,0.000000,0.076923,0.000000,0.076923,0.000000,0.153846,0.000000,0.000000
Negative_F1663,0.064516,0.064516,0.032258,0.032258,0.064516,0.096774,0.000000,0.096774,0.096774,0.096774,0.000000,0.096774,0.000000,0.032258,0.096774,0.032258,0.032258,0.032258,0.032258,0.000000
Negative_F1858,0.071429,0.000000,0.000000,0.000000,0.000000,0.000000,0.000000,0.071429,0.214286,0.214286,0.000000,0.000000,0.000000,0.000000,0.071429,0.142857,0.000000,0.142857,0.000000,0.071429
Negative_F1230,0.135135,0.000000,0.027027,0.027027,0.027027,0.108108,0.000000,0.108108,0.162162,0.000000,0.000000,0.027027,0.027027,0.027027,0.081081,0.000000,0.027027,0.189189,0.027027,0.000000
Negative_F2353,0.025316,0.151899,0.063291,0.063291,0.012658,0.037975,0.075949,0.025316,0.088608,0.075949,0.000000,0.037975,0.113924,0.025316,0.050633,0.025316,0.025316,0.037975,0.000000,0.063291
Negative_F967,0.024390,0.146341,0.073171,0.097561,0.048780,0.146341,0.000000,0.000000,0.024390,0.000000,0.000000,0.048780,0.048780,0.000000,0.073171,0.048780,0.073171,0.024390,0.000000,0.121951
Negative_F1355,0.125000,0.083333,0.000000,0.000000,0.083333,0.083333,0.000000,0.208333,0.166667,0.083333,0.000000,0.000000,0.083333,0.000000,0.000000,0.000000,0.041667,0.041667,0.000000,0.000000
Negative_F2442,0.000000,0.095238,0.047619,0.000000,0.071429,0.071429,0.023810,0.119048,0.071429,0.000000,0.000000,0.095238,0.023810,0.023810,0.142857,0.095238,0.047619,0.023810,0.023810,0.023810
Negative_F1155,0.000000,0.000000,0.000000,0.071429,0.071429,0.000000,0.000000,0.142857,0.285714,0.071429,0.000000,0.142857,0.000000,0.000000,0.000000,0.000000,0.000000,0.142857,0.071429,0.000000
Negative_F244,0.000000,0.181818,0.000000,0.000000,0.090909,0.000000,0.000000,0.181818,0.000000,0.000000,0.090909,0.000000,0.181818,0.000000,0.090909,0.000000,0.090909,0.000000,0.000000,0.090909
Negative_F483,0.173913,0.043478,0.043478,0.000000,0.000000,0.130435,0.000000,0.000000,0.086957,0.130435,0.000000,0.000000,0.000000,0.000000,0.086957,0.086957,0.000000,0.086957,0.043478,0.086957
Negative_F1158,0.117647,0.000000,0.000000,0.058824,0.000000,0.058824,0.000000,0.176471,0.235294,0.117647,0.000000,0.058824,0.000000,0.000000,0.000000,0.058824,0.000000,0.058824,0.058824,0.000000
Negative_F2217,0.000000,0.125000,0.000000,0.041667,0.083333,0.083333,0.041667,0.041667,0.041667,0.083333,0.041667,0.125000,0.000000,0.041667,0.000000,0.041667,0.125000,0.041667,0.041667,0.000000
Negative_F1408,0.083333,0.000000,0.083333,0.000000,0.000000,0.250000,0.000000,0.083333,0.000000,0.416667,0.000000,0.000000,0.000000,0.000000,0.000000,0.083333,0.000000,0.000000,0.000000,0.000000
Negative_F1823,0.200000,0.000000,0.025000,0.025000,0.000000,0.125000,0.025000,0.125000,0.100000,0.025000,0.000000,0.025000,0.000000,0.100000,0.075000,0.025000,0.050000,0.050000,0.025000,0.000000
Negative_F1271,0.055556,0.055556,0.055556,0.027778,0.027778,0.111111,0.000000,0.083333,0.166667,0.083333,0.000000,0.055556,0.027778,0.000000,0.027778,0.055556,0.027778,0.111111,0.027778,0.000000
Negative_F1828,0.183333,0.000000,0.016667,0.050000,0.016667,0.116667,0.083333,0.066667,0.133333,0.016667,0.000000,0.050000,0.000000,0.016667,0.016667,0.033333,0.050000,0.150000,0.000000,0.000000
Negative_F955,0.139535,0.139535,0.023256,0.046512,0.046512,0.116279,0.046512,0.046512,0.023256,0.093023,0.000000,0.023256,0.000000,0.000000,0.116279,0.069767,0.023256,0.046512,0.000000,0.000000
Negative_F1640,0.216216,0.054054,0.000000,0.054054,0.108108,0.135135,0.027027,0.027027,0.162162,0.108108,0.000000,0.054054,0.000000,0.027027,0.000000,0.027027,0.000000,0.000000,0.000000,0.000000
Negative_F192,0.042553,0.170213,0.042553,0.021277,0.000000,0.042553,0.000000,0.085106,0.106383,0.021277,0.000000,0.063830,0.063830,0.000000,0.085106,0.085106,0.085106,0.021277,0.021277,0.042553
Negative_F1585,0.000000,0.000000,0.000000,0.071429,0.071429,0.214286,0.000000,0.142857,0.142857,0.142857,0.000000,0.000000,0.000000,0.000000,0.000000,0.071429,0.000000,0.071429,0.071429,0.000000
Negative_F2107,0.034483,0.068966,0.034483,0.034483,0.034483,0.172414,0.000000,0.103448,0.172414,0.137931,0.000000,0.000000,0.000000,0.000000,0.034483,0.034483,0.068966,0.034483,0.034483,0.000000
Negative_F673,0.000000,0.000000,0.000000,0.000000,0.153846,0.076923,0.000000,0.153846,0.153846,0.307692,0.000000,0.000000,0.076923,0.000000,0.000000,0.076923,0.000000,0.000000,0.000000,0.000000
Negative_F958,0.150000,0.150000,0.025000,0.000000,0.025000,0.125000,0.025000,0.025000,0.025000,0.050000,0.000000,0.050000,0.000000,0.000000,0.100000,0.100000,0.025000,0.075000,0.000000,0.050000
Negative_F681,0.000000,0.000000,0.062500,0.031250,0.000000,0.093750,0.031250,0.031250,0.062500,0.062500,0.000000,0.000000,0.031250,0.093750,0.156250,0.156250,0.031250,0.062500,0.062500,0.031250
Negative_F2327,0.156863,0.000000,0.019608,0.058824,0.039216,0.078431,0.019608,0.078431,0.019608,0.137255,0.019608,0.039216,0.078431,0.039216,0.039216,0.058824,0.058824,0.058824,0.000000,0.000000
Negative_F2194,0.000000,0.000000,0.000000,0.000000,0.150000,0.050000,0.150000,0.000000,0.100000,0.150000,0.000000,0.000000,0.000000,0.000000,0.200000,0.050000,0.050000,0.050000,0.000000,0.050000
Negative_F489,0.116667,0.000000,0.100000,0.216667,0.050000,0.016667,0.016667,0.016667,0.083333,0.083333,0.033333,0.016667,0.033333,0.083333,0.050000,0.033333,0.016667,0.016667,0.000000,0.016667
Negative_F1411,0.111111,0.000000,0.055556,0.000000,0.055556,0.111111,0.000000,0.111111,0.111111,0.111111,0.000000,0.000000,0.055556,0.000000,0.000000,0.111111,0.000000,0.166667,0.000000,0.000000
Negative_F1734,0.000000,0.000000,0.071429,0.000000,0.000000,0.000000,0.000000,0.142857,0.357143,0.071429,0.000000,0.000000,0.000000,0.000000,0.071429,0.071429,0.000000,0.071429,0.000000,0.142857
Negative_F560,0.000000,0.333333,0.000000,0.000000,0.111111,0.111111,0.000000,0.111111,0.000000,0.000000,0.000000,0.000000,0.000000,0.000000,0.222222,0.000000,0.111111,0.000000,0.000000,0.000000
Negative_F1160,0.117647,0.000000,0.000000,0.058824,0.000000,0.058824,0.000000,0.176471,0.176471,0.117647,0.000000,0.058824,0.000000,0.058824,0.000000,0.058824,0.000000,0.058824,0.058824,0.000000
Negative_F1599,0.220339,0.169492,0.050847,0.033898,0.016949,0.101695,0.050847,0.033898,0.084746,0.101695,0.000000,0.000000,0.016949,0.000000,0.000000,0.033898,0.000000,0.084746,0.000000,0.000000
Negative_F1351,0.000000,0.052632,0.000000,0.052632,0.105263,0.052632,0.000000,0.105263,0.157895,0.000000,0.000000,0.000000,0.105263,0.052632,0.052632,0.052632,0.105263,0.000000,0.105263,0.000000
Negative_F1783,0.000000,0.320000,0.000000,0.000000,0.040000,0.080000,0.040000,0.000000,0.080000,0.080000,0.000000,0.080000,0.000000,0.040000,0.080000,0.080000,0.000000,0.000000,0.000000,0.080000
Negative_F720,0.085106,0.212766,0.042553,0.042553,0.021277,0.021277,0.021277,0.042553,0.170213,0.042553,0.000000,0.021277,0.042553,0.000000,0.042553,0.063830,0.063830,0.042553,0.021277,0.000000
Negative_F379,0.105263,0.157895,0.000000,0.000000,0.026316,0.157895,0.000000,0.052632,0.052632,0.000000,0.000000,0.078947,0.052632,0.052632,0.052632,0.105263,0.000000,0.026316,0.000000,0.078947
Negative_F1816,0.105263,0.000000,0.000000,0.000000,0.105263,0.052632,0.000000,0.157895,0.000000,0.157895,0.000000,0.052632,0.052632,0.000000,0.052632,0.157895,0.000000,0.105263,0.000000,0.000000
Negative_F1322,0.151515,0.060606,0.030303,0.030303,0.030303,0.060606,0.000000,0.030303,0.151515,0.151515,0.030303,0.000000,0.000000,0.030303,0.000000,0.121212,0.121212,0.000000,0.000000,0.000000
Negative_F994,0.107143,0.071429,0.071429,0.000000,0.000000,0.107143,0.000000,0.071429,0.178571,0.107143,0.035714,0.000000,0.000000,0.000000,0.000000,0.035714,0.107143,0.071429,0.035714,0.000000
Negative_F2374,0.100000,0.000000,0.020000,0.000000,0.000000,0.080000,0.040000,0.100000,0.140000,0.080000,0.020000,0.100000,0.040000,0.040000,0.000000,0.080000,0.000000,0.100000,0.040000,0.020000
Negative_F444,0.166667,0.000000,0.023810,0.000000,0.047619,0.095238,0.047619,0.119048,0.238095,0.023810,0.000000,0.023810,0.047619,0.000000,0.023810,0.047619,0.023810,0.047619,0.000000,0.023810
Negative_F960,0.130435,0.130435,0.043478,0.043478,0.000000,0.130435,0.043478,0.021739,0.086957,0.130435,0.021739,0.000000,0.021739,0.000000,0.000000,0.021739,0.043478,0.086957,0.021739,0.021739
Negative_F6,0.000000,0.000000,0.000000,0.000000,0.000000,0.055556,0.055556,0.111111,0.000000,0.000000,0.000000,0.111111,0.333333,0.055556,0.166667,0.000000,0.000000,0.055556,0.000000,0.055556
Negative_F1085,0.016667,0.133333,0.033333,0.066667,0.000000,0.083333,0.000000,0.033333,0.116667,0.050000,0.000000,0.016667,0.033333,0.050000,0.083333,0.083333,0.083333,0.016667,0.083333,0.016667
Negative_F1552,0.075472,0.000000,0.037736,0.000000,0.000000,0.301887,0.000000,0.018868,0.075472,0.000000,0.018868,0.018868,0.037736,0.000000,0.207547,0.188679,0.018868,0.000000,0.000000,0.000000
Negative_F1917,0.040000,0.120000,0.000000,0.040000,0.080000,0.080000,0.000000,0.120000,0.040000,0.120000,0.000000,0.000000,0.080000,0.000000,0.040000,0.040000,0.080000,0.120000,0.000000,0.000000
Negative_F1635,0.187500,0.125000,0.000000,0.000000,0.000000,0.000000,0.062500,0.062500,0.000000,0.000000,0.062500,0.062500,0.062500,0.000000,0.062500,0.000000,0.187500,0.062500,0.062500,0.000000
Negative_F823,0.088235,0.058824,0.000000,0.058824,0.029412,0.088235,0.000000,0.058824,0.176471,0.088235,0.058824,0.058824,0.029412,0.029412,0.000000,0.029412,0.029412,0.000000,0.058824,0.058824
Negative_F1913,0.080000,0.000000,0.000000,0.000000,0.080000,0.160000,0.000000,0.040000,0.160000,0.120000,0.040000,0.040000,0.040000,0.000000,0.000000,0.160000,0.000000,0.040000,0.040000,0.000000
Negative_F1610,0.095238,0.000000,0.000000,0.047619,0.000000,0.000000,0.000000,0.095238,0.238095,0.142857,0.047619,0.047619,0.047619,0.047619,0.047619,0.047619,0.000000,0.047619,0.000000,0.047619
Negative_F1349,0.000000,0.000000,0.000000,0.000000,0.153846,0.153846,0.000000,0.076923,0.076923,0.307692,0.000000,0.000000,0.076923,0.000000,0.000000,0.076923,0.000000,0.076923,0.000000,0.000000
Negative_F696,0.033333,0.200000,0.000000,0.033333,0.033333,0.233333,0.000000,0.000000,0.033333,0.000000,0.033333,0.000000,0.066667,0.066667,0.100000,0.066667,0.000000,0.033333,0.000000,0.066667
Negative_F1845,0.050000,0.000000,0.000000,0.000000,0.100000,0.050000,0.000000,0.100000,0.050000,0.250000,0.000000,0.000000,0.100000,0.050000,0.000000,0.150000,0.050000,0.050000,0.000000,0.000000
Negative_F2199,0.058824,0.058824,0.000000,0.000000,0.000000,0.058824,0.000000,0.000000,0.058824,0.000000,0.000000,0.000000,0.000000,0.058824,0.294118,0.000000,0.058824,0.058824,0.235294,0.058824
Negative_F1976,0.076923,0.000000,0.000000,0.000000,0.076923,0.076923,0.000000,0.000000,0.076923,0.153846,0.000000,0.076923,0.000000,0.000000,0.076923,0.230769,0.076923,0.000000,0.076923,0.000000
Negative_F600,0.108108,0.000000,0.054054,0.027027,0.081081,0.108108,0.000000,0.054054,0.216216,0.081081,0.000000,0.027027,0.000000,0.054054,0.054054,0.081081,0.000000,0.054054,0.000000,0.000000
Negative_F1518,0.047619,0.000000,0.095238,0.000000,0.095238,0.142857,0.190476,0.095238,0.000000,0.190476,0.000000,0.000000,0.000000,0.000000,0.047619,0.047619,0.000000,0.047619,0.000000,0.000000
Negative_F2444,0.055556,0.111111,0.027778,0.000000,0.027778,0.027778,0.000000,0.055556,0.055556,0.055556,0.000000,0.083333,0.055556,0.083333,0.166667,0.055556,0.055556,0.055556,0.000000,0.027778
Negative_F1956,0.052632,0.157895,0.000000,0.000000,0.078947,0.184211,0.052632,0.026316,0.026316,0.026316,0.000000,0.026316,0.026316,0.052632,0.131579,0.052632,0.052632,0.000000,0.000000,0.052632
Negative_F2072,0.000000,0.166667,0.041667,0.000000,0.000000,0.041667,0.000000,0.041667,0.000000,0.041667,0.000000,0.041667,0.125000,0.083333,0.291667,0.000000,0.000000,0.041667,0.000000,0.083333
Negative_F2256,0.076923,0.000000,0.000000,0.076923,0.051282,0.102564,0.025641,0.025641,0.153846,0.025641,0.000000,0.000000,0.025641,0.025641,0.128205,0.025641,0.051282,0.179487,0.025641,0.000000
Negative_F2399,0.000000,0.000000,0.000000,0.086957,0.086957,0.086957,0.043478,0.000000,0.130435,0.130435,0.043478,0.043478,0.000000,0.000000,0.130435,0.043478,0.000000,0.086957,0.000000,0.086957
Negative_F2191,0.000000,0.000000,0.000000,0.000000,0.052632,0.000000,0.000000,0.052632,0.157895,0.052632,0.000000,0.052632,0.052632,0.000000,0.157895,0.105263,0.052632,0.157895,0.105263,0.000000
Negative_F1247,0.027027,0.000000,0.027027,0.081081,0.054054,0.108108,0.000000,0.135135,0.081081,0.081081,0.000000,0.027027,0.027027,0.189189,0.108108,0.027027,0.000000,0.027027,0.000000,0.000000
Negative_F1492,0.045455,0.000000,0.090909,0.000000,0.181818,0.090909,0.000000,0.090909,0.181818,0.090909,0.045455,0.045455,0.000000,0.045455,0.000000,0.000000,0.045455,0.045455,0.000000,0.000000
Negative_F1304,0.021739,0.043478,0.043478,0.021739,0.065217,0.195652,0.021739,0.130435,0.173913,0.043478,0.021739,0.021739,0.000000,0.000000,0.021739,0.021739,0.000000,0.152174,0.000000,0.000000
Negative_F25,0.080000,0.080000,0.000000,0.000000,0.080000,0.040000,0.000000,0.040000,0.120000,0.040000,0.040000,0.000000,0.040000,0.040000,0.200000,0.040000,0.040000,0.040000,0.080000,0.000000
Negative_F2145,0.146341,0.000000,0.024390,0.121951,0.048780,0.024390,0.024390,0.024390,0.097561,0.073171,0.024390,0.000000,0.024390,0.097561,0.024390,0.024390,0.146341,0.000000,0.024390,0.048780
Negative_F2210,0.000000,0.000000,0.000000,0.000000,0.000000,0.105263,0.052632,0.157895,0.105263,0.210526,0.052632,0.000000,0.000000,0.000000,0.105263,0.105263,0.000000,0.052632,0.052632,0.000000
Negative_F705,0.224138,0.000000,0.034483,0.017241,0.051724,0.103448,0.000000,0.137931,0.017241,0.034483,0.017241,0.017241,0.034483,0.034483,0.000000,0.034483,0.068966,0.086207,0.051724,0.034483
Negative_F2415,0.000000,0.200000,0.150000,0.050000,0.000000,0.000000,0.000000,0.000000,0.050000,0.100000,0.000000,0.000000,0.000000,0.000000,0.000000,0.150000,0.100000,0.100000,0.100000,0.000000
Negative_F2118,0.148148,0.074074,0.037037,0.000000,0.074074,0.111111,0.037037,0.111111,0.000000,0.037037,0.000000,0.074074,0.037037,0.037037,0.111111,0.074074,0.000000,0.000000,0.037037,0.000000
Negative_F1143,0.000000,0.093750,0.000000,0.031250,0.031250,0.093750,0.000000,0.062500,0.062500,0.031250,0.031250,0.093750,0.000000,0.000000,0.031250,0.093750,0.156250,0.156250,0.000000,0.031250
Negative_F794,0.063830,0.000000,0.063830,0.021277,0.063830,0.085106,0.000000,0.063830,0.127660,0.042553,0.000000,0.042553,0.021277,0.021277,0.021277,0.106383,0.021277,0.085106,0.063830,0.085106
Negative_F849,0.208333,0.000000,0.041667,0.000000,0.083333,0.125000,0.041667,0.083333,0.125000,0.041667,0.000000,0.041667,0.000000,0.000000,0.041667,0.000000,0.041667,0.125000,0.000000,0.000000
Negative_F1961,0.038462,0.000000,0.000000,0.000000,0.153846,0.000000,0.038462,0.038462,0.115385,0.192308,0.000000,0.000000,0.115385,0.000000,0.000000,0.076923,0.000000,0.115385,0.038462,0.076923
Negative_F114,0.078431,0.156863,0.058824,0.019608,0.019608,0.078431,0.000000,0.039216,0.235294,0.000000,0.000000,0.039216,0.019608,0.019608,0.019608,0.039216,0.039216,0.019608,0.000000,0.117647
Negative_F1047,0.080000,0.160000,0.060000,0.060000,0.040000,0.100000,0.080000,0.000000,0.100000,0.020000,0.020000,0.020000,0.000000,0.040000,0.020000,0.060000,0.060000,0.020000,0.040000,0.020000
Negative_F1193,0.117647,0.000000,0.000000,0.000000,0.058824,0.235294,0.000000,0.000000,0.058824,0.294118,0.000000,0.058824,0.000000,0.000000,0.058824,0.058824,0.000000,0.058824,0.000000,0.000000
Negative_F1946,0.000000,0.115385,0.000000,0.038462,0.115385,0.076923,0.076923,0.038462,0.076923,0.038462,0.038462,0.076923,0.000000,0.038462,0.000000,0.115385,0.076923,0.038462,0.038462,0.000000
Negative_F191,0.026316,0.157895,0.000000,0.000000,0.000000,0.105263,0.000000,0.078947,0.131579,0.000000,0.026316,0.052632,0.078947,0.026316,0.105263,0.052632,0.026316,0.131579,0.000000,0.000000
Negative_F547,0.142857,0.000000,0.000000,0.000000,0.047619,0.190476,0.000000,0.142857,0.142857,0.142857,0.000000,0.095238,0.047619,0.000000,0.000000,0.047619,0.000000,0.000000,0.000000,0.000000
Negative_F1632,0.096774,0.064516,0.032258,0.064516,0.032258,0.064516,0.000000,0.096774,0.161290,0.064516,0.000000,0.064516,0.064516,0.000000,0.000000,0.064516,0.032258,0.064516,0.032258,0.000000
Negative_F482,0.047619,0.000000,0.047619,0.000000,0.047619,0.142857,0.000000,0.142857,0.142857,0.095238,0.047619,0.047619,0.000000,0.047619,0.000000,0.047619,0.047619,0.047619,0.047619,0.000000
Negative_F101,0.129032,0.000000,0.000000,0.064516,0.000000,0.096774,0.000000,0.129032,0.161290,0.064516,0.000000,0.032258,0.032258,0.032258,0.064516,0.129032,0.032258,0.000000,0.032258,0.000000
Negative_F1960,0.000000,0.200000,0.033333,0.033333,0.000000,0.100000,0.000000,0.000000,0.066667,0.133333,0.000000,0.033333,0.033333,0.033333,0.033333,0.100000,0.100000,0.066667,0.000000,0.033333
Negative_F2295,0.000000,0.000000,0.000000,0.000000,0.038462,0.038462,0.153846,0.000000,0.038462,0.076923,0.000000,0.000000,0.076923,0.038462,0.230769,0.115385,0.038462,0.038462,0.038462,0.076923
Negative_F968,0.090909,0.000000,0.045455,0.068182,0.090909,0.068182,0.045455,0.022727,0.045455,0.022727,0.000000,0.068182,0.045455,0.045455,0.181818,0.022727,0.022727,0.068182,0.022727,0.022727
Negative_F625,0.000000,0.300000,0.000000,0.000000,0.000000,0.050000,0.050000,0.000000,0.050000,0.100000,0.000000,0.100000,0.000000,0.050000,0.100000,0.150000,0.000000,0.000000,0.050000,0.000000
Negative_F242,0.025641,0.153846,0.025641,0.000000,0.102564,0.076923,0.025641,0.051282,0.128205,0.102564,0.000000,0.025641,0.025641,0.000000,0.102564,0.076923,0.025641,0.000000,0.025641,0.025641
Negative_F930,0.025000,0.150000,0.025000,0.000000,0.050000,0.100000,0.000000,0.100000,0.025000,0.025000,0.000000,0.050000,0.100000,0.025000,0.175000,0.025000,0.050000,0.000000,0.025000,0.050000
Negative_F879,0.142857,0.071429,0.071429,0.000000,0.035714,0.071429,0.000000,0.035714,0.178571,0.142857,0.035714,0.035714,0.000000,0.000000,0.035714,0.035714,0.035714,0.071429,0.000000,0.000000
Negative_F2234,0.076923,0.000000,0.038462,0.000000,0.115385,0.076923,0.000000,0.115385,0.076923,0.153846,0.000000,0.038462,0.038462,0.000000,0.115385,0.153846,0.000000,0.000000,0.000000,0.000000
Negative_F1681,0.064516,0.193548,0.032258,0.032258,0.000000,0.064516,0.000000,0.032258,0.064516,0.096774,0.000000,0.032258,0.064516,0.000000,0.000000,0.064516,0.064516,0.129032,0.032258,0.032258
Negative_F1670,0.040000,0.000000,0.040000,0.000000,0.120000,0.160000,0.000000,0.120000,0.200000,0.040000,0.040000,0.000000,0.080000,0.040000,0.000000,0.000000,0.040000,0.080000,0.000000,0.000000
Negative_F1894,0.107692,0.092308,0.046154,0.061538,0.000000,0.046154,0.061538,0.030769,0.076923,0.076923,0.000000,0.046154,0.015385,0.046154,0.123077,0.015385,0.015385,0.107692,0.000000,0.030769
Negative_F2006,0.095238,0.000000,0.047619,0.000000,0.095238,0.190476,0.000000,0.047619,0.142857,0.142857,0.000000,0.000000,0.000000,0.000000,0.000000,0.047619,0.000000,0.190476,0.000000,0.000000
Negative_F1371,0.137931,0.000000,0.034483,0.000000,0.068966,0.103448,0.000000,0.068966,0.172414,0.068966,0.034483,0.000000,0.068966,0.000000,0.000000,0.068966,0.068966,0.103448,0.000000,0.000000
Negative_F2169,0.028571,0.000000,0.000000,0.000000,0.000000,0.000000,0.000000,0.057143,0.000000,0.028571,0.028571,0.000000,0.285714,0.028571,0.257143,0.028571,0.028571,0.000000,0.085714,0.142857
Negative_F697,0.000000,0.200000,0.000000,0.000000,0.000000,0.150000,0.000000,0.000000,0.050000,0.000000,0.000000,0.050000,0.050000,0.050000,0.250000,0.000000,0.000000,0.000000,0.100000,0.100000
Negative_F2016,0.053435,0.045802,0.015267,0.007634,0.045802,0.114504,0.000000,0.022901,0.022901,0.076336,0.007634,0.038168,0.145038,0.045802,0.083969,0.068702,0.068702,0.083969,0.007634,0.045802
Negative_F1210,0.162162,0.054054,0.000000,0.027027,0.054054,0.135135,0.027027,0.000000,0.135135,0.162162,0.027027,0.027027,0.000000,0.027027,0.000000,0.054054,0.081081,0.027027,0.000000,0.000000
Negative_F2235,0.045455,0.000000,0.000000,0.045455,0.181818,0.045455,0.045455,0.090909,0.181818,0.136364,0.000000,0.000000,0.045455,0.045455,0.045455,0.045455,0.045455,0.000000,0.000000,0.000000
Negative_F1627,0.000000,0.076923,0.000000,0.000000,0.038462,0.000000,0.000000,0.076923,0.153846,0.115385,0.076923,0.000000,0.038462,0.076923,0.115385,0.000000,0.115385,0.076923,0.000000,0.038462
Negative_F595,0.047619,0.000000,0.000000,0.000000,0.000000,0.142857,0.095238,0.047619,0.000000,0.285714,0.000000,0.000000,0.047619,0.047619,0.000000,0.095238,0.047619,0.142857,0.000000,0.000000
Negative_F2104,0.069767,0.139535,0.000000,0.023256,0.069767,0.139535,0.000000,0.000000,0.023256,0.139535,0.000000,0.000000,0.069767,0.023256,0.023256,0.139535,0.000000,0.069767,0.023256,0.046512
Negative_F1194,0.041667,0.333333,0.000000,0.000000,0.083333,0.166667,0.000000,0.000000,0.000000,0.000000,0.041667,0.041667,0.083333,0.000000,0.125000,0.041667,0.000000,0.041667,0.000000,0.000000
Negative_F1146,0.071429,0.178571,0.000000,0.035714,0.000000,0.071429,0.000000,0.035714,0.035714,0.071429,0.035714,0.107143,0.035714,0.000000,0.035714,0.071429,0.071429,0.035714,0.035714,0.071429
Negative_F1099,0.000000,0.000000,0.033333,0.133333,0.033333,0.133333,0.266667,0.000000,0.066667,0.000000,0.000000,0.000000,0.000000,0.033333,0.166667,0.066667,0.000000,0.000000,0.000000,0.066667
Negative_F2196,0.111111,0.055556,0.000000,0.000000,0.055556,0.000000,0.000000,0.000000,0.055556,0.055556,0.000000,0.055556,0.000000,0.000000,0.222222,0.166667,0.000000,0.055556,0.166667,0.000000
Negative_F463,0.121212,0.060606,0.030303,0.000000,0.030303,0.060606,0.000000,0.000000,0.121212,0.212121,0.000000,0.090909,0.000000,0.000000,0.000000,0.151515,0.060606,0.060606,0.000000,0.000000
Negative_F2112,0.000000,0.125000,0.000000,0.000000,0.125000,0.062500,0.000000,0.125000,0.062500,0.125000,0.000000,0.000000,0.125000,0.000000,0.125000,0.000000,0.062500,0.062500,0.000000,0.000000
Negative_F1572,0.105263,0.105263,0.000000,0.000000,0.052632,0.105263,0.000000,0.000000,0.105263,0.052632,0.105263,0.000000,0.052632,0.000000,0.105263,0.052632,0.000000,0.052632,0.052632,0.052632
Negative_F166,0.058824,0.147059,0.000000,0.000000,0.000000,0.088235,0.058824,0.088235,0.088235,0.058824,0.058824,0.029412,0.029412,0.000000,0.000000,0.117647,0.147059,0.029412,0.000000,0.000000
Negative_F2038,0.000000,0.000000,0.103448,0.034483,0.137931,0.034483,0.000000,0.137931,0.068966,0.068966,0.000000,0.068966,0.000000,0.000000,0.310345,0.034483,0.000000,0.000000,0.000000,0.000000
Negative_F847,0.000000,0.000000,0.000000,0.000000,0.000000,0.058824,0.058824,0.058824,0.000000,0.058824,0.000000,0.058824,0.411765,0.000000,0.176471,0.000000,0.000000,0.058824,0.000000,0.058824
Negative_F1094,0.034483,0.103448,0.051724,0.051724,0.017241,0.086207,0.103448,0.000000,0.137931,0.051724,0.000000,0.068966,0.017241,0.017241,0.034483,0.068966,0.051724,0.068966,0.000000,0.034483
Negative_F1397,0.146341,0.048780,0.000000,0.000000,0.048780,0.243902,0.000000,0.024390,0.073171,0.048780,0.024390,0.024390,0.024390,0.000000,0.000000,0.048780,0.048780,0.073171,0.048780,0.073171
Negative_F2448,0.105263,0.000000,0.000000,0.000000,0.105263,0.052632,0.052632,0.157895,0.052632,0.157895,0.000000,0.052632,0.052632,0.000000,0.000000,0.157895,0.000000,0.052632,0.000000,0.000000
Negative_F1339,0.029412,0.029412,0.147059,0.235294,0.000000,0.029412,0.000000,0.058824,0.088235,0.058824,0.029412,0.029412,0.029412,0.000000,0.117647,0.029412,0.000000,0.088235,0.000000,0.000000
Negative_F1344,0.000000,0.000000,0.000000,0.000000,0.000000,0.083333,0.083333,0.083333,0.250000,0.250000,0.083333,0.000000,0.000000,0.000000,0.000000,0.083333,0.000000,0.000000,0.083333,0.000000
Negative_F685,0.095238,0.000000,0.000000,0.000000,0.000000,0.190476,0.000000,0.000000,0.000000,0.000000,0.000000,0.000000,0.666667,0.000000,0.047619,0.000000,0.000000,0.000000,0.000000,0.000000
Negative_F1716,0.000000,0.000000,0.000000,0.000000,0.132075,0.471698,0.113208,0.018868,0.000000,0.018868,0.000000,0.018868,0.018868,0.000000,0.113208,0.056604,0.000000,0.000000,0.000000,0.037736
Negative_F2340,0.000000,0.000000,0.000000,0.000000,0.181818,0.090909,0.000000,0.181818,0.181818,0.090909,0.000000,0.000000,0.000000,0.000000,0.090909,0.000000,0.000000,0.181818,0.000000,0.000000
Negative_F1366,0.214286,0.000000,0.000000,0.000000,0.071429,0.000000,0.000000,0.071429,0.071429,0.214286,0.000000,0.071429,0.000000,0.000000,0.071429,0.000000,0.142857,0.000000,0.071429,0.000000
Negative_F820,0.068182,0.045455,0.022727,0.045455,0.000000,0.136364,0.022727,0.068182,0.090909,0.022727,0.000000,0.113636,0.045455,0.022727,0.045455,0.000000,0.022727,0.068182,0.090909,0.068182
Negative_F297,0.146341,0.000000,0.024390,0.000000,0.048780,0.121951,0.048780,0.121951,0.195122,0.024390,0.000000,0.024390,0.048780,0.000000,0.048780,0.024390,0.048780,0.048780,0.000000,0.024390
Negative_F2165,0.093023,0.000000,0.023256,0.023256,0.023256,0.116279,0.023256,0.093023,0.069767,0.069767,0.046512,0.023256,0.023256,0.046512,0.069767,0.023256,0.023256,0.046512,0.116279,0.046512
Negative_F1270,0.023810,0.119048,0.000000,0.023810,0.119048,0.142857,0.023810,0.000000,0.047619,0.142857,0.000000,0.000000,0.095238,0.000000,0.023810,0.119048,0.023810,0.071429,0.023810,0.000000
Negative_F639,0.150000,0.100000,0.000000,0.000000,0.100000,0.100000,0.000000,0.100000,0.150000,0.100000,0.050000,0.000000,0.050000,0.000000,0.000000,0.000000,0.050000,0.050000,0.000000,0.000000
Negative_F116,0.000000,0.000000,0.000000,0.000000,0.000000,0.000000,0.000000,0.076923,0.076923,0.076923,0.000000,0.000000,0.230769,0.000000,0.153846,0.000000,0.000000,0.000000,0.384615,0.000000
Negative_F2281,0.000000,0.000000,0.153846,0.153846,0.076923,0.076923,0.076923,0.000000,0.076923,0.153846,0.153846,0.076923,0.000000,0.000000,0.000000,0.000000,0.000000,0.000000,0.000000,0.000000
Negative_F170,0.083333,0.000000,0.000000,0.000000,0.000000,0.166667,0.000000,0.041667,0.125000,0.208333,0.000000,0.083333,0.000000,0.041667,0.000000,0.041667,0.041667,0.125000,0.000000,0.041667
Negative_F2175,0.000000,0.000000,0.035714,0.000000,0.000000,0.571429,0.000000,0.000000,0.035714,0.000000,0.000000,0.000000,0.000000,0.000000,0.035714,0.107143,0.000000,0.035714,0.178571,0.000000
Negative_F421,0.000000,0.156250,0.000000,0.031250,0.031250,0.062500,0.031250,0.062500,0.062500,0.062500,0.000000,0.031250,0.031250,0.062500,0.000000,0.093750,0.156250,0.093750,0.031250,0.000000
Negative_F1348,0.000000,0.000000,0.000000,0.000000,0.187500,0.187500,0.000000,0.062500,0.062500,0.312500,0.000000,0.000000,0.062500,0.000000,0.000000,0.062500,0.000000,0.062500,0.000000,0.000000
Negative_F428,0.433333,0.000000,0.000000,0.033333,0.000000,0.033333,0.000000,0.000000,0.233333,0.000000,0.000000,0.000000,0.200000,0.000000,0.000000,0.033333,0.000000,0.033333,0.000000,0.000000
Negative_F42,0.222222,0.000000,0.000000,0.037037,0.037037,0.222222,0.037037,0.037037,0.111111,0.185185,0.000000,0.037037,0.000000,0.000000,0.000000,0.074074,0.000000,0.000000,0.000000,0.000000
Negative_F471,0.076923,0.000000,0.000000,0.000000,0.153846,0.076923,0.076923,0.076923,0.000000,0.384615,0.000000,0.000000,0.076923,0.000000,0.000000,0.076923,0.000000,0.000000,0.000000,0.000000
Negative_F429,0.166667,0.055556,0.000000,0.000000,0.000000,0.111111,0.111111,0.000000,0.055556,0.277778,0.000000,0.111111,0.000000,0.000000,0.000000,0.000000,0.000000,0.055556,0.055556,0.000000
Negative_F803,0.034483,0.022989,0.034483,0.068966,0.022989,0.068966,0.034483,0.091954,0.011494,0.080460,0.022989,0.126437,0.034483,0.034483,0.057471,0.057471,0.068966,0.057471,0.034483,0.034483
Negative_F811,0.204545,0.045455,0.000000,0.022727,0.000000,0.181818,0.022727,0.090909,0.022727,0.068182,0.000000,0.000000,0.022727,0.000000,0.022727,0.068182,0.090909,0.090909,0.022727,0.022727
Negative_F1675,0.037037,0.018519,0.037037,0.000000,0.037037,0.129630,0.037037,0.018519,0.111111,0.092593,0.037037,0.074074,0.000000,0.037037,0.037037,0.018519,0.129630,0.037037,0.037037,0.074074
Negative_F2174,0.081081,0.162162,0.000000,0.000000,0.054054,0.108108,0.054054,0.027027,0.000000,0.054054,0.000000,0.027027,0.027027,0.000000,0.270270,0.027027,0.054054,0.027027,0.000000,0.027027
Negative_F1603,0.000000,0.181818,0.045455,0.022727,0.022727,0.136364,0.022727,0.068182,0.068182,0.022727,0.000000,0.045455,0.022727,0.045455,0.090909,0.090909,0.022727,0.000000,0.000000,0.090909
Negative_F1043,0.090909,0.181818,0.000000,0.000000,0.090909,0.090909,0.000000,0.090909,0.090909,0.000000,0.000000,0.045455,0.045455,0.000000,0.000000,0.136364,0.090909,0.000000,0.000000,0.045455
Negative_F1611,0.031250,0.156250,0.000000,0.000000,0.031250,0.093750,0.000000,0.062500,0.093750,0.031250,0.000000,0.062500,0.000000,0.031250,0.031250,0.125000,0.156250,0.062500,0.031250,0.000000
Negative_F2,0.000000,0.000000,0.000000,0.000000,0.088235,0.117647,0.000000,0.029412,0.058824,0.029412,0.000000,0.058824,0.294118,0.088235,0.058824,0.000000,0.029412,0.058824,0.029412,0.058824
Negative_F1622,0.115702,0.016529,0.033058,0.024793,0.041322,0.107438,0.000000,0.066116,0.016529,0.016529,0.000000,0.123967,0.041322,0.033058,0.057851,0.082645,0.082645,0.057851,0.024793,0.057851
Negative_F1308,0.150000,0.050000,0.050000,0.000000,0.050000,0.100000,0.000000,0.050000,0.100000,0.100000,0.000000,0.100000,0.050000,0.000000,0.000000,0.000000,0.100000,0.050000,0.000000,0.050000
Negative_F459,0.076923,0.076923,0.000000,0.038462,0.000000,0.000000,0.000000,0.115385,0.115385,0.115385,0.038462,0.038462,0.038462,0.076923,0.038462,0.038462,0.115385,0.000000,0.038462,0.038462
Negative_F2423,0.259259,0.000000,0.000000,0.037037,0.000000,0.111111,0.000000,0.000000,0.111111,0.148148,0.037037,0.111111,0.000000,0.037037,0.000000,0.037037,0.000000,0.074074,0.037037,0.000000
Negative_F860,0.064516,0.000000,0.016129,0.129032,0.032258,0.080645,0.016129,0.064516,0.096774,0.032258,0.000000,0.032258,0.145161,0.064516,0.064516,0.032258,0.016129,0.016129,0.016129,0.080645
Negative_F1458,0.040000,0.048000,0.048000,0.032000,0.040000,0.064000,0.048000,0.056000,0.056000,0.040000,0.008000,0.072000,0.080000,0.048000,0.112000,0.072000,0.056000,0.040000,0.008000,0.032000
Negative_F1769,0.153846,0.000000,0.000000,0.000000,0.153846,0.000000,0.076923,0.000000,0.076923,0.230769,0.000000,0.000000,0.000000,0.000000,0.230769,0.000000,0.000000,0.076923,0.000000,0.000000
Negative_F333,0.040541,0.000000,0.067568,0.013514,0.027027,0.175676,0.027027,0.040541,0.081081,0.027027,0.000000,0.081081,0.081081,0.094595,0.067568,0.040541,0.040541,0.040541,0.040541,0.013514
Negative_F254,0.105263,0.000000,0.052632,0.000000,0.052632,0.210526,0.000000,0.105263,0.105263,0.105263,0.000000,0.052632,0.000000,0.000000,0.052632,0.000000,0.000000,0.157895,0.000000,0.000000
Negative_F286,0.047619,0.095238,0.000000,0.000000,0.047619,0.047619,0.000000,0.095238,0.142857,0.285714,0.047619,0.000000,0.095238,0.000000,0.047619,0.047619,0.000000,0.000000,0.000000,0.000000
Negative_F1445,0.000000,0.000000,0.000000,0.000000,0.130435,0.130435,0.173913,0.130435,0.086957,0.043478,0.000000,0.000000,0.000000,0.000000,0.043478,0.000000,0.130435,0.130435,0.000000,0.000000
Negative_F1417,0.096774,0.000000,0.032258,0.000000,0.064516,0.193548,0.000000,0.064516,0.096774,0.032258,0.000000,0.064516,0.000000,0.000000,0.096774,0.032258,0.032258,0.193548,0.000000,0.000000
Negative_F2124,0.062500,0.166667,0.020833,0.041667,0.041667,0.083333,0.041667,0.000000,0.062500,0.000000,0.020833,0.041667,0.083333,0.020833,0.125000,0.062500,0.062500,0.041667,0.000000,0.020833
Negative_F1683,0.000000,0.200000,0.033333,0.033333,0.000000,0.133333,0.000000,0.066667,0.133333,0.066667,0.000000,0.000000,0.066667,0.000000,0.033333,0.100000,0.066667,0.033333,0.000000,0.033333
Negative_F2156,0.000000,0.100000,0.000000,0.000000,0.050000,0.050000,0.000000,0.100000,0.150000,0.200000,0.050000,0.000000,0.100000,0.000000,0.000000,0.000000,0.050000,0.150000,0.000000,0.000000
Negative_F1685,0.098039,0.117647,0.039216,0.058824,0.039216,0.098039,0.019608,0.039216,0.098039,0.098039,0.019608,0.039216,0.000000,0.000000,0.058824,0.058824,0.058824,0.039216,0.019608,0.000000
Negative_F1980,0.000000,0.206897,0.000000,0.034483,0.034483,0.103448,0.000000,0.034483,0.137931,0.034483,0.000000,0.034483,0.068966,0.000000,0.034483,0.068966,0.103448,0.034483,0.000000,0.068966
Negative_F1103,0.020833,0.125000,0.020833,0.062500,0.041667,0.041667,0.062500,0.062500,0.083333,0.020833,0.000000,0.020833,0.041667,0.020833,0.125000,0.041667,0.083333,0.104167,0.000000,0.020833
Negative_F287,0.000000,0.000000,0.062500,0.000000,0.062500,0.062500,0.000000,0.062500,0.062500,0.093750,0.031250,0.062500,0.250000,0.000000,0.093750,0.000000,0.031250,0.031250,0.000000,0.093750
Negative_F1190,0.034483,0.137931,0.017241,0.068966,0.068966,0.103448,0.051724,0.000000,0.051724,0.034483,0.017241,0.051724,0.017241,0.017241,0.103448,0.086207,0.086207,0.051724,0.000000,0.000000
Negative_F549,0.095238,0.000000,0.000000,0.047619,0.047619,0.190476,0.000000,0.000000,0.190476,0.238095,0.000000,0.000000,0.047619,0.000000,0.000000,0.047619,0.000000,0.047619,0.000000,0.047619
Negative_F2435,0.000000,0.000000,0.000000,0.000000,0.090909,0.227273,0.136364,0.136364,0.045455,0.136364,0.000000,0.000000,0.000000,0.000000,0.045455,0.045455,0.045455,0.090909,0.000000,0.000000
Negative_F838,0.076923,0.115385,0.000000,0.038462,0.076923,0.076923,0.076923,0.038462,0.076923,0.076923,0.000000,0.076923,0.000000,0.000000,0.000000,0.076923,0.115385,0.038462,0.038462,0.000000
Negative_F144,0.100000,0.200000,0.033333,0.033333,0.033333,0.100000,0.000000,0.100000,0.000000,0.033333,0.000000,0.000000,0.033333,0.033333,0.133333,0.000000,0.033333,0.000000,0.033333,0.100000
Negative_F1943,0.000000,0.000000,0.000000,0.000000,0.111111,0.055556,0.000000,0.055556,0.000000,0.000000,0.000000,0.000000,0.277778,0.000000,0.222222,0.000000,0.000000,0.000000,0.277778,0.000000
Negative_F1201,0.135135,0.054054,0.000000,0.054054,0.027027,0.108108,0.000000,0.081081,0.162162,0.108108,0.027027,0.027027,0.000000,0.027027,0.000000,0.027027,0.108108,0.054054,0.000000,0.000000
Negative_F2227,0.068966,0.000000,0.000000,0.000000,0.137931,0.137931,0.068966,0.068966,0.172414,0.068966,0.034483,0.034483,0.000000,0.000000,0.137931,0.068966,0.000000,0.000000,0.000000,0.000000
Negative_F1747,0.054545,0.109091,0.054545,0.000000,0.054545,0.127273,0.018182,0.000000,0.109091,0.018182,0.036364,0.054545,0.054545,0.000000,0.072727,0.000000,0.054545,0.090909,0.036364,0.054545
Negative_F245,0.083333,0.166667,0.000000,0.000000,0.083333,0.000000,0.083333,0.166667,0.000000,0.083333,0.000000,0.000000,0.166667,0.000000,0.083333,0.000000,0.000000,0.083333,0.000000,0.000000
Negative_F2007,0.086957,0.000000,0.043478,0.000000,0.043478,0.130435,0.086957,0.086957,0.086957,0.130435,0.000000,0.043478,0.000000,0.043478,0.000000,0.000000,0.043478,0.173913,0.000000,0.000000
Negative_F1935,0.085714,0.000000,0.028571,0.028571,0.028571,0.200000,0.028571,0.085714,0.142857,0.028571,0.028571,0.000000,0.028571,0.028571,0.057143,0.057143,0.000000,0.142857,0.000000,0.000000
Negative_F604,0.083333,0.000000,0.000000,0.000000,0.083333,0.208333,0.166667,0.166667,0.041667,0.083333,0.041667,0.041667,0.000000,0.041667,0.041667,0.000000,0.000000,0.000000,0.000000,0.000000
Negative_F642,0.000000,0.000000,0.000000,0.000000,0.000000,0.250000,0.000000,0.150000,0.050000,0.250000,0.000000,0.050000,0.050000,0.000000,0.000000,0.050000,0.050000,0.100000,0.000000,0.000000
Negative_F1418,0.070423,0.112676,0.028169,0.056338,0.042254,0.070423,0.028169,0.028169,0.084507,0.028169,0.014085,0.028169,0.098592,0.028169,0.084507,0.056338,0.084507,0.014085,0.014085,0.028169
Negative_F384,0.190476,0.000000,0.023810,0.023810,0.047619,0.071429,0.071429,0.047619,0.142857,0.023810,0.000000,0.023810,0.000000,0.000000,0.047619,0.047619,0.095238,0.142857,0.000000,0.000000
Negative_F518,0.130435,0.086957,0.000000,0.000000,0.043478,0.043478,0.000000,0.086957,0.086957,0.130435,0.000000,0.000000,0.086957,0.000000,0.086957,0.086957,0.000000,0.130435,0.000000,0.000000
Negative_F1800,0.057143,0.057143,0.028571,0.028571,0.000000,0.085714,0.000000,0.085714,0.171429,0.171429,0.000000,0.085714,0.000000,0.000000,0.000000,0.114286,0.057143,0.057143,0.000000,0.000000
Negative_F1898,0.000000,0.000000,0.000000,0.000000,0.076923,0.153846,0.000000,0.153846,0.076923,0.307692,0.000000,0.076923,0.000000,0.000000,0.076923,0.076923,0.000000,0.000000,0.000000,0.000000
Negative_F1852,0.064516,0.112903,0.040323,0.024194,0.040323,0.088710,0.032258,0.016129,0.104839,0.048387,0.008065,0.048387,0.016129,0.024194,0.080645,0.080645,0.080645,0.024194,0.000000,0.064516
Negative_F999,0.142857,0.095238,0.000000,0.000000,0.047619,0.238095,0.000000,0.000000,0.095238,0.238095,0.000000,0.000000,0.000000,0.000000,0.000000,0.095238,0.000000,0.047619,0.000000,0.000000
Negative_F2024,0.000000,0.153846,0.025641,0.000000,0.025641,0.153846,0.000000,0.000000,0.000000,0.051282,0.000000,0.076923,0.051282,0.000000,0.102564,0.153846,0.025641,0.051282,0.000000,0.128205
Negative_F1012,0.166667,0.083333,0.000000,0.000000,0.125000,0.041667,0.000000,0.041667,0.166667,0.125000,0.000000,0.000000,0.041667,0.041667,0.000000,0.041667,0.000000,0.125000,0.000000,0.000000
Negative_F50,0.050000,0.000000,0.000000,0.050000,0.000000,0.250000,0.000000,0.100000,0.050000,0.250000,0.000000,0.100000,0.050000,0.000000,0.000000,0.000000,0.000000,0.100000,0.000000,0.000000
Negative_F818,0.133333,0.066667,0.033333,0.000000,0.000000,0.166667,0.033333,0.066667,0.066667,0.000000,0.000000,0.133333,0.033333,0.033333,0.000000,0.033333,0.066667,0.066667,0.000000,0.066667
Negative_F557,0.083333,0.041667,0.000000,0.000000,0.000000,0.125000,0.000000,0.083333,0.166667,0.291667,0.000000,0.041667,0.000000,0.000000,0.166667,0.000000,0.000000,0.000000,0.000000,0.000000
Negative_F198,0.040000,0.000000,0.000000,0.040000,0.000000,0.080000,0.120000,0.080000,0.040000,0.160000,0.000000,0.000000,0.080000,0.000000,0.000000,0.080000,0.000000,0.280000,0.000000,0.000000
Negative_F2249,0.105263,0.000000,0.000000,0.000000,0.052632,0.105263,0.000000,0.157895,0.105263,0.210526,0.000000,0.052632,0.052632,0.000000,0.000000,0.105263,0.000000,0.052632,0.000000,0.000000
Negative_F721,0.061224,0.204082,0.020408,0.061224,0.020408,0.061224,0.020408,0.061224,0.142857,0.040816,0.000000,0.020408,0.081633,0.020408,0.040816,0.020408,0.081633,0.020408,0.020408,0.000000
Negative_F864,0.033333,0.000000,0.000000,0.033333,0.166667,0.033333,0.000000,0.066667,0.300000,0.033333,0.000000,0.000000,0.066667,0.000000,0.100000,0.066667,0.000000,0.100000,0.000000,0.000000
Negative_F2236,0.055556,0.000000,0.000000,0.083333,0.000000,0.027778,0.000000,0.027778,0.250000,0.166667,0.000000,0.194444,0.000000,0.000000,0.055556,0.055556,0.000000,0.055556,0.000000,0.027778
Negative_F813,0.142857,0.095238,0.000000,0.000000,0.142857,0.142857,0.000000,0.047619,0.047619,0.095238,0.000000,0.000000,0.047619,0.000000,0.000000,0.047619,0.142857,0.047619,0.000000,0.000000
Negative_F990,0.125000,0.083333,0.000000,0.000000,0.125000,0.041667,0.000000,0.208333,0.166667,0.083333,0.000000,0.000000,0.083333,0.000000,0.000000,0.041667,0.041667,0.000000,0.000000,0.000000
Negative_F1324,0.062500,0.000000,0.000000,0.000000,0.000000,0.479167,0.020833,0.020833,0.000000,0.000000,0.000000,0.000000,0.000000,0.000000,0.250000,0.125000,0.000000,0.020833,0.000000,0.020833
Negative_F815,0.120000,0.000000,0.040000,0.040000,0.080000,0.160000,0.000000,0.040000,0.080000,0.040000,0.000000,0.040000,0.000000,0.000000,0.160000,0.080000,0.000000,0.000000,0.080000,0.040000
Negative_F365,0.166667,0.083333,0.000000,0.000000,0.125000,0.083333,0.000000,0.125000,0.125000,0.083333,0.000000,0.000000,0.083333,0.041667,0.000000,0.041667,0.000000,0.041667,0.000000,0.000000
Negative_F1382,0.153846,0.000000,0.000000,0.000000,0.153846,0.076923,0.000000,0.230769,0.076923,0.153846,0.000000,0.000000,0.000000,0.000000,0.076923,0.076923,0.000000,0.000000,0.000000,0.000000
Negative_F1055,0.066667,0.000000,0.000000,0.000000,0.066667,0.066667,0.000000,0.066667,0.200000,0.266667,0.000000,0.066667,0.000000,0.000000,0.000000,0.066667,0.066667,0.066667,0.000000,0.000000
Negative_F648,0.131579,0.000000,0.000000,0.026316,0.000000,0.184211,0.078947,0.078947,0.131579,0.026316,0.000000,0.026316,0.026316,0.000000,0.052632,0.026316,0.052632,0.131579,0.000000,0.026316
Negative_F1111,0.000000,0.142857,0.000000,0.000000,0.071429,0.000000,0.000000,0.071429,0.142857,0.214286,0.071429,0.000000,0.071429,0.000000,0.071429,0.000000,0.000000,0.142857,0.000000,0.000000
Negative_F2422,0.054054,0.054054,0.000000,0.000000,0.000000,0.108108,0.000000,0.027027,0.108108,0.135135,0.000000,0.054054,0.054054,0.000000,0.135135,0.081081,0.081081,0.027027,0.027027,0.054054
Negative_F246,0.083333,0.166667,0.000000,0.000000,0.000000,0.000000,0.000000,0.166667,0.000000,0.083333,0.000000,0.000000,0.166667,0.000000,0.083333,0.000000,0.000000,0.083333,0.000000,0.166667
Negative_F264,0.157895,0.000000,0.000000,0.000000,0.157895,0.105263,0.105263,0.000000,0.210526,0.000000,0.000000,0.052632,0.000000,0.000000,0.000000,0.105263,0.052632,0.052632,0.000000,0.000000
Negative_F660,0.081081,0.108108,0.000000,0.000000,0.027027,0.162162,0.054054,0.000000,0.108108,0.027027,0.000000,0.081081,0.000000,0.027027,0.027027,0.081081,0.054054,0.081081,0.027027,0.054054
Negative_F603,0.061224,0.081633,0.020408,0.020408,0.020408,0.040816,0.000000,0.061224,0.061224,0.000000,0.020408,0.020408,0.081633,0.122449,0.163265,0.081633,0.020408,0.081633,0.040816,0.000000
Negative_F1356,0.083333,0.083333,0.000000,0.000000,0.083333,0.083333,0.000000,0.208333,0.166667,0.125000,0.000000,0.000000,0.083333,0.000000,0.000000,0.000000,0.083333,0.000000,0.000000,0.000000
Negative_F119,0.000000,0.160000,0.000000,0.000000,0.000000,0.080000,0.000000,0.080000,0.080000,0.000000,0.000000,0.040000,0.040000,0.040000,0.240000,0.040000,0.040000,0.040000,0.000000,0.120000
Negative_F1264,0.025000,0.200000,0.000000,0.000000,0.050000,0.100000,0.100000,0.000000,0.050000,0.075000,0.000000,0.025000,0.025000,0.000000,0.100000,0.075000,0.075000,0.025000,0.000000,0.075000
Negative_F1844,0.050000,0.200000,0.000000,0.050000,0.050000,0.050000,0.000000,0.000000,0.000000,0.000000,0.000000,0.050000,0.050000,0.000000,0.000000,0.200000,0.100000,0.100000,0.100000,0.000000
Negative_F1512,0.059406,0.039604,0.049505,0.059406,0.029703,0.069307,0.009901,0.069307,0.049505,0.079208,0.000000,0.089109,0.009901,0.059406,0.029703,0.118812,0.099010,0.039604,0.009901,0.029703
Negative_F1732,0.105263,0.000000,0.000000,0.000000,0.157895,0.000000,0.000000,0.000000,0.210526,0.263158,0.000000,0.000000,0.052632,0.000000,0.052632,0.052632,0.000000,0.000000,0.052632,0.052632
Negative_F1451,0.096774,0.064516,0.032258,0.032258,0.032258,0.161290,0.000000,0.129032,0.161290,0.064516,0.000000,0.064516,0.000000,0.000000,0.032258,0.000000,0.064516,0.032258,0.032258,0.000000
Negative_F1774,0.015152,0.181818,0.045455,0.015152,0.030303,0.136364,0.015152,0.030303,0.151515,0.000000,0.045455,0.030303,0.060606,0.015152,0.060606,0.090909,0.030303,0.015152,0.000000,0.030303
Negative_F204,0.120000,0.000000,0.040000,0.040000,0.000000,0.160000,0.000000,0.040000,0.120000,0.160000,0.000000,0.000000,0.040000,0.040000,0.000000,0.080000,0.040000,0.120000,0.000000,0.000000
Negative_F1819,0.051282,0.051282,0.051282,0.051282,0.025641,0.051282,0.025641,0.025641,0.051282,0.051282,0.000000,0.025641,0.153846,0.025641,0.128205,0.051282,0.102564,0.051282,0.000000,0.025641
Negative_F783,0.098039,0.000000,0.000000,0.039216,0.019608,0.078431,0.000000,0.039216,0.196078,0.137255,0.019608,0.039216,0.019608,0.019608,0.000000,0.039216,0.019608,0.078431,0.098039,0.058824
Negative_F934,0.133333,0.000000,0.066667,0.066667,0.000000,0.133333,0.000000,0.000000,0.266667,0.066667,0.000000,0.066667,0.000000,0.000000,0.066667,0.066667,0.000000,0.066667,0.000000,0.000000
Negative_F1674,0.074074,0.000000,0.000000,0.037037,0.074074,0.111111,0.000000,0.148148,0.148148,0.111111,0.000000,0.000000,0.037037,0.000000,0.037037,0.111111,0.037037,0.074074,0.000000,0.000000
Negative_F2398,0.076923,0.076923,0.000000,0.038462,0.000000,0.076923,0.000000,0.115385,0.115385,0.038462,0.000000,0.000000,0.153846,0.038462,0.038462,0.076923,0.038462,0.115385,0.000000,0.000000
Negative_F680,0.090909,0.030303,0.060606,0.000000,0.000000,0.151515,0.000000,0.030303,0.151515,0.212121,0.000000,0.000000,0.000000,0.030303,0.000000,0.151515,0.030303,0.060606,0.000000,0.000000
Negative_F499,0.090909,0.090909,0.022727,0.000000,0.000000,0.181818,0.068182,0.045455,0.090909,0.000000,0.022727,0.090909,0.000000,0.022727,0.000000,0.045455,0.090909,0.045455,0.045455,0.045455
Negative_F1291,0.208333,0.083333,0.000000,0.000000,0.083333,0.000000,0.000000,0.083333,0.083333,0.083333,0.000000,0.041667,0.083333,0.000000,0.041667,0.041667,0.041667,0.125000,0.000000,0.000000
Negative_F1220,0.071429,0.000000,0.071429,0.000000,0.142857,0.000000,0.000000,0.142857,0.142857,0.214286,0.000000,0.142857,0.000000,0.000000,0.000000,0.000000,0.071429,0.000000,0.000000,0.000000
Negative_F554,0.054054,0.162162,0.000000,0.000000,0.081081,0.162162,0.054054,0.027027,0.027027,0.027027,0.000000,0.054054,0.027027,0.054054,0.162162,0.027027,0.027027,0.000000,0.000000,0.054054
Negative_F1745,0.153846,0.000000,0.230769,0.076923,0.000000,0.153846,0.000000,0.000000,0.076923,0.000000,0.000000,0.076923,0.000000,0.000000,0.000000,0.000000,0.076923,0.000000,0.076923,0.076923
Negative_F2226,0.000000,0.000000,0.000000,0.000000,0.193548,0.096774,0.000000,0.193548,0.322581,0.000000,0.000000,0.000000,0.032258,0.000000,0.096774,0.000000,0.064516,0.000000,0.000000,0.000000
Negative_F608,0.080000,0.000000,0.040000,0.000000,0.040000,0.160000,0.040000,0.000000,0.200000,0.120000,0.000000,0.000000,0.000000,0.000000,0.040000,0.040000,0.040000,0.120000,0.040000,0.040000
Negative_F2079,0.034483,0.034483,0.000000,0.000000,0.000000,0.137931,0.034483,0.137931,0.172414,0.068966,0.000000,0.034483,0.034483,0.000000,0.034483,0.068966,0.068966,0.103448,0.034483,0.000000
Negative_F447,0.069767,0.186047,0.046512,0.000000,0.023256,0.116279,0.023256,0.023256,0.093023,0.069767,0.000000,0.093023,0.023256,0.023256,0.046512,0.046512,0.069767,0.000000,0.023256,0.023256
Negative_F1097,0.012048,0.000000,0.048193,0.024096,0.048193,0.228916,0.036145,0.012048,0.036145,0.048193,0.024096,0.060241,0.096386,0.060241,0.024096,0.060241,0.060241,0.036145,0.024096,0.060241
Negative_F940,0.068966,0.000000,0.034483,0.000000,0.137931,0.103448,0.103448,0.000000,0.103448,0.068966,0.000000,0.000000,0.068966,0.034483,0.000000,0.103448,0.103448,0.034483,0.000000,0.034483
Negative_F1443,0.047619,0.095238,0.000000,0.000000,0.047619,0.285714,0.000000,0.095238,0.142857,0.190476,0.000000,0.000000,0.000000,0.000000,0.000000,0.047619,0.000000,0.047619,0.000000,0.000000
Negative_F1754,0.096774,0.064516,0.096774,0.000000,0.032258,0.064516,0.000000,0.064516,0.161290,0.161290,0.000000,0.000000,0.064516,0.032258,0.000000,0.064516,0.064516,0.032258,0.000000,0.000000
Negative_F1548,0.032609,0.130435,0.043478,0.043478,0.054348,0.119565,0.010870,0.021739,0.043478,0.021739,0.000000,0.010870,0.163043,0.043478,0.054348,0.065217,0.032609,0.065217,0.010870,0.032609
Negative_F1693,0.049587,0.066116,0.074380,0.033058,0.033058,0.057851,0.016529,0.041322,0.107438,0.066116,0.008264,0.074380,0.024793,0.041322,0.074380,0.057851,0.057851,0.049587,0.033058,0.033058
Negative_F1509,0.040000,0.000000,0.040000,0.053333,0.026667,0.146667,0.053333,0.066667,0.066667,0.040000,0.000000,0.066667,0.106667,0.040000,0.040000,0.066667,0.053333,0.026667,0.053333,0.013333
Negative_F2341,0.071429,0.071429,0.000000,0.000000,0.000000,0.000000,0.000000,0.142857,0.214286,0.071429,0.071429,0.000000,0.000000,0.000000,0.214286,0.071429,0.000000,0.071429,0.000000,0.000000
Negative_F1520,0.093750,0.000000,0.093750,0.000000,0.062500,0.093750,0.093750,0.062500,0.125000,0.062500,0.000000,0.031250,0.031250,0.093750,0.031250,0.000000,0.000000,0.093750,0.031250,0.000000
Negative_F2123,0.020408,0.163265,0.020408,0.061224,0.061224,0.061224,0.061224,0.000000,0.102041,0.040816,0.020408,0.061224,0.020408,0.020408,0.081633,0.122449,0.020408,0.061224,0.000000,0.000000
Negative_F1569,0.065693,0.043796,0.029197,0.109489,0.065693,0.051095,0.036496,0.021898,0.072993,0.080292,0.000000,0.007299,0.065693,0.080292,0.087591,0.043796,0.043796,0.072993,0.014599,0.007299
Negative_F1872,0.050000,0.133333,0.033333,0.050000,0.033333,0.100000,0.033333,0.066667,0.183333,0.033333,0.000000,0.066667,0.033333,0.033333,0.016667,0.033333,0.066667,0.016667,0.000000,0.016667
Negative_F394,0.029412,0.000000,0.000000,0.147059,0.088235,0.147059,0.000000,0.088235,0.205882,0.117647,0.000000,0.000000,0.000000,0.088235,0.058824,0.000000,0.000000,0.029412,0.000000,0.000000
Negative_F732,0.083333,0.083333,0.083333,0.083333,0.083333,0.000000,0.083333,0.250000,0.000000,0.083333,0.000000,0.083333,0.000000,0.000000,0.000000,0.083333,0.000000,0.000000,0.000000,0.000000
Negative_F1567,0.000000,0.000000,0.000000,0.000000,0.000000,0.000000,0.000000,0.000000,0.083333,0.250000,0.000000,0.083333,0.166667,0.000000,0.000000,0.250000,0.000000,0.083333,0.000000,0.083333
Negative_F1781,0.084211,0.021053,0.073684,0.052632,0.063158,0.073684,0.000000,0.063158,0.052632,0.084211,0.010526,0.052632,0.042105,0.021053,0.052632,0.031579,0.094737,0.084211,0.021053,0.021053
Negative_F1534,0.067485,0.012270,0.067485,0.024540,0.042945,0.153374,0.024540,0.042945,0.085890,0.085890,0.024540,0.049080,0.012270,0.036810,0.036810,0.073620,0.055215,0.055215,0.018405,0.030675
Negative_F2455,0.088235,0.058824,0.029412,0.000000,0.029412,0.088235,0.000000,0.058824,0.117647,0.117647,0.000000,0.029412,0.000000,0.000000,0.029412,0.029412,0.205882,0.117647,0.000000,0.000000
Negative_F2150,0.000000,0.000000,0.000000,0.058824,0.000000,0.000000,0.058824,0.058824,0.000000,0.294118,0.000000,0.117647,0.117647,0.117647,0.000000,0.000000,0.058824,0.058824,0.000000,0.058824
Negative_F2361,0.000000,0.307692,0.000000,0.000000,0.076923,0.076923,0.038462,0.000000,0.076923,0.076923,0.000000,0.076923,0.000000,0.038462,0.076923,0.076923,0.000000,0.000000,0.038462,0.038462
Negative_F176,0.100000,0.150000,0.025000,0.000000,0.000000,0.175000,0.050000,0.025000,0.025000,0.100000,0.000000,0.100000,0.000000,0.000000,0.075000,0.050000,0.050000,0.050000,0.000000,0.025000
Negative_F733,0.133333,0.000000,0.000000,0.000000,0.044444,0.088889,0.022222,0.066667,0.044444,0.044444,0.022222,0.111111,0.000000,0.155556,0.000000,0.044444,0.088889,0.022222,0.022222,0.088889
Negative_F1928,0.029412,0.000000,0.029412,0.000000,0.117647,0.147059,0.000000,0.147059,0.000000,0.088235,0.000000,0.029412,0.029412,0.029412,0.323529,0.029412,0.000000,0.000000,0.000000,0.000000
Negative_F2449,0.105263,0.000000,0.000000,0.000000,0.105263,0.052632,0.052632,0.105263,0.052632,0.210526,0.000000,0.000000,0.052632,0.000000,0.000000,0.210526,0.000000,0.052632,0.000000,0.000000
Negative_F1597,0.037975,0.075949,0.063291,0.113924,0.037975,0.063291,0.025316,0.088608,0.126582,0.050633,0.050633,0.025316,0.050633,0.012658,0.000000,0.050633,0.063291,0.063291,0.000000,0.000000
Negative_F1377,0.000000,0.148148,0.000000,0.000000,0.074074,0.000000,0.000000,0.074074,0.037037,0.074074,0.037037,0.037037,0.074074,0.000000,0.111111,0.148148,0.037037,0.111111,0.037037,0.000000
Negative_F111,0.083333,0.041667,0.000000,0.020833,0.041667,0.166667,0.000000,0.041667,0.041667,0.000000,0.000000,0.083333,0.020833,0.041667,0.062500,0.145833,0.041667,0.104167,0.020833,0.041667
Negative_F949,0.250000,0.000000,0.000000,0.071429,0.000000,0.178571,0.000000,0.071429,0.107143,0.107143,0.000000,0.035714,0.000000,0.035714,0.000000,0.035714,0.035714,0.035714,0.035714,0.000000
Negative_F392,0.052632,0.000000,0.052632,0.052632,0.105263,0.000000,0.000000,0.052632,0.315789,0.105263,0.000000,0.052632,0.000000,0.052632,0.052632,0.052632,0.000000,0.052632,0.000000,0.000000
Negative_F655,0.116279,0.046512,0.023256,0.000000,0.000000,0.162791,0.000000,0.069767,0.093023,0.046512,0.000000,0.116279,0.000000,0.000000,0.000000,0.139535,0.046512,0.046512,0.046512,0.046512
Negative_F699,0.081081,0.162162,0.000000,0.000000,0.000000,0.162162,0.027027,0.054054,0.081081,0.027027,0.000000,0.054054,0.054054,0.054054,0.027027,0.081081,0.000000,0.054054,0.000000,0.081081
Negative_F2364,0.090909,0.000000,0.090909,0.000000,0.136364,0.090909,0.045455,0.136364,0.045455,0.000000,0.045455,0.000000,0.000000,0.090909,0.136364,0.045455,0.000000,0.045455,0.000000,0.000000
Negative_F1368,0.125000,0.083333,0.000000,0.000000,0.125000,0.000000,0.000000,0.125000,0.166667,0.125000,0.000000,0.041667,0.083333,0.000000,0.000000,0.041667,0.041667,0.041667,0.000000,0.000000
Negative_F480,0.071429,0.000000,0.000000,0.000000,0.071429,0.071429,0.000000,0.071429,0.142857,0.285714,0.000000,0.142857,0.000000,0.000000,0.000000,0.000000,0.071429,0.071429,0.000000,0.000000
Negative_F2248,0.069767,0.000000,0.000000,0.000000,0.069767,0.069767,0.000000,0.023256,0.186047,0.116279,0.000000,0.023256,0.046512,0.046512,0.186047,0.023256,0.023256,0.046512,0.000000,0.069767
Negative_F1033,0.000000,0.206897,0.103448,0.068966,0.000000,0.068966,0.034483,0.068966,0.068966,0.068966,0.034483,0.034483,0.000000,0.000000,0.172414,0.034483,0.000000,0.000000,0.034483,0.000000
Negative_F1618,0.090909,0.000000,0.000000,0.000000,0.090909,0.000000,0.000000,0.363636,0.000000,0.000000,0.000000,0.000000,0.000000,0.090909,0.090909,0.181818,0.090909,0.000000,0.000000,0.000000
Negative_F353,0.000000,0.205128,0.000000,0.000000,0.025641,0.205128,0.076923,0.025641,0.025641,0.025641,0.000000,0.051282,0.076923,0.025641,0.102564,0.025641,0.025641,0.000000,0.025641,0.076923
Negative_F911,0.071429,0.035714,0.071429,0.000000,0.035714,0.107143,0.035714,0.107143,0.071429,0.107143,0.000000,0.000000,0.142857,0.000000,0.107143,0.035714,0.035714,0.035714,0.000000,0.000000
Negative_F1450,0.162162,0.054054,0.000000,0.054054,0.081081,0.081081,0.000000,0.027027,0.189189,0.135135,0.000000,0.054054,0.000000,0.027027,0.000000,0.054054,0.054054,0.027027,0.000000,0.000000
Negative_F2424,0.217391,0.086957,0.000000,0.000000,0.000000,0.043478,0.000000,0.086957,0.000000,0.000000,0.000000,0.000000,0.043478,0.000000,0.000000,0.304348,0.086957,0.043478,0.043478,0.043478
Negative_F536,0.000000,0.000000,0.037037,0.074074,0.185185,0.000000,0.037037,0.000000,0.037037,0.148148,0.000000,0.000000,0.111111,0.111111,0.185185,0.037037,0.000000,0.000000,0.037037,0.000000
Negative_F2417,0.166667,0.083333,0.000000,0.000000,0.083333,0.041667,0.000000,0.083333,0.166667,0.125000,0.000000,0.000000,0.041667,0.000000,0.000000,0.125000,0.000000,0.083333,0.000000,0.000000
Negative_F520,0.162162,0.054054,0.000000,0.027027,0.054054,0.162162,0.027027,0.054054,0.135135,0.135135,0.027027,0.027027,0.000000,0.027027,0.000000,0.027027,0.081081,0.000000,0.000000,0.000000
Negative_F2324,0.025000,0.000000,0.000000,0.000000,0.025000,0.200000,0.025000,0.100000,0.150000,0.125000,0.025000,0.000000,0.050000,0.075000,0.175000,0.025000,0.000000,0.000000,0.000000,0.000000
Negative_F1938,0.064103,0.051282,0.038462,0.064103,0.025641,0.051282,0.038462,0.064103,0.128205,0.038462,0.038462,0.051282,0.051282,0.064103,0.038462,0.051282,0.025641,0.076923,0.012821,0.025641
Negative_F617,0.000000,0.000000,0.000000,0.111111,0.000000,0.166667,0.000000,0.111111,0.055556,0.277778,0.000000,0.000000,0.111111,0.000000,0.000000,0.055556,0.000000,0.111111,0.000000,0.000000
Negative_F2060,0.133333,0.000000,0.000000,0.000000,0.000000,0.000000,0.000000,0.266667,0.266667,0.000000,0.066667,0.133333,0.000000,0.000000,0.000000,0.066667,0.000000,0.000000,0.066667,0.000000
Negative_F594,0.120000,0.000000,0.000000,0.040000,0.080000,0.080000,0.080000,0.040000,0.080000,0.120000,0.040000,0.000000,0.080000,0.000000,0.000000,0.040000,0.040000,0.160000,0.000000,0.000000
Negative_F282,0.116279,0.139535,0.046512,0.023256,0.023256,0.116279,0.023256,0.023256,0.069767,0.069767,0.000000,0.046512,0.000000,0.000000,0.093023,0.046512,0.023256,0.116279,0.000000,0.023256
Negative_F1422,0.000000,0.117647,0.000000,0.000000,0.117647,0.000000,0.000000,0.176471,0.176471,0.176471,0.000000,0.000000,0.117647,0.000000,0.000000,0.000000,0.058824,0.058824,0.000000,0.000000
Negative_F1272,0.051948,0.000000,0.090909,0.064935,0.000000,0.155844,0.038961,0.012987,0.038961,0.012987,0.012987,0.051948,0.025974,0.051948,0.142857,0.064935,0.051948,0.051948,0.038961,0.038961
Negative_F1808,0.065217,0.086957,0.000000,0.043478,0.021739,0.065217,0.043478,0.021739,0.021739,0.043478,0.043478,0.086957,0.043478,0.021739,0.065217,0.108696,0.108696,0.021739,0.021739,0.065217
Negative_F1795,0.000000,0.000000,0.000000,0.000000,0.062500,0.187500,0.000000,0.062500,0.125000,0.312500,0.000000,0.000000,0.062500,0.000000,0.000000,0.000000,0.000000,0.187500,0.000000,0.000000
Negative_F187,0.029412,0.176471,0.029412,0.029412,0.000000,0.029412,0.029412,0.029412,0.058824,0.176471,0.000000,0.000000,0.000000,0.088235,0.117647,0.058824,0.029412,0.058824,0.000000,0.058824
Negative_F288,0.000000,0.000000,0.062500,0.031250,0.062500,0.031250,0.000000,0.062500,0.062500,0.125000,0.031250,0.093750,0.218750,0.000000,0.093750,0.000000,0.031250,0.000000,0.031250,0.062500
Negative_F257,0.052632,0.000000,0.052632,0.000000,0.000000,0.210526,0.000000,0.263158,0.105263,0.105263,0.000000,0.052632,0.000000,0.000000,0.052632,0.000000,0.000000,0.105263,0.000000,0.000000
Negative_F909,0.150000,0.100000,0.000000,0.000000,0.050000,0.050000,0.000000,0.100000,0.050000,0.150000,0.000000,0.050000,0.050000,0.050000,0.000000,0.000000,0.100000,0.050000,0.000000,0.050000
Negative_F2301,0.031250,0.000000,0.000000,0.000000,0.062500,0.156250,0.000000,0.125000,0.062500,0.062500,0.000000,0.031250,0.000000,0.031250,0.281250,0.031250,0.062500,0.000000,0.062500,0.000000
Negative_F541,0.130435,0.000000,0.000000,0.000000,0.000000,0.130435,0.000000,0.173913,0.086957,0.173913,0.000000,0.043478,0.043478,0.000000,0.043478,0.086957,0.043478,0.000000,0.043478,0.000000
Negative_F2391,0.056338,0.070423,0.056338,0.014085,0.014085,0.042254,0.070423,0.014085,0.014085,0.028169,0.042254,0.014085,0.042254,0.014085,0.183099,0.169014,0.042254,0.042254,0.028169,0.042254
Negative_F1086,0.020000,0.160000,0.020000,0.020000,0.060000,0.100000,0.020000,0.000000,0.120000,0.000000,0.020000,0.080000,0.080000,0.000000,0.060000,0.040000,0.080000,0.060000,0.000000,0.060000
Negative_F2041,0.034483,0.017241,0.086207,0.051724,0.103448,0.051724,0.000000,0.068966,0.137931,0.086207,0.000000,0.051724,0.017241,0.034483,0.120690,0.068966,0.034483,0.034483,0.000000,0.000000
Negative_F918,0.000000,0.125000,0.062500,0.000000,0.000000,0.187500,0.062500,0.250000,0.000000,0.000000,0.000000,0.000000,0.000000,0.062500,0.125000,0.062500,0.000000,0.000000,0.062500,0.000000
Negative_F2095,0.117647,0.000000,0.000000,0.019608,0.058824,0.058824,0.019608,0.098039,0.176471,0.098039,0.039216,0.019608,0.000000,0.078431,0.000000,0.039216,0.039216,0.019608,0.078431,0.039216
Negative_F684,0.071429,0.071429,0.071429,0.000000,0.000000,0.142857,0.000000,0.071429,0.178571,0.178571,0.035714,0.035714,0.000000,0.000000,0.000000,0.071429,0.035714,0.035714,0.000000,0.000000
Negative_F997,0.121212,0.060606,0.030303,0.000000,0.000000,0.090909,0.000000,0.030303,0.121212,0.212121,0.000000,0.090909,0.000000,0.030303,0.000000,0.121212,0.060606,0.030303,0.000000,0.000000
Negative_F1830,0.051282,0.025641,0.000000,0.102564,0.025641,0.076923,0.256410,0.000000,0.153846,0.076923,0.000000,0.000000,0.000000,0.025641,0.025641,0.025641,0.025641,0.128205,0.000000,0.000000
Negative_F2117,0.000000,0.142857,0.000000,0.000000,0.000000,0.095238,0.000000,0.047619,0.142857,0.047619,0.000000,0.095238,0.000000,0.000000,0.047619,0.095238,0.047619,0.095238,0.095238,0.047619
Negative_F1176,0.111111,0.111111,0.055556,0.000000,0.055556,0.055556,0.000000,0.000000,0.055556,0.055556,0.000000,0.111111,0.055556,0.000000,0.111111,0.222222,0.000000,0.000000,0.000000,0.000000
Negative_F1814,0.160000,0.000000,0.000000,0.000000,0.080000,0.200000,0.000000,0.040000,0.120000,0.160000,0.000000,0.000000,0.040000,0.080000,0.000000,0.080000,0.040000,0.000000,0.000000,0.000000
Negative_F951,0.264706,0.000000,0.000000,0.000000,0.029412,0.205882,0.029412,0.029412,0.147059,0.058824,0.000000,0.029412,0.000000,0.029412,0.000000,0.029412,0.000000,0.088235,0.058824,0.000000
Negative_F2304,0.044444,0.177778,0.022222,0.044444,0.044444,0.155556,0.000000,0.022222,0.111111,0.066667,0.000000,0.022222,0.044444,0.044444,0.044444,0.088889,0.022222,0.022222,0.000000,0.022222
Negative_F2220,0.090909,0.060606,0.030303,0.000000,0.000000,0.121212,0.000000,0.060606,0.151515,0.181818,0.000000,0.060606,0.000000,0.030303,0.000000,0.090909,0.090909,0.030303,0.000000,0.000000
Negative_F513,0.107143,0.071429,0.107143,0.000000,0.000000,0.107143,0.000000,0.071429,0.142857,0.142857,0.035714,0.035714,0.000000,0.035714,0.035714,0.000000,0.071429,0.035714,0.000000,0.000000
Negative_F2005,0.040541,0.054054,0.067568,0.101351,0.027027,0.054054,0.020270,0.033784,0.101351,0.141892,0.020270,0.054054,0.013514,0.006757,0.033784,0.074324,0.047297,0.087838,0.020270,0.000000
Negative_F316,0.021277,0.127660,0.042553,0.000000,0.042553,0.085106,0.042553,0.085106,0.021277,0.042553,0.000000,0.000000,0.127660,0.000000,0.127660,0.106383,0.042553,0.021277,0.000000,0.063830
Negative_F2146,0.058824,0.000000,0.000000,0.000000,0.058824,0.058824,0.117647,0.058824,0.176471,0.352941,0.000000,0.000000,0.058824,0.000000,0.000000,0.000000,0.000000,0.058824,0.000000,0.000000
Negative_F2305,0.086957,0.043478,0.000000,0.043478,0.043478,0.173913,0.000000,0.086957,0.086957,0.086957,0.000000,0.000000,0.000000,0.043478,0.086957,0.043478,0.043478,0.130435,0.000000,0.000000
Negative_F1361,0.095238,0.095238,0.000000,0.000000,0.095238,0.047619,0.000000,0.047619,0.095238,0.190476,0.000000,0.000000,0.047619,0.000000,0.095238,0.047619,0.095238,0.047619,0.000000,0.000000
Negative_F870,0.022222,0.133333,0.000000,0.044444,0.066667,0.111111,0.000000,0.044444,0.155556,0.088889,0.000000,0.044444,0.022222,0.022222,0.155556,0.044444,0.022222,0.022222,0.000000,0.000000
Negative_F706,0.142857,0.085714,0.057143,0.028571,0.057143,0.200000,0.000000,0.085714,0.028571,0.085714,0.000000,0.028571,0.057143,0.000000,0.000000,0.028571,0.057143,0.028571,0.028571,0.000000
Negative_F577,0.050000,0.100000,0.025000,0.050000,0.050000,0.050000,0.000000,0.025000,0.025000,0.075000,0.050000,0.050000,0.050000,0.000000,0.150000,0.100000,0.075000,0.050000,0.025000,0.000000
Negative_F1410,0.080000,0.000000,0.000000,0.040000,0.040000,0.120000,0.120000,0.080000,0.040000,0.160000,0.000000,0.000000,0.080000,0.000000,0.000000,0.040000,0.000000,0.200000,0.000000,0.000000
Negative_F2164,0.093750,0.062500,0.000000,0.031250,0.000000,0.093750,0.000000,0.062500,0.187500,0.125000,0.000000,0.093750,0.000000,0.000000,0.031250,0.031250,0.031250,0.156250,0.000000,0.000000
Negative_F2400,0.062500,0.125000,0.000000,0.000000,0.125000,0.125000,0.000000,0.000000,0.000000,0.000000,0.062500,0.062500,0.000000,0.000000,0.000000,0.000000,0.000000,0.187500,0.125000,0.125000
Negative_F2001,0.000000,0.000000,0.000000,0.000000,0.000000,0.055556,0.166667,0.111111,0.055556,0.055556,0.000000,0.111111,0.000000,0.055556,0.055556,0.166667,0.000000,0.000000,0.166667,0.000000
Negative_F735,0.000000,0.111111,0.000000,0.037037,0.037037,0.037037,0.037037,0.000000,0.000000,0.000000,0.037037,0.074074,0.037037,0.074074,0.074074,0.074074,0.074074,0.148148,0.111111,0.037037
Negative_F1035,0.071429,0.000000,0.071429,0.000000,0.035714,0.000000,0.035714,0.035714,0.107143,0.107143,0.035714,0.107143,0.000000,0.035714,0.071429,0.071429,0.071429,0.071429,0.000000,0.071429
Negative_F779,0.032258,0.193548,0.000000,0.032258,0.000000,0.064516,0.000000,0.064516,0.096774,0.096774,0.000000,0.032258,0.064516,0.000000,0.000000,0.096774,0.064516,0.096774,0.000000,0.064516
Negative_F763,0.033333,0.200000,0.000000,0.033333,0.033333,0.100000,0.000000,0.100000,0.066667,0.000000,0.000000,0.033333,0.066667,0.000000,0.033333,0.133333,0.033333,0.100000,0.000000,0.033333
Negative_F13,0.062500,0.000000,0.062500,0.000000,0.062500,0.187500,0.000000,0.062500,0.125000,0.187500,0.000000,0.000000,0.000000,0.000000,0.000000,0.062500,0.000000,0.187500,0.000000,0.000000
Negative_F453,0.000000,0.117647,0.000000,0.000000,0.058824,0.117647,0.058824,0.176471,0.058824,0.176471,0.058824,0.000000,0.000000,0.000000,0.058824,0.058824,0.058824,0.000000,0.000000,0.000000
Negative_F147,0.031250,0.187500,0.000000,0.031250,0.062500,0.062500,0.062500,0.031250,0.000000,0.031250,0.031250,0.031250,0.000000,0.000000,0.093750,0.093750,0.125000,0.031250,0.000000,0.093750
Negative_F1592,0.000000,0.000000,0.000000,0.000000,0.153846,0.076923,0.000000,0.076923,0.000000,0.307692,0.000000,0.000000,0.076923,0.000000,0.076923,0.153846,0.000000,0.076923,0.000000,0.000000
Negative_F1971,0.116279,0.139535,0.046512,0.000000,0.000000,0.093023,0.023256,0.069767,0.069767,0.093023,0.023256,0.046512,0.000000,0.046512,0.069767,0.069767,0.023256,0.069767,0.000000,0.000000
Negative_F773,0.000000,0.181818,0.030303,0.030303,0.090909,0.242424,0.000000,0.030303,0.000000,0.030303,0.000000,0.060606,0.030303,0.000000,0.000000,0.030303,0.151515,0.000000,0.000000,0.090909
Negative_F1476,0.026667,0.053333,0.053333,0.053333,0.040000,0.013333,0.013333,0.120000,0.106667,0.040000,0.013333,0.053333,0.080000,0.053333,0.080000,0.053333,0.053333,0.066667,0.013333,0.013333
Negative_F1383,0.026316,0.157895,0.000000,0.105263,0.052632,0.078947,0.000000,0.052632,0.131579,0.000000,0.026316,0.026316,0.026316,0.026316,0.026316,0.052632,0.078947,0.052632,0.000000,0.078947
Negative_F1482,0.086614,0.031496,0.015748,0.023622,0.039370,0.055118,0.039370,0.039370,0.086614,0.094488,0.007874,0.062992,0.047244,0.039370,0.070866,0.125984,0.023622,0.062992,0.015748,0.031496
Negative_F1671,0.043478,0.000000,0.043478,0.000000,0.043478,0.086957,0.000000,0.217391,0.173913,0.043478,0.043478,0.000000,0.086957,0.000000,0.000000,0.043478,0.086957,0.086957,0.000000,0.000000
Negative_F148,0.000000,0.157895,0.026316,0.000000,0.026316,0.157895,0.052632,0.026316,0.026316,0.078947,0.026316,0.000000,0.052632,0.078947,0.078947,0.052632,0.105263,0.000000,0.000000,0.052632
Negative_F2264,0.000000,0.157895,0.000000,0.078947,0.052632,0.184211,0.052632,0.052632,0.052632,0.078947,0.000000,0.026316,0.026316,0.026316,0.078947,0.052632,0.052632,0.000000,0.000000,0.026316
Negative_F1704,0.076923,0.000000,0.000000,0.076923,0.076923,0.153846,0.000000,0.076923,0.153846,0.000000,0.000000,0.000000,0.000000,0.076923,0.153846,0.076923,0.076923,0.000000,0.000000,0.000000
Negative_F404,0.121212,0.060606,0.060606,0.000000,0.000000,0.121212,0.000000,0.060606,0.151515,0.181818,0.030303,0.030303,0.000000,0.030303,0.000000,0.090909,0.030303,0.030303,0.000000,0.000000
Negative_F1301,0.000000,0.153846,0.000000,0.000000,0.076923,0.000000,0.000000,0.076923,0.153846,0.000000,0.000000,0.000000,0.000000,0.000000,0.230769,0.153846,0.076923,0.000000,0.000000,0.076923
Negative_F1076,0.136364,0.000000,0.045455,0.045455,0.045455,0.136364,0.000000,0.090909,0.136364,0.090909,0.045455,0.045455,0.000000,0.000000,0.000000,0.000000,0.045455,0.136364,0.000000,0.000000
Negative_F2439,0.000000,0.114286,0.057143,0.000000,0.028571,0.057143,0.057143,0.057143,0.142857,0.057143,0.057143,0.028571,0.171429,0.000000,0.085714,0.000000,0.057143,0.028571,0.000000,0.000000
Negative_F1742,0.269231,0.000000,0.000000,0.000000,0.038462,0.038462,0.000000,0.038462,0.192308,0.153846,0.000000,0.000000,0.038462,0.038462,0.000000,0.038462,0.038462,0.038462,0.038462,0.038462
Negative_F1105,0.100000,0.033333,0.000000,0.000000,0.100000,0.166667,0.100000,0.033333,0.133333,0.033333,0.000000,0.000000,0.000000,0.033333,0.033333,0.100000,0.033333,0.066667,0.033333,0.000000
Negative_F1608,0.055556,0.000000,0.000000,0.055556,0.111111,0.111111,0.055556,0.000000,0.166667,0.055556,0.000000,0.000000,0.000000,0.055556,0.111111,0.055556,0.055556,0.000000,0.111111,0.000000
Negative_F398,0.043478,0.000000,0.000000,0.000000,0.086957,0.173913,0.173913,0.173913,0.000000,0.130435,0.000000,0.000000,0.000000,0.000000,0.043478,0.043478,0.000000,0.130435,0.000000,0.000000
Negative_F2014,0.040000,0.000000,0.080000,0.000000,0.120000,0.000000,0.040000,0.040000,0.080000,0.120000,0.040000,0.000000,0.000000,0.040000,0.160000,0.120000,0.000000,0.080000,0.040000,0.000000
Negative_F519,0.125000,0.000000,0.041667,0.000000,0.125000,0.083333,0.000000,0.041667,0.166667,0.166667,0.000000,0.000000,0.041667,0.000000,0.000000,0.166667,0.000000,0.000000,0.041667,0.000000
Negative_F1127,0.234375,0.062500,0.015625,0.031250,0.000000,0.140625,0.015625,0.125000,0.031250,0.015625,0.031250,0.015625,0.031250,0.000000,0.046875,0.062500,0.046875,0.031250,0.031250,0.031250
Negative_F1793,0.000000,0.071429,0.000000,0.000000,0.142857,0.035714,0.000000,0.178571,0.321429,0.000000,0.000000,0.000000,0.071429,0.035714,0.000000,0.071429,0.000000,0.071429,0.000000,0.000000
Negative_F2326,0.090909,0.000000,0.030303,0.030303,0.090909,0.090909,0.030303,0.090909,0.090909,0.030303,0.000000,0.000000,0.000000,0.000000,0.242424,0.030303,0.030303,0.060606,0.060606,0.000000
Negative_F308,0.080000,0.000000,0.000000,0.000000,0.040000,0.120000,0.000000,0.040000,0.240000,0.200000,0.000000,0.000000,0.040000,0.040000,0.000000,0.080000,0.000000,0.080000,0.040000,0.000000
Negative_F647,0.105263,0.000000,0.000000,0.026316,0.000000,0.184211,0.052632,0.105263,0.157895,0.052632,0.000000,0.052632,0.026316,0.026316,0.052632,0.000000,0.026316,0.105263,0.000000,0.026316
Negative_F656,0.093023,0.046512,0.023256,0.000000,0.000000,0.186047,0.046512,0.023256,0.069767,0.023256,0.023256,0.186047,0.000000,0.000000,0.000000,0.046512,0.046512,0.069767,0.069767,0.046512
Negative_F1396,0.000000,0.214286,0.035714,0.035714,0.035714,0.107143,0.000000,0.107143,0.071429,0.000000,0.035714,0.000000,0.071429,0.000000,0.000000,0.142857,0.000000,0.071429,0.035714,0.035714
Negative_F2356,0.000000,0.000000,0.000000,0.000000,0.000000,0.153846,0.000000,0.000000,0.076923,0.615385,0.000000,0.000000,0.000000,0.000000,0.000000,0.153846,0.000000,0.000000,0.000000,0.000000
Negative_F1398,0.140845,0.042254,0.014085,0.028169,0.028169,0.281690,0.028169,0.042254,0.028169,0.084507,0.042254,0.028169,0.014085,0.000000,0.014085,0.042254,0.042254,0.070423,0.000000,0.028169
Negative_F1423,0.061224,0.163265,0.020408,0.040816,0.061224,0.081633,0.020408,0.020408,0.102041,0.040816,0.020408,0.061224,0.020408,0.040816,0.061224,0.102041,0.040816,0.020408,0.000000,0.020408
Negative_F892,0.107143,0.071429,0.071429,0.000000,0.000000,0.107143,0.000000,0.035714,0.142857,0.142857,0.071429,0.071429,0.000000,0.035714,0.000000,0.000000,0.107143,0.035714,0.000000,0.000000
Negative_F160,0.000000,0.093750,0.031250,0.000000,0.093750,0.078125,0.031250,0.046875,0.015625,0.156250,0.031250,0.000000,0.062500,0.031250,0.093750,0.109375,0.000000,0.093750,0.015625,0.015625
Negative_F46,0.148148,0.000000,0.000000,0.037037,0.000000,0.185185,0.037037,0.074074,0.148148,0.185185,0.000000,0.000000,0.000000,0.000000,0.000000,0.074074,0.074074,0.000000,0.000000,0.037037
Negative_F2330,0.097826,0.119565,0.032609,0.065217,0.021739,0.097826,0.010870,0.054348,0.010870,0.043478,0.021739,0.010870,0.021739,0.043478,0.076087,0.108696,0.086957,0.054348,0.021739,0.000000
Negative_F1824,0.029412,0.176471,0.029412,0.000000,0.058824,0.058824,0.058824,0.058824,0.088235,0.117647,0.000000,0.029412,0.000000,0.000000,0.117647,0.029412,0.058824,0.058824,0.000000,0.029412
Negative_F79,0.076923,0.000000,0.000000,0.000000,0.153846,0.000000,0.000000,0.000000,0.076923,0.384615,0.000000,0.000000,0.076923,0.000000,0.000000,0.076923,0.076923,0.076923,0.000000,0.000000
Negative_F1940,0.000000,0.000000,0.000000,0.000000,0.142857,0.142857,0.000000,0.071429,0.000000,0.285714,0.000000,0.000000,0.071429,0.000000,0.142857,0.000000,0.000000,0.000000,0.142857,0.000000
Negative_F2052,0.000000,0.000000,0.000000,0.071429,0.000000,0.214286,0.000000,0.214286,0.142857,0.142857,0.000000,0.000000,0.000000,0.000000,0.000000,0.071429,0.000000,0.071429,0.071429,0.000000
Negative_F1501,0.083333,0.166667,0.000000,0.027778,0.027778,0.138889,0.000000,0.027778,0.027778,0.055556,0.000000,0.055556,0.000000,0.000000,0.027778,0.166667,0.083333,0.111111,0.000000,0.000000
Negative_F913,0.000000,0.000000,0.000000,0.000000,0.071429,0.214286,0.000000,0.071429,0.071429,0.142857,0.000000,0.071429,0.142857,0.000000,0.071429,0.142857,0.000000,0.000000,0.000000,0.000000
Negative_F1006,0.125000,0.083333,0.000000,0.000000,0.083333,0.041667,0.000000,0.083333,0.166667,0.166667,0.000000,0.000000,0.083333,0.000000,0.000000,0.041667,0.041667,0.083333,0.000000,0.000000
Negative_F277,0.114286,0.000000,0.028571,0.028571,0.028571,0.114286,0.028571,0.114286,0.142857,0.028571,0.000000,0.000000,0.028571,0.028571,0.085714,0.000000,0.057143,0.142857,0.028571,0.000000
Negative_F2138,0.047619,0.000000,0.000000,0.000000,0.047619,0.190476,0.000000,0.142857,0.238095,0.190476,0.000000,0.047619,0.000000,0.000000,0.000000,0.095238,0.000000,0.000000,0.000000,0.000000
Negative_F1589,0.153846,0.000000,0.000000,0.000000,0.153846,0.000000,0.000000,0.076923,0.076923,0.153846,0.000000,0.076923,0.000000,0.000000,0.000000,0.153846,0.076923,0.000000,0.076923,0.000000
Negative_F1899,0.218750,0.000000,0.015625,0.000000,0.000000,0.109375,0.000000,0.140625,0.093750,0.078125,0.000000,0.031250,0.000000,0.000000,0.000000,0.062500,0.093750,0.093750,0.015625,0.046875
Negative_F2093,0.184211,0.000000,0.026316,0.000000,0.026316,0.157895,0.052632,0.026316,0.157895,0.052632,0.026316,0.000000,0.026316,0.026316,0.105263,0.078947,0.000000,0.052632,0.000000,0.000000
Negative_F671,0.076923,0.000000,0.000000,0.000000,0.153846,0.076923,0.000000,0.076923,0.076923,0.307692,0.000000,0.000000,0.076923,0.000000,0.000000,0.076923,0.000000,0.076923,0.000000,0.000000
Negative_F253,0.105263,0.000000,0.052632,0.000000,0.052632,0.210526,0.000000,0.157895,0.105263,0.052632,0.000000,0.052632,0.000000,0.000000,0.052632,0.000000,0.000000,0.157895,0.000000,0.000000
Negative_F1676,0.081081,0.000000,0.027027,0.000000,0.081081,0.162162,0.000000,0.162162,0.081081,0.027027,0.027027,0.108108,0.027027,0.027027,0.027027,0.000000,0.054054,0.054054,0.000000,0.054054
Negative_F1806,0.038462,0.307692,0.000000,0.000000,0.076923,0.076923,0.038462,0.038462,0.115385,0.038462,0.000000,0.076923,0.000000,0.038462,0.038462,0.076923,0.000000,0.000000,0.038462,0.000000
Negative_F54,0.125000,0.083333,0.000000,0.000000,0.125000,0.041667,0.000000,0.083333,0.125000,0.208333,0.000000,0.041667,0.083333,0.000000,0.041667,0.000000,0.041667,0.000000,0.000000,0.000000
Negative_F1967,0.148760,0.099174,0.041322,0.049587,0.016529,0.074380,0.016529,0.024793,0.132231,0.074380,0.008264,0.049587,0.033058,0.008264,0.041322,0.033058,0.033058,0.033058,0.008264,0.074380
Negative_F156,0.000000,0.320000,0.040000,0.000000,0.080000,0.080000,0.080000,0.080000,0.080000,0.000000,0.040000,0.000000,0.040000,0.000000,0.040000,0.040000,0.080000,0.000000,0.000000,0.000000
Negative_F2144,0.119048,0.000000,0.023810,0.095238,0.047619,0.071429,0.023810,0.047619,0.095238,0.047619,0.023810,0.047619,0.047619,0.000000,0.023810,0.023810,0.142857,0.047619,0.000000,0.071429
Negative_F1452,0.125000,0.083333,0.000000,0.000000,0.083333,0.000000,0.000000,0.041667,0.166667,0.125000,0.000000,0.041667,0.041667,0.000000,0.000000,0.041667,0.125000,0.125000,0.000000,0.000000
Negative_F2454,0.393939,0.000000,0.030303,0.030303,0.000000,0.090909,0.000000,0.060606,0.181818,0.030303,0.030303,0.030303,0.000000,0.000000,0.000000,0.060606,0.000000,0.030303,0.030303,0.000000
Negative_F476,0.166667,0.083333,0.000000,0.000000,0.083333,0.041667,0.000000,0.083333,0.166667,0.208333,0.000000,0.000000,0.083333,0.000000,0.000000,0.000000,0.041667,0.041667,0.000000,0.000000
Negative_F1046,0.081081,0.054054,0.027027,0.027027,0.054054,0.162162,0.000000,0.081081,0.189189,0.135135,0.027027,0.027027,0.000000,0.000000,0.000000,0.054054,0.027027,0.054054,0.000000,0.000000
Negative_F1316,0.137931,0.068966,0.068966,0.000000,0.034483,0.034483,0.000000,0.034483,0.172414,0.103448,0.068966,0.103448,0.000000,0.000000,0.000000,0.000000,0.103448,0.068966,0.000000,0.000000
Negative_F445,0.095238,0.000000,0.047619,0.000000,0.047619,0.095238,0.047619,0.190476,0.095238,0.095238,0.047619,0.000000,0.095238,0.000000,0.000000,0.047619,0.000000,0.047619,0.000000,0.047619
Negative_F2029,0.021277,0.170213,0.000000,0.042553,0.063830,0.127660,0.085106,0.000000,0.063830,0.000000,0.000000,0.063830,0.021277,0.000000,0.148936,0.063830,0.063830,0.042553,0.000000,0.021277
Negative_F1506,0.000000,0.052632,0.000000,0.052632,0.000000,0.263158,0.000000,0.105263,0.052632,0.105263,0.157895,0.000000,0.000000,0.000000,0.157895,0.000000,0.052632,0.000000,0.000000,0.000000
Negative_F1198,0.068966,0.057471,0.045977,0.068966,0.045977,0.057471,0.022989,0.045977,0.034483,0.068966,0.011494,0.045977,0.068966,0.022989,0.057471,0.057471,0.068966,0.126437,0.000000,0.022989
Negative_F2031,0.024390,0.146341,0.073171,0.048780,0.000000,0.170732,0.073171,0.000000,0.073171,0.000000,0.000000,0.048780,0.024390,0.000000,0.048780,0.073171,0.024390,0.048780,0.048780,0.073171
Negative_F533,0.000000,0.000000,0.000000,0.000000,0.000000,0.000000,0.000000,0.053191,0.021277,0.138298,0.000000,0.000000,0.446809,0.021277,0.297872,0.021277,0.000000,0.000000,0.000000,0.000000
Negative_F2099,0.000000,0.181818,0.000000,0.000000,0.030303,0.212121,0.060606,0.030303,0.060606,0.030303,0.030303,0.030303,0.030303,0.030303,0.151515,0.090909,0.000000,0.000000,0.000000,0.030303
Negative_F89,0.125000,0.062500,0.031250,0.000000,0.000000,0.125000,0.000000,0.093750,0.156250,0.125000,0.000000,0.031250,0.000000,0.031250,0.000000,0.062500,0.062500,0.093750,0.000000,0.000000
Negative_F2065,0.076923,0.000000,0.000000,0.076923,0.076923,0.076923,0.000000,0.076923,0.230769,0.000000,0.000000,0.000000,0.000000,0.000000,0.000000,0.153846,0.000000,0.153846,0.076923,0.000000
Negative_F1282,0.032258,0.193548,0.000000,0.032258,0.032258,0.096774,0.000000,0.129032,0.096774,0.000000,0.000000,0.032258,0.064516,0.000000,0.000000,0.161290,0.000000,0.096774,0.000000,0.032258
Negative_F185,0.096774,0.193548,0.000000,0.032258,0.000000,0.161290,0.000000,0.064516,0.000000,0.096774,0.000000,0.032258,0.000000,0.000000,0.161290,0.032258,0.032258,0.032258,0.000000,0.064516
Negative_F545,0.086957,0.000000,0.086957,0.000000,0.043478,0.130435,0.000000,0.130435,0.130435,0.086957,0.000000,0.000000,0.000000,0.086957,0.000000,0.043478,0.086957,0.043478,0.043478,0.000000
Negative_F1141,0.100000,0.100000,0.033333,0.000000,0.033333,0.033333,0.000000,0.033333,0.133333,0.033333,0.000000,0.000000,0.066667,0.066667,0.066667,0.100000,0.100000,0.100000,0.000000,0.000000
Negative_F1714,0.307692,0.000000,0.000000,0.000000,0.000000,0.000000,0.000000,0.153846,0.076923,0.153846,0.000000,0.153846,0.000000,0.000000,0.076923,0.000000,0.000000,0.000000,0.000000,0.076923
Negative_F532,0.000000,0.000000,0.000000,0.000000,0.000000,0.000000,0.000000,0.083333,0.000000,0.116667,0.000000,0.000000,0.366667,0.050000,0.333333,0.016667,0.000000,0.000000,0.033333,0.000000
Negative_F742,0.115385,0.000000,0.000000,0.000000,0.076923,0.153846,0.038462,0.076923,0.269231,0.076923,0.000000,0.000000,0.000000,0.000000,0.076923,0.038462,0.000000,0.038462,0.000000,0.038462
Negative_F2271,0.000000,0.210526,0.078947,0.026316,0.026316,0.157895,0.026316,0.052632,0.052632,0.026316,0.000000,0.026316,0.078947,0.026316,0.000000,0.105263,0.026316,0.026316,0.026316,0.026316
Negative_F486,0.050000,0.100000,0.000000,0.000000,0.150000,0.050000,0.000000,0.000000,0.150000,0.400000,0.000000,0.000000,0.100000,0.000000,0.000000,0.000000,0.000000,0.000000,0.000000,0.000000
Negative_F37,0.000000,0.150000,0.000000,0.000000,0.050000,0.125000,0.025000,0.100000,0.025000,0.025000,0.000000,0.050000,0.075000,0.050000,0.200000,0.000000,0.050000,0.075000,0.000000,0.000000
Negative_F346,0.071429,0.000000,0.000000,0.000000,0.000000,0.000000,0.000000,0.000000,0.357143,0.071429,0.000000,0.000000,0.142857,0.000000,0.142857,0.000000,0.071429,0.000000,0.142857,0.000000
Negative_F1376,0.000000,0.212121,0.000000,0.000000,0.000000,0.060606,0.000000,0.060606,0.030303,0.090909,0.030303,0.060606,0.030303,0.030303,0.030303,0.151515,0.121212,0.090909,0.000000,0.000000
Negative_F433,0.080000,0.000000,0.080000,0.040000,0.000000,0.160000,0.040000,0.080000,0.160000,0.160000,0.000000,0.000000,0.000000,0.000000,0.000000,0.040000,0.000000,0.160000,0.000000,0.000000
Negative_F435,0.238095,0.000000,0.047619,0.047619,0.000000,0.047619,0.047619,0.142857,0.095238,0.142857,0.000000,0.095238,0.000000,0.047619,0.000000,0.000000,0.000000,0.047619,0.000000,0.000000
Negative_F1544,0.000000,0.117647,0.000000,0.000000,0.117647,0.000000,0.000000,0.117647,0.176471,0.235294,0.000000,0.000000,0.058824,0.000000,0.000000,0.058824,0.058824,0.058824,0.000000,0.000000
Negative_F1034,0.108108,0.054054,0.027027,0.000000,0.054054,0.108108,0.027027,0.000000,0.054054,0.081081,0.000000,0.081081,0.027027,0.000000,0.054054,0.081081,0.108108,0.135135,0.000000,0.000000
Negative_F100,0.085714,0.000000,0.000000,0.057143,0.028571,0.200000,0.000000,0.028571,0.228571,0.142857,0.000000,0.000000,0.028571,0.000000,0.028571,0.028571,0.028571,0.085714,0.000000,0.028571
Negative_F402,0.285714,0.000000,0.000000,0.000000,0.000000,0.000000,0.000000,0.000000,0.428571,0.285714,0.000000,0.000000,0.000000,0.000000,0.000000,0.000000,0.000000,0.000000,0.000000,0.000000
Negative_F2071,0.000000,0.000000,0.000000,0.000000,0.136364,0.227273,0.136364,0.136364,0.045455,0.136364,0.000000,0.045455,0.000000,0.000000,0.045455,0.045455,0.000000,0.045455,0.000000,0.000000
Negative_F161,0.081081,0.054054,0.000000,0.027027,0.054054,0.216216,0.054054,0.000000,0.054054,0.027027,0.000000,0.108108,0.000000,0.000000,0.027027,0.081081,0.027027,0.081081,0.054054,0.054054
Negative_F1686,0.022222,0.177778,0.022222,0.044444,0.044444,0.088889,0.066667,0.022222,0.044444,0.044444,0.022222,0.044444,0.044444,0.022222,0.111111,0.088889,0.044444,0.044444,0.000000,0.000000
Negative_F2309,0.000000,0.000000,0.000000,0.052632,0.052632,0.421053,0.000000,0.157895,0.052632,0.000000,0.000000,0.000000,0.000000,0.000000,0.052632,0.000000,0.000000,0.105263,0.000000,0.105263
Negative_F564,0.000000,0.193548,0.032258,0.032258,0.000000,0.129032,0.000000,0.000000,0.064516,0.096774,0.000000,0.064516,0.000000,0.000000,0.032258,0.032258,0.193548,0.064516,0.000000,0.064516
Negative_F466,0.000000,0.095238,0.000000,0.000000,0.047619,0.285714,0.000000,0.047619,0.142857,0.190476,0.047619,0.000000,0.000000,0.000000,0.000000,0.047619,0.000000,0.095238,0.000000,0.000000
Negative_F891,0.021739,0.043478,0.065217,0.043478,0.065217,0.152174,0.000000,0.130435,0.195652,0.043478,0.021739,0.021739,0.021739,0.000000,0.021739,0.000000,0.065217,0.086957,0.000000,0.000000
Negative_F354,0.000000,0.181818,0.030303,0.030303,0.060606,0.090909,0.000000,0.030303,0.030303,0.060606,0.000000,0.030303,0.030303,0.060606,0.121212,0.030303,0.090909,0.060606,0.000000,0.060606
Negative_F2294,0.083333,0.041667,0.020833,0.041667,0.052083,0.052083,0.000000,0.031250,0.083333,0.125000,0.020833,0.010417,0.072917,0.041667,0.062500,0.093750,0.052083,0.083333,0.010417,0.020833
Negative_F265,0.156250,0.000000,0.000000,0.000000,0.031250,0.093750,0.062500,0.062500,0.218750,0.062500,0.000000,0.000000,0.000000,0.031250,0.031250,0.031250,0.000000,0.031250,0.062500,0.125000
Negative_F1002,0.151515,0.060606,0.060606,0.000000,0.030303,0.090909,0.000000,0.121212,0.181818,0.090909,0.030303,0.060606,0.000000,0.000000,0.000000,0.060606,0.060606,0.000000,0.000000,0.000000
Negative_F145,0.000000,0.181818,0.000000,0.030303,0.060606,0.090909,0.000000,0.030303,0.000000,0.090909,0.000000,0.030303,0.000000,0.000000,0.151515,0.060606,0.090909,0.151515,0.000000,0.030303
Negative_F2443,0.055556,0.111111,0.027778,0.027778,0.027778,0.027778,0.000000,0.111111,0.111111,0.027778,0.000000,0.027778,0.027778,0.027778,0.194444,0.083333,0.000000,0.055556,0.000000,0.055556
Negative_F390,0.055556,0.000000,0.000000,0.000000,0.166667,0.000000,0.055556,0.055556,0.388889,0.166667,0.000000,0.000000,0.055556,0.000000,0.000000,0.000000,0.000000,0.000000,0.055556,0.000000
Negative_F1554,0.083333,0.000000,0.000000,0.000000,0.000000,0.083333,0.083333,0.250000,0.166667,0.166667,0.000000,0.083333,0.000000,0.000000,0.000000,0.000000,0.000000,0.000000,0.083333,0.000000
Negative_F2286,0.058824,0.000000,0.000000,0.000000,0.000000,0.352941,0.058824,0.117647,0.058824,0.235294,0.000000,0.000000,0.000000,0.000000,0.000000,0.000000,0.058824,0.058824,0.000000,0.000000
Negative_F688,0.055556,0.055556,0.055556,0.027778,0.027778,0.027778,0.000000,0.083333,0.277778,0.083333,0.027778,0.027778,0.027778,0.027778,0.000000,0.055556,0.083333,0.055556,0.000000,0.000000
Negative_F1919,0.208333,0.083333,0.000000,0.000000,0.083333,0.041667,0.000000,0.041667,0.083333,0.083333,0.000000,0.000000,0.083333,0.041667,0.041667,0.000000,0.041667,0.166667,0.000000,0.000000
Negative_F2077,0.350000,0.000000,0.000000,0.000000,0.000000,0.000000,0.000000,0.000000,0.450000,0.000000,0.000000,0.000000,0.150000,0.000000,0.000000,0.050000,0.000000,0.000000,0.000000,0.000000
Negative_F1147,0.071429,0.000000,0.000000,0.035714,0.035714,0.250000,0.000000,0.035714,0.142857,0.142857,0.071429,0.000000,0.035714,0.035714,0.035714,0.035714,0.035714,0.035714,0.000000,0.000000
Negative_F164,0.000000,0.162162,0.000000,0.027027,0.027027,0.216216,0.000000,0.027027,0.027027,0.027027,0.000000,0.108108,0.081081,0.081081,0.081081,0.027027,0.000000,0.027027,0.000000,0.081081
Negative_F2177,0.000000,0.095238,0.023810,0.000000,0.047619,0.095238,0.023810,0.023810,0.023810,0.095238,0.000000,0.047619,0.261905,0.023810,0.071429,0.023810,0.047619,0.047619,0.023810,0.023810
Negative_F2450,0.050000,0.000000,0.050000,0.000000,0.100000,0.050000,0.100000,0.300000,0.050000,0.100000,0.000000,0.000000,0.100000,0.100000,0.000000,0.000000,0.000000,0.000000,0.000000,0.000000
Negative_F816,0.046512,0.046512,0.046512,0.023256,0.023256,0.162791,0.000000,0.069767,0.093023,0.023256,0.000000,0.069767,0.000000,0.023256,0.093023,0.046512,0.023256,0.116279,0.046512,0.046512
Negative_F2367,0.084746,0.101695,0.050847,0.033898,0.016949,0.050847,0.016949,0.033898,0.135593,0.067797,0.050847,0.050847,0.033898,0.067797,0.050847,0.067797,0.000000,0.050847,0.000000,0.033898
Negative_F1342,0.000000,0.000000,0.000000,0.000000,0.076923,0.076923,0.000000,0.384615,0.076923,0.153846,0.000000,0.000000,0.076923,0.000000,0.000000,0.076923,0.076923,0.000000,0.000000,0.000000
Negative_F236,0.041667,0.083333,0.000000,0.000000,0.125000,0.041667,0.000000,0.000000,0.166667,0.000000,0.041667,0.083333,0.041667,0.000000,0.083333,0.125000,0.083333,0.083333,0.000000,0.000000
Negative_F1442,0.146341,0.073171,0.060976,0.012195,0.024390,0.048780,0.036585,0.012195,0.000000,0.048780,0.012195,0.048780,0.048780,0.000000,0.060976,0.121951,0.024390,0.121951,0.048780,0.048780
Negative_F82,0.000000,0.000000,0.000000,0.000000,0.071429,0.071429,0.071429,0.214286,0.071429,0.357143,0.000000,0.071429,0.071429,0.000000,0.000000,0.000000,0.000000,0.000000,0.000000,0.000000
Negative_F1060,0.000000,0.000000,0.000000,0.000000,0.192308,0.000000,0.038462,0.076923,0.000000,0.076923,0.000000,0.000000,0.307692,0.000000,0.269231,0.000000,0.000000,0.000000,0.000000,0.038462
Negative_F2390,0.020408,0.163265,0.020408,0.000000,0.020408,0.204082,0.000000,0.061224,0.040816,0.020408,0.000000,0.020408,0.000000,0.040816,0.122449,0.061224,0.081633,0.102041,0.000000,0.020408
Negative_F2207,0.000000,0.066667,0.000000,0.000000,0.000000,0.066667,0.000000,0.000000,0.133333,0.266667,0.000000,0.000000,0.000000,0.000000,0.200000,0.133333,0.000000,0.133333,0.000000,0.000000
Negative_F283,0.250000,0.000000,0.025000,0.000000,0.075000,0.050000,0.025000,0.025000,0.025000,0.075000,0.025000,0.125000,0.050000,0.050000,0.075000,0.050000,0.050000,0.025000,0.000000,0.000000
Negative_F855,0.177778,0.044444,0.044444,0.033333,0.022222,0.155556,0.000000,0.011111,0.033333,0.055556,0.011111,0.088889,0.055556,0.011111,0.011111,0.066667,0.022222,0.100000,0.033333,0.022222
Negative_F218,0.000000,0.000000,0.000000,0.000000,0.162791,0.023256,0.000000,0.069767,0.000000,0.000000,0.000000,0.023256,0.465116,0.000000,0.232558,0.000000,0.000000,0.023256,0.000000,0.000000
Negative_F807,0.145833,0.041667,0.020833,0.000000,0.041667,0.250000,0.020833,0.062500,0.041667,0.020833,0.020833,0.041667,0.020833,0.000000,0.020833,0.062500,0.062500,0.041667,0.041667,0.041667
Negative_F602,0.076923,0.000000,0.038462,0.000000,0.000000,0.192308,0.038462,0.115385,0.153846,0.115385,0.000000,0.000000,0.000000,0.000000,0.192308,0.000000,0.000000,0.038462,0.038462,0.000000
Negative_F1977,0.166667,0.033333,0.033333,0.000000,0.033333,0.166667,0.033333,0.000000,0.100000,0.033333,0.000000,0.033333,0.000000,0.000000,0.133333,0.033333,0.033333,0.100000,0.066667,0.000000
Negative_F1275,0.000000,0.000000,0.029412,0.029412,0.000000,0.058824,0.000000,0.176471,0.235294,0.088235,0.000000,0.147059,0.029412,0.000000,0.088235,0.029412,0.029412,0.058824,0.000000,0.000000
Negative_F1528,0.082474,0.020619,0.030928,0.030928,0.051546,0.061856,0.030928,0.020619,0.092784,0.103093,0.010309,0.010309,0.030928,0.051546,0.072165,0.092784,0.103093,0.030928,0.051546,0.020619
Negative_F474,0.153846,0.000000,0.000000,0.000000,0.153846,0.153846,0.000000,0.230769,0.076923,0.153846,0.000000,0.000000,0.000000,0.000000,0.000000,0.076923,0.000000,0.000000,0.000000,0.000000
Negative_F1239,0.000000,0.108108,0.054054,0.081081,0.000000,0.162162,0.027027,0.000000,0.000000,0.000000,0.027027,0.000000,0.027027,0.081081,0.243243,0.108108,0.000000,0.054054,0.027027,0.000000
Negative_F610,0.086957,0.000000,0.000000,0.043478,0.000000,0.086957,0.043478,0.000000,0.217391,0.260870,0.000000,0.000000,0.000000,0.000000,0.043478,0.000000,0.043478,0.086957,0.043478,0.043478
Negative_F1497,0.107143,0.071429,0.071429,0.000000,0.000000,0.107143,0.000000,0.035714,0.142857,0.178571,0.035714,0.071429,0.000000,0.035714,0.035714,0.000000,0.071429,0.035714,0.000000,0.000000
Negative_F450,0.200000,0.000000,0.025000,0.025000,0.025000,0.150000,0.050000,0.100000,0.100000,0.050000,0.000000,0.025000,0.025000,0.050000,0.025000,0.025000,0.025000,0.050000,0.025000,0.025000
Negative_F134,0.000000,0.000000,0.000000,0.000000,0.000000,0.062500,0.062500,0.000000,0.062500,0.062500,0.000000,0.187500,0.312500,0.000000,0.125000,0.000000,0.062500,0.062500,0.000000,0.000000
Negative_F2279,0.000000,0.200000,0.000000,0.000000,0.050000,0.100000,0.000000,0.000000,0.000000,0.000000,0.000000,0.100000,0.000000,0.000000,0.200000,0.000000,0.000000,0.150000,0.050000,0.150000
Negative_F413,0.050000,0.200000,0.000000,0.000000,0.000000,0.100000,0.050000,0.000000,0.100000,0.000000,0.000000,0.000000,0.050000,0.050000,0.200000,0.000000,0.000000,0.000000,0.100000,0.100000
Negative_F945,0.166667,0.083333,0.000000,0.000000,0.083333,0.041667,0.000000,0.125000,0.166667,0.125000,0.000000,0.041667,0.041667,0.000000,0.000000,0.000000,0.083333,0.041667,0.000000,0.000000
Negative_F2344,0.041237,0.010309,0.154639,0.061856,0.020619,0.051546,0.010309,0.082474,0.103093,0.082474,0.030928,0.051546,0.030928,0.020619,0.041237,0.030928,0.103093,0.041237,0.010309,0.020619
Negative_F2407,0.142857,0.000000,0.071429,0.000000,0.000000,0.142857,0.000000,0.000000,0.142857,0.500000,0.000000,0.000000,0.000000,0.000000,0.000000,0.000000,0.000000,0.000000,0.000000,0.000000
Negative_F1662,0.021277,0.042553,0.042553,0.042553,0.000000,0.191489,0.000000,0.191489,0.212766,0.063830,0.000000,0.021277,0.000000,0.000000,0.042553,0.063830,0.021277,0.021277,0.021277,0.000000
Negative_F1629,0.076923,0.000000,0.076923,0.076923,0.000000,0.000000,0.000000,0.076923,0.000000,0.307692,0.000000,0.000000,0.076923,0.153846,0.076923,0.000000,0.000000,0.000000,0.000000,0.076923
Negative_F1766,0.108108,0.000000,0.027027,0.054054,0.027027,0.135135,0.000000,0.162162,0.189189,0.027027,0.027027,0.027027,0.027027,0.000000,0.081081,0.027027,0.000000,0.054054,0.027027,0.000000
Negative_F1760,0.062500,0.000000,0.000000,0.000000,0.062500,0.125000,0.000000,0.125000,0.062500,0.125000,0.062500,0.062500,0.062500,0.000000,0.062500,0.062500,0.000000,0.125000,0.000000,0.000000
Negative_F1749,0.100000,0.000000,0.000000,0.000000,0.100000,0.100000,0.100000,0.150000,0.050000,0.150000,0.000000,0.000000,0.100000,0.000000,0.100000,0.000000,0.000000,0.000000,0.050000,0.000000
Negative_F190,0.085106,0.000000,0.063830,0.042553,0.042553,0.042553,0.042553,0.021277,0.106383,0.127660,0.000000,0.063830,0.042553,0.000000,0.106383,0.127660,0.021277,0.021277,0.021277,0.021277
Negative_F2003,0.000000,0.000000,0.000000,0.000000,0.000000,0.068966,0.034483,0.344828,0.137931,0.068966,0.000000,0.034483,0.034483,0.000000,0.172414,0.000000,0.068966,0.000000,0.000000,0.034483
Negative_F438,0.037037,0.000000,0.000000,0.000000,0.148148,0.111111,0.000000,0.111111,0.074074,0.037037,0.000000,0.000000,0.037037,0.037037,0.259259,0.037037,0.074074,0.037037,0.000000,0.000000
Negative_F93,0.135135,0.000000,0.000000,0.054054,0.027027,0.108108,0.000000,0.135135,0.189189,0.054054,0.027027,0.054054,0.027027,0.000000,0.054054,0.027027,0.000000,0.081081,0.027027,0.000000
Negative_F19,0.117647,0.000000,0.058824,0.000000,0.058824,0.176471,0.058824,0.235294,0.117647,0.058824,0.000000,0.000000,0.000000,0.000000,0.000000,0.058824,0.000000,0.058824,0.000000,0.000000
Negative_F1634,0.064516,0.064516,0.064516,0.032258,0.000000,0.129032,0.000000,0.032258,0.161290,0.193548,0.000000,0.000000,0.032258,0.032258,0.000000,0.064516,0.064516,0.064516,0.000000,0.000000
Negative_F607,0.052632,0.000000,0.000000,0.000000,0.157895,0.105263,0.157895,0.052632,0.105263,0.105263,0.000000,0.000000,0.052632,0.000000,0.105263,0.000000,0.000000,0.105263,0.000000,0.000000
Negative_F217,0.073171,0.195122,0.000000,0.000000,0.000000,0.170732,0.000000,0.000000,0.000000,0.048780,0.000000,0.024390,0.000000,0.146341,0.097561,0.146341,0.024390,0.000000,0.024390,0.048780
Negative_F1910,0.057143,0.000000,0.000000,0.000000,0.000000,0.057143,0.000000,0.028571,0.000000,0.000000,0.085714,0.085714,0.371429,0.142857,0.000000,0.028571,0.085714,0.000000,0.000000,0.057143
Negative_F1639,0.076923,0.000000,0.000000,0.000000,0.076923,0.153846,0.000000,0.153846,0.076923,0.230769,0.076923,0.000000,0.000000,0.000000,0.000000,0.076923,0.076923,0.000000,0.000000,0.000000
Negative_F1415,0.078431,0.039216,0.029412,0.009804,0.019608,0.215686,0.019608,0.049020,0.019608,0.019608,0.019608,0.117647,0.039216,0.009804,0.068627,0.147059,0.039216,0.049020,0.000000,0.009804
Negative_F2274,0.000000,0.000000,0.000000,0.000000,0.000000,0.250000,0.000000,0.000000,0.000000,0.000000,0.000000,0.000000,0.083333,0.083333,0.166667,0.333333,0.000000,0.000000,0.000000,0.083333
Negative_F1321,0.000000,0.083333,0.000000,0.000000,0.083333,0.125000,0.000000,0.041667,0.166667,0.208333,0.000000,0.000000,0.041667,0.000000,0.000000,0.083333,0.041667,0.125000,0.000000,0.000000
Negative_F328,0.000000,0.000000,0.000000,0.000000,0.214286,0.000000,0.000000,0.071429,0.071429,0.285714,0.000000,0.000000,0.071429,0.000000,0.000000,0.142857,0.071429,0.071429,0.000000,0.000000
Negative_F1697,0.020202,0.020202,0.070707,0.080808,0.050505,0.030303,0.040404,0.050505,0.080808,0.070707,0.010101,0.050505,0.050505,0.030303,0.050505,0.090909,0.050505,0.070707,0.020202,0.060606
Negative_F211,0.076923,0.000000,0.000000,0.115385,0.000000,0.115385,0.000000,0.115385,0.115385,0.192308,0.000000,0.000000,0.000000,0.076923,0.000000,0.115385,0.038462,0.038462,0.000000,0.000000
Negative_F1385,0.000000,0.136364,0.022727,0.068182,0.022727,0.159091,0.000000,0.022727,0.045455,0.068182,0.000000,0.022727,0.090909,0.045455,0.068182,0.022727,0.113636,0.022727,0.022727,0.045455
Negative_F1786,0.117647,0.000000,0.000000,0.000000,0.117647,0.235294,0.000000,0.000000,0.117647,0.235294,0.000000,0.058824,0.000000,0.000000,0.000000,0.058824,0.000000,0.058824,0.000000,0.000000
Negative_F2311,0.136364,0.000000,0.000000,0.000000,0.045455,0.136364,0.000000,0.181818,0.136364,0.227273,0.000000,0.000000,0.045455,0.000000,0.000000,0.090909,0.000000,0.000000,0.000000,0.000000
Negative_F2012,0.000000,0.000000,0.066667,0.000000,0.266667,0.200000,0.000000,0.000000,0.066667,0.133333,0.000000,0.066667,0.066667,0.000000,0.000000,0.133333,0.000000,0.000000,0.000000,0.000000
Negative_F570,0.083333,0.000000,0.027778,0.111111,0.000000,0.000000,0.027778,0.027778,0.027778,0.111111,0.000000,0.055556,0.111111,0.027778,0.138889,0.055556,0.027778,0.027778,0.000000,0.138889
Negative_F1412,0.093750,0.000000,0.031250,0.031250,0.062500,0.156250,0.031250,0.093750,0.093750,0.031250,0.000000,0.062500,0.000000,0.000000,0.093750,0.000000,0.031250,0.187500,0.000000,0.000000
Negative_F1914,0.121951,0.146341,0.024390,0.073171,0.048780,0.097561,0.024390,0.048780,0.024390,0.073171,0.024390,0.024390,0.048780,0.024390,0.024390,0.073171,0.000000,0.048780,0.024390,0.024390
Negative_F1026,0.000000,0.000000,0.000000,0.000000,0.000000,0.066667,0.000000,0.200000,0.333333,0.066667,0.000000,0.066667,0.000000,0.000000,0.000000,0.000000,0.000000,0.200000,0.066667,0.000000
Negative_F1587,0.000000,0.000000,0.000000,0.000000,0.076923,0.076923,0.000000,0.153846,0.076923,0.230769,0.000000,0.076923,0.000000,0.000000,0.000000,0.153846,0.076923,0.000000,0.076923,0.000000
Negative_F1626,0.082474,0.020619,0.041237,0.041237,0.051546,0.082474,0.051546,0.041237,0.103093,0.092784,0.010309,0.041237,0.020619,0.020619,0.072165,0.072165,0.051546,0.030928,0.041237,0.030928
Negative_F530,0.030303,0.030303,0.060606,0.060606,0.060606,0.121212,0.000000,0.121212,0.121212,0.121212,0.000000,0.000000,0.000000,0.060606,0.151515,0.030303,0.000000,0.000000,0.030303,0.000000
Negative_F2388,0.152381,0.000000,0.076190,0.057143,0.057143,0.114286,0.019048,0.028571,0.038095,0.038095,0.019048,0.057143,0.038095,0.019048,0.114286,0.076190,0.009524,0.009524,0.028571,0.047619
Negative_F2413,0.000000,0.000000,0.037037,0.037037,0.037037,0.037037,0.000000,0.074074,0.185185,0.037037,0.000000,0.000000,0.037037,0.000000,0.111111,0.185185,0.000000,0.222222,0.000000,0.000000
Negative_F343,0.118421,0.078947,0.013158,0.013158,0.065789,0.131579,0.026316,0.039474,0.039474,0.013158,0.000000,0.052632,0.026316,0.052632,0.052632,0.118421,0.052632,0.026316,0.026316,0.052632
Negative_F1927,0.032967,0.131868,0.032967,0.032967,0.032967,0.076923,0.054945,0.032967,0.087912,0.065934,0.000000,0.010989,0.208791,0.021978,0.032967,0.043956,0.032967,0.010989,0.000000,0.054945
Negative_F1402,0.000000,0.000000,0.000000,0.000000,0.055556,0.222222,0.000000,0.000000,0.111111,0.333333,0.000000,0.055556,0.000000,0.000000,0.000000,0.111111,0.055556,0.055556,0.000000,0.000000
Negative_F871,0.000000,0.000000,0.000000,0.000000,0.076923,0.153846,0.000000,0.153846,0.000000,0.153846,0.153846,0.000000,0.076923,0.000000,0.076923,0.153846,0.000000,0.000000,0.000000,0.000000
Negative_F1113,0.058824,0.176471,0.000000,0.029412,0.000000,0.205882,0.058824,0.029412,0.088235,0.000000,0.000000,0.058824,0.058824,0.058824,0.000000,0.058824,0.000000,0.058824,0.029412,0.029412
Negative_F1897,0.132353,0.088235,0.058824,0.000000,0.044118,0.132353,0.000000,0.117647,0.029412,0.058824,0.000000,0.014706,0.029412,0.014706,0.000000,0.102941,0.088235,0.044118,0.000000,0.044118
Negative_F1353,0.000000,0.125000,0.125000,0.000000,0.000000,0.125000,0.000000,0.250000,0.000000,0.000000,0.000000,0.062500,0.000000,0.000000,0.187500,0.000000,0.062500,0.000000,0.062500,0.000000
Negative_F776,0.033333,0.200000,0.066667,0.033333,0.033333,0.166667,0.000000,0.000000,0.000000,0.033333,0.000000,0.033333,0.133333,0.000000,0.033333,0.000000,0.133333,0.066667,0.033333,0.000000
Negative_F2437,0.000000,0.162791,0.093023,0.046512,0.023256,0.023256,0.023256,0.069767,0.046512,0.093023,0.000000,0.069767,0.023256,0.046512,0.186047,0.000000,0.000000,0.093023,0.000000,0.000000
Negative_F2409,0.222222,0.031746,0.031746,0.063492,0.031746,0.158730,0.015873,0.095238,0.015873,0.111111,0.000000,0.047619,0.015873,0.015873,0.031746,0.031746,0.015873,0.063492,0.000000,0.000000
Negative_F1631,0.076923,0.038462,0.000000,0.000000,0.000000,0.076923,0.038462,0.153846,0.038462,0.038462,0.000000,0.038462,0.192308,0.038462,0.076923,0.000000,0.000000,0.153846,0.038462,0.000000
Negative_F1384,0.076923,0.000000,0.000000,0.000000,0.153846,0.153846,0.000000,0.230769,0.076923,0.076923,0.000000,0.076923,0.000000,0.000000,0.000000,0.076923,0.000000,0.000000,0.076923,0.000000
Negative_F914,0.208333,0.083333,0.000000,0.041667,0.041667,0.000000,0.041667,0.041667,0.083333,0.000000,0.083333,0.000000,0.041667,0.041667,0.000000,0.083333,0.000000,0.166667,0.000000,0.041667
Negative_F2338,0.000000,0.000000,0.000000,0.000000,0.000000,0.000000,0.000000,0.307692,0.000000,0.076923,0.000000,0.000000,0.076923,0.000000,0.384615,0.000000,0.000000,0.153846,0.000000,0.000000
Negative_F2355,0.100000,0.000000,0.000000,0.050000,0.150000,0.100000,0.000000,0.100000,0.400000,0.100000,0.000000,0.000000,0.000000,0.000000,0.000000,0.000000,0.000000,0.000000,0.000000,0.000000
Negative_F1364,0.000000,0.000000,0.000000,0.058824,0.000000,0.117647,0.000000,0.058824,0.058824,0.117647,0.235294,0.000000,0.058824,0.000000,0.176471,0.058824,0.058824,0.000000,0.000000,0.000000
Negative_F2176,0.027027,0.027027,0.000000,0.054054,0.081081,0.054054,0.027027,0.081081,0.162162,0.027027,0.027027,0.054054,0.081081,0.027027,0.027027,0.000000,0.081081,0.027027,0.054054,0.081081
Negative_F747,0.035714,0.214286,0.000000,0.035714,0.071429,0.107143,0.000000,0.000000,0.035714,0.035714,0.000000,0.035714,0.035714,0.035714,0.000000,0.107143,0.142857,0.071429,0.000000,0.035714
Negative_F1982,0.033333,0.200000,0.033333,0.033333,0.000000,0.133333,0.000000,0.066667,0.100000,0.066667,0.000000,0.033333,0.066667,0.000000,0.066667,0.066667,0.066667,0.000000,0.000000,0.033333
Negative_F307,0.088889,0.000000,0.022222,0.088889,0.044444,0.133333,0.000000,0.000000,0.244444,0.155556,0.022222,0.000000,0.022222,0.022222,0.022222,0.066667,0.000000,0.022222,0.022222,0.022222
Negative_F713,0.218750,0.000000,0.031250,0.031250,0.000000,0.125000,0.000000,0.031250,0.125000,0.093750,0.000000,0.062500,0.031250,0.062500,0.000000,0.062500,0.031250,0.062500,0.031250,0.000000
Negative_F1367,0.071429,0.000000,0.000000,0.000000,0.000000,0.000000,0.000000,0.285714,0.142857,0.214286,0.000000,0.214286,0.000000,0.000000,0.000000,0.000000,0.071429,0.000000,0.000000,0.000000
Negative_F1096,0.125000,0.150000,0.050000,0.000000,0.025000,0.100000,0.050000,0.025000,0.100000,0.050000,0.000000,0.100000,0.000000,0.000000,0.025000,0.025000,0.050000,0.050000,0.050000,0.025000
Negative_F276,0.114286,0.000000,0.028571,0.028571,0.028571,0.114286,0.000000,0.142857,0.142857,0.057143,0.000000,0.028571,0.028571,0.057143,0.085714,0.000000,0.028571,0.085714,0.028571,0.000000
Negative_F2426,0.000000,0.000000,0.000000,0.000000,0.000000,0.111111,0.055556,0.111111,0.166667,0.277778,0.055556,0.111111,0.000000,0.000000,0.000000,0.055556,0.000000,0.055556,0.000000,0.000000
Negative_F83,0.060606,0.060606,0.060606,0.000000,0.000000,0.121212,0.030303,0.030303,0.181818,0.151515,0.030303,0.030303,0.000000,0.000000,0.000000,0.121212,0.000000,0.121212,0.000000,0.000000
Negative_F1550,0.000000,0.214286,0.000000,0.035714,0.000000,0.107143,0.000000,0.071429,0.000000,0.071429,0.000000,0.035714,0.107143,0.071429,0.071429,0.000000,0.071429,0.071429,0.000000,0.071429
Negative_F1952,0.057143,0.171429,0.057143,0.000000,0.085714,0.028571,0.000000,0.057143,0.000000,0.000000,0.000000,0.057143,0.000000,0.114286,0.085714,0.085714,0.085714,0.057143,0.028571,0.028571
Negative_F207,0.130435,0.000000,0.043478,0.043478,0.000000,0.173913,0.000000,0.130435,0.130435,0.086957,0.000000,0.000000,0.000000,0.043478,0.000000,0.130435,0.000000,0.043478,0.043478,0.000000
Negative_F1372,0.178571,0.000000,0.035714,0.000000,0.000000,0.071429,0.000000,0.071429,0.178571,0.107143,0.000000,0.000000,0.035714,0.035714,0.000000,0.035714,0.071429,0.178571,0.000000,0.000000
Negative_F1802,0.121212,0.060606,0.060606,0.000000,0.030303,0.090909,0.000000,0.000000,0.151515,0.090909,0.030303,0.090909,0.000000,0.000000,0.030303,0.000000,0.090909,0.151515,0.000000,0.000000
Negative_F935,0.058824,0.000000,0.000000,0.000000,0.117647,0.176471,0.000000,0.117647,0.058824,0.235294,0.000000,0.000000,0.058824,0.000000,0.000000,0.117647,0.000000,0.058824,0.000000,0.000000
Negative_F491,0.071429,0.071429,0.000000,0.000000,0.071429,0.107143,0.000000,0.071429,0.178571,0.142857,0.035714,0.071429,0.000000,0.035714,0.035714,0.035714,0.000000,0.035714,0.000000,0.035714
Negative_F802,0.121951,0.243902,0.000000,0.000000,0.000000,0.170732,0.000000,0.024390,0.000000,0.024390,0.000000,0.048780,0.048780,0.048780,0.097561,0.073171,0.024390,0.000000,0.000000,0.073171
Negative_F2379,0.060606,0.181818,0.000000,0.000000,0.000000,0.121212,0.000000,0.000000,0.000000,0.060606,0.030303,0.000000,0.030303,0.000000,0.030303,0.090909,0.272727,0.090909,0.030303,0.000000
Negative_F574,0.047619,0.142857,0.000000,0.000000,0.000000,0.119048,0.023810,0.047619,0.023810,0.023810,0.000000,0.023810,0.095238,0.023810,0.142857,0.095238,0.000000,0.071429,0.047619,0.071429
Negative_F744,0.041667,0.000000,0.041667,0.041667,0.083333,0.083333,0.000000,0.041667,0.291667,0.083333,0.041667,0.000000,0.000000,0.083333,0.000000,0.041667,0.041667,0.000000,0.041667,0.041667
Negative_F1022,0.125000,0.000000,0.000000,0.000000,0.000000,0.125000,0.000000,0.062500,0.062500,0.375000,0.000000,0.062500,0.000000,0.000000,0.000000,0.125000,0.062500,0.000000,0.000000,0.000000
Negative_F1083,0.055556,0.000000,0.000000,0.000000,0.055556,0.166667,0.166667,0.000000,0.111111,0.055556,0.000000,0.000000,0.000000,0.000000,0.277778,0.055556,0.000000,0.055556,0.000000,0.000000
Negative_F924,0.045455,0.068182,0.125000,0.090909,0.011364,0.056818,0.045455,0.022727,0.147727,0.136364,0.011364,0.056818,0.045455,0.000000,0.000000,0.011364,0.022727,0.079545,0.022727,0.000000
Negative_F221,0.066667,0.200000,0.000000,0.033333,0.000000,0.100000,0.000000,0.100000,0.066667,0.033333,0.000000,0.066667,0.066667,0.000000,0.033333,0.100000,0.000000,0.066667,0.033333,0.033333
Negative_F269,0.210526,0.000000,0.052632,0.000000,0.000000,0.052632,0.000000,0.000000,0.315789,0.000000,0.000000,0.000000,0.157895,0.000000,0.000000,0.052632,0.105263,0.052632,0.000000,0.000000
Negative_F1431,0.121951,0.000000,0.024390,0.024390,0.024390,0.121951,0.000000,0.121951,0.146341,0.024390,0.000000,0.024390,0.073171,0.024390,0.097561,0.024390,0.048780,0.073171,0.024390,0.000000
Negative_F2289,0.000000,0.095238,0.079365,0.000000,0.079365,0.079365,0.063492,0.015873,0.174603,0.031746,0.031746,0.015873,0.047619,0.063492,0.015873,0.047619,0.063492,0.047619,0.000000,0.047619
Negative_F2004,0.076923,0.000000,0.000000,0.000000,0.153846,0.076923,0.000000,0.076923,0.076923,0.230769,0.000000,0.000000,0.076923,0.000000,0.000000,0.076923,0.000000,0.153846,0.000000,0.000000
Negative_F1667,0.041667,0.125000,0.000000,0.041667,0.000000,0.083333,0.041667,0.000000,0.125000,0.166667,0.000000,0.083333,0.000000,0.000000,0.000000,0.000000,0.166667,0.083333,0.041667,0.000000
Negative_F1018,0.076923,0.000000,0.000000,0.000000,0.076923,0.076923,0.000000,0.153846,0.153846,0.153846,0.000000,0.000000,0.153846,0.000000,0.000000,0.000000,0.076923,0.000000,0.000000,0.076923
Negative_F559,0.000000,0.333333,0.000000,0.000000,0.000000,0.111111,0.000000,0.000000,0.000000,0.111111,0.000000,0.000000,0.000000,0.000000,0.333333,0.000000,0.000000,0.111111,0.000000,0.000000
Negative_F1788,0.076923,0.051282,0.025641,0.025641,0.038462,0.038462,0.000000,0.038462,0.115385,0.038462,0.025641,0.025641,0.064103,0.076923,0.076923,0.102564,0.038462,0.102564,0.012821,0.025641
Negative_F630,0.129032,0.000000,0.032258,0.032258,0.032258,0.193548,0.000000,0.129032,0.161290,0.064516,0.000000,0.064516,0.000000,0.000000,0.000000,0.064516,0.032258,0.064516,0.000000,0.000000
Negative_F810,0.155556,0.044444,0.000000,0.000000,0.044444,0.288889,0.000000,0.022222,0.022222,0.133333,0.022222,0.066667,0.066667,0.000000,0.022222,0.000000,0.022222,0.088889,0.000000,0.000000
Negative_F626,0.050000,0.100000,0.050000,0.050000,0.025000,0.050000,0.000000,0.050000,0.025000,0.075000,0.025000,0.000000,0.050000,0.025000,0.175000,0.125000,0.050000,0.050000,0.025000,0.000000
Negative_F2034,0.000000,0.178571,0.000000,0.071429,0.000000,0.071429,0.000000,0.035714,0.107143,0.071429,0.000000,0.071429,0.000000,0.107143,0.035714,0.071429,0.071429,0.000000,0.071429,0.035714
Negative_F1907,0.117647,0.000000,0.000000,0.000000,0.058824,0.117647,0.000000,0.058824,0.000000,0.058824,0.058824,0.117647,0.000000,0.000000,0.058824,0.000000,0.058824,0.117647,0.117647,0.058824
Negative_F2022,0.083333,0.000000,0.041667,0.000000,0.083333,0.125000,0.000000,0.083333,0.166667,0.166667,0.000000,0.000000,0.041667,0.000000,0.000000,0.125000,0.041667,0.000000,0.041667,0.000000
Negative_F2430,0.000000,0.333333,0.000000,0.000000,0.000000,0.111111,0.000000,0.111111,0.000000,0.111111,0.000000,0.000000,0.000000,0.000000,0.222222,0.000000,0.000000,0.111111,0.000000,0.000000
Negative_F624,0.000000,0.363636,0.000000,0.000000,0.090909,0.181818,0.000000,0.090909,0.045455,0.000000,0.000000,0.000000,0.045455,0.000000,0.090909,0.000000,0.045455,0.045455,0.000000,0.000000
Negative_F817,0.217391,0.043478,0.000000,0.000000,0.000000,0.130435,0.043478,0.043478,0.043478,0.000000,0.000000,0.043478,0.043478,0.043478,0.043478,0.130435,0.043478,0.086957,0.043478,0.000000
Negative_F2225,0.000000,0.000000,0.031250,0.000000,0.062500,0.031250,0.000000,0.093750,0.031250,0.062500,0.000000,0.031250,0.312500,0.000000,0.187500,0.031250,0.000000,0.000000,0.125000,0.000000
Negative_F698,0.044444,0.222222,0.000000,0.022222,0.000000,0.133333,0.000000,0.000000,0.000000,0.022222,0.000000,0.088889,0.000000,0.155556,0.133333,0.066667,0.044444,0.000000,0.000000,0.066667
Negative_F2230,0.076923,0.000000,0.000000,0.000000,0.153846,0.153846,0.230769,0.230769,0.000000,0.153846,0.000000,0.000000,0.000000,0.000000,0.000000,0.000000,0.000000,0.000000,0.000000,0.000000
Negative_F738,0.023810,0.142857,0.023810,0.000000,0.119048,0.119048,0.000000,0.023810,0.000000,0.023810,0.000000,0.023810,0.023810,0.000000,0.190476,0.119048,0.023810,0.047619,0.000000,0.095238
Negative_F1379,0.095238,0.000000,0.047619,0.000000,0.000000,0.095238,0.047619,0.047619,0.000000,0.000000,0.000000,0.000000,0.000000,0.095238,0.047619,0.142857,0.095238,0.047619,0.047619,0.190476
Negative_F1974,0.074074,0.000000,0.037037,0.000000,0.000000,0.148148,0.000000,0.000000,0.037037,0.074074,0.000000,0.111111,0.037037,0.000000,0.185185,0.000000,0.111111,0.111111,0.074074,0.000000
Negative_F494,0.020833,0.041667,0.020833,0.041667,0.041667,0.208333,0.000000,0.145833,0.145833,0.041667,0.020833,0.104167,0.020833,0.000000,0.000000,0.020833,0.041667,0.083333,0.000000,0.000000
Negative_F1901,0.142857,0.071429,0.000000,0.023810,0.000000,0.119048,0.000000,0.047619,0.023810,0.095238,0.000000,0.023810,0.000000,0.047619,0.023810,0.095238,0.190476,0.047619,0.023810,0.023810
Negative_F1966,0.057851,0.115702,0.049587,0.049587,0.008264,0.074380,0.008264,0.024793,0.157025,0.090909,0.008264,0.066116,0.033058,0.008264,0.041322,0.041322,0.041322,0.033058,0.008264,0.082645
Negative_F121,0.068966,0.000000,0.000000,0.000000,0.000000,0.172414,0.034483,0.137931,0.103448,0.103448,0.000000,0.000000,0.034483,0.000000,0.206897,0.000000,0.034483,0.068966,0.000000,0.034483
Negative_F2171,0.000000,0.000000,0.000000,0.041667,0.041667,0.000000,0.000000,0.125000,0.041667,0.083333,0.000000,0.041667,0.041667,0.000000,0.416667,0.000000,0.083333,0.041667,0.000000,0.041667
Negative_F832,0.171429,0.057143,0.028571,0.028571,0.028571,0.257143,0.000000,0.000000,0.000000,0.142857,0.028571,0.000000,0.028571,0.000000,0.000000,0.028571,0.000000,0.142857,0.028571,0.028571
Negative_F1315,0.137931,0.068966,0.068966,0.000000,0.034483,0.068966,0.000000,0.034483,0.172414,0.103448,0.068966,0.137931,0.000000,0.000000,0.000000,0.000000,0.068966,0.034483,0.000000,0.000000
Negative_F2288,0.136364,0.000000,0.000000,0.000000,0.045455,0.045455,0.000000,0.090909,0.045455,0.181818,0.000000,0.000000,0.045455,0.045455,0.000000,0.227273,0.000000,0.090909,0.045455,0.000000
Negative_F611,0.153846,0.000000,0.038462,0.000000,0.115385,0.153846,0.115385,0.153846,0.115385,0.000000,0.000000,0.038462,0.000000,0.038462,0.000000,0.038462,0.000000,0.000000,0.038462,0.000000
Negative_F2394,0.032258,0.000000,0.032258,0.032258,0.129032,0.032258,0.064516,0.000000,0.000000,0.064516,0.000000,0.000000,0.322581,0.000000,0.193548,0.000000,0.000000,0.000000,0.000000,0.096774
Negative_F167,0.031250,0.156250,0.000000,0.031250,0.031250,0.062500,0.000000,0.031250,0.093750,0.125000,0.000000,0.031250,0.031250,0.062500,0.000000,0.093750,0.156250,0.031250,0.031250,0.000000
Negative_F284,0.045455,0.000000,0.000000,0.000000,0.045455,0.000000,0.045455,0.090909,0.000000,0.000000,0.045455,0.000000,0.272727,0.090909,0.227273,0.000000,0.045455,0.045455,0.000000,0.045455
Negative_F2087,0.000000,0.000000,0.000000,0.000000,0.066667,0.133333,0.000000,0.000000,0.066667,0.133333,0.000000,0.066667,0.000000,0.000000,0.133333,0.000000,0.133333,0.133333,0.000000,0.133333
Negative_F726,0.000000,0.105263,0.052632,0.052632,0.052632,0.052632,0.052632,0.000000,0.052632,0.052632,0.000000,0.105263,0.052632,0.000000,0.157895,0.157895,0.052632,0.000000,0.000000,0.000000
Negative_F367,0.000000,0.100000,0.000000,0.000000,0.050000,0.050000,0.000000,0.150000,0.150000,0.150000,0.000000,0.050000,0.100000,0.000000,0.000000,0.000000,0.050000,0.150000,0.000000,0.000000
Negative_F1293,0.166667,0.208333,0.000000,0.041667,0.041667,0.041667,0.000000,0.000000,0.083333,0.041667,0.041667,0.000000,0.041667,0.083333,0.000000,0.041667,0.000000,0.125000,0.000000,0.041667
Negative_F1744,0.000000,0.000000,0.000000,0.071429,0.071429,0.214286,0.000000,0.142857,0.142857,0.142857,0.000000,0.000000,0.000000,0.000000,0.000000,0.071429,0.000000,0.071429,0.071429,0.000000
Negative_F2427,0.000000,0.000000,0.000000,0.000000,0.000000,0.105263,0.052632,0.052632,0.157895,0.315789,0.000000,0.105263,0.000000,0.000000,0.000000,0.052632,0.052632,0.052632,0.052632,0.000000
Negative_F2139,0.000000,0.000000,0.000000,0.000000,0.153846,0.000000,0.000000,0.076923,0.000000,0.000000,0.000000,0.000000,0.000000,0.000000,0.461538,0.000000,0.000000,0.000000,0.307692,0.000000
Negative_F495,0.090909,0.077922,0.077922,0.038961,0.025974,0.064935,0.012987,0.116883,0.103896,0.142857,0.000000,0.064935,0.000000,0.012987,0.000000,0.038961,0.077922,0.038961,0.000000,0.012987
Negative_F220,0.029412,0.176471,0.029412,0.000000,0.058824,0.117647,0.000000,0.058824,0.000000,0.029412,0.000000,0.029412,0.029412,0.029412,0.235294,0.058824,0.029412,0.029412,0.000000,0.058824
Negative_F2251,0.166667,0.000000,0.000000,0.000000,0.000000,0.055556,0.000000,0.166667,0.055556,0.222222,0.055556,0.000000,0.055556,0.000000,0.000000,0.111111,0.055556,0.055556,0.000000,0.000000
Negative_F442,0.037037,0.037037,0.037037,0.000000,0.111111,0.185185,0.037037,0.037037,0.148148,0.074074,0.000000,0.000000,0.000000,0.000000,0.074074,0.037037,0.074074,0.074074,0.000000,0.037037
Negative_F1707,0.000000,0.150000,0.000000,0.000000,0.025000,0.125000,0.000000,0.075000,0.125000,0.050000,0.000000,0.100000,0.050000,0.025000,0.125000,0.050000,0.025000,0.050000,0.025000,0.000000
Negative_F638,0.071429,0.000000,0.000000,0.000000,0.214286,0.000000,0.000000,0.142857,0.071429,0.285714,0.000000,0.000000,0.071429,0.000000,0.000000,0.142857,0.000000,0.000000,0.000000,0.000000
Negative_F2365,0.000000,0.038462,0.038462,0.115385,0.038462,0.038462,0.038462,0.038462,0.115385,0.230769,0.000000,0.000000,0.038462,0.000000,0.038462,0.038462,0.115385,0.076923,0.000000,0.000000
Negative_F931,0.023810,0.142857,0.000000,0.023810,0.047619,0.095238,0.023810,0.023810,0.000000,0.095238,0.000000,0.071429,0.071429,0.047619,0.119048,0.047619,0.023810,0.095238,0.023810,0.023810
Negative_F1409,0.000000,0.000000,0.000000,0.000000,0.000000,0.333333,0.000000,0.000000,0.000000,0.466667,0.000000,0.133333,0.000000,0.000000,0.000000,0.000000,0.066667,0.000000,0.000000,0.000000
Negative_F1056,0.071429,0.000000,0.000000,0.000000,0.000000,0.071429,0.000000,0.285714,0.214286,0.214286,0.000000,0.071429,0.000000,0.000000,0.000000,0.071429,0.000000,0.000000,0.000000,0.000000
Negative_F478,0.000000,0.000000,0.000000,0.000000,0.076923,0.153846,0.000000,0.153846,0.076923,0.384615,0.000000,0.000000,0.076923,0.000000,0.000000,0.076923,0.000000,0.000000,0.000000,0.000000
Negative_F1152,0.052632,0.236842,0.026316,0.000000,0.000000,0.052632,0.000000,0.000000,0.026316,0.052632,0.000000,0.078947,0.184211,0.026316,0.184211,0.026316,0.026316,0.000000,0.026316,0.000000
Negative_F2015,0.038462,0.000000,0.038462,0.076923,0.076923,0.000000,0.076923,0.038462,0.038462,0.153846,0.038462,0.000000,0.000000,0.076923,0.153846,0.000000,0.038462,0.076923,0.038462,0.038462
Negative_F704,0.027027,0.162162,0.000000,0.027027,0.081081,0.189189,0.054054,0.000000,0.081081,0.027027,0.000000,0.054054,0.054054,0.054054,0.000000,0.027027,0.027027,0.027027,0.000000,0.108108
Negative_F1712,0.045455,0.000000,0.000000,0.045455,0.045455,0.045455,0.000000,0.136364,0.090909,0.250000,0.068182,0.022727,0.000000,0.022727,0.068182,0.068182,0.045455,0.045455,0.000000,0.000000
Negative_F1964,0.100000,0.020000,0.050000,0.080000,0.020000,0.080000,0.010000,0.040000,0.050000,0.120000,0.030000,0.020000,0.030000,0.040000,0.040000,0.100000,0.030000,0.080000,0.020000,0.040000
Negative_F938,0.042553,0.170213,0.000000,0.042553,0.085106,0.106383,0.063830,0.000000,0.042553,0.000000,0.000000,0.042553,0.000000,0.063830,0.148936,0.063830,0.085106,0.042553,0.000000,0.000000
Negative_F1044,0.000000,0.000000,0.000000,0.000000,0.153846,0.000000,0.000000,0.153846,0.153846,0.076923,0.000000,0.000000,0.153846,0.000000,0.000000,0.000000,0.153846,0.153846,0.000000,0.000000
Negative_F586,0.210526,0.000000,0.000000,0.000000,0.052632,0.052632,0.105263,0.105263,0.000000,0.157895,0.000000,0.105263,0.052632,0.000000,0.000000,0.105263,0.000000,0.052632,0.000000,0.000000
Negative_F881,0.066667,0.000000,0.000000,0.000000,0.000000,0.200000,0.066667,0.200000,0.066667,0.266667,0.066667,0.000000,0.000000,0.000000,0.000000,0.000000,0.066667,0.000000,0.000000,0.000000
Negative_F228,0.000000,0.000000,0.000000,0.088235,0.058824,0.147059,0.000000,0.088235,0.235294,0.117647,0.000000,0.029412,0.058824,0.117647,0.029412,0.000000,0.000000,0.029412,0.000000,0.000000
Negative_F516,0.142857,0.071429,0.071429,0.000000,0.000000,0.071429,0.000000,0.107143,0.142857,0.107143,0.035714,0.071429,0.000000,0.035714,0.000000,0.035714,0.071429,0.035714,0.000000,0.000000
Negative_F2232,0.076923,0.000000,0.000000,0.000000,0.230769,0.076923,0.153846,0.153846,0.000000,0.153846,0.000000,0.000000,0.000000,0.076923,0.000000,0.076923,0.000000,0.000000,0.000000,0.000000
Negative_F1329,0.058824,0.000000,0.000000,0.000000,0.058824,0.235294,0.000000,0.058824,0.117647,0.294118,0.000000,0.058824,0.000000,0.000000,0.000000,0.058824,0.058824,0.000000,0.000000,0.000000
Negative_F1746,0.115385,0.000000,0.000000,0.076923,0.076923,0.230769,0.000000,0.038462,0.076923,0.038462,0.000000,0.038462,0.000000,0.000000,0.153846,0.038462,0.000000,0.000000,0.000000,0.115385
Negative_F969,0.029412,0.176471,0.029412,0.029412,0.000000,0.088235,0.029412,0.058824,0.058824,0.029412,0.000000,0.000000,0.000000,0.029412,0.205882,0.088235,0.058824,0.000000,0.058824,0.029412
Negative_F426,0.107143,0.000000,0.000000,0.071429,0.017857,0.089286,0.000000,0.053571,0.142857,0.089286,0.053571,0.000000,0.089286,0.071429,0.053571,0.035714,0.000000,0.125000,0.000000,0.000000
Negative_F2265,0.054545,0.109091,0.090909,0.036364,0.018182,0.054545,0.000000,0.000000,0.218182,0.054545,0.000000,0.090909,0.018182,0.018182,0.018182,0.054545,0.054545,0.018182,0.036364,0.054545
Negative_F128,0.230769,0.000000,0.000000,0.076923,0.038462,0.115385,0.000000,0.038462,0.153846,0.076923,0.038462,0.076923,0.000000,0.000000,0.000000,0.038462,0.000000,0.076923,0.038462,0.000000
Negative_F976,0.121212,0.060606,0.030303,0.000000,0.030303,0.060606,0.000000,0.030303,0.121212,0.181818,0.000000,0.030303,0.000000,0.030303,0.000000,0.181818,0.090909,0.030303,0.000000,0.000000
Negative_F1969,0.000000,0.000000,0.000000,0.000000,0.090909,0.000000,0.000000,0.090909,0.454545,0.272727,0.000000,0.000000,0.000000,0.000000,0.000000,0.000000,0.000000,0.000000,0.000000,0.090909
Negative_F1818,0.100000,0.050000,0.025000,0.050000,0.025000,0.050000,0.025000,0.050000,0.025000,0.075000,0.000000,0.050000,0.100000,0.050000,0.100000,0.125000,0.075000,0.025000,0.000000,0.000000
Negative_F1867,0.065789,0.078947,0.039474,0.052632,0.039474,0.092105,0.039474,0.039474,0.171053,0.039474,0.039474,0.065789,0.013158,0.026316,0.000000,0.052632,0.039474,0.065789,0.013158,0.026316
Negative_F2105,0.030303,0.000000,0.000000,0.030303,0.060606,0.181818,0.000000,0.060606,0.090909,0.060606,0.030303,0.060606,0.060606,0.090909,0.000000,0.030303,0.030303,0.121212,0.060606,0.000000
Negative_F2218,0.227273,0.090909,0.000000,0.000000,0.000000,0.136364,0.022727,0.022727,0.000000,0.022727,0.000000,0.159091,0.022727,0.000000,0.045455,0.068182,0.045455,0.090909,0.000000,0.045455
Negative_F1380,0.111111,0.000000,0.055556,0.000000,0.166667,0.000000,0.000000,0.055556,0.111111,0.000000,0.055556,0.055556,0.055556,0.111111,0.055556,0.055556,0.055556,0.055556,0.000000,0.000000
Negative_F928,0.055556,0.166667,0.027778,0.000000,0.111111,0.138889,0.055556,0.000000,0.083333,0.055556,0.000000,0.000000,0.055556,0.000000,0.055556,0.027778,0.027778,0.083333,0.055556,0.000000
Negative_F1263,0.075000,0.200000,0.000000,0.000000,0.025000,0.075000,0.125000,0.000000,0.050000,0.050000,0.025000,0.000000,0.025000,0.000000,0.050000,0.100000,0.075000,0.050000,0.025000,0.050000
Negative_F1695,0.034483,0.172414,0.103448,0.000000,0.000000,0.000000,0.000000,0.068966,0.068966,0.137931,0.034483,0.034483,0.068966,0.068966,0.034483,0.034483,0.034483,0.103448,0.000000,0.000000
Negative_F620,0.061728,0.074074,0.086420,0.086420,0.037037,0.049383,0.037037,0.049383,0.123457,0.061728,0.012346,0.037037,0.049383,0.012346,0.024691,0.049383,0.049383,0.074074,0.000000,0.024691
Negative_F1421,0.000000,0.000000,0.000000,0.000000,0.153846,0.153846,0.000000,0.076923,0.076923,0.230769,0.000000,0.000000,0.076923,0.000000,0.076923,0.000000,0.000000,0.076923,0.000000,0.076923
Negative_F306,0.083333,0.000000,0.000000,0.041667,0.000000,0.166667,0.000000,0.083333,0.250000,0.250000,0.000000,0.000000,0.000000,0.000000,0.000000,0.000000,0.041667,0.041667,0.041667,0.000000
Negative_F1979,0.058824,0.117647,0.019608,0.019608,0.039216,0.039216,0.039216,0.058824,0.156863,0.019608,0.000000,0.058824,0.039216,0.039216,0.039216,0.039216,0.098039,0.058824,0.019608,0.039216
Negative_F2063,0.071429,0.000000,0.000000,0.000000,0.000000,0.000000,0.071429,0.071429,0.000000,0.071429,0.000000,0.071429,0.214286,0.071429,0.000000,0.071429,0.071429,0.214286,0.000000,0.000000
Negative_F1128,0.000000,0.000000,0.000000,0.000000,0.105263,0.052632,0.052632,0.000000,0.105263,0.000000,0.000000,0.052632,0.368421,0.052632,0.000000,0.000000,0.052632,0.105263,0.000000,0.052632
Negative_F1124,0.052632,0.157895,0.052632,0.000000,0.000000,0.105263,0.000000,0.000000,0.052632,0.052632,0.000000,0.105263,0.052632,0.000000,0.000000,0.157895,0.105263,0.000000,0.052632,0.052632
Negative_F1429,0.000000,0.000000,0.136364,0.000000,0.136364,0.045455,0.000000,0.090909,0.090909,0.045455,0.000000,0.045455,0.045455,0.000000,0.136364,0.090909,0.045455,0.045455,0.045455,0.000000
Negative_F1751,0.120000,0.080000,0.000000,0.000000,0.040000,0.080000,0.000000,0.000000,0.200000,0.160000,0.000000,0.080000,0.000000,0.080000,0.000000,0.120000,0.000000,0.040000,0.000000,0.000000
Negative_F1157,0.071429,0.000000,0.000000,0.000000,0.000000,0.071429,0.000000,0.071429,0.214286,0.214286,0.142857,0.071429,0.000000,0.000000,0.000000,0.071429,0.000000,0.000000,0.071429,0.000000
Negative_F1030,0.000000,0.000000,0.000000,0.076923,0.000000,0.000000,0.000000,0.076923,0.076923,0.153846,0.000000,0.076923,0.153846,0.076923,0.153846,0.000000,0.000000,0.000000,0.000000,0.153846
Negative_F601,0.083333,0.000000,0.041667,0.041667,0.000000,0.291667,0.041667,0.166667,0.083333,0.125000,0.000000,0.000000,0.000000,0.000000,0.083333,0.000000,0.000000,0.000000,0.041667,0.000000
Negative_F2287,0.062500,0.000000,0.000000,0.000000,0.125000,0.187500,0.000000,0.062500,0.000000,0.250000,0.000000,0.000000,0.062500,0.000000,0.125000,0.000000,0.062500,0.062500,0.000000,0.000000
Negative_F1129,0.048780,0.146341,0.000000,0.000000,0.000000,0.048780,0.024390,0.048780,0.146341,0.073171,0.024390,0.024390,0.048780,0.024390,0.000000,0.097561,0.073171,0.024390,0.073171,0.073171
Negative_F1453,0.125000,0.083333,0.000000,0.000000,0.083333,0.041667,0.000000,0.125000,0.166667,0.125000,0.000000,0.041667,0.083333,0.000000,0.000000,0.000000,0.041667,0.083333,0.000000,0.000000
Negative_F400,0.050000,0.100000,0.000000,0.000000,0.050000,0.000000,0.100000,0.050000,0.200000,0.100000,0.000000,0.000000,0.050000,0.050000,0.150000,0.050000,0.000000,0.000000,0.000000,0.050000
Negative_F872,0.285714,0.000000,0.000000,0.000000,0.000000,0.000000,0.000000,0.071429,0.214286,0.142857,0.071429,0.071429,0.000000,0.000000,0.000000,0.071429,0.000000,0.071429,0.000000,0.000000
Negative_F309,0.076923,0.000000,0.000000,0.000000,0.000000,0.115385,0.000000,0.153846,0.230769,0.076923,0.038462,0.000000,0.038462,0.038462,0.038462,0.038462,0.038462,0.076923,0.038462,0.000000
Negative_F1427,0.000000,0.000000,0.000000,0.071429,0.071429,0.214286,0.000000,0.000000,0.071429,0.071429,0.000000,0.000000,0.000000,0.000000,0.000000,0.142857,0.000000,0.214286,0.142857,0.000000
Negative_F324,0.011905,0.000000,0.011905,0.000000,0.011905,0.630952,0.154762,0.000000,0.000000,0.000000,0.000000,0.011905,0.047619,0.023810,0.011905,0.023810,0.011905,0.000000,0.000000,0.047619
Negative_F1440,0.066667,0.177778,0.022222,0.000000,0.022222,0.066667,0.000000,0.000000,0.133333,0.111111,0.000000,0.066667,0.044444,0.022222,0.088889,0.088889,0.044444,0.022222,0.000000,0.022222
Negative_F2233,0.045455,0.000000,0.000000,0.000000,0.227273,0.045455,0.045455,0.090909,0.136364,0.090909,0.000000,0.045455,0.045455,0.045455,0.090909,0.045455,0.045455,0.000000,0.000000,0.000000
Negative_F1883,0.190476,0.095238,0.000000,0.000000,0.047619,0.047619,0.000000,0.142857,0.095238,0.190476,0.000000,0.047619,0.047619,0.047619,0.047619,0.000000,0.000000,0.000000,0.000000,0.000000
Negative_F337,0.027027,0.000000,0.027027,0.027027,0.054054,0.081081,0.000000,0.081081,0.243243,0.108108,0.000000,0.027027,0.054054,0.054054,0.135135,0.000000,0.027027,0.027027,0.000000,0.027027
Negative_F2067,0.111111,0.000000,0.000000,0.000000,0.111111,0.000000,0.000000,0.166667,0.055556,0.222222,0.000000,0.000000,0.111111,0.000000,0.055556,0.166667,0.000000,0.000000,0.000000,0.000000
Negative_F1792,0.078947,0.157895,0.026316,0.000000,0.078947,0.078947,0.052632,0.026316,0.052632,0.000000,0.000000,0.000000,0.026316,0.052632,0.184211,0.078947,0.078947,0.000000,0.000000,0.026316
Negative_F1920,0.065217,0.043478,0.043478,0.043478,0.065217,0.195652,0.000000,0.108696,0.173913,0.065217,0.043478,0.021739,0.000000,0.000000,0.021739,0.021739,0.043478,0.043478,0.000000,0.000000
Negative_F2018,0.026316,0.078947,0.000000,0.052632,0.026316,0.078947,0.000000,0.105263,0.052632,0.000000,0.000000,0.131579,0.000000,0.000000,0.026316,0.078947,0.210526,0.078947,0.026316,0.026316
Negative_F501,0.097561,0.048780,0.000000,0.024390,0.000000,0.195122,0.000000,0.073171,0.048780,0.024390,0.048780,0.097561,0.000000,0.024390,0.048780,0.097561,0.024390,0.048780,0.048780,0.048780
Negative_F1306,0.043478,0.043478,0.043478,0.043478,0.043478,0.173913,0.000000,0.130435,0.173913,0.021739,0.021739,0.043478,0.000000,0.000000,0.021739,0.043478,0.021739,0.130435,0.000000,0.000000
Negative_F202,0.083333,0.000000,0.000000,0.041667,0.041667,0.125000,0.083333,0.083333,0.083333,0.125000,0.000000,0.000000,0.083333,0.000000,0.000000,0.041667,0.000000,0.208333,0.000000,0.000000
Negative_F479,0.000000,0.000000,0.000000,0.000000,0.076923,0.153846,0.000000,0.000000,0.000000,0.461538,0.000000,0.000000,0.076923,0.000000,0.000000,0.076923,0.076923,0.076923,0.000000,0.000000
Negative_F304,0.000000,0.000000,0.052632,0.000000,0.000000,0.263158,0.000000,0.052632,0.157895,0.263158,0.000000,0.000000,0.052632,0.000000,0.000000,0.000000,0.000000,0.157895,0.000000,0.000000
Negative_F389,0.040000,0.040000,0.000000,0.080000,0.000000,0.040000,0.040000,0.040000,0.160000,0.200000,0.000000,0.080000,0.000000,0.040000,0.080000,0.040000,0.000000,0.080000,0.000000,0.040000
Negative_F571,0.000000,0.000000,0.066667,0.000000,0.066667,0.333333,0.000000,0.066667,0.066667,0.333333,0.000000,0.000000,0.000000,0.000000,0.000000,0.000000,0.000000,0.066667,0.000000,0.000000
Negative_F2160,0.117647,0.000000,0.058824,0.029412,0.029412,0.117647,0.000000,0.000000,0.235294,0.000000,0.000000,0.088235,0.029412,0.029412,0.058824,0.088235,0.058824,0.058824,0.000000,0.000000
Negative_F789,0.105263,0.157895,0.000000,0.000000,0.078947,0.131579,0.026316,0.131579,0.026316,0.000000,0.000000,0.000000,0.026316,0.026316,0.131579,0.052632,0.052632,0.026316,0.000000,0.026316
Negative_F1551,0.062500,0.000000,0.000000,0.000000,0.125000,0.000000,0.000000,0.125000,0.000000,0.312500,0.000000,0.000000,0.125000,0.000000,0.000000,0.187500,0.062500,0.000000,0.000000,0.000000
Negative_F1508,0.076923,0.000000,0.000000,0.000000,0.000000,0.153846,0.000000,0.230769,0.076923,0.153846,0.000000,0.000000,0.000000,0.000000,0.000000,0.153846,0.000000,0.000000,0.153846,0.000000
Negative_F1619,0.100000,0.000000,0.033333,0.033333,0.033333,0.133333,0.033333,0.066667,0.166667,0.033333,0.033333,0.000000,0.033333,0.000000,0.066667,0.033333,0.066667,0.033333,0.033333,0.066667
Negative_F386,0.137255,0.000000,0.000000,0.000000,0.019608,0.176471,0.039216,0.000000,0.098039,0.078431,0.000000,0.019608,0.039216,0.019608,0.156863,0.058824,0.039216,0.078431,0.000000,0.039216
Negative_F2253,0.037037,0.000000,0.000000,0.000000,0.148148,0.111111,0.185185,0.111111,0.037037,0.074074,0.037037,0.037037,0.000000,0.000000,0.185185,0.000000,0.000000,0.037037,0.000000,0.000000
Negative_F2098,0.030303,0.181818,0.000000,0.090909,0.060606,0.090909,0.000000,0.090909,0.090909,0.060606,0.000000,0.030303,0.000000,0.000000,0.181818,0.030303,0.030303,0.000000,0.030303,0.000000
Negative_F1593,0.000000,0.000000,0.000000,0.000000,0.000000,0.076923,0.000000,0.153846,0.000000,0.307692,0.000000,0.000000,0.076923,0.000000,0.000000,0.230769,0.000000,0.153846,0.000000,0.000000
Negative_F65,0.090909,0.060606,0.060606,0.000000,0.030303,0.121212,0.000000,0.060606,0.151515,0.151515,0.000000,0.030303,0.000000,0.000000,0.000000,0.090909,0.090909,0.030303,0.030303,0.000000
Negative_F1864,0.175000,0.150000,0.050000,0.000000,0.025000,0.100000,0.050000,0.025000,0.100000,0.050000,0.000000,0.025000,0.025000,0.000000,0.100000,0.025000,0.025000,0.050000,0.025000,0.000000
Negative_F683,0.093750,0.062500,0.062500,0.000000,0.062500,0.156250,0.000000,0.062500,0.187500,0.156250,0.000000,0.031250,0.000000,0.000000,0.000000,0.031250,0.062500,0.031250,0.000000,0.000000
Negative_F1148,0.058824,0.088235,0.000000,0.029412,0.058824,0.088235,0.000000,0.058824,0.088235,0.058824,0.058824,0.058824,0.088235,0.029412,0.058824,0.117647,0.000000,0.029412,0.029412,0.000000
Negative_F2414,0.022989,0.057471,0.022989,0.034483,0.057471,0.034483,0.022989,0.080460,0.103448,0.114943,0.034483,0.045977,0.057471,0.034483,0.057471,0.080460,0.045977,0.068966,0.011494,0.011494
Negative_F2201,0.000000,0.050000,0.050000,0.000000,0.100000,0.100000,0.000000,0.100000,0.200000,0.050000,0.000000,0.050000,0.000000,0.000000,0.150000,0.050000,0.000000,0.050000,0.000000,0.050000
Negative_F412,0.074074,0.000000,0.000000,0.074074,0.074074,0.074074,0.037037,0.111111,0.296296,0.037037,0.074074,0.000000,0.000000,0.037037,0.000000,0.037037,0.037037,0.000000,0.037037,0.000000
Negative_F1594,0.100000,0.066667,0.066667,0.000000,0.000000,0.133333,0.000000,0.033333,0.166667,0.200000,0.033333,0.066667,0.000000,0.000000,0.000000,0.000000,0.066667,0.066667,0.000000,0.000000
Negative_F828,0.144737,0.131579,0.052632,0.039474,0.026316,0.157895,0.000000,0.092105,0.026316,0.065789,0.000000,0.013158,0.013158,0.013158,0.013158,0.052632,0.052632,0.078947,0.000000,0.026316
Negative_F2306,0.263158,0.000000,0.000000,0.000000,0.105263,0.000000,0.052632,0.105263,0.000000,0.157895,0.000000,0.052632,0.052632,0.000000,0.000000,0.157895,0.000000,0.052632,0.000000,0.000000
Negative_F1738,0.035088,0.263158,0.000000,0.000000,0.000000,0.157895,0.122807,0.000000,0.000000,0.000000,0.087719,0.000000,0.000000,0.000000,0.000000,0.210526,0.000000,0.000000,0.122807,0.000000
Negative_F1855,0.026316,0.052632,0.078947,0.026316,0.078947,0.131579,0.026316,0.052632,0.052632,0.000000,0.000000,0.078947,0.026316,0.000000,0.184211,0.131579,0.000000,0.052632,0.000000,0.000000
Negative_F1011,0.208333,0.083333,0.000000,0.000000,0.083333,0.041667,0.000000,0.083333,0.125000,0.125000,0.041667,0.000000,0.041667,0.041667,0.041667,0.041667,0.000000,0.041667,0.000000,0.000000
Negative_F1519,0.000000,0.000000,0.000000,0.000000,0.000000,0.153846,0.000000,0.000000,0.076923,0.615385,0.000000,0.000000,0.000000,0.000000,0.000000,0.153846,0.000000,0.000000,0.000000,0.000000
Negative_F3,0.037037,0.148148,0.055556,0.018519,0.055556,0.111111,0.055556,0.000000,0.092593,0.018519,0.000000,0.000000,0.037037,0.074074,0.037037,0.129630,0.018519,0.055556,0.018519,0.037037
Negative_F1265,0.105263,0.000000,0.000000,0.000000,0.052632,0.105263,0.000000,0.157895,0.105263,0.157895,0.000000,0.000000,0.052632,0.000000,0.000000,0.105263,0.052632,0.052632,0.052632,0.000000
Negative_F1331,0.294118,0.000000,0.000000,0.000000,0.000000,0.176471,0.000000,0.117647,0.117647,0.117647,0.000000,0.000000,0.000000,0.000000,0.000000,0.058824,0.000000,0.117647,0.000000,0.000000
Negative_F1401,0.074074,0.000000,0.000000,0.000000,0.037037,0.148148,0.000000,0.000000,0.111111,0.333333,0.000000,0.000000,0.111111,0.111111,0.037037,0.037037,0.000000,0.000000,0.000000,0.000000
Negative_F775,0.066667,0.200000,0.033333,0.033333,0.000000,0.066667,0.000000,0.066667,0.033333,0.033333,0.000000,0.033333,0.066667,0.000000,0.000000,0.100000,0.066667,0.133333,0.033333,0.033333
Negative_F1216,0.125000,0.083333,0.000000,0.000000,0.083333,0.041667,0.000000,0.083333,0.125000,0.083333,0.041667,0.000000,0.083333,0.000000,0.041667,0.000000,0.041667,0.166667,0.000000,0.000000
Negative_F1290,0.060000,0.160000,0.000000,0.040000,0.020000,0.120000,0.040000,0.020000,0.040000,0.020000,0.000000,0.060000,0.040000,0.040000,0.060000,0.120000,0.020000,0.040000,0.020000,0.080000
Negative_F310,0.076923,0.000000,0.000000,0.000000,0.000000,0.153846,0.000000,0.038462,0.192308,0.153846,0.038462,0.000000,0.038462,0.076923,0.000000,0.000000,0.076923,0.076923,0.076923,0.000000
Negative_F2037,0.000000,0.000000,0.000000,0.000000,0.000000,0.200000,0.000000,0.200000,0.100000,0.250000,0.000000,0.000000,0.000000,0.000000,0.250000,0.000000,0.000000,0.000000,0.000000,0.000000
Negative_F197,0.080000,0.000000,0.000000,0.040000,0.000000,0.040000,0.120000,0.040000,0.040000,0.200000,0.000000,0.000000,0.080000,0.000000,0.000000,0.160000,0.000000,0.200000,0.000000,0.000000
Negative_F150,0.000000,0.176471,0.029412,0.029412,0.058824,0.088235,0.000000,0.058824,0.058824,0.058824,0.000000,0.000000,0.058824,0.029412,0.235294,0.029412,0.000000,0.058824,0.000000,0.029412
Negative_F2182,0.160000,0.000000,0.000000,0.040000,0.040000,0.200000,0.040000,0.160000,0.120000,0.120000,0.000000,0.000000,0.000000,0.000000,0.000000,0.120000,0.000000,0.000000,0.000000,0.000000
Negative_F417,0.142857,0.000000,0.071429,0.000000,0.000000,0.071429,0.000000,0.214286,0.142857,0.214286,0.000000,0.071429,0.000000,0.000000,0.000000,0.000000,0.000000,0.000000,0.071429,0.000000
Negative_F1333,0.052632,0.105263,0.000000,0.000000,0.052632,0.157895,0.000000,0.000000,0.105263,0.052632,0.000000,0.000000,0.157895,0.000000,0.052632,0.105263,0.052632,0.052632,0.000000,0.052632
Negative_F423,0.107143,0.000000,0.000000,0.000000,0.035714,0.142857,0.035714,0.000000,0.178571,0.107143,0.000000,0.000000,0.107143,0.035714,0.107143,0.035714,0.035714,0.035714,0.000000,0.035714
Negative_F1118,0.000000,0.160000,0.100000,0.040000,0.020000,0.080000,0.000000,0.020000,0.160000,0.020000,0.000000,0.040000,0.160000,0.060000,0.060000,0.020000,0.000000,0.040000,0.000000,0.020000
Negative_F1130,0.047619,0.190476,0.000000,0.047619,0.000000,0.095238,0.000000,0.142857,0.000000,0.095238,0.000000,0.000000,0.000000,0.000000,0.047619,0.142857,0.142857,0.000000,0.047619,0.000000
Negative_F515,0.071429,0.071429,0.071429,0.000000,0.000000,0.107143,0.000000,0.107143,0.178571,0.107143,0.035714,0.071429,0.000000,0.035714,0.000000,0.035714,0.035714,0.071429,0.000000,0.000000
Negative_F1066,0.136364,0.000000,0.000000,0.000000,0.000000,0.045455,0.045455,0.090909,0.090909,0.090909,0.000000,0.000000,0.000000,0.000000,0.181818,0.045455,0.136364,0.000000,0.045455,0.090909
Negative_F1930,0.086022,0.032258,0.086022,0.129032,0.043011,0.118280,0.010753,0.075269,0.075269,0.032258,0.021505,0.032258,0.053763,0.000000,0.043011,0.021505,0.053763,0.053763,0.000000,0.032258
Negative_F1614,0.052632,0.105263,0.087719,0.052632,0.035088,0.052632,0.017544,0.017544,0.192982,0.035088,0.000000,0.070175,0.017544,0.000000,0.035088,0.035088,0.087719,0.017544,0.000000,0.087719
Negative_F2377,0.072581,0.000000,0.048387,0.040323,0.024194,0.137097,0.032258,0.024194,0.024194,0.024194,0.016129,0.048387,0.112903,0.048387,0.145161,0.056452,0.024194,0.056452,0.016129,0.048387
Negative_F1258,0.083333,0.083333,0.000000,0.000000,0.041667,0.083333,0.000000,0.041667,0.041667,0.125000,0.000000,0.041667,0.083333,0.000000,0.083333,0.000000,0.083333,0.208333,0.000000,0.000000
Negative_F279,0.062500,0.000000,0.062500,0.000000,0.062500,0.187500,0.000000,0.125000,0.125000,0.125000,0.000000,0.000000,0.000000,0.000000,0.000000,0.062500,0.000000,0.187500,0.000000,0.000000
Negative_F679,0.026316,0.000000,0.026316,0.026316,0.000000,0.131579,0.000000,0.157895,0.105263,0.105263,0.000000,0.078947,0.052632,0.105263,0.157895,0.000000,0.000000,0.026316,0.000000,0.000000
Negative_F569,0.038462,0.000000,0.000000,0.000000,0.038462,0.307692,0.000000,0.038462,0.076923,0.192308,0.000000,0.000000,0.000000,0.038462,0.000000,0.115385,0.076923,0.076923,0.000000,0.000000
Negative_F633,0.076923,0.000000,0.000000,0.000000,0.230769,0.000000,0.000000,0.000000,0.000000,0.384615,0.000000,0.000000,0.076923,0.000000,0.076923,0.153846,0.000000,0.000000,0.000000,0.000000
Negative_F214,0.027778,0.166667,0.027778,0.000000,0.111111,0.111111,0.055556,0.027778,0.083333,0.055556,0.000000,0.000000,0.055556,0.000000,0.083333,0.083333,0.027778,0.027778,0.055556,0.000000
Negative_F2372,0.000000,0.142857,0.000000,0.000000,0.000000,0.000000,0.000000,0.000000,0.000000,0.071429,0.071429,0.000000,0.285714,0.000000,0.214286,0.071429,0.000000,0.071429,0.000000,0.071429
Negative_F1065,0.042553,0.170213,0.021277,0.063830,0.021277,0.085106,0.063830,0.021277,0.063830,0.042553,0.021277,0.021277,0.021277,0.042553,0.085106,0.085106,0.021277,0.042553,0.021277,0.042553
Negative_F1900,0.057143,0.171429,0.000000,0.028571,0.085714,0.342857,0.028571,0.000000,0.028571,0.000000,0.000000,0.000000,0.057143,0.028571,0.057143,0.057143,0.000000,0.028571,0.000000,0.028571
Negative_F724,0.041667,0.166667,0.020833,0.041667,0.041667,0.041667,0.000000,0.062500,0.166667,0.062500,0.000000,0.020833,0.083333,0.000000,0.062500,0.083333,0.083333,0.000000,0.000000,0.020833
Negative_F2320,0.098039,0.000000,0.000000,0.019608,0.019608,0.235294,0.019608,0.058824,0.058824,0.078431,0.000000,0.137255,0.058824,0.019608,0.000000,0.039216,0.058824,0.019608,0.019608,0.058824
Negative_F1137,0.064516,0.096774,0.000000,0.000000,0.064516,0.096774,0.032258,0.064516,0.193548,0.064516,0.000000,0.000000,0.000000,0.000000,0.032258,0.096774,0.161290,0.032258,0.000000,0.000000
Negative_F2290,0.225806,0.000000,0.032258,0.000000,0.000000,0.096774,0.032258,0.032258,0.129032,0.161290,0.032258,0.000000,0.000000,0.032258,0.000000,0.032258,0.096774,0.064516,0.032258,0.000000
Negative_F1404,0.136364,0.000000,0.045455,0.045455,0.090909,0.090909,0.000000,0.045455,0.181818,0.136364,0.045455,0.045455,0.045455,0.000000,0.000000,0.000000,0.045455,0.045455,0.000000,0.000000
Negative_F1007,0.125000,0.083333,0.000000,0.000000,0.083333,0.041667,0.000000,0.125000,0.125000,0.166667,0.000000,0.041667,0.083333,0.000000,0.000000,0.041667,0.041667,0.041667,0.000000,0.000000
Negative_F1218,0.000000,0.000000,0.000000,0.000000,0.076923,0.153846,0.000000,0.076923,0.000000,0.461538,0.000000,0.076923,0.076923,0.000000,0.000000,0.076923,0.000000,0.000000,0.000000,0.000000
Negative_F1138,0.024390,0.146341,0.048780,0.036585,0.036585,0.073171,0.036585,0.036585,0.085366,0.060976,0.000000,0.000000,0.060976,0.036585,0.073171,0.060976,0.085366,0.048780,0.024390,0.024390
Negative_F1669,0.037037,0.000000,0.037037,0.000000,0.074074,0.148148,0.000000,0.148148,0.185185,0.037037,0.037037,0.000000,0.074074,0.037037,0.000000,0.037037,0.074074,0.074074,0.000000,0.000000
Negative_F525,0.000000,0.208333,0.000000,0.041667,0.000000,0.208333,0.041667,0.041667,0.000000,0.000000,0.000000,0.000000,0.041667,0.000000,0.000000,0.208333,0.125000,0.041667,0.041667,0.000000
Negative_F893,0.107143,0.071429,0.035714,0.035714,0.000000,0.107143,0.000000,0.107143,0.178571,0.107143,0.035714,0.035714,0.000000,0.000000,0.000000,0.000000,0.107143,0.071429,0.000000,0.000000
Negative_F2214,0.000000,0.000000,0.000000,0.000000,0.045455,0.181818,0.000000,0.045455,0.272727,0.181818,0.045455,0.000000,0.000000,0.000000,0.136364,0.000000,0.000000,0.000000,0.000000,0.090909
Negative_F858,0.080645,0.016129,0.064516,0.000000,0.000000,0.129032,0.000000,0.064516,0.016129,0.048387,0.064516,0.080645,0.080645,0.000000,0.016129,0.193548,0.064516,0.016129,0.016129,0.048387
Negative_F615,0.000000,0.000000,0.000000,0.000000,0.083333,0.208333,0.291667,0.083333,0.041667,0.166667,0.000000,0.000000,0.000000,0.000000,0.000000,0.000000,0.000000,0.083333,0.041667,0.000000
Negative_F772,0.000000,0.193548,0.032258,0.032258,0.000000,0.096774,0.000000,0.064516,0.096774,0.032258,0.000000,0.000000,0.064516,0.000000,0.000000,0.161290,0.032258,0.129032,0.032258,0.032258
Negative_F616,0.058824,0.000000,0.000000,0.000000,0.000000,0.235294,0.000000,0.117647,0.000000,0.352941,0.000000,0.058824,0.058824,0.000000,0.000000,0.058824,0.000000,0.058824,0.000000,0.000000
Negative_F78,0.076923,0.000000,0.000000,0.000000,0.153846,0.000000,0.000000,0.000000,0.076923,0.384615,0.000000,0.000000,0.076923,0.000000,0.000000,0.153846,0.000000,0.076923,0.000000,0.000000
Negative_F2440,0.027778,0.111111,0.055556,0.000000,0.055556,0.027778,0.027778,0.083333,0.138889,0.000000,0.027778,0.027778,0.083333,0.000000,0.111111,0.083333,0.027778,0.055556,0.000000,0.055556
Negative_F153,0.030303,0.181818,0.000000,0.030303,0.060606,0.121212,0.030303,0.000000,0.000000,0.030303,0.000000,0.030303,0.000000,0.000000,0.181818,0.121212,0.090909,0.090909,0.000000,0.000000
Negative_F30,0.045455,0.136364,0.045455,0.045455,0.022727,0.159091,0.022727,0.022727,0.068182,0.022727,0.000000,0.090909,0.000000,0.000000,0.045455,0.068182,0.045455,0.068182,0.045455,0.045455
Negative_F508,0.166667,0.083333,0.000000,0.000000,0.125000,0.041667,0.000000,0.125000,0.166667,0.083333,0.000000,0.000000,0.083333,0.000000,0.000000,0.000000,0.041667,0.083333,0.000000,0.000000
Negative_F330,0.275362,0.000000,0.043478,0.043478,0.000000,0.086957,0.000000,0.000000,0.217391,0.014493,0.000000,0.028986,0.101449,0.014493,0.072464,0.043478,0.014493,0.043478,0.000000,0.000000
Negative_F1125,0.027027,0.162162,0.000000,0.000000,0.000000,0.108108,0.000000,0.027027,0.189189,0.027027,0.081081,0.027027,0.081081,0.054054,0.054054,0.054054,0.027027,0.081081,0.000000,0.000000
Negative_F393,0.000000,0.000000,0.150000,0.000000,0.000000,0.150000,0.000000,0.100000,0.000000,0.300000,0.000000,0.000000,0.050000,0.000000,0.000000,0.050000,0.050000,0.150000,0.000000,0.000000
Negative_F1773,0.037037,0.000000,0.000000,0.037037,0.037037,0.074074,0.037037,0.074074,0.148148,0.111111,0.000000,0.000000,0.074074,0.037037,0.000000,0.037037,0.037037,0.148148,0.111111,0.000000
Negative_F2375,0.200000,0.000000,0.040000,0.040000,0.040000,0.120000,0.000000,0.040000,0.160000,0.080000,0.040000,0.040000,0.000000,0.000000,0.000000,0.040000,0.040000,0.080000,0.040000,0.000000
Negative_F876,0.000000,0.111111,0.000000,0.000000,0.055556,0.055556,0.000000,0.000000,0.111111,0.055556,0.000000,0.000000,0.166667,0.000000,0.111111,0.055556,0.055556,0.111111,0.055556,0.055556
Negative_F1049,0.000000,0.000000,0.000000,0.000000,0.040000,0.080000,0.080000,0.040000,0.200000,0.120000,0.080000,0.000000,0.000000,0.000000,0.120000,0.080000,0.080000,0.040000,0.000000,0.040000
Negative_F1262,0.069767,0.186047,0.000000,0.023256,0.023256,0.093023,0.046512,0.023256,0.046512,0.093023,0.000000,0.000000,0.023256,0.046512,0.023256,0.139535,0.023256,0.023256,0.000000,0.116279
Negative_F1713,0.142857,0.000000,0.000000,0.000000,0.000000,0.000000,0.000000,0.142857,0.214286,0.214286,0.000000,0.000000,0.000000,0.000000,0.000000,0.071429,0.071429,0.142857,0.000000,0.000000
Negative_F2011,0.066667,0.133333,0.044444,0.044444,0.022222,0.066667,0.088889,0.022222,0.022222,0.000000,0.022222,0.111111,0.066667,0.022222,0.111111,0.044444,0.000000,0.066667,0.022222,0.022222
Negative_F746,0.064516,0.193548,0.000000,0.032258,0.032258,0.096774,0.000000,0.129032,0.064516,0.000000,0.000000,0.064516,0.064516,0.000000,0.032258,0.096774,0.000000,0.096774,0.000000,0.032258
Negative_F431,0.120000,0.000000,0.040000,0.040000,0.000000,0.120000,0.000000,0.000000,0.160000,0.200000,0.040000,0.040000,0.000000,0.000000,0.000000,0.080000,0.040000,0.120000,0.000000,0.000000
Negative_F1934,0.128205,0.000000,0.025641,0.051282,0.025641,0.128205,0.025641,0.128205,0.102564,0.025641,0.000000,0.051282,0.076923,0.051282,0.076923,0.025641,0.000000,0.076923,0.000000,0.000000
Negative_F40,0.222222,0.000000,0.000000,0.037037,0.037037,0.185185,0.037037,0.074074,0.111111,0.148148,0.000000,0.037037,0.000000,0.000000,0.000000,0.111111,0.000000,0.000000,0.000000,0.000000
Negative_F1179,0.030303,0.181818,0.000000,0.030303,0.060606,0.121212,0.030303,0.060606,0.000000,0.121212,0.000000,0.000000,0.000000,0.000000,0.272727,0.000000,0.000000,0.060606,0.000000,0.030303
Negative_F1276,0.045455,0.000000,0.000000,0.000000,0.000000,0.090909,0.045455,0.000000,0.045455,0.090909,0.000000,0.045455,0.090909,0.045455,0.136364,0.090909,0.090909,0.090909,0.045455,0.045455
Negative_F1718,0.068182,0.136364,0.022727,0.022727,0.000000,0.090909,0.022727,0.000000,0.000000,0.045455,0.022727,0.045455,0.136364,0.045455,0.250000,0.022727,0.022727,0.045455,0.000000,0.000000
Negative_F1538,0.000000,0.125000,0.025000,0.062500,0.062500,0.062500,0.012500,0.050000,0.100000,0.050000,0.025000,0.037500,0.037500,0.050000,0.062500,0.037500,0.062500,0.037500,0.075000,0.025000
Negative_F1689,0.000000,0.000000,0.000000,0.000000,0.076923,0.076923,0.000000,0.230769,0.076923,0.153846,0.000000,0.076923,0.000000,0.000000,0.000000,0.153846,0.000000,0.000000,0.076923,0.076923
Negative_F700,0.080000,0.160000,0.020000,0.060000,0.040000,0.120000,0.080000,0.000000,0.080000,0.020000,0.020000,0.100000,0.000000,0.020000,0.020000,0.060000,0.040000,0.020000,0.040000,0.020000
Negative_F1259,0.034483,0.206897,0.000000,0.034483,0.000000,0.172414,0.000000,0.034483,0.000000,0.034483,0.000000,0.068966,0.103448,0.000000,0.034483,0.068966,0.137931,0.034483,0.034483,0.000000
Negative_F550,0.000000,0.000000,0.052632,0.000000,0.000000,0.000000,0.000000,0.000000,0.052632,0.052632,0.000000,0.000000,0.421053,0.000000,0.315789,0.000000,0.000000,0.052632,0.000000,0.052632
Negative_F1978,0.125000,0.031250,0.000000,0.000000,0.000000,0.156250,0.093750,0.000000,0.156250,0.062500,0.000000,0.031250,0.000000,0.000000,0.062500,0.093750,0.000000,0.093750,0.062500,0.031250
Negative_F972,0.000000,0.142857,0.071429,0.000000,0.023810,0.214286,0.023810,0.071429,0.000000,0.071429,0.000000,0.000000,0.071429,0.000000,0.047619,0.095238,0.047619,0.095238,0.023810,0.000000
Negative_F1829,0.174603,0.000000,0.015873,0.063492,0.015873,0.095238,0.111111,0.047619,0.158730,0.031746,0.000000,0.000000,0.000000,0.000000,0.047619,0.031746,0.031746,0.174603,0.000000,0.000000
Negative_F1298,0.090909,0.060606,0.060606,0.000000,0.000000,0.121212,0.000000,0.030303,0.090909,0.181818,0.000000,0.060606,0.000000,0.030303,0.000000,0.090909,0.090909,0.090909,0.000000,0.000000
Negative_F510,0.065217,0.043478,0.043478,0.043478,0.043478,0.130435,0.000000,0.195652,0.195652,0.000000,0.021739,0.043478,0.000000,0.000000,0.021739,0.021739,0.086957,0.043478,0.000000,0.000000
Negative_F1205,0.047619,0.095238,0.000000,0.000000,0.095238,0.238095,0.000000,0.095238,0.095238,0.095238,0.000000,0.000000,0.000000,0.000000,0.000000,0.047619,0.095238,0.095238,0.000000,0.000000
Negative_F1958,0.031250,0.187500,0.031250,0.031250,0.031250,0.093750,0.000000,0.000000,0.031250,0.093750,0.000000,0.031250,0.031250,0.031250,0.031250,0.093750,0.062500,0.125000,0.000000,0.062500
Negative_F2336,0.000000,0.000000,0.000000,0.000000,0.181818,0.000000,0.000000,0.090909,0.363636,0.090909,0.000000,0.000000,0.000000,0.000000,0.000000,0.090909,0.000000,0.090909,0.090909,0.000000
Negative_F261,0.117647,0.000000,0.058824,0.000000,0.058824,0.058824,0.000000,0.058824,0.176471,0.117647,0.000000,0.117647,0.000000,0.000000,0.000000,0.000000,0.000000,0.235294,0.000000,0.000000
Negative_F1985,0.074074,0.074074,0.000000,0.037037,0.148148,0.074074,0.037037,0.000000,0.185185,0.185185,0.000000,0.037037,0.000000,0.000000,0.000000,0.000000,0.000000,0.074074,0.074074,0.000000
Negative_F2241,0.163265,0.000000,0.020408,0.081633,0.061224,0.040816,0.000000,0.020408,0.142857,0.102041,0.020408,0.020408,0.081633,0.000000,0.102041,0.061224,0.000000,0.020408,0.020408,0.040816
Negative_F884,0.000000,0.000000,0.000000,0.000000,0.153846,0.076923,0.000000,0.000000,0.076923,0.384615,0.076923,0.000000,0.076923,0.000000,0.000000,0.000000,0.076923,0.076923,0.000000,0.000000
Negative_F2384,0.000000,0.000000,0.037037,0.000000,0.074074,0.185185,0.000000,0.037037,0.148148,0.111111,0.000000,0.037037,0.000000,0.000000,0.222222,0.074074,0.037037,0.000000,0.037037,0.000000
Negative_F618,0.000000,0.000000,0.078947,0.078947,0.078947,0.078947,0.184211,0.000000,0.078947,0.026316,0.000000,0.052632,0.026316,0.000000,0.105263,0.078947,0.000000,0.000000,0.000000,0.131579
Negative_F2132,0.050000,0.000000,0.000000,0.000000,0.150000,0.000000,0.050000,0.050000,0.400000,0.100000,0.000000,0.000000,0.000000,0.000000,0.000000,0.100000,0.050000,0.000000,0.050000,0.000000
Negative_F1729,0.086207,0.103448,0.034483,0.034483,0.068966,0.103448,0.000000,0.017241,0.068966,0.034483,0.034483,0.051724,0.086207,0.017241,0.103448,0.034483,0.034483,0.017241,0.000000,0.068966
Negative_F664,0.095238,0.000000,0.000000,0.000000,0.095238,0.142857,0.000000,0.000000,0.047619,0.095238,0.047619,0.000000,0.095238,0.047619,0.142857,0.142857,0.000000,0.000000,0.000000,0.047619
Negative_F1879,0.157895,0.052632,0.000000,0.000000,0.105263,0.052632,0.000000,0.105263,0.157895,0.210526,0.000000,0.052632,0.052632,0.000000,0.000000,0.000000,0.052632,0.000000,0.000000,0.000000
Negative_F227,0.000000,0.000000,0.000000,0.000000,0.173913,0.130435,0.173913,0.086957,0.086957,0.130435,0.000000,0.043478,0.000000,0.000000,0.000000,0.043478,0.000000,0.130435,0.000000,0.000000
Negative_F784,0.000000,0.181818,0.030303,0.060606,0.060606,0.212121,0.000000,0.030303,0.060606,0.060606,0.000000,0.030303,0.000000,0.000000,0.000000,0.060606,0.121212,0.000000,0.030303,0.060606
Negative_F1941,0.071429,0.000000,0.000000,0.000000,0.000000,0.071429,0.000000,0.214286,0.071429,0.142857,0.000000,0.000000,0.071429,0.000000,0.142857,0.000000,0.000000,0.000000,0.214286,0.000000
Negative_F2219,0.159091,0.090909,0.000000,0.022727,0.000000,0.136364,0.022727,0.022727,0.000000,0.000000,0.000000,0.159091,0.022727,0.000000,0.068182,0.068182,0.045455,0.113636,0.000000,0.068182
Negative_F888,0.000000,0.000000,0.000000,0.000000,0.058824,0.117647,0.000000,0.176471,0.058824,0.294118,0.000000,0.000000,0.117647,0.000000,0.000000,0.058824,0.000000,0.117647,0.000000,0.000000
Negative_F1660,0.000000,0.000000,0.000000,0.000000,0.166667,0.083333,0.000000,0.000000,0.166667,0.416667,0.000000,0.000000,0.083333,0.000000,0.083333,0.000000,0.000000,0.000000,0.000000,0.000000
Negative_F1748,0.102041,0.000000,0.061224,0.020408,0.040816,0.040816,0.000000,0.020408,0.020408,0.102041,0.000000,0.142857,0.061224,0.040816,0.081633,0.061224,0.061224,0.020408,0.020408,0.102041
Negative_F863,0.151899,0.075949,0.025316,0.012658,0.025316,0.075949,0.025316,0.050633,0.012658,0.037975,0.000000,0.050633,0.037975,0.000000,0.101266,0.088608,0.037975,0.088608,0.025316,0.075949
Negative_F598,0.054054,0.000000,0.054054,0.000000,0.108108,0.108108,0.000000,0.054054,0.216216,0.054054,0.000000,0.027027,0.000000,0.054054,0.054054,0.081081,0.027027,0.108108,0.000000,0.000000
Negative_F1370,0.137931,0.000000,0.034483,0.034483,0.000000,0.068966,0.000000,0.103448,0.241379,0.103448,0.034483,0.034483,0.034483,0.000000,0.000000,0.034483,0.034483,0.103448,0.000000,0.000000
Negative_F1886,0.000000,0.193548,0.000000,0.032258,0.032258,0.096774,0.000000,0.129032,0.064516,0.032258,0.000000,0.032258,0.064516,0.000000,0.000000,0.129032,0.064516,0.096774,0.000000,0.032258
Negative_F464,0.090909,0.060606,0.030303,0.000000,0.000000,0.121212,0.000000,0.030303,0.121212,0.181818,0.000000,0.060606,0.000000,0.030303,0.000000,0.121212,0.060606,0.090909,0.000000,0.000000
Negative_F2035,0.087432,0.000000,0.071038,0.027322,0.016393,0.147541,0.010929,0.065574,0.054645,0.038251,0.038251,0.049180,0.016393,0.071038,0.043716,0.065574,0.060109,0.065574,0.027322,0.043716
Negative_F2411,0.062500,0.000000,0.000000,0.000000,0.031250,0.125000,0.000000,0.062500,0.250000,0.062500,0.000000,0.000000,0.000000,0.000000,0.125000,0.062500,0.062500,0.156250,0.000000,0.000000
Negative_F1475,0.054795,0.082192,0.013699,0.054795,0.054795,0.041096,0.027397,0.054795,0.095890,0.082192,0.027397,0.027397,0.041096,0.041096,0.109589,0.095890,0.027397,0.041096,0.013699,0.013699
Negative_F1865,0.139535,0.000000,0.046512,0.023256,0.000000,0.069767,0.000000,0.069767,0.186047,0.046512,0.000000,0.093023,0.023256,0.023256,0.000000,0.046512,0.046512,0.093023,0.069767,0.023256
Negative_F162,0.071429,0.000000,0.000000,0.000000,0.000000,0.000000,0.000000,0.071429,0.285714,0.214286,0.000000,0.000000,0.000000,0.000000,0.000000,0.142857,0.000000,0.142857,0.071429,0.000000
Negative_F504,0.090909,0.000000,0.000000,0.060606,0.090909,0.090909,0.000000,0.090909,0.060606,0.151515,0.000000,0.000000,0.060606,0.030303,0.000000,0.212121,0.030303,0.030303,0.000000,0.000000
Negative_F795,0.102564,0.000000,0.051282,0.025641,0.025641,0.102564,0.025641,0.076923,0.102564,0.051282,0.025641,0.102564,0.025641,0.025641,0.051282,0.076923,0.000000,0.076923,0.025641,0.025641
Negative_F301,0.133333,0.000000,0.033333,0.033333,0.000000,0.133333,0.000000,0.033333,0.266667,0.100000,0.033333,0.033333,0.033333,0.033333,0.000000,0.000000,0.033333,0.000000,0.100000,0.000000
Negative_F45,0.148148,0.000000,0.000000,0.037037,0.000000,0.185185,0.000000,0.074074,0.148148,0.148148,0.000000,0.037037,0.000000,0.000000,0.000000,0.037037,0.111111,0.037037,0.000000,0.037037
Negative_F370,0.166667,0.083333,0.000000,0.000000,0.125000,0.041667,0.000000,0.208333,0.166667,0.041667,0.000000,0.000000,0.083333,0.000000,0.000000,0.041667,0.000000,0.041667,0.000000,0.000000
Negative_F662,0.069767,0.046512,0.023256,0.023256,0.000000,0.116279,0.023256,0.069767,0.093023,0.023256,0.000000,0.093023,0.046512,0.046512,0.046512,0.023256,0.023256,0.069767,0.093023,0.069767
Negative_F2154,0.058824,0.000000,0.058824,0.000000,0.000000,0.176471,0.000000,0.000000,0.000000,0.294118,0.000000,0.176471,0.000000,0.000000,0.058824,0.058824,0.058824,0.058824,0.000000,0.000000
Negative_F238,0.068182,0.227273,0.068182,0.022727,0.045455,0.136364,0.068182,0.000000,0.000000,0.000000,0.000000,0.000000,0.045455,0.113636,0.045455,0.045455,0.022727,0.068182,0.000000,0.022727
Negative_F579,0.000000,0.000000,0.054054,0.000000,0.027027,0.081081,0.027027,0.162162,0.081081,0.000000,0.000000,0.108108,0.135135,0.081081,0.081081,0.027027,0.054054,0.027027,0.054054,0.000000
Negative_F722,0.020000,0.160000,0.060000,0.040000,0.060000,0.040000,0.040000,0.040000,0.180000,0.060000,0.000000,0.060000,0.000000,0.060000,0.040000,0.060000,0.060000,0.020000,0.000000,0.000000
Negative_F889,0.055556,0.000000,0.000000,0.000000,0.055556,0.055556,0.055556,0.055556,0.222222,0.166667,0.111111,0.000000,0.055556,0.000000,0.000000,0.055556,0.000000,0.111111,0.000000,0.000000
Negative_F1135,0.000000,0.172414,0.034483,0.034483,0.000000,0.068966,0.068966,0.034483,0.068966,0.068966,0.000000,0.137931,0.000000,0.034483,0.000000,0.103448,0.034483,0.068966,0.068966,0.000000
Negative_F1456,0.064516,0.064516,0.032258,0.000000,0.096774,0.032258,0.032258,0.064516,0.129032,0.000000,0.000000,0.064516,0.193548,0.000000,0.064516,0.032258,0.064516,0.000000,0.064516,0.000000
Negative_F1391,0.062500,0.187500,0.000000,0.031250,0.000000,0.062500,0.000000,0.093750,0.031250,0.031250,0.031250,0.125000,0.093750,0.000000,0.000000,0.062500,0.062500,0.062500,0.031250,0.031250
Negative_F243,0.097561,0.000000,0.048780,0.000000,0.000000,0.073171,0.000000,0.097561,0.146341,0.073171,0.000000,0.073171,0.024390,0.048780,0.024390,0.097561,0.048780,0.097561,0.048780,0.000000
Negative_F186,0.078431,0.117647,0.078431,0.019608,0.058824,0.098039,0.019608,0.019608,0.117647,0.098039,0.000000,0.039216,0.000000,0.019608,0.039216,0.078431,0.039216,0.058824,0.019608,0.000000
Negative_F910,0.076923,0.000000,0.000000,0.000000,0.025641,0.102564,0.000000,0.051282,0.179487,0.179487,0.025641,0.051282,0.051282,0.025641,0.025641,0.000000,0.102564,0.076923,0.025641,0.000000
Negative_F1365,0.074074,0.148148,0.000000,0.000000,0.000000,0.111111,0.000000,0.074074,0.296296,0.148148,0.000000,0.000000,0.074074,0.000000,0.037037,0.000000,0.000000,0.037037,0.000000,0.000000
Negative_F2240,0.000000,0.000000,0.045455,0.000000,0.000000,0.136364,0.000000,0.000000,0.090909,0.045455,0.045455,0.045455,0.000000,0.045455,0.318182,0.000000,0.090909,0.045455,0.090909,0.000000
Negative_F1602,0.272727,0.000000,0.018182,0.000000,0.000000,0.090909,0.000000,0.000000,0.418182,0.000000,0.000000,0.000000,0.072727,0.000000,0.018182,0.018182,0.072727,0.018182,0.000000,0.000000
Negative_F812,0.060606,0.000000,0.030303,0.000000,0.030303,0.212121,0.060606,0.090909,0.121212,0.090909,0.030303,0.030303,0.030303,0.030303,0.030303,0.060606,0.000000,0.000000,0.000000,0.090909
Negative_F866,0.266667,0.000000,0.000000,0.000000,0.066667,0.066667,0.000000,0.000000,0.200000,0.266667,0.000000,0.000000,0.000000,0.066667,0.000000,0.066667,0.000000,0.000000,0.000000,0.000000
Negative_F2193,0.050000,0.050000,0.000000,0.000000,0.150000,0.000000,0.000000,0.000000,0.000000,0.100000,0.000000,0.050000,0.050000,0.100000,0.300000,0.000000,0.100000,0.000000,0.050000,0.000000
Negative_F2197,0.000000,0.000000,0.000000,0.000000,0.052632,0.000000,0.000000,0.052632,0.000000,0.052632,0.000000,0.000000,0.105263,0.000000,0.368421,0.052632,0.052632,0.210526,0.052632,0.000000
Negative_F1703,0.050000,0.100000,0.000000,0.000000,0.000000,0.100000,0.000000,0.250000,0.100000,0.050000,0.000000,0.000000,0.050000,0.000000,0.000000,0.050000,0.150000,0.100000,0.000000,0.000000
Negative_F894,0.065217,0.130435,0.021739,0.000000,0.000000,0.086957,0.000000,0.065217,0.086957,0.043478,0.000000,0.065217,0.108696,0.000000,0.065217,0.108696,0.108696,0.000000,0.000000,0.043478
Negative_F1381,0.116279,0.139535,0.023256,0.023256,0.023256,0.093023,0.046512,0.046512,0.069767,0.069767,0.000000,0.069767,0.000000,0.023256,0.046512,0.069767,0.023256,0.116279,0.000000,0.000000
Negative_F1287,0.033333,0.200000,0.033333,0.033333,0.033333,0.066667,0.000000,0.100000,0.066667,0.033333,0.000000,0.033333,0.066667,0.000000,0.033333,0.133333,0.033333,0.066667,0.000000,0.033333
Negative_F1791,0.052632,0.157895,0.026316,0.000000,0.078947,0.184211,0.078947,0.052632,0.026316,0.000000,0.000000,0.026316,0.026316,0.078947,0.078947,0.026316,0.052632,0.000000,0.000000,0.052632
Negative_F1204,0.121212,0.060606,0.030303,0.000000,0.060606,0.030303,0.000000,0.030303,0.121212,0.151515,0.000000,0.030303,0.000000,0.030303,0.000000,0.181818,0.121212,0.030303,0.000000,0.000000
Negative_F422,0.034483,0.172414,0.000000,0.000000,0.068966,0.068966,0.000000,0.034483,0.068966,0.137931,0.000000,0.000000,0.103448,0.034483,0.000000,0.068966,0.137931,0.034483,0.000000,0.034483
Negative_F1045,0.000000,0.000000,0.000000,0.000000,0.076923,0.153846,0.000000,0.230769,0.000000,0.230769,0.000000,0.000000,0.076923,0.000000,0.076923,0.076923,0.000000,0.076923,0.000000,0.000000
Negative_F1768,0.045455,0.000000,0.000000,0.000000,0.136364,0.045455,0.000000,0.045455,0.181818,0.136364,0.000000,0.000000,0.000000,0.181818,0.000000,0.000000,0.136364,0.045455,0.000000,0.045455
Negative_F906,0.125000,0.031250,0.000000,0.000000,0.062500,0.125000,0.000000,0.062500,0.187500,0.062500,0.000000,0.093750,0.031250,0.031250,0.000000,0.062500,0.062500,0.031250,0.000000,0.031250
Negative_F35,0.000000,0.142857,0.000000,0.000000,0.023810,0.095238,0.000000,0.071429,0.000000,0.000000,0.047619,0.071429,0.119048,0.071429,0.142857,0.047619,0.023810,0.095238,0.047619,0.000000
Negative_F1140,0.032258,0.096774,0.000000,0.000000,0.000000,0.129032,0.000000,0.064516,0.193548,0.064516,0.000000,0.032258,0.000000,0.000000,0.000000,0.129032,0.129032,0.096774,0.000000,0.032258
Negative_F158,0.000000,0.222222,0.000000,0.000000,0.055556,0.166667,0.000000,0.000000,0.000000,0.055556,0.000000,0.000000,0.000000,0.000000,0.333333,0.000000,0.000000,0.111111,0.000000,0.055556
Negative_F1311,0.000000,0.095238,0.000000,0.000000,0.047619,0.238095,0.000000,0.047619,0.142857,0.190476,0.000000,0.000000,0.000000,0.000000,0.000000,0.047619,0.000000,0.190476,0.000000,0.000000
Negative_F1753,0.086957,0.086957,0.000000,0.000000,0.043478,0.043478,0.000000,0.086957,0.130435,0.173913,0.043478,0.043478,0.043478,0.000000,0.000000,0.086957,0.043478,0.086957,0.000000,0.000000
Negative_F1317,0.000000,0.000000,0.000000,0.000000,0.187500,0.187500,0.000000,0.062500,0.187500,0.000000,0.062500,0.000000,0.062500,0.000000,0.187500,0.000000,0.000000,0.000000,0.000000,0.062500
Negative_F149,0.000000,0.121212,0.000000,0.121212,0.000000,0.121212,0.030303,0.000000,0.000000,0.030303,0.030303,0.000000,0.030303,0.090909,0.333333,0.030303,0.030303,0.000000,0.030303,0.000000
Negative_F1028,0.111111,0.222222,0.044444,0.000000,0.022222,0.200000,0.000000,0.000000,0.044444,0.022222,0.000000,0.022222,0.022222,0.088889,0.088889,0.066667,0.000000,0.000000,0.000000,0.044444
Negative_F1246,0.229508,0.000000,0.000000,0.032787,0.000000,0.098361,0.016393,0.081967,0.065574,0.131148,0.000000,0.049180,0.032787,0.016393,0.000000,0.049180,0.065574,0.081967,0.049180,0.000000
Negative_F1024,0.066667,0.000000,0.000000,0.000000,0.000000,0.066667,0.000000,0.133333,0.333333,0.066667,0.000000,0.066667,0.000000,0.000000,0.000000,0.000000,0.000000,0.200000,0.066667,0.000000
Negative_F461,0.065217,0.043478,0.021739,0.065217,0.043478,0.152174,0.000000,0.152174,0.217391,0.086957,0.000000,0.021739,0.000000,0.000000,0.021739,0.043478,0.043478,0.021739,0.000000,0.000000
Negative_F2282,0.100000,0.000000,0.050000,0.050000,0.050000,0.150000,0.000000,0.000000,0.150000,0.300000,0.000000,0.050000,0.000000,0.000000,0.000000,0.050000,0.000000,0.050000,0.000000,0.000000
Negative_F2167,0.128205,0.153846,0.051282,0.000000,0.025641,0.128205,0.051282,0.025641,0.025641,0.076923,0.025641,0.025641,0.025641,0.000000,0.128205,0.025641,0.025641,0.051282,0.025641,0.000000
Negative_F605,0.160000,0.000000,0.000000,0.000000,0.040000,0.160000,0.200000,0.080000,0.080000,0.040000,0.000000,0.040000,0.000000,0.000000,0.040000,0.040000,0.000000,0.040000,0.040000,0.040000
Negative_F978,0.054054,0.054054,0.000000,0.054054,0.027027,0.162162,0.000000,0.081081,0.135135,0.162162,0.027027,0.027027,0.000000,0.054054,0.000000,0.000000,0.135135,0.027027,0.000000,0.000000
Negative_F1775,0.136364,0.000000,0.000000,0.000000,0.090909,0.090909,0.045455,0.000000,0.181818,0.045455,0.000000,0.000000,0.000000,0.000000,0.090909,0.136364,0.000000,0.090909,0.090909,0.000000
Negative_F74,0.000000,0.095238,0.000000,0.000000,0.000000,0.095238,0.000000,0.095238,0.142857,0.000000,0.047619,0.047619,0.095238,0.047619,0.142857,0.047619,0.047619,0.047619,0.000000,0.047619
Negative_F1414,0.077670,0.038835,0.009709,0.009709,0.009709,0.262136,0.009709,0.038835,0.019417,0.019417,0.019417,0.116505,0.029126,0.009709,0.067961,0.126214,0.058252,0.058252,0.000000,0.019417
Negative_F97,0.153846,0.000000,0.025641,0.051282,0.000000,0.102564,0.000000,0.051282,0.128205,0.051282,0.000000,0.051282,0.000000,0.076923,0.076923,0.000000,0.076923,0.128205,0.025641,0.000000
Negative_F492,0.148148,0.074074,0.000000,0.037037,0.000000,0.074074,0.000000,0.074074,0.185185,0.185185,0.037037,0.037037,0.000000,0.000000,0.037037,0.037037,0.074074,0.000000,0.000000,0.000000
Negative_F1678,0.000000,0.090909,0.000000,0.000000,0.000000,0.090909,0.045455,0.000000,0.136364,0.000000,0.090909,0.090909,0.045455,0.000000,0.181818,0.000000,0.045455,0.045455,0.045455,0.090909
Negative_F340,0.080000,0.040000,0.000000,0.040000,0.040000,0.200000,0.000000,0.040000,0.160000,0.120000,0.000000,0.040000,0.040000,0.000000,0.000000,0.040000,0.040000,0.080000,0.040000,0.000000
Negative_F1077,0.064516,0.000000,0.000000,0.000000,0.064516,0.032258,0.000000,0.064516,0.161290,0.000000,0.000000,0.000000,0.096774,0.000000,0.225806,0.000000,0.032258,0.161290,0.064516,0.032258
Negative_F825,0.113636,0.000000,0.000000,0.022727,0.045455,0.090909,0.000000,0.159091,0.113636,0.022727,0.045455,0.022727,0.068182,0.045455,0.068182,0.022727,0.022727,0.045455,0.045455,0.045455
Negative_F1743,0.093023,0.000000,0.000000,0.000000,0.023256,0.209302,0.000000,0.046512,0.046512,0.069767,0.046512,0.162791,0.023256,0.069767,0.023256,0.000000,0.023256,0.046512,0.046512,0.069767
Negative_F780,0.086957,0.000000,0.000000,0.043478,0.086957,0.173913,0.043478,0.086957,0.173913,0.086957,0.000000,0.043478,0.000000,0.000000,0.000000,0.130435,0.000000,0.043478,0.000000,0.000000
Negative_F1318,0.041667,0.041667,0.041667,0.041667,0.125000,0.000000,0.000000,0.041667,0.125000,0.041667,0.000000,0.000000,0.208333,0.000000,0.125000,0.041667,0.041667,0.041667,0.041667,0.000000
Negative_F2300,0.000000,0.000000,0.000000,0.000000,0.035714,0.071429,0.071429,0.035714,0.071429,0.142857,0.000000,0.000000,0.000000,0.035714,0.214286,0.035714,0.071429,0.107143,0.035714,0.071429
Negative_F90,0.107143,0.071429,0.071429,0.000000,0.000000,0.107143,0.000000,0.071429,0.178571,0.142857,0.035714,0.000000,0.000000,0.000000,0.000000,0.071429,0.071429,0.071429,0.000000,0.000000
Negative_F448,0.040000,0.040000,0.080000,0.040000,0.000000,0.160000,0.000000,0.000000,0.000000,0.000000,0.000000,0.040000,0.000000,0.000000,0.120000,0.080000,0.080000,0.200000,0.000000,0.120000
Negative_F1117,0.100000,0.200000,0.000000,0.000000,0.000000,0.250000,0.000000,0.000000,0.050000,0.025000,0.000000,0.025000,0.050000,0.100000,0.000000,0.075000,0.050000,0.000000,0.050000,0.025000
Negative_F1268,0.066667,0.000000,0.066667,0.000000,0.133333,0.000000,0.000000,0.266667,0.133333,0.066667,0.000000,0.133333,0.000000,0.000000,0.000000,0.066667,0.000000,0.066667,0.000000,0.000000
Negative_F364,0.166667,0.083333,0.000000,0.000000,0.041667,0.041667,0.000000,0.083333,0.125000,0.125000,0.000000,0.000000,0.083333,0.000000,0.000000,0.041667,0.041667,0.166667,0.000000,0.000000
Negative_F2303,0.129032,0.000000,0.032258,0.000000,0.000000,0.225806,0.000000,0.032258,0.032258,0.000000,0.000000,0.000000,0.000000,0.000000,0.451613,0.064516,0.000000,0.032258,0.000000,0.000000
Negative_F1573,0.105263,0.105263,0.000000,0.000000,0.052632,0.052632,0.000000,0.000000,0.105263,0.157895,0.052632,0.000000,0.052632,0.000000,0.105263,0.052632,0.052632,0.000000,0.052632,0.052632
Negative_F250,0.028571,0.171429,0.028571,0.028571,0.000000,0.114286,0.028571,0.000000,0.057143,0.142857,0.057143,0.028571,0.000000,0.000000,0.200000,0.000000,0.028571,0.028571,0.000000,0.057143
Negative_F2135,0.473684,0.000000,0.000000,0.000000,0.052632,0.052632,0.000000,0.000000,0.000000,0.105263,0.000000,0.000000,0.052632,0.157895,0.000000,0.052632,0.000000,0.052632,0.000000,0.000000
Negative_F51,0.050000,0.000000,0.000000,0.050000,0.000000,0.200000,0.000000,0.050000,0.050000,0.300000,0.000000,0.100000,0.050000,0.000000,0.000000,0.050000,0.000000,0.100000,0.000000,0.000000
Negative_F2078,0.071429,0.000000,0.000000,0.000000,0.000000,0.000000,0.000000,0.000000,0.428571,0.000000,0.000000,0.000000,0.214286,0.000000,0.000000,0.071429,0.071429,0.142857,0.000000,0.000000
Negative_F826,0.090909,0.000000,0.000000,0.045455,0.045455,0.090909,0.022727,0.204545,0.181818,0.022727,0.045455,0.022727,0.022727,0.045455,0.000000,0.000000,0.000000,0.045455,0.068182,0.045455
Negative_F1426,0.071429,0.000000,0.000000,0.071429,0.071429,0.214286,0.000000,0.071429,0.142857,0.071429,0.000000,0.000000,0.000000,0.000000,0.000000,0.071429,0.000000,0.071429,0.142857,0.000000
Negative_F926,0.064935,0.077922,0.064935,0.051948,0.000000,0.103896,0.012987,0.103896,0.090909,0.168831,0.000000,0.000000,0.025974,0.000000,0.000000,0.038961,0.064935,0.103896,0.000000,0.025974
Negative_F905,0.000000,0.000000,0.000000,0.027778,0.027778,0.027778,0.055556,0.000000,0.055556,0.138889,0.000000,0.000000,0.333333,0.055556,0.194444,0.027778,0.000000,0.000000,0.055556,0.000000
Negative_F331,0.333333,0.000000,0.000000,0.000000,0.000000,0.000000,0.000000,0.000000,0.434783,0.000000,0.000000,0.000000,0.130435,0.000000,0.000000,0.043478,0.028986,0.028986,0.000000,0.000000
Negative_F2076,0.333333,0.000000,0.000000,0.000000,0.000000,0.074074,0.000000,0.000000,0.370370,0.000000,0.000000,0.000000,0.148148,0.000000,0.000000,0.037037,0.000000,0.037037,0.000000,0.000000
Negative_F406,0.200000,0.033333,0.033333,0.000000,0.000000,0.033333,0.000000,0.133333,0.133333,0.133333,0.000000,0.033333,0.000000,0.033333,0.000000,0.100000,0.066667,0.033333,0.000000,0.033333
Negative_F1951,0.162791,0.139535,0.023256,0.000000,0.046512,0.069767,0.069767,0.000000,0.093023,0.023256,0.000000,0.046512,0.023256,0.023256,0.093023,0.046512,0.069767,0.046512,0.023256,0.000000
Negative_F544,0.000000,0.000000,0.076923,0.000000,0.153846,0.153846,0.000000,0.230769,0.076923,0.153846,0.000000,0.076923,0.000000,0.000000,0.000000,0.076923,0.000000,0.000000,0.000000,0.000000
Negative_F2307,0.088608,0.050633,0.037975,0.037975,0.000000,0.050633,0.037975,0.075949,0.075949,0.075949,0.050633,0.050633,0.037975,0.037975,0.113924,0.037975,0.012658,0.101266,0.000000,0.025316
Negative_F1269,0.048780,0.146341,0.000000,0.000000,0.048780,0.097561,0.024390,0.146341,0.048780,0.000000,0.024390,0.097561,0.073171,0.048780,0.073171,0.000000,0.073171,0.024390,0.024390,0.000000
Negative_F658,0.054054,0.108108,0.000000,0.000000,0.000000,0.216216,0.081081,0.000000,0.027027,0.027027,0.000000,0.135135,0.000000,0.027027,0.000000,0.081081,0.027027,0.108108,0.054054,0.054054
Negative_F1358,0.058824,0.000000,0.000000,0.000000,0.058824,0.117647,0.000000,0.117647,0.058824,0.352941,0.000000,0.000000,0.117647,0.000000,0.000000,0.058824,0.000000,0.058824,0.000000,0.000000
Negative_F1233,0.027027,0.162162,0.027027,0.000000,0.108108,0.162162,0.054054,0.027027,0.108108,0.027027,0.000000,0.000000,0.027027,0.027027,0.081081,0.027027,0.027027,0.027027,0.000000,0.081081
Negative_F2157,0.041958,0.027972,0.027972,0.062937,0.020979,0.083916,0.013986,0.041958,0.069930,0.069930,0.000000,0.062937,0.034965,0.034965,0.006993,0.118881,0.062937,0.167832,0.006993,0.041958
Negative_F573,0.063830,0.063830,0.031915,0.063830,0.010638,0.074468,0.010638,0.053191,0.000000,0.117021,0.000000,0.010638,0.117021,0.074468,0.127660,0.042553,0.042553,0.074468,0.010638,0.010638
Negative_F1848,0.039216,0.058824,0.078431,0.078431,0.019608,0.058824,0.039216,0.039216,0.078431,0.039216,0.009804,0.039216,0.058824,0.009804,0.068627,0.117647,0.088235,0.058824,0.009804,0.009804
Negative_F136,0.000000,0.000000,0.050000,0.000000,0.000000,0.050000,0.000000,0.050000,0.050000,0.050000,0.000000,0.100000,0.250000,0.000000,0.150000,0.050000,0.050000,0.050000,0.000000,0.100000
Negative_F2131,0.000000,0.000000,0.047619,0.000000,0.142857,0.000000,0.000000,0.142857,0.285714,0.095238,0.000000,0.000000,0.000000,0.047619,0.142857,0.000000,0.000000,0.047619,0.047619,0.000000
Negative_F1009,0.200000,0.100000,0.000000,0.000000,0.050000,0.050000,0.000000,0.200000,0.150000,0.050000,0.050000,0.000000,0.050000,0.000000,0.000000,0.000000,0.050000,0.050000,0.000000,0.000000
Negative_F2382,0.085714,0.142857,0.000000,0.000000,0.028571,0.085714,0.085714,0.028571,0.114286,0.057143,0.000000,0.000000,0.028571,0.028571,0.000000,0.085714,0.200000,0.028571,0.000000,0.000000
Negative_F1630,0.086957,0.086957,0.000000,0.000000,0.086957,0.043478,0.000000,0.086957,0.130435,0.217391,0.000000,0.043478,0.043478,0.000000,0.000000,0.086957,0.000000,0.086957,0.000000,0.000000
Negative_F1875,0.153846,0.000000,0.000000,0.000000,0.153846,0.153846,0.000000,0.153846,0.076923,0.153846,0.000000,0.000000,0.000000,0.000000,0.000000,0.076923,0.000000,0.076923,0.000000,0.000000
Negative_F1493,0.080000,0.000000,0.080000,0.000000,0.040000,0.040000,0.000000,0.200000,0.160000,0.080000,0.040000,0.040000,0.000000,0.040000,0.000000,0.040000,0.080000,0.080000,0.000000,0.000000
Negative_F809,0.193548,0.032258,0.032258,0.000000,0.048387,0.290323,0.016129,0.032258,0.048387,0.064516,0.048387,0.032258,0.032258,0.000000,0.000000,0.032258,0.000000,0.048387,0.016129,0.032258
Negative_F295,0.000000,0.027027,0.000000,0.000000,0.027027,0.135135,0.000000,0.108108,0.189189,0.108108,0.000000,0.000000,0.081081,0.000000,0.162162,0.027027,0.027027,0.081081,0.027027,0.000000
Negative_F886,0.187500,0.000000,0.062500,0.000000,0.062500,0.000000,0.000000,0.062500,0.125000,0.187500,0.000000,0.062500,0.000000,0.000000,0.000000,0.125000,0.000000,0.125000,0.000000,0.000000
Negative_F1710,0.127660,0.000000,0.021277,0.085106,0.063830,0.063830,0.000000,0.000000,0.212766,0.127660,0.000000,0.042553,0.042553,0.021277,0.042553,0.063830,0.000000,0.042553,0.021277,0.021277
Negative_F727,0.031746,0.190476,0.047619,0.047619,0.015873,0.095238,0.015873,0.015873,0.174603,0.047619,0.000000,0.047619,0.047619,0.000000,0.047619,0.095238,0.015873,0.015873,0.000000,0.047619
Negative_F1523,0.052632,0.021053,0.031579,0.042105,0.063158,0.084211,0.042105,0.031579,0.084211,0.073684,0.010526,0.042105,0.031579,0.031579,0.094737,0.073684,0.063158,0.063158,0.042105,0.021053
Negative_F1405,0.200000,0.000000,0.000000,0.040000,0.080000,0.120000,0.000000,0.040000,0.160000,0.120000,0.000000,0.040000,0.040000,0.000000,0.000000,0.040000,0.080000,0.000000,0.040000,0.000000
Negative_F873,0.357143,0.000000,0.071429,0.000000,0.000000,0.142857,0.000000,0.214286,0.142857,0.071429,0.000000,0.000000,0.000000,0.000000,0.000000,0.000000,0.000000,0.000000,0.000000,0.000000
Negative_F1870,0.120000,0.000000,0.000000,0.000000,0.040000,0.080000,0.040000,0.040000,0.200000,0.280000,0.000000,0.040000,0.000000,0.080000,0.000000,0.000000,0.040000,0.000000,0.040000,0.000000
Negative_F1337,0.033333,0.200000,0.000000,0.033333,0.100000,0.133333,0.000000,0.000000,0.066667,0.033333,0.000000,0.033333,0.033333,0.033333,0.066667,0.033333,0.066667,0.033333,0.033333,0.066667
Negative_F1659,0.000000,0.000000,0.000000,0.000000,0.000000,0.000000,0.000000,0.250000,0.166667,0.333333,0.000000,0.000000,0.083333,0.000000,0.083333,0.083333,0.000000,0.000000,0.000000,0.000000
Negative_F449,0.000000,0.028571,0.028571,0.000000,0.028571,0.085714,0.028571,0.057143,0.000000,0.142857,0.000000,0.114286,0.142857,0.000000,0.000000,0.000000,0.142857,0.114286,0.057143,0.028571
Negative_F555,0.000000,0.162162,0.000000,0.000000,0.054054,0.189189,0.054054,0.027027,0.108108,0.000000,0.000000,0.027027,0.027027,0.081081,0.027027,0.054054,0.054054,0.000000,0.000000,0.135135
Negative_F1120,0.000000,0.142857,0.000000,0.047619,0.047619,0.047619,0.000000,0.047619,0.166667,0.119048,0.023810,0.071429,0.047619,0.047619,0.071429,0.047619,0.023810,0.000000,0.023810,0.023810
Negative_F1804,0.121212,0.060606,0.000000,0.000000,0.030303,0.090909,0.000000,0.121212,0.121212,0.090909,0.030303,0.030303,0.000000,0.060606,0.000000,0.121212,0.060606,0.060606,0.000000,0.000000
Negative_F2129,0.100000,0.000000,0.000000,0.000000,0.200000,0.050000,0.000000,0.050000,0.250000,0.100000,0.000000,0.000000,0.050000,0.000000,0.050000,0.050000,0.000000,0.100000,0.000000,0.000000
Negative_F1182,0.000000,0.333333,0.000000,0.000000,0.055556,0.111111,0.000000,0.166667,0.000000,0.055556,0.000000,0.000000,0.000000,0.000000,0.166667,0.000000,0.055556,0.055556,0.000000,0.000000
Negative_F84,0.040000,0.080000,0.000000,0.000000,0.040000,0.120000,0.000000,0.040000,0.160000,0.160000,0.040000,0.080000,0.000000,0.040000,0.000000,0.080000,0.000000,0.120000,0.000000,0.000000
Negative_F473,0.136364,0.000000,0.000000,0.000000,0.045455,0.090909,0.000000,0.136364,0.045455,0.181818,0.000000,0.045455,0.045455,0.000000,0.045455,0.181818,0.000000,0.045455,0.000000,0.000000
Negative_F2130,0.055556,0.000000,0.000000,0.000000,0.055556,0.000000,0.111111,0.000000,0.055556,0.333333,0.000000,0.055556,0.000000,0.000000,0.000000,0.166667,0.055556,0.111111,0.000000,0.000000
Negative_F1114,0.200000,0.050000,0.000000,0.000000,0.000000,0.200000,0.000000,0.050000,0.100000,0.100000,0.000000,0.100000,0.000000,0.000000,0.000000,0.000000,0.100000,0.050000,0.050000,0.000000
Negative_F419,0.050000,0.000000,0.000000,0.000000,0.000000,0.250000,0.000000,0.150000,0.100000,0.250000,0.000000,0.050000,0.050000,0.000000,0.000000,0.000000,0.000000,0.100000,0.000000,0.000000
Negative_F2321,0.078431,0.039216,0.039216,0.000000,0.000000,0.156863,0.058824,0.058824,0.058824,0.039216,0.000000,0.078431,0.117647,0.039216,0.000000,0.058824,0.039216,0.078431,0.039216,0.019608
Negative_F869,0.155556,0.088889,0.011111,0.000000,0.022222,0.033333,0.000000,0.033333,0.033333,0.044444,0.000000,0.088889,0.077778,0.011111,0.055556,0.133333,0.100000,0.100000,0.000000,0.011111
Negative_F2342,0.000000,0.000000,0.000000,0.071429,0.000000,0.000000,0.000000,0.071429,0.000000,0.214286,0.000000,0.000000,0.071429,0.000000,0.214286,0.071429,0.071429,0.214286,0.000000,0.000000
Negative_F2292,0.214286,0.000000,0.000000,0.000000,0.000000,0.000000,0.000000,0.071429,0.214286,0.357143,0.000000,0.071429,0.000000,0.000000,0.000000,0.000000,0.000000,0.071429,0.000000,0.000000
Negative_F34,0.000000,0.146341,0.000000,0.000000,0.048780,0.097561,0.000000,0.048780,0.000000,0.024390,0.048780,0.048780,0.097561,0.073171,0.195122,0.024390,0.024390,0.097561,0.024390,0.000000
Negative_F1075,0.047619,0.000000,0.095238,0.047619,0.047619,0.095238,0.047619,0.047619,0.142857,0.190476,0.047619,0.000000,0.000000,0.000000,0.000000,0.047619,0.000000,0.142857,0.000000,0.000000
Negative_F225,0.000000,0.000000,0.000000,0.000000,0.173913,0.130435,0.173913,0.086957,0.043478,0.086957,0.000000,0.043478,0.000000,0.000000,0.000000,0.043478,0.000000,0.173913,0.000000,0.043478
Negative_F1633,0.076923,0.038462,0.000000,0.000000,0.076923,0.076923,0.000000,0.076923,0.038462,0.115385,0.000000,0.038462,0.153846,0.000000,0.076923,0.000000,0.076923,0.153846,0.000000,0.000000
Negative_F1374,0.052632,0.000000,0.000000,0.000000,0.000000,0.263158,0.000000,0.000000,0.000000,0.157895,0.000000,0.000000,0.263158,0.000000,0.000000,0.157895,0.000000,0.105263,0.000000,0.000000
Negative_F1437,0.040000,0.000000,0.000000,0.000000,0.080000,0.200000,0.160000,0.120000,0.040000,0.200000,0.000000,0.040000,0.000000,0.000000,0.080000,0.000000,0.000000,0.040000,0.000000,0.000000
Negative_F728,0.090909,0.181818,0.015152,0.015152,0.000000,0.090909,0.015152,0.015152,0.060606,0.045455,0.000000,0.060606,0.075758,0.000000,0.106061,0.075758,0.090909,0.015152,0.000000,0.045455
Negative_F702,0.042553,0.170213,0.042553,0.021277,0.021277,0.170213,0.000000,0.021277,0.063830,0.042553,0.063830,0.042553,0.000000,0.106383,0.085106,0.021277,0.000000,0.063830,0.021277,0.000000
Negative_F2044,0.016807,0.100840,0.050420,0.025210,0.050420,0.235294,0.008403,0.033613,0.042017,0.058824,0.000000,0.033613,0.092437,0.033613,0.058824,0.016807,0.042017,0.075630,0.000000,0.025210
Negative_F462,0.043478,0.043478,0.043478,0.043478,0.065217,0.195652,0.021739,0.130435,0.173913,0.043478,0.021739,0.021739,0.000000,0.000000,0.021739,0.021739,0.021739,0.086957,0.000000,0.000000
Negative_F2238,0.090909,0.000000,0.000000,0.000000,0.000000,0.272727,0.090909,0.000000,0.000000,0.000000,0.000000,0.000000,0.272727,0.000000,0.000000,0.090909,0.090909,0.090909,0.000000,0.000000
Negative_F1932,0.000000,0.162791,0.023256,0.000000,0.139535,0.093023,0.046512,0.023256,0.023256,0.023256,0.000000,0.046512,0.000000,0.046512,0.023256,0.186047,0.139535,0.000000,0.000000,0.023256
Negative_F263,0.153846,0.000000,0.076923,0.000000,0.076923,0.076923,0.076923,0.076923,0.076923,0.000000,0.000000,0.000000,0.000000,0.000000,0.000000,0.076923,0.000000,0.230769,0.076923,0.000000
Negative_F576,0.000000,0.146341,0.048780,0.048780,0.048780,0.146341,0.024390,0.048780,0.048780,0.048780,0.000000,0.000000,0.073171,0.024390,0.121951,0.121951,0.000000,0.000000,0.024390,0.024390
Negative_F2074,0.285714,0.000000,0.000000,0.000000,0.000000,0.000000,0.000000,0.000000,0.380952,0.000000,0.000000,0.000000,0.142857,0.000000,0.000000,0.000000,0.142857,0.047619,0.000000,0.000000
Negative_F1305,0.176471,0.117647,0.000000,0.000000,0.176471,0.000000,0.058824,0.058824,0.117647,0.000000,0.000000,0.058824,0.058824,0.000000,0.058824,0.000000,0.058824,0.058824,0.000000,0.000000
Negative_F929,0.048780,0.146341,0.000000,0.073171,0.146341,0.097561,0.000000,0.024390,0.121951,0.024390,0.000000,0.048780,0.048780,0.000000,0.048780,0.073171,0.000000,0.048780,0.024390,0.024390
Negative_F2203,0.000000,0.000000,0.000000,0.000000,0.000000,0.062500,0.000000,0.000000,0.312500,0.125000,0.000000,0.062500,0.000000,0.062500,0.062500,0.000000,0.250000,0.062500,0.000000,0.000000
Negative_F2247,0.090909,0.090909,0.090909,0.000000,0.000000,0.181818,0.090909,0.000000,0.000000,0.090909,0.090909,0.000000,0.000000,0.000000,0.000000,0.000000,0.181818,0.000000,0.000000,0.090909
Negative_F1584,0.176471,0.000000,0.000000,0.029412,0.000000,0.147059,0.029412,0.117647,0.117647,0.058824,0.000000,0.029412,0.000000,0.058824,0.088235,0.000000,0.058824,0.058824,0.029412,0.000000
Negative_F1580,0.000000,0.000000,0.007576,0.000000,0.000000,0.727273,0.000000,0.000000,0.045455,0.121212,0.000000,0.000000,0.000000,0.000000,0.022727,0.000000,0.000000,0.007576,0.000000,0.068182
Negative_F531,0.000000,0.000000,0.000000,0.019231,0.019231,0.038462,0.038462,0.000000,0.057692,0.173077,0.000000,0.000000,0.384615,0.019231,0.173077,0.019231,0.000000,0.000000,0.057692,0.000000
Negative_F932,0.022222,0.133333,0.044444,0.044444,0.022222,0.088889,0.022222,0.022222,0.066667,0.088889,0.000000,0.066667,0.133333,0.000000,0.044444,0.044444,0.066667,0.044444,0.000000,0.044444
Negative_F686,0.037037,0.074074,0.074074,0.000000,0.037037,0.037037,0.000000,0.037037,0.333333,0.074074,0.037037,0.000000,0.000000,0.000000,0.000000,0.037037,0.037037,0.111111,0.074074,0.000000
Negative_F2059,0.045455,0.090909,0.000000,0.090909,0.000000,0.045455,0.000000,0.090909,0.000000,0.090909,0.000000,0.000000,0.136364,0.136364,0.000000,0.000000,0.136364,0.090909,0.000000,0.045455
Negative_F736,0.045455,0.181818,0.000000,0.000000,0.136364,0.090909,0.000000,0.000000,0.090909,0.000000,0.000000,0.045455,0.045455,0.000000,0.000000,0.181818,0.090909,0.000000,0.045455,0.045455
Negative_F2368,0.000000,0.000000,0.071429,0.071429,0.142857,0.000000,0.000000,0.071429,0.142857,0.000000,0.000000,0.071429,0.142857,0.000000,0.000000,0.142857,0.000000,0.071429,0.071429,0.000000
Negative_F643,0.023256,0.139535,0.046512,0.023256,0.000000,0.116279,0.069767,0.000000,0.023256,0.046512,0.023256,0.000000,0.093023,0.069767,0.162791,0.116279,0.023256,0.023256,0.000000,0.000000
Negative_F1212,0.000000,0.000000,0.000000,0.000000,0.125000,0.062500,0.187500,0.062500,0.125000,0.000000,0.000000,0.062500,0.000000,0.187500,0.000000,0.000000,0.000000,0.187500,0.000000,0.000000
Negative_F1609,0.038462,0.000000,0.000000,0.038462,0.076923,0.153846,0.153846,0.038462,0.076923,0.115385,0.038462,0.038462,0.000000,0.000000,0.115385,0.076923,0.000000,0.038462,0.000000,0.000000
Negative_F575,0.026316,0.157895,0.000000,0.000000,0.026316,0.131579,0.026316,0.000000,0.052632,0.078947,0.026316,0.026316,0.078947,0.026316,0.105263,0.026316,0.052632,0.000000,0.026316,0.131579
Negative_F1171,0.250000,0.000000,0.016667,0.000000,0.033333,0.100000,0.000000,0.083333,0.100000,0.100000,0.050000,0.016667,0.000000,0.033333,0.000000,0.050000,0.066667,0.066667,0.016667,0.016667
Negative_F1764,0.062992,0.062992,0.047244,0.007874,0.039370,0.015748,0.062992,0.047244,0.070866,0.070866,0.015748,0.062992,0.078740,0.078740,0.047244,0.078740,0.039370,0.055118,0.015748,0.039370
Negative_F1739,0.084906,0.009434,0.000000,0.028302,0.047170,0.094340,0.009434,0.075472,0.028302,0.066038,0.000000,0.056604,0.037736,0.009434,0.047170,0.122642,0.122642,0.056604,0.018868,0.084906
Negative_F941,0.051282,0.076923,0.012821,0.102564,0.025641,0.025641,0.038462,0.102564,0.076923,0.076923,0.012821,0.038462,0.038462,0.089744,0.012821,0.115385,0.025641,0.064103,0.000000,0.012821
Negative_F907,0.137931,0.068966,0.068966,0.000000,0.034483,0.034483,0.000000,0.068966,0.172414,0.068966,0.034483,0.103448,0.000000,0.000000,0.000000,0.000000,0.103448,0.103448,0.000000,0.000000
Negative_F363,0.055556,0.166667,0.027778,0.000000,0.027778,0.111111,0.027778,0.055556,0.111111,0.027778,0.000000,0.027778,0.027778,0.055556,0.027778,0.083333,0.055556,0.027778,0.000000,0.083333
Negative_F1510,0.053333,0.000000,0.026667,0.040000,0.013333,0.133333,0.053333,0.053333,0.080000,0.053333,0.000000,0.066667,0.080000,0.026667,0.066667,0.080000,0.053333,0.026667,0.066667,0.026667
Negative_F1835,0.000000,0.000000,0.000000,0.000000,0.062500,0.000000,0.000000,0.125000,0.187500,0.125000,0.062500,0.000000,0.062500,0.000000,0.062500,0.125000,0.125000,0.000000,0.000000,0.062500
Negative_F1326,0.166667,0.000000,0.000000,0.000000,0.083333,0.083333,0.000000,0.000000,0.000000,0.250000,0.000000,0.000000,0.083333,0.000000,0.083333,0.083333,0.000000,0.166667,0.000000,0.000000
Negative_F2453,0.258065,0.000000,0.032258,0.064516,0.000000,0.064516,0.000000,0.096774,0.193548,0.000000,0.096774,0.000000,0.000000,0.032258,0.000000,0.064516,0.064516,0.000000,0.032258,0.000000
Negative_F189,0.175000,0.000000,0.050000,0.025000,0.025000,0.100000,0.025000,0.100000,0.050000,0.025000,0.000000,0.025000,0.000000,0.100000,0.100000,0.000000,0.100000,0.075000,0.025000,0.000000
Negative_F1394,0.034483,0.206897,0.000000,0.034483,0.000000,0.068966,0.000000,0.137931,0.034483,0.000000,0.000000,0.034483,0.068966,0.000000,0.034483,0.137931,0.034483,0.103448,0.034483,0.034483
Negative_F834,0.000000,0.120000,0.000000,0.040000,0.080000,0.120000,0.040000,0.080000,0.000000,0.040000,0.040000,0.040000,0.000000,0.080000,0.040000,0.120000,0.080000,0.040000,0.040000,0.000000
Negative_F1229,0.062500,0.000000,0.000000,0.000000,0.125000,0.125000,0.000000,0.125000,0.093750,0.062500,0.000000,0.000000,0.031250,0.062500,0.187500,0.031250,0.000000,0.093750,0.000000,0.000000
Negative_F141,0.000000,0.000000,0.052632,0.078947,0.026316,0.105263,0.263158,0.000000,0.078947,0.026316,0.000000,0.052632,0.000000,0.000000,0.131579,0.078947,0.000000,0.000000,0.000000,0.105263
Negative_F103,0.076923,0.000000,0.000000,0.000000,0.076923,0.000000,0.000000,0.153846,0.076923,0.307692,0.000000,0.000000,0.076923,0.000000,0.076923,0.000000,0.076923,0.076923,0.000000,0.000000
Negative_F877,0.054054,0.054054,0.027027,0.027027,0.054054,0.162162,0.027027,0.054054,0.162162,0.135135,0.027027,0.027027,0.000000,0.027027,0.000000,0.054054,0.054054,0.054054,0.000000,0.000000
Negative_F1225,0.013333,0.133333,0.040000,0.066667,0.026667,0.120000,0.040000,0.013333,0.120000,0.080000,0.013333,0.026667,0.066667,0.000000,0.093333,0.040000,0.026667,0.040000,0.013333,0.026667
Negative_F527,0.027027,0.000000,0.027027,0.027027,0.081081,0.162162,0.000000,0.054054,0.189189,0.108108,0.000000,0.054054,0.027027,0.027027,0.081081,0.027027,0.027027,0.081081,0.000000,0.000000
Negative_F667,0.000000,0.000000,0.000000,0.000000,0.062500,0.187500,0.000000,0.062500,0.062500,0.375000,0.000000,0.000000,0.062500,0.000000,0.000000,0.125000,0.000000,0.062500,0.000000,0.000000
Negative_F1641,0.133333,0.066667,0.033333,0.033333,0.033333,0.166667,0.000000,0.000000,0.133333,0.200000,0.033333,0.066667,0.000000,0.033333,0.000000,0.033333,0.000000,0.033333,0.000000,0.000000
Negative_F1700,0.043478,0.000000,0.000000,0.086957,0.000000,0.304348,0.043478,0.000000,0.000000,0.043478,0.000000,0.000000,0.391304,0.043478,0.000000,0.043478,0.000000,0.000000,0.000000,0.000000
Negative_F853,0.000000,0.093023,0.000000,0.000000,0.000000,0.604651,0.023256,0.046512,0.000000,0.000000,0.000000,0.046512,0.000000,0.023256,0.000000,0.139535,0.000000,0.023256,0.000000,0.000000
Negative_F2208,0.000000,0.000000,0.000000,0.000000,0.000000,0.000000,0.000000,0.000000,0.083333,0.166667,0.000000,0.000000,0.166667,0.000000,0.250000,0.000000,0.250000,0.083333,0.000000,0.000000
Negative_F500,0.116279,0.046512,0.000000,0.046512,0.000000,0.162791,0.023256,0.093023,0.093023,0.023256,0.023256,0.093023,0.000000,0.023256,0.000000,0.069767,0.023256,0.069767,0.046512,0.046512
Negative_F1142,0.000000,0.208333,0.000000,0.000000,0.041667,0.166667,0.000000,0.000000,0.000000,0.041667,0.000000,0.041667,0.083333,0.000000,0.000000,0.208333,0.125000,0.041667,0.041667,0.000000
