ID,CTD_C_hydrophobicity_g1,CTD_C_hydrophobicity_g2,CTD_C_hydrophobicity_g3,CTD_C_vdw_volume_g1,CTD_C_vdw_volume_g2,CTD_C_vdw_volume_g3,CTD_C_polarity_g1,CTD_C_polarity_g2,CTD_C_polarity_g3,CTD_C_polarizability_g1,CTD_C_polarizability_g2,CTD_C_polarizability_g3,CTD_C_charge_g1,CTD_C_charge_g2,CTD_C_charge_g3,CTD_C_secondary_structure_g1,CTD_C_secondary_structure_g2,CTD_C_secondary_structure_g3,CTD_C_solvent_accessibility_g1,CTD_C_solvent_accessibility_g2,CTD_C_solvent_accessibility_g3,CTD_T_hydrophobicity_12,CTD_T_hydrophobicity_13,CTD_T_hydrophobicity_23,CTD_T_vdw_volume_12,CTD_T_vdw_volume_13,CTD_T_vdw_volume_23,CTD_T_polarity_12,CTD_T_polarity_13,CTD_T_polarity_23,CTD_T_polarizability_12,CTD_T_polarizability_13,CTD_T_polarizability_23,CTD_T_charge_12,CTD_T_charge_13,CTD_T_charge_23,CTD_T_secondary_structure_12,CTD_T_secondary_structure_13,CTD_T_secondary_structure_23,CTD_T_solvent_accessibility_12,CTD_T_solvent_accessibility_13,CTD_T_solvent_accessibility_23,CTD_D_hydrophobicity_g1_0,CTD_D_hydrophobicity_g1_25,CTD_D_hydrophobicity_g1_50,CTD_D_hydrophobicity_g1_75,CTD_D_hydrophobicity_g1_100,CTD_D_hydrophobicity_g2_0,CTD_D_hydrophobicity_g2_25,CTD_D_hydrophobicity_g2_50,CTD_D_hydrophobicity_g2_75,CTD_D_hydrophobicity_g2_100,CTD_D_hydrophobicity_g3_0,CTD_D_hydrophobicity_g3_25,CTD_D_hydrophobicity_g3_50,CTD_D_hydrophobicity_g3_75,CTD_D_hydrophobicity_g3_100,CTD_D_vdw_volume_g1_0,CTD_D_vdw_volume_g1_25,CTD_D_vdw_volume_g1_50,CTD_D_vdw_volume_g1_75,CTD_D_vdw_volume_g1_100,CTD_D_vdw_volume_g2_0,CTD_D_vdw_volume_g2_25,CTD_D_vdw_volume_g2_50,CTD_D_vdw_volume_g2_75,CTD_D_vdw_volume_g2_100,CTD_D_vdw_volume_g3_0,CTD_D_vdw_volume_g3_25,CTD_D_vdw_volume_g3_50,CTD_D_vdw_volume_g3_75,CTD_D_vdw_volume_g3_100,CTD_D_polarity_g1_0,CTD_D_polarity_g1_25,CTD_D_polarity_g1_50,CTD_D_polarity_g1_75,CTD_D_polarity_g1_100,CTD_D_polarity_g2_0,CTD_D_polarity_g2_25,CTD_D_polarity_g2_50,CTD_D_polarity_g2_75,CTD_D_polarity_g2_100,CTD_D_polarity_g3_0,CTD_D_polarity_g3_25,CTD_D_polarity_g3_50,CTD_D_polarity_g3_75,CTD_D_polarity_g3_100,CTD_D_polarizability_g1_0,CTD_D_polarizability_g1_25,CTD_D_polarizability_g1_50,CTD_D_polarizability_g1_75,CTD_D_polarizability_g1_100,CTD_D_polarizability_g2_0,CTD_D_polarizability_g2_25,CTD_D_polarizability_g2_50,CTD_D_polarizability_g2_75,CTD_D_polarizability_g2_100,CTD_D_polarizability_g3_0,CTD_D_polarizability_g3_25,CTD_D_polarizability_g3_50,CTD_D_polarizability_g3_75,CTD_D_polarizability_g3_100,CTD_D_charge_g1_0,CTD_D_charge_g1_25,CTD_D_charge_g1_50,CTD_D_charge_g1_75,CTD_D_charge_g1_100,CTD_D_charge_g2_0,CTD_D_charge_g2_25,CTD_D_charge_g2_50,CTD_D_charge_g2_75,CTD_D_charge_g2_100,CTD_D_charge_g3_0,CTD_D_charge_g3_25,CTD_D_charge_g3_50,CTD_D_charge_g3_75,CTD_D_charge_g3_100,CTD_D_secondary_structure_g1_0,CTD_D_secondary_structure_g1_25,CTD_D_secondary_structure_g1_50,CTD_D_secondary_structure_g1_75,CTD_D_secondary_structure_g1_100,CTD_D_secondary_structure_g2_0,CTD_D_secondary_structure_g2_25,CTD_D_secondary_structure_g2_50,CTD_D_secondary_structure_g2_75,CTD_D_secondary_structure_g2_100,CTD_D_secondary_structure_g3_0,CTD_D_secondary_structure_g3_25,CTD_D_secondary_structure_g3_50,CTD_D_secondary_structure_g3_75,CTD_D_secondary_structure_g3_100,CTD_D_solvent_accessibility_g1_0,CTD_D_solvent_accessibility_g1_25,CTD_D_solvent_accessibility_g1_50,CTD_D_solvent_accessibility_g1_75,CTD_D_solvent_accessibility_g1_100,CTD_D_solvent_accessibility_g2_0,CTD_D_solvent_accessibility_g2_25,CTD_D_solvent_accessibility_g2_50,CTD_D_solvent_accessibility_g2_75,CTD_D_solvent_accessibility_g2_100,CTD_D_solvent_accessibility_g3_0,CTD_D_solvent_accessibility_g3_25,CTD_D_solvent_accessibility_g3_50,CTD_D_solvent_accessibility_g3_75,CTD_D_solvent_accessibility_g3_100
Positive_1708,0.500000,0.000000,0.500000,0.000000,0.000000,1.000000,0.500000,0.000000,0.500000,0.000000,0.000000,1.000000,0.500000,0.500000,0.000000,0.500000,0.500000,0.000000,0.500000,0.500000,0.000000,0.000000,1.000000,0.000000,0.000000,0.000000,0.000000,0.000000,1.000000,0.000000,0.000000,0.000000,0.000000,1.000000,0.000000,0.000000,1.000000,0.000000,0.000000,1.000000,0.000000,0.000000,100.000000,100.000000,100.000000,100.000000,100.000000,0.000000,0.000000,0.000000,0.000000,0.000000,50.000000,50.000000,50.000000,50.000000,50.000000,0.000000,0.000000,0.000000,0.000000,0.000000,0.000000,0.000000,0.000000,0.000000,0.000000,50.000000,50.000000,50.000000,100.000000,100.000000,50.000000,50.000000,50.000000,50.000000,50.000000,0.000000,0.000000,0.000000,0.000000,0.000000,100.000000,100.000000,100.000000,100.000000,100.000000,0.000000,0.000000,0.000000,0.000000,0.000000,0.000000,0.000000,0.000000,0.000000,0.000000,50.000000,50.000000,50.000000,100.000000,100.000000,100.000000,100.000000,100.000000,100.000000,100.000000,50.000000,50.000000,50.000000,50.000000,50.000000,0.000000,0.000000,0.000000,0.000000,0.000000,100.000000,100.000000,100.000000,100.000000,100.000000,50.000000,50.000000,50.000000,50.000000,50.000000,0.000000,0.000000,0.000000,0.000000,0.000000,50.000000,50.000000,50.000000,50.000000,50.000000,100.000000,100.000000,100.000000,100.000000,100.000000,0.000000,0.000000,0.000000,0.000000,0.000000
Positive_1579,0.000000,0.588235,0.411765,0.882353,0.117647,0.000000,0.411765,0.588235,0.000000,0.588235,0.411765,0.000000,0.000000,1.000000,0.000000,0.117647,0.588235,0.294118,0.529412,0.000000,0.470588,0.000000,0.000000,0.562500,0.187500,0.000000,0.000000,0.562500,0.000000,0.000000,0.562500,0.000000,0.000000,0.000000,0.000000,0.000000,0.062500,0.187500,0.250000,0.000000,0.687500,0.000000,0.000000,0.000000,0.000000,0.000000,0.000000,11.764706,23.529412,41.176471,82.352941,100.000000,5.882353,35.294118,58.823529,76.470588,88.235294,11.764706,29.411765,52.941176,82.352941,100.000000,5.882353,5.882353,5.882353,58.823529,58.823529,0.000000,0.000000,0.000000,0.000000,0.000000,5.882353,35.294118,58.823529,76.470588,88.235294,11.764706,23.529412,41.176471,82.352941,100.000000,0.000000,0.000000,0.000000,0.000000,0.000000,11.764706,23.529412,41.176471,82.352941,100.000000,5.882353,35.294118,58.823529,76.470588,88.235294,0.000000,0.000000,0.000000,0.000000,0.000000,0.000000,0.000000,0.000000,0.000000,0.000000,5.882353,29.411765,52.941176,76.470588,100.000000,0.000000,0.000000,0.000000,0.000000,0.000000,11.764706,11.764706,11.764706,23.529412,23.529412,5.882353,41.176471,52.941176,70.588235,88.235294,17.647059,29.411765,82.352941,94.117647,100.000000,5.882353,23.529412,52.941176,64.705882,88.235294,0.000000,0.000000,0.000000,0.000000,0.000000,17.647059,29.411765,47.058824,82.352941,100.000000
Positive_1364,0.342105,0.315789,0.342105,0.368421,0.315789,0.315789,0.342105,0.315789,0.342105,0.315789,0.368421,0.315789,0.236842,0.710526,0.052632,0.526316,0.236842,0.236842,0.578947,0.342105,0.078947,0.216216,0.270270,0.243243,0.270270,0.189189,0.216216,0.243243,0.270270,0.216216,0.324324,0.135135,0.270270,0.405405,0.027027,0.081081,0.351351,0.216216,0.135135,0.459459,0.054054,0.027027,7.894737,23.684211,39.473684,50.000000,92.105263,5.263158,52.631579,68.421053,84.210526,100.000000,2.631579,18.421053,44.736842,73.684211,97.368421,5.263158,52.631579,68.421053,86.842105,100.000000,15.789474,34.210526,50.000000,73.684211,97.368421,2.631579,10.526316,21.052632,39.473684,92.105263,2.631579,18.421053,44.736842,73.684211,97.368421,5.263158,52.631579,68.421053,84.210526,100.000000,7.894737,23.684211,39.473684,50.000000,92.105263,28.947368,52.631579,71.052632,86.842105,100.000000,5.263158,34.210526,50.000000,73.684211,97.368421,2.631579,10.526316,21.052632,39.473684,92.105263,7.894737,21.052632,31.578947,47.368421,92.105263,2.631579,34.210526,57.894737,78.947368,100.000000,28.947368,28.947368,28.947368,86.842105,86.842105,2.631579,21.052632,47.368421,71.052632,94.736842,10.526316,26.315789,44.736842,73.684211,97.368421,5.263158,36.842105,65.789474,84.210526,100.000000,10.526316,36.842105,63.157895,81.578947,100.000000,7.894737,23.684211,39.473684,50.000000,92.105263,2.631579,2.631579,5.263158,68.421053,68.421053
Positive_1214,0.333333,0.285714,0.380952,0.190476,0.000000,0.809524,0.380952,0.190476,0.428571,0.190476,0.000000,0.809524,0.333333,0.666667,0.000000,0.523810,0.380952,0.095238,0.571429,0.333333,0.095238,0.150000,0.300000,0.300000,0.000000,0.250000,0.000000,0.200000,0.400000,0.050000,0.000000,0.250000,0.000000,0.450000,0.000000,0.000000,0.500000,0.050000,0.100000,0.350000,0.100000,0.100000,14.285714,19.047619,61.904762,80.952381,100.000000,4.761905,28.571429,47.619048,76.190476,95.238095,9.523810,23.809524,42.857143,71.428571,90.476190,4.761905,4.761905,47.619048,52.380952,95.238095,0.000000,0.000000,0.000000,0.000000,0.000000,9.523810,28.571429,57.142857,76.190476,100.000000,9.523810,23.809524,42.857143,71.428571,90.476190,4.761905,4.761905,47.619048,52.380952,95.238095,14.285714,28.571429,61.904762,76.190476,100.000000,4.761905,4.761905,47.619048,52.380952,95.238095,0.000000,0.000000,0.000000,0.000000,0.000000,9.523810,28.571429,57.142857,76.190476,100.000000,14.285714,19.047619,61.904762,80.952381,100.000000,4.761905,28.571429,47.619048,76.190476,95.238095,0.000000,0.000000,0.000000,0.000000,0.000000,14.285714,28.571429,61.904762,80.952381,100.000000,9.523810,23.809524,42.857143,71.428571,90.476190,4.761905,4.761905,4.761905,52.380952,52.380952,4.761905,23.809524,47.619048,71.428571,95.238095,14.285714,19.047619,61.904762,80.952381,100.000000,28.571429,28.571429,28.571429,76.190476,76.190476
Positive_1052,0.166667,0.583333,0.250000,0.666667,0.250000,0.083333,0.250000,0.583333,0.166667,0.583333,0.333333,0.083333,0.083333,0.833333,0.083333,0.500000,0.166667,0.333333,0.750000,0.166667,0.083333,0.272727,0.000000,0.363636,0.363636,0.090909,0.000000,0.363636,0.000000,0.272727,0.545455,0.090909,0.000000,0.090909,0.000000,0.181818,0.272727,0.272727,0.090909,0.272727,0.181818,0.000000,83.333333,83.333333,83.333333,100.000000,100.000000,8.333333,16.666667,33.333333,75.000000,91.666667,41.666667,41.666667,58.333333,66.666667,66.666667,8.333333,16.666667,33.333333,75.000000,91.666667,41.666667,41.666667,58.333333,66.666667,66.666667,100.000000,100.000000,100.000000,100.000000,100.000000,41.666667,41.666667,58.333333,66.666667,66.666667,8.333333,16.666667,33.333333,75.000000,91.666667,83.333333,83.333333,83.333333,100.000000,100.000000,8.333333,16.666667,50.000000,83.333333,91.666667,25.000000,25.000000,41.666667,58.333333,66.666667,100.000000,100.000000,100.000000,100.000000,100.000000,100.000000,100.000000,100.000000,100.000000,100.000000,8.333333,25.000000,41.666667,66.666667,91.666667,83.333333,83.333333,83.333333,83.333333,83.333333,8.333333,33.333333,50.000000,91.666667,100.000000,41.666667,41.666667,41.666667,66.666667,66.666667,16.666667,16.666667,25.000000,75.000000,83.333333,8.333333,33.333333,50.000000,66.666667,91.666667,83.333333,83.333333,83.333333,100.000000,100.000000,25.000000,25.000000,25.000000,25.000000,25.000000
Positive_1161,0.000000,0.500000,0.500000,0.500000,0.000000,0.500000,0.500000,0.500000,0.000000,0.500000,0.000000,0.500000,0.000000,1.000000,0.000000,0.000000,0.500000,0.500000,1.000000,0.000000,0.000000,0.000000,0.000000,1.000000,0.000000,1.000000,0.000000,1.000000,0.000000,0.000000,0.000000,1.000000,0.000000,0.000000,0.000000,0.000000,0.000000,0.000000,1.000000,0.000000,0.000000,0.000000,0.000000,0.000000,0.000000,0.000000,0.000000,50.000000,50.000000,50.000000,50.000000,50.000000,100.000000,100.000000,100.000000,100.000000,100.000000,50.000000,50.000000,50.000000,50.000000,50.000000,0.000000,0.000000,0.000000,0.000000,0.000000,100.000000,100.000000,100.000000,100.000000,100.000000,100.000000,100.000000,100.000000,100.000000,100.000000,50.000000,50.000000,50.000000,50.000000,50.000000,0.000000,0.000000,0.000000,0.000000,0.000000,50.000000,50.000000,50.000000,50.000000,50.000000,0.000000,0.000000,0.000000,0.000000,0.000000,100.000000,100.000000,100.000000,100.000000,100.000000,0.000000,0.000000,0.000000,0.000000,0.000000,50.000000,50.000000,50.000000,100.000000,100.000000,0.000000,0.000000,0.000000,0.000000,0.000000,0.000000,0.000000,0.000000,0.000000,0.000000,100.000000,100.000000,100.000000,100.000000,100.000000,50.000000,50.000000,50.000000,50.000000,50.000000,50.000000,50.000000,50.000000,100.000000,100.000000,0.000000,0.000000,0.000000,0.000000,0.000000,0.000000,0.000000,0.000000,0.000000,0.000000
Positive_1644,0.000000,0.500000,0.500000,0.833333,0.166667,0.000000,0.500000,0.500000,0.000000,0.500000,0.500000,0.000000,0.000000,1.000000,0.000000,0.333333,0.666667,0.000000,0.833333,0.000000,0.166667,0.000000,0.000000,0.200000,0.400000,0.000000,0.000000,0.200000,0.000000,0.000000,0.200000,0.000000,0.000000,0.000000,0.000000,0.000000,0.600000,0.000000,0.000000,0.000000,0.400000,0.000000,0.000000,0.000000,0.000000,0.000000,0.000000,16.666667,16.666667,33.333333,50.000000,50.000000,66.666667,66.666667,83.333333,100.000000,100.000000,16.666667,33.333333,50.000000,66.666667,100.000000,83.333333,83.333333,83.333333,83.333333,83.333333,0.000000,0.000000,0.000000,0.000000,0.000000,66.666667,66.666667,83.333333,100.000000,100.000000,16.666667,16.666667,33.333333,50.000000,50.000000,0.000000,0.000000,0.000000,0.000000,0.000000,16.666667,16.666667,33.333333,50.000000,50.000000,66.666667,66.666667,83.333333,100.000000,100.000000,0.000000,0.000000,0.000000,0.000000,0.000000,0.000000,0.000000,0.000000,0.000000,0.000000,16.666667,33.333333,50.000000,83.333333,100.000000,0.000000,0.000000,0.000000,0.000000,0.000000,16.666667,16.666667,16.666667,50.000000,50.000000,33.333333,33.333333,66.666667,83.333333,100.000000,0.000000,0.000000,0.000000,0.000000,0.000000,16.666667,50.000000,66.666667,83.333333,100.000000,0.000000,0.000000,0.000000,0.000000,0.000000,33.333333,33.333333,33.333333,33.333333,33.333333
Positive_1187,0.500000,0.000000,0.500000,0.500000,0.000000,0.500000,0.500000,0.000000,0.500000,0.000000,0.500000,0.500000,0.500000,0.500000,0.000000,0.500000,0.500000,0.000000,0.500000,0.500000,0.000000,0.000000,0.800000,0.000000,0.000000,0.800000,0.000000,0.000000,0.800000,0.000000,0.000000,0.000000,0.800000,0.800000,0.000000,0.000000,0.800000,0.000000,0.000000,0.800000,0.000000,0.000000,16.666667,16.666667,66.666667,100.000000,100.000000,0.000000,0.000000,0.000000,0.000000,0.000000,33.333333,33.333333,50.000000,83.333333,83.333333,33.333333,33.333333,50.000000,83.333333,83.333333,0.000000,0.000000,0.000000,0.000000,0.000000,16.666667,16.666667,66.666667,100.000000,100.000000,33.333333,33.333333,50.000000,83.333333,83.333333,0.000000,0.000000,0.000000,0.000000,0.000000,16.666667,16.666667,66.666667,100.000000,100.000000,0.000000,0.000000,0.000000,0.000000,0.000000,33.333333,33.333333,50.000000,83.333333,83.333333,16.666667,16.666667,66.666667,100.000000,100.000000,16.666667,16.666667,66.666667,100.000000,100.000000,33.333333,33.333333,50.000000,83.333333,83.333333,0.000000,0.000000,0.000000,0.000000,0.000000,16.666667,16.666667,66.666667,100.000000,100.000000,33.333333,33.333333,50.000000,83.333333,83.333333,0.000000,0.000000,0.000000,0.000000,0.000000,33.333333,33.333333,50.000000,83.333333,83.333333,16.666667,16.666667,66.666667,100.000000,100.000000,0.000000,0.000000,0.000000,0.000000,0.000000
Positive_1226,0.320000,0.240000,0.440000,0.240000,0.400000,0.360000,0.440000,0.240000,0.320000,0.200000,0.440000,0.360000,0.320000,0.680000,0.000000,0.920000,0.040000,0.040000,0.640000,0.320000,0.040000,0.000000,0.250000,0.416667,0.416667,0.000000,0.250000,0.416667,0.250000,0.000000,0.416667,0.000000,0.250000,0.250000,0.000000,0.000000,0.083333,0.083333,0.000000,0.250000,0.083333,0.000000,4.000000,8.000000,40.000000,68.000000,100.000000,16.000000,28.000000,52.000000,76.000000,88.000000,12.000000,24.000000,48.000000,80.000000,92.000000,16.000000,28.000000,52.000000,76.000000,88.000000,12.000000,24.000000,48.000000,80.000000,92.000000,4.000000,36.000000,44.000000,68.000000,100.000000,12.000000,24.000000,48.000000,80.000000,92.000000,16.000000,28.000000,52.000000,76.000000,88.000000,4.000000,8.000000,40.000000,68.000000,100.000000,16.000000,28.000000,56.000000,76.000000,88.000000,12.000000,24.000000,52.000000,80.000000,92.000000,4.000000,36.000000,44.000000,68.000000,100.000000,4.000000,8.000000,40.000000,68.000000,100.000000,12.000000,28.000000,52.000000,76.000000,92.000000,0.000000,0.000000,0.000000,0.000000,0.000000,4.000000,24.000000,56.000000,80.000000,100.000000,44.000000,44.000000,44.000000,44.000000,44.000000,52.000000,52.000000,52.000000,52.000000,52.000000,12.000000,24.000000,48.000000,76.000000,92.000000,4.000000,8.000000,40.000000,68.000000,100.000000,52.000000,52.000000,52.000000,52.000000,52.000000
Positive_1369,0.181818,0.545455,0.272727,0.545455,0.227273,0.227273,0.272727,0.545455,0.181818,0.545455,0.227273,0.227273,0.181818,0.818182,0.000000,0.681818,0.136364,0.181818,0.727273,0.181818,0.090909,0.238095,0.142857,0.428571,0.333333,0.333333,0.142857,0.428571,0.142857,0.238095,0.333333,0.333333,0.142857,0.380952,0.000000,0.000000,0.285714,0.333333,0.000000,0.333333,0.142857,0.047619,22.727273,22.727273,54.545455,68.181818,86.363636,4.545455,18.181818,36.363636,63.636364,100.000000,9.090909,40.909091,59.090909,81.818182,95.454545,4.545455,18.181818,36.363636,63.636364,100.000000,40.909091,59.090909,72.727273,81.818182,95.454545,9.090909,22.727273,54.545455,68.181818,86.363636,9.090909,40.909091,59.090909,81.818182,95.454545,4.545455,18.181818,36.363636,63.636364,100.000000,22.727273,22.727273,54.545455,68.181818,86.363636,4.545455,18.181818,36.363636,63.636364,100.000000,40.909091,59.090909,72.727273,81.818182,95.454545,9.090909,22.727273,54.545455,68.181818,86.363636,22.727273,22.727273,54.545455,68.181818,86.363636,4.545455,27.272727,45.454545,77.272727,100.000000,0.000000,0.000000,0.000000,0.000000,0.000000,9.090909,27.272727,63.636364,86.363636,100.000000,40.909091,40.909091,59.090909,72.727273,72.727273,4.545455,4.545455,18.181818,31.818182,50.000000,4.545455,31.818182,50.000000,77.272727,100.000000,22.727273,22.727273,54.545455,68.181818,86.363636,9.090909,9.090909,9.090909,18.181818,18.181818
Positive_1051,0.400000,0.200000,0.400000,0.200000,0.600000,0.200000,0.400000,0.200000,0.400000,0.200000,0.600000,0.200000,0.200000,0.800000,0.000000,0.600000,0.200000,0.200000,0.600000,0.400000,0.000000,0.250000,0.250000,0.250000,0.500000,0.000000,0.250000,0.250000,0.250000,0.250000,0.500000,0.000000,0.250000,0.250000,0.000000,0.000000,0.250000,0.250000,0.250000,0.500000,0.000000,0.000000,20.000000,20.000000,20.000000,100.000000,100.000000,40.000000,40.000000,40.000000,40.000000,40.000000,60.000000,60.000000,60.000000,80.000000,80.000000,40.000000,40.000000,40.000000,40.000000,40.000000,20.000000,20.000000,60.000000,80.000000,80.000000,100.000000,100.000000,100.000000,100.000000,100.000000,60.000000,60.000000,60.000000,80.000000,80.000000,40.000000,40.000000,40.000000,40.000000,40.000000,20.000000,20.000000,20.000000,100.000000,100.000000,40.000000,40.000000,40.000000,40.000000,40.000000,20.000000,20.000000,60.000000,80.000000,80.000000,100.000000,100.000000,100.000000,100.000000,100.000000,100.000000,100.000000,100.000000,100.000000,100.000000,20.000000,20.000000,40.000000,60.000000,80.000000,0.000000,0.000000,0.000000,0.000000,0.000000,20.000000,20.000000,80.000000,100.000000,100.000000,60.000000,60.000000,60.000000,60.000000,60.000000,40.000000,40.000000,40.000000,40.000000,40.000000,40.000000,40.000000,60.000000,80.000000,80.000000,20.000000,20.000000,20.000000,100.000000,100.000000,0.000000,0.000000,0.000000,0.000000,0.000000
Positive_1392,0.320000,0.160000,0.520000,0.120000,0.520000,0.360000,0.560000,0.120000,0.320000,0.120000,0.520000,0.360000,0.160000,0.840000,0.000000,0.480000,0.480000,0.040000,0.440000,0.320000,0.240000,0.125000,0.416667,0.208333,0.083333,0.166667,0.416667,0.166667,0.458333,0.083333,0.083333,0.166667,0.416667,0.333333,0.000000,0.000000,0.500000,0.041667,0.041667,0.333333,0.208333,0.208333,8.000000,20.000000,44.000000,88.000000,100.000000,48.000000,48.000000,56.000000,80.000000,92.000000,4.000000,24.000000,40.000000,64.000000,84.000000,56.000000,56.000000,80.000000,92.000000,92.000000,4.000000,20.000000,40.000000,60.000000,100.000000,8.000000,36.000000,72.000000,84.000000,96.000000,4.000000,24.000000,40.000000,64.000000,84.000000,56.000000,56.000000,80.000000,92.000000,92.000000,8.000000,20.000000,44.000000,88.000000,100.000000,56.000000,56.000000,80.000000,92.000000,92.000000,4.000000,20.000000,40.000000,60.000000,100.000000,8.000000,36.000000,72.000000,84.000000,96.000000,8.000000,8.000000,28.000000,88.000000,96.000000,4.000000,32.000000,52.000000,72.000000,100.000000,0.000000,0.000000,0.000000,0.000000,0.000000,8.000000,20.000000,64.000000,84.000000,100.000000,4.000000,24.000000,40.000000,56.000000,92.000000,80.000000,80.000000,80.000000,80.000000,80.000000,4.000000,16.000000,36.000000,60.000000,76.000000,8.000000,20.000000,44.000000,88.000000,100.000000,48.000000,56.000000,72.000000,84.000000,92.000000
Positive_1049,0.333333,0.333333,0.333333,0.333333,0.000000,0.666667,0.333333,0.333333,0.333333,0.000000,0.333333,0.666667,0.333333,0.666667,0.000000,0.666667,0.000000,0.333333,0.000000,0.333333,0.666667,0.500000,0.000000,0.500000,0.000000,1.000000,0.000000,0.500000,0.000000,0.500000,0.000000,0.000000,1.000000,0.500000,0.000000,0.000000,0.000000,1.000000,0.000000,0.000000,0.000000,0.500000,100.000000,100.000000,100.000000,100.000000,100.000000,66.666667,66.666667,66.666667,66.666667,66.666667,33.333333,33.333333,33.333333,33.333333,33.333333,66.666667,66.666667,66.666667,66.666667,66.666667,0.000000,0.000000,0.000000,0.000000,0.000000,33.333333,33.333333,33.333333,100.000000,100.000000,33.333333,33.333333,33.333333,33.333333,33.333333,66.666667,66.666667,66.666667,66.666667,66.666667,100.000000,100.000000,100.000000,100.000000,100.000000,0.000000,0.000000,0.000000,0.000000,0.000000,66.666667,66.666667,66.666667,66.666667,66.666667,33.333333,33.333333,33.333333,100.000000,100.000000,100.000000,100.000000,100.000000,100.000000,100.000000,33.333333,33.333333,33.333333,66.666667,66.666667,0.000000,0.000000,0.000000,0.000000,0.000000,33.333333,33.333333,33.333333,100.000000,100.000000,0.000000,0.000000,0.000000,0.000000,0.000000,66.666667,66.666667,66.666667,66.666667,66.666667,0.000000,0.000000,0.000000,0.000000,0.000000,100.000000,100.000000,100.000000,100.000000,100.000000,33.333333,33.333333,33.333333,66.666667,66.666667
Positive_1220,0.461538,0.538462,0.000000,0.461538,0.230769,0.307692,0.000000,0.461538,0.538462,0.384615,0.307692,0.307692,0.230769,0.538462,0.230769,0.769231,0.000000,0.230769,0.307692,0.461538,0.230769,0.500000,0.000000,0.000000,0.250000,0.250000,0.000000,0.000000,0.000000,0.500000,0.166667,0.166667,0.083333,0.250000,0.000000,0.250000,0.000000,0.500000,0.000000,0.333333,0.166667,0.166667,7.692308,15.384615,38.461538,92.307692,100.000000,23.076923,30.769231,53.846154,69.230769,84.615385,0.000000,0.000000,0.000000,0.000000,0.000000,23.076923,46.153846,53.846154,69.230769,84.615385,7.692308,7.692308,15.384615,76.923077,76.923077,30.769231,30.769231,38.461538,92.307692,100.000000,0.000000,0.000000,0.000000,0.000000,0.000000,23.076923,46.153846,53.846154,69.230769,84.615385,7.692308,15.384615,38.461538,92.307692,100.000000,46.153846,53.846154,61.538462,69.230769,84.615385,7.692308,7.692308,15.384615,23.076923,76.923077,30.769231,30.769231,38.461538,92.307692,100.000000,38.461538,38.461538,92.307692,100.000000,100.000000,23.076923,30.769231,53.846154,69.230769,84.615385,7.692308,7.692308,15.384615,76.923077,76.923077,7.692308,30.769231,46.153846,76.923077,100.000000,0.000000,0.000000,0.000000,0.000000,0.000000,23.076923,23.076923,61.538462,84.615385,84.615385,46.153846,46.153846,53.846154,69.230769,84.615385,7.692308,15.384615,38.461538,92.307692,100.000000,23.076923,23.076923,30.769231,61.538462,61.538462
Positive_1634,0.319444,0.347222,0.333333,0.375000,0.263889,0.361111,0.375000,0.250000,0.375000,0.250000,0.388889,0.361111,0.152778,0.750000,0.097222,0.402778,0.388889,0.208333,0.458333,0.319444,0.222222,0.197183,0.225352,0.323944,0.239437,0.309859,0.183099,0.295775,0.309859,0.140845,0.239437,0.197183,0.295775,0.225352,0.056338,0.112676,0.380282,0.154930,0.225352,0.267606,0.239437,0.154930,4.166667,16.666667,48.611111,73.611111,90.277778,1.388889,26.388889,51.388889,66.666667,98.611111,2.777778,27.777778,50.000000,81.944444,100.000000,1.388889,36.111111,59.722222,81.944444,98.611111,5.555556,23.611111,37.500000,69.444444,94.444444,2.777778,13.888889,45.833333,80.555556,100.000000,2.777778,27.777778,52.777778,81.944444,100.000000,1.388889,26.388889,47.222222,79.166667,98.611111,4.166667,16.666667,48.611111,73.611111,90.277778,1.388889,30.555556,51.388889,70.833333,98.611111,5.555556,27.777778,48.611111,72.222222,95.833333,2.777778,13.888889,45.833333,80.555556,100.000000,4.166667,12.500000,41.666667,76.388889,90.277778,1.388889,27.777778,50.000000,79.166667,100.000000,5.555556,23.611111,65.277778,73.611111,77.777778,4.166667,19.444444,41.666667,73.611111,97.222222,2.777778,26.388889,47.222222,72.222222,100.000000,1.388889,44.444444,63.888889,84.722222,98.611111,1.388889,31.944444,52.777778,81.944444,100.000000,4.166667,16.666667,48.611111,73.611111,90.277778,8.333333,25.000000,40.277778,61.111111,97.222222
Positive_1178,0.000000,0.250000,0.750000,0.250000,0.500000,0.250000,0.750000,0.250000,0.000000,0.000000,0.750000,0.250000,0.000000,1.000000,0.000000,0.250000,0.500000,0.250000,0.750000,0.000000,0.250000,0.000000,0.000000,0.428571,0.142857,0.285714,0.285714,0.428571,0.000000,0.000000,0.000000,0.000000,0.571429,0.000000,0.000000,0.000000,0.571429,0.000000,0.428571,0.000000,0.428571,0.000000,0.000000,0.000000,0.000000,0.000000,0.000000,50.000000,50.000000,50.000000,100.000000,100.000000,12.500000,25.000000,37.500000,75.000000,87.500000,50.000000,50.000000,50.000000,100.000000,100.000000,12.500000,12.500000,25.000000,62.500000,75.000000,37.500000,37.500000,37.500000,87.500000,87.500000,12.500000,25.000000,37.500000,75.000000,87.500000,50.000000,50.000000,50.000000,100.000000,100.000000,0.000000,0.000000,0.000000,0.000000,0.000000,0.000000,0.000000,0.000000,0.000000,0.000000,12.500000,25.000000,50.000000,75.000000,100.000000,37.500000,37.500000,37.500000,87.500000,87.500000,0.000000,0.000000,0.000000,0.000000,0.000000,12.500000,25.000000,50.000000,75.000000,100.000000,0.000000,0.000000,0.000000,0.000000,0.000000,25.000000,25.000000,25.000000,75.000000,75.000000,12.500000,12.500000,37.500000,62.500000,87.500000,50.000000,50.000000,50.000000,100.000000,100.000000,12.500000,25.000000,37.500000,75.000000,87.500000,0.000000,0.000000,0.000000,0.000000,0.000000,50.000000,50.000000,50.000000,100.000000,100.000000
Positive_NA13,0.361111,0.305556,0.333333,0.305556,0.361111,0.333333,0.333333,0.305556,0.361111,0.277778,0.388889,0.333333,0.250000,0.694444,0.055556,0.527778,0.250000,0.222222,0.583333,0.361111,0.055556,0.200000,0.285714,0.228571,0.285714,0.142857,0.228571,0.228571,0.285714,0.200000,0.342857,0.142857,0.228571,0.400000,0.028571,0.085714,0.342857,0.257143,0.057143,0.457143,0.085714,0.028571,2.777778,19.444444,36.111111,47.222222,91.666667,33.333333,61.111111,69.444444,88.888889,100.000000,5.555556,13.888889,41.666667,72.222222,97.222222,33.333333,61.111111,69.444444,88.888889,100.000000,11.111111,38.888889,52.777778,77.777778,97.222222,2.777778,8.333333,19.444444,36.111111,91.666667,5.555556,13.888889,41.666667,72.222222,97.222222,33.333333,61.111111,69.444444,88.888889,100.000000,2.777778,19.444444,36.111111,47.222222,91.666667,33.333333,61.111111,69.444444,88.888889,100.000000,11.111111,38.888889,52.777778,77.777778,97.222222,2.777778,8.333333,19.444444,36.111111,91.666667,2.777778,16.666667,27.777778,44.444444,91.666667,5.555556,38.888889,61.111111,77.777778,100.000000,25.000000,25.000000,25.000000,86.111111,86.111111,2.777778,25.000000,58.333333,86.111111,97.222222,5.555556,13.888889,41.666667,55.555556,77.777778,33.333333,38.888889,50.000000,66.666667,100.000000,5.555556,41.666667,63.888889,80.555556,100.000000,2.777778,19.444444,36.111111,47.222222,91.666667,30.555556,30.555556,30.555556,66.666667,66.666667
Positive_1125,0.272727,0.303030,0.424242,0.424242,0.393939,0.181818,0.484848,0.212121,0.303030,0.181818,0.636364,0.181818,0.090909,0.878788,0.030303,0.363636,0.393939,0.242424,0.575758,0.272727,0.151515,0.187500,0.250000,0.281250,0.312500,0.218750,0.093750,0.218750,0.312500,0.125000,0.218750,0.125000,0.187500,0.187500,0.000000,0.062500,0.343750,0.187500,0.187500,0.343750,0.218750,0.093750,21.212121,45.454545,60.606061,75.757576,96.969697,3.030303,18.181818,39.393939,63.636364,81.818182,6.060606,27.272727,54.545455,87.878788,100.000000,3.030303,21.212121,42.424242,63.636364,87.878788,12.121212,30.303030,48.484848,90.909091,100.000000,18.181818,33.333333,60.606061,78.787879,84.848485,6.060606,27.272727,54.545455,78.787879,100.000000,3.030303,9.090909,42.424242,63.636364,81.818182,18.181818,24.242424,48.484848,75.757576,96.969697,3.030303,9.090909,21.212121,63.636364,81.818182,6.060606,30.303030,51.515152,72.727273,100.000000,18.181818,33.333333,60.606061,78.787879,84.848485,60.606061,60.606061,75.757576,84.848485,84.848485,3.030303,27.272727,48.484848,72.727273,100.000000,21.212121,21.212121,21.212121,21.212121,21.212121,3.030303,18.181818,60.606061,75.757576,96.969697,6.060606,30.303030,54.545455,78.787879,100.000000,9.090909,21.212121,39.393939,51.515152,81.818182,3.030303,15.151515,54.545455,81.818182,100.000000,21.212121,45.454545,60.606061,75.757576,96.969697,18.181818,33.333333,39.393939,51.515152,78.787879
Positive_1238,0.320000,0.400000,0.280000,0.320000,0.240000,0.440000,0.280000,0.320000,0.400000,0.280000,0.280000,0.440000,0.320000,0.680000,0.000000,0.920000,0.040000,0.040000,0.560000,0.320000,0.120000,0.250000,0.166667,0.333333,0.333333,0.250000,0.166667,0.333333,0.166667,0.250000,0.333333,0.250000,0.166667,0.416667,0.000000,0.000000,0.083333,0.083333,0.000000,0.333333,0.166667,0.083333,4.000000,8.000000,40.000000,84.000000,100.000000,12.000000,28.000000,52.000000,76.000000,92.000000,16.000000,32.000000,48.000000,72.000000,88.000000,12.000000,28.000000,52.000000,68.000000,92.000000,16.000000,32.000000,48.000000,72.000000,88.000000,4.000000,20.000000,44.000000,84.000000,100.000000,16.000000,32.000000,48.000000,72.000000,88.000000,12.000000,28.000000,52.000000,68.000000,92.000000,4.000000,20.000000,40.000000,84.000000,100.000000,12.000000,28.000000,56.000000,76.000000,92.000000,16.000000,32.000000,52.000000,72.000000,88.000000,4.000000,20.000000,44.000000,84.000000,100.000000,4.000000,8.000000,40.000000,84.000000,100.000000,12.000000,32.000000,52.000000,72.000000,92.000000,0.000000,0.000000,0.000000,0.000000,0.000000,4.000000,24.000000,56.000000,80.000000,100.000000,44.000000,44.000000,44.000000,44.000000,44.000000,52.000000,52.000000,52.000000,52.000000,52.000000,12.000000,32.000000,48.000000,72.000000,92.000000,4.000000,8.000000,40.000000,84.000000,100.000000,24.000000,24.000000,52.000000,80.000000,80.000000
Positive_1170,0.000000,0.500000,0.500000,0.500000,0.000000,0.500000,0.500000,0.500000,0.000000,0.500000,0.000000,0.500000,0.000000,1.000000,0.000000,0.000000,0.500000,0.500000,1.000000,0.000000,0.000000,0.000000,0.000000,1.000000,0.000000,1.000000,0.000000,1.000000,0.000000,0.000000,0.000000,1.000000,0.000000,0.000000,0.000000,0.000000,0.000000,0.000000,1.000000,0.000000,0.000000,0.000000,0.000000,0.000000,0.000000,0.000000,0.000000,100.000000,100.000000,100.000000,100.000000,100.000000,50.000000,50.000000,50.000000,50.000000,50.000000,100.000000,100.000000,100.000000,100.000000,100.000000,0.000000,0.000000,0.000000,0.000000,0.000000,50.000000,50.000000,50.000000,50.000000,50.000000,50.000000,50.000000,50.000000,50.000000,50.000000,100.000000,100.000000,100.000000,100.000000,100.000000,0.000000,0.000000,0.000000,0.000000,0.000000,100.000000,100.000000,100.000000,100.000000,100.000000,0.000000,0.000000,0.000000,0.000000,0.000000,50.000000,50.000000,50.000000,50.000000,50.000000,0.000000,0.000000,0.000000,0.000000,0.000000,50.000000,50.000000,50.000000,100.000000,100.000000,0.000000,0.000000,0.000000,0.000000,0.000000,0.000000,0.000000,0.000000,0.000000,0.000000,50.000000,50.000000,50.000000,50.000000,50.000000,100.000000,100.000000,100.000000,100.000000,100.000000,50.000000,50.000000,50.000000,100.000000,100.000000,0.000000,0.000000,0.000000,0.000000,0.000000,0.000000,0.000000,0.000000,0.000000,0.000000
Positive_1062,0.250000,0.392857,0.357143,0.392857,0.357143,0.250000,0.357143,0.392857,0.250000,0.392857,0.357143,0.250000,0.214286,0.785714,0.000000,0.750000,0.178571,0.071429,0.714286,0.250000,0.035714,0.259259,0.185185,0.185185,0.259259,0.185185,0.185185,0.185185,0.185185,0.259259,0.259259,0.185185,0.185185,0.370370,0.000000,0.000000,0.333333,0.111111,0.037037,0.407407,0.037037,0.037037,14.285714,28.571429,42.857143,71.428571,96.428571,3.571429,46.428571,60.714286,89.285714,100.000000,7.142857,21.428571,35.714286,78.571429,85.714286,3.571429,46.428571,60.714286,89.285714,100.000000,7.142857,25.000000,39.285714,82.142857,96.428571,10.714286,14.285714,32.142857,57.142857,71.428571,7.142857,21.428571,35.714286,78.571429,85.714286,3.571429,46.428571,60.714286,89.285714,100.000000,14.285714,28.571429,42.857143,71.428571,96.428571,3.571429,46.428571,60.714286,89.285714,100.000000,7.142857,25.000000,39.285714,82.142857,96.428571,10.714286,14.285714,32.142857,57.142857,71.428571,14.285714,28.571429,32.142857,57.142857,71.428571,3.571429,25.000000,53.571429,82.142857,100.000000,0.000000,0.000000,0.000000,0.000000,0.000000,3.571429,28.571429,50.000000,67.857143,100.000000,10.714286,17.857143,35.714286,78.571429,85.714286,89.285714,89.285714,89.285714,96.428571,96.428571,3.571429,25.000000,53.571429,78.571429,100.000000,14.285714,28.571429,42.857143,71.428571,96.428571,17.857143,17.857143,17.857143,17.857143,17.857143
Positive_1047,0.666667,0.000000,0.333333,0.000000,0.666667,0.333333,0.333333,0.000000,0.666667,0.000000,0.666667,0.333333,0.333333,0.666667,0.000000,0.666667,0.333333,0.000000,0.333333,0.666667,0.000000,0.000000,1.000000,0.000000,0.000000,0.000000,0.500000,0.000000,1.000000,0.000000,0.000000,0.000000,0.500000,0.500000,0.000000,0.000000,1.000000,0.000000,0.000000,1.000000,0.000000,0.000000,33.333333,33.333333,33.333333,100.000000,100.000000,0.000000,0.000000,0.000000,0.000000,0.000000,66.666667,66.666667,66.666667,66.666667,66.666667,0.000000,0.000000,0.000000,0.000000,0.000000,33.333333,33.333333,33.333333,66.666667,66.666667,100.000000,100.000000,100.000000,100.000000,100.000000,66.666667,66.666667,66.666667,66.666667,66.666667,0.000000,0.000000,0.000000,0.000000,0.000000,33.333333,33.333333,33.333333,100.000000,100.000000,0.000000,0.000000,0.000000,0.000000,0.000000,33.333333,33.333333,33.333333,66.666667,66.666667,100.000000,100.000000,100.000000,100.000000,100.000000,100.000000,100.000000,100.000000,100.000000,100.000000,33.333333,33.333333,33.333333,66.666667,66.666667,0.000000,0.000000,0.000000,0.000000,0.000000,33.333333,33.333333,33.333333,100.000000,100.000000,66.666667,66.666667,66.666667,66.666667,66.666667,0.000000,0.000000,0.000000,0.000000,0.000000,66.666667,66.666667,66.666667,66.666667,66.666667,33.333333,33.333333,33.333333,100.000000,100.000000,0.000000,0.000000,0.000000,0.000000,0.000000
Positive_1499,0.371429,0.285714,0.342857,0.285714,0.371429,0.342857,0.342857,0.285714,0.371429,0.257143,0.400000,0.342857,0.257143,0.685714,0.057143,0.542857,0.257143,0.200000,0.571429,0.371429,0.057143,0.205882,0.294118,0.205882,0.264706,0.147059,0.235294,0.205882,0.294118,0.205882,0.323529,0.147059,0.235294,0.411765,0.029412,0.088235,0.352941,0.235294,0.058824,0.470588,0.088235,0.029412,2.857143,20.000000,37.142857,48.571429,94.285714,34.285714,62.857143,68.571429,85.714286,97.142857,5.714286,14.285714,42.857143,74.285714,100.000000,34.285714,62.857143,68.571429,85.714286,97.142857,11.428571,40.000000,54.285714,80.000000,100.000000,2.857143,8.571429,20.000000,37.142857,94.285714,5.714286,14.285714,42.857143,74.285714,100.000000,34.285714,62.857143,68.571429,85.714286,97.142857,2.857143,20.000000,37.142857,48.571429,94.285714,34.285714,62.857143,71.428571,85.714286,97.142857,11.428571,40.000000,54.285714,80.000000,100.000000,2.857143,8.571429,20.000000,37.142857,94.285714,2.857143,17.142857,28.571429,45.714286,94.285714,5.714286,34.285714,57.142857,77.142857,100.000000,25.714286,25.714286,25.714286,88.571429,88.571429,2.857143,25.714286,60.000000,88.571429,100.000000,5.714286,14.285714,42.857143,57.142857,80.000000,34.285714,40.000000,51.428571,68.571429,85.714286,5.714286,34.285714,62.857143,80.000000,100.000000,2.857143,20.000000,37.142857,48.571429,94.285714,31.428571,31.428571,31.428571,68.571429,68.571429
Positive_1236,0.320000,0.400000,0.280000,0.320000,0.240000,0.440000,0.280000,0.320000,0.400000,0.280000,0.280000,0.440000,0.320000,0.680000,0.000000,0.920000,0.040000,0.040000,0.560000,0.320000,0.120000,0.333333,0.083333,0.416667,0.333333,0.250000,0.166667,0.333333,0.166667,0.250000,0.333333,0.250000,0.166667,0.416667,0.000000,0.000000,0.083333,0.083333,0.000000,0.333333,0.166667,0.083333,4.000000,8.000000,36.000000,80.000000,100.000000,12.000000,28.000000,52.000000,76.000000,92.000000,16.000000,32.000000,48.000000,72.000000,88.000000,12.000000,20.000000,52.000000,76.000000,92.000000,16.000000,32.000000,48.000000,72.000000,88.000000,4.000000,24.000000,44.000000,80.000000,100.000000,16.000000,32.000000,48.000000,72.000000,88.000000,12.000000,20.000000,52.000000,76.000000,92.000000,4.000000,24.000000,40.000000,80.000000,100.000000,12.000000,20.000000,56.000000,84.000000,92.000000,16.000000,32.000000,52.000000,72.000000,88.000000,4.000000,24.000000,44.000000,80.000000,100.000000,4.000000,8.000000,36.000000,80.000000,100.000000,12.000000,32.000000,52.000000,72.000000,92.000000,0.000000,0.000000,0.000000,0.000000,0.000000,4.000000,24.000000,56.000000,80.000000,100.000000,44.000000,44.000000,44.000000,44.000000,44.000000,52.000000,52.000000,52.000000,52.000000,52.000000,12.000000,28.000000,48.000000,76.000000,92.000000,4.000000,8.000000,36.000000,80.000000,100.000000,40.000000,40.000000,52.000000,64.000000,64.000000
Positive_1012,0.071429,0.428571,0.500000,0.500000,0.357143,0.142857,0.500000,0.357143,0.142857,0.214286,0.642857,0.142857,0.071429,0.928571,0.000000,0.571429,0.285714,0.142857,0.714286,0.071429,0.214286,0.076923,0.000000,0.384615,0.384615,0.230769,0.000000,0.307692,0.076923,0.153846,0.384615,0.076923,0.153846,0.076923,0.000000,0.000000,0.384615,0.230769,0.076923,0.076923,0.307692,0.000000,100.000000,100.000000,100.000000,100.000000,100.000000,28.571429,35.714286,42.857143,64.285714,92.857143,7.142857,14.285714,50.000000,78.571429,85.714286,21.428571,35.714286,57.142857,85.714286,92.857143,7.142857,14.285714,50.000000,71.428571,78.571429,28.571429,28.571429,28.571429,100.000000,100.000000,7.142857,14.285714,50.000000,78.571429,85.714286,35.714286,42.857143,57.142857,64.285714,92.857143,28.571429,28.571429,28.571429,100.000000,100.000000,42.857143,42.857143,64.285714,92.857143,92.857143,7.142857,21.428571,50.000000,71.428571,85.714286,28.571429,28.571429,28.571429,100.000000,100.000000,100.000000,100.000000,100.000000,100.000000,100.000000,7.142857,28.571429,50.000000,71.428571,92.857143,0.000000,0.000000,0.000000,0.000000,0.000000,7.142857,28.571429,64.285714,78.571429,100.000000,14.285714,14.285714,21.428571,50.000000,85.714286,35.714286,35.714286,35.714286,57.142857,57.142857,7.142857,21.428571,50.000000,78.571429,92.857143,100.000000,100.000000,100.000000,100.000000,100.000000,28.571429,28.571429,35.714286,57.142857,57.142857
Positive_1040,0.136364,0.772727,0.090909,0.727273,0.000000,0.272727,0.090909,0.500000,0.409091,0.636364,0.090909,0.272727,0.000000,0.863636,0.136364,0.681818,0.090909,0.227273,0.590909,0.136364,0.272727,0.285714,0.000000,0.095238,0.000000,0.285714,0.000000,0.095238,0.000000,0.571429,0.095238,0.285714,0.000000,0.000000,0.000000,0.285714,0.000000,0.285714,0.095238,0.285714,0.285714,0.000000,36.363636,36.363636,63.636364,90.909091,90.909091,9.090909,27.272727,50.000000,72.727273,95.454545,4.545455,4.545455,4.545455,100.000000,100.000000,4.545455,27.272727,54.545455,81.818182,100.000000,0.000000,0.000000,0.000000,0.000000,0.000000,18.181818,22.727273,45.454545,72.727273,77.272727,4.545455,4.545455,4.545455,100.000000,100.000000,9.090909,27.272727,54.545455,81.818182,95.454545,18.181818,36.363636,50.000000,72.727273,90.909091,9.090909,31.818182,54.545455,81.818182,95.454545,4.545455,4.545455,4.545455,100.000000,100.000000,18.181818,22.727273,45.454545,72.727273,77.272727,0.000000,0.000000,0.000000,0.000000,0.000000,4.545455,22.727273,50.000000,77.272727,100.000000,36.363636,36.363636,63.636364,90.909091,90.909091,13.636364,27.272727,50.000000,72.727273,86.363636,4.545455,4.545455,4.545455,100.000000,100.000000,9.090909,36.363636,63.636364,90.909091,95.454545,4.545455,27.272727,54.545455,81.818182,100.000000,36.363636,36.363636,63.636364,90.909091,90.909091,18.181818,22.727273,45.454545,72.727273,77.272727
Positive_1281,0.500000,0.000000,0.500000,0.000000,0.000000,1.000000,0.500000,0.000000,0.500000,0.000000,0.000000,1.000000,0.500000,0.500000,0.000000,0.500000,0.500000,0.000000,0.500000,0.500000,0.000000,0.000000,1.000000,0.000000,0.000000,0.000000,0.000000,0.000000,1.000000,0.000000,0.000000,0.000000,0.000000,1.000000,0.000000,0.000000,1.000000,0.000000,0.000000,1.000000,0.000000,0.000000,100.000000,100.000000,100.000000,100.000000,100.000000,0.000000,0.000000,0.000000,0.000000,0.000000,50.000000,50.000000,50.000000,50.000000,50.000000,0.000000,0.000000,0.000000,0.000000,0.000000,0.000000,0.000000,0.000000,0.000000,0.000000,50.000000,50.000000,50.000000,100.000000,100.000000,50.000000,50.000000,50.000000,50.000000,50.000000,0.000000,0.000000,0.000000,0.000000,0.000000,100.000000,100.000000,100.000000,100.000000,100.000000,0.000000,0.000000,0.000000,0.000000,0.000000,0.000000,0.000000,0.000000,0.000000,0.000000,50.000000,50.000000,50.000000,100.000000,100.000000,100.000000,100.000000,100.000000,100.000000,100.000000,50.000000,50.000000,50.000000,50.000000,50.000000,0.000000,0.000000,0.000000,0.000000,0.000000,100.000000,100.000000,100.000000,100.000000,100.000000,50.000000,50.000000,50.000000,50.000000,50.000000,0.000000,0.000000,0.000000,0.000000,0.000000,50.000000,50.000000,50.000000,50.000000,50.000000,100.000000,100.000000,100.000000,100.000000,100.000000,0.000000,0.000000,0.000000,0.000000,0.000000
Positive_1173,0.300000,0.200000,0.500000,0.100000,0.400000,0.500000,0.600000,0.100000,0.300000,0.000000,0.500000,0.500000,0.100000,0.900000,0.000000,0.300000,0.500000,0.200000,0.500000,0.300000,0.200000,0.111111,0.333333,0.222222,0.000000,0.222222,0.555556,0.222222,0.444444,0.000000,0.000000,0.000000,0.777778,0.222222,0.000000,0.000000,0.333333,0.111111,0.333333,0.333333,0.222222,0.111111,20.000000,20.000000,80.000000,90.000000,90.000000,50.000000,50.000000,50.000000,100.000000,100.000000,10.000000,30.000000,40.000000,60.000000,70.000000,50.000000,50.000000,50.000000,50.000000,50.000000,10.000000,10.000000,30.000000,80.000000,90.000000,20.000000,40.000000,60.000000,70.000000,100.000000,10.000000,30.000000,40.000000,70.000000,100.000000,50.000000,50.000000,50.000000,50.000000,50.000000,20.000000,20.000000,80.000000,90.000000,90.000000,0.000000,0.000000,0.000000,0.000000,0.000000,10.000000,30.000000,50.000000,80.000000,90.000000,20.000000,40.000000,60.000000,70.000000,100.000000,20.000000,20.000000,20.000000,20.000000,20.000000,10.000000,40.000000,60.000000,80.000000,100.000000,0.000000,0.000000,0.000000,0.000000,0.000000,20.000000,20.000000,30.000000,90.000000,90.000000,10.000000,40.000000,60.000000,70.000000,100.000000,50.000000,50.000000,50.000000,80.000000,80.000000,10.000000,30.000000,40.000000,60.000000,70.000000,20.000000,20.000000,80.000000,90.000000,90.000000,50.000000,50.000000,50.000000,100.000000,100.000000
Positive_1158,0.000000,0.000000,1.000000,0.000000,1.000000,0.000000,1.000000,0.000000,0.000000,0.000000,1.000000,0.000000,0.000000,1.000000,0.000000,0.000000,1.000000,0.000000,1.000000,0.000000,0.000000,0.000000,0.000000,0.000000,0.000000,0.000000,0.000000,0.000000,0.000000,0.000000,0.000000,0.000000,0.000000,0.000000,0.000000,0.000000,0.000000,0.000000,0.000000,0.000000,0.000000,0.000000,0.000000,0.000000,0.000000,0.000000,0.000000,0.000000,0.000000,0.000000,0.000000,0.000000,50.000000,50.000000,50.000000,100.000000,100.000000,0.000000,0.000000,0.000000,0.000000,0.000000,50.000000,50.000000,50.000000,100.000000,100.000000,0.000000,0.000000,0.000000,0.000000,0.000000,50.000000,50.000000,50.000000,100.000000,100.000000,0.000000,0.000000,0.000000,0.000000,0.000000,0.000000,0.000000,0.000000,0.000000,0.000000,0.000000,0.000000,0.000000,0.000000,0.000000,50.000000,50.000000,50.000000,100.000000,100.000000,0.000000,0.000000,0.000000,0.000000,0.000000,0.000000,0.000000,0.000000,0.000000,0.000000,50.000000,50.000000,50.000000,100.000000,100.000000,0.000000,0.000000,0.000000,0.000000,0.000000,0.000000,0.000000,0.000000,0.000000,0.000000,50.000000,50.000000,50.000000,100.000000,100.000000,0.000000,0.000000,0.000000,0.000000,0.000000,50.000000,50.000000,50.000000,100.000000,100.000000,0.000000,0.000000,0.000000,0.000000,0.000000,0.000000,0.000000,0.000000,0.000000,0.000000
Positive_1403,0.428571,0.142857,0.428571,0.142857,0.214286,0.642857,0.428571,0.142857,0.428571,0.142857,0.214286,0.642857,0.428571,0.571429,0.000000,0.500000,0.357143,0.142857,0.571429,0.428571,0.000000,0.153846,0.384615,0.153846,0.153846,0.153846,0.230769,0.153846,0.384615,0.153846,0.153846,0.153846,0.230769,0.538462,0.000000,0.000000,0.384615,0.153846,0.153846,0.538462,0.000000,0.000000,7.142857,21.428571,28.571429,50.000000,78.571429,57.142857,57.142857,57.142857,71.428571,71.428571,14.285714,35.714286,64.285714,92.857143,100.000000,57.142857,57.142857,57.142857,71.428571,71.428571,64.285714,64.285714,85.714286,100.000000,100.000000,7.142857,21.428571,35.714286,50.000000,92.857143,14.285714,35.714286,64.285714,92.857143,100.000000,57.142857,57.142857,57.142857,71.428571,71.428571,7.142857,21.428571,28.571429,50.000000,78.571429,57.142857,57.142857,57.142857,71.428571,71.428571,64.285714,64.285714,85.714286,100.000000,100.000000,7.142857,21.428571,35.714286,50.000000,92.857143,7.142857,21.428571,28.571429,50.000000,78.571429,14.285714,35.714286,64.285714,85.714286,100.000000,0.000000,0.000000,0.000000,0.000000,0.000000,7.142857,21.428571,42.857143,78.571429,85.714286,14.285714,35.714286,64.285714,92.857143,100.000000,57.142857,57.142857,57.142857,71.428571,71.428571,14.285714,35.714286,64.285714,85.714286,100.000000,7.142857,21.428571,28.571429,50.000000,78.571429,0.000000,0.000000,0.000000,0.000000,0.000000
Positive_1258,0.000000,0.500000,0.500000,0.500000,0.000000,0.500000,0.500000,0.500000,0.000000,0.500000,0.000000,0.500000,0.000000,1.000000,0.000000,0.500000,0.500000,0.000000,1.000000,0.000000,0.000000,0.000000,0.000000,1.000000,0.000000,1.000000,0.000000,1.000000,0.000000,0.000000,0.000000,1.000000,0.000000,0.000000,0.000000,0.000000,1.000000,0.000000,0.000000,0.000000,0.000000,0.000000,0.000000,0.000000,0.000000,0.000000,0.000000,100.000000,100.000000,100.000000,100.000000,100.000000,50.000000,50.000000,50.000000,50.000000,50.000000,100.000000,100.000000,100.000000,100.000000,100.000000,0.000000,0.000000,0.000000,0.000000,0.000000,50.000000,50.000000,50.000000,50.000000,50.000000,50.000000,50.000000,50.000000,50.000000,50.000000,100.000000,100.000000,100.000000,100.000000,100.000000,0.000000,0.000000,0.000000,0.000000,0.000000,100.000000,100.000000,100.000000,100.000000,100.000000,0.000000,0.000000,0.000000,0.000000,0.000000,50.000000,50.000000,50.000000,50.000000,50.000000,0.000000,0.000000,0.000000,0.000000,0.000000,50.000000,50.000000,50.000000,100.000000,100.000000,0.000000,0.000000,0.000000,0.000000,0.000000,100.000000,100.000000,100.000000,100.000000,100.000000,50.000000,50.000000,50.000000,50.000000,50.000000,0.000000,0.000000,0.000000,0.000000,0.000000,50.000000,50.000000,50.000000,100.000000,100.000000,0.000000,0.000000,0.000000,0.000000,0.000000,0.000000,0.000000,0.000000,0.000000,0.000000
Positive_1038,0.111111,0.777778,0.111111,0.777778,0.000000,0.222222,0.111111,0.555556,0.333333,0.666667,0.111111,0.222222,0.000000,0.888889,0.111111,0.555556,0.111111,0.333333,0.666667,0.111111,0.222222,0.250000,0.000000,0.125000,0.000000,0.250000,0.000000,0.125000,0.000000,0.500000,0.125000,0.250000,0.000000,0.000000,0.000000,0.250000,0.000000,0.250000,0.125000,0.250000,0.250000,0.000000,77.777778,77.777778,77.777778,77.777778,77.777778,11.111111,22.222222,44.444444,66.666667,88.888889,100.000000,100.000000,100.000000,100.000000,100.000000,11.111111,22.222222,66.666667,88.888889,100.000000,0.000000,0.000000,0.000000,0.000000,0.000000,33.333333,33.333333,33.333333,44.444444,44.444444,100.000000,100.000000,100.000000,100.000000,100.000000,11.111111,22.222222,55.555556,66.666667,88.888889,33.333333,33.333333,44.444444,77.777778,77.777778,11.111111,22.222222,55.555556,77.777778,88.888889,100.000000,100.000000,100.000000,100.000000,100.000000,33.333333,33.333333,33.333333,44.444444,44.444444,0.000000,0.000000,0.000000,0.000000,0.000000,11.111111,22.222222,44.444444,66.666667,100.000000,77.777778,77.777778,77.777778,77.777778,77.777778,22.222222,33.333333,44.444444,55.555556,66.666667,100.000000,100.000000,100.000000,100.000000,100.000000,11.111111,11.111111,77.777778,88.888889,88.888889,11.111111,22.222222,55.555556,88.888889,100.000000,77.777778,77.777778,77.777778,77.777778,77.777778,33.333333,33.333333,33.333333,44.444444,44.444444
Positive_1404,0.285714,0.214286,0.500000,0.214286,0.214286,0.571429,0.500000,0.214286,0.285714,0.071429,0.357143,0.571429,0.285714,0.714286,0.000000,0.357143,0.428571,0.214286,0.571429,0.285714,0.142857,0.153846,0.230769,0.307692,0.153846,0.307692,0.230769,0.307692,0.230769,0.153846,0.076923,0.076923,0.461538,0.384615,0.000000,0.000000,0.384615,0.153846,0.307692,0.307692,0.230769,0.076923,7.142857,7.142857,28.571429,42.857143,50.000000,21.428571,21.428571,57.142857,71.428571,71.428571,14.285714,35.714286,78.571429,92.857143,100.000000,21.428571,21.428571,57.142857,71.428571,71.428571,64.285714,64.285714,85.714286,100.000000,100.000000,7.142857,14.285714,35.714286,50.000000,92.857143,14.285714,35.714286,78.571429,92.857143,100.000000,21.428571,21.428571,57.142857,71.428571,71.428571,7.142857,7.142857,28.571429,42.857143,50.000000,57.142857,57.142857,57.142857,57.142857,57.142857,21.428571,64.285714,71.428571,85.714286,100.000000,7.142857,14.285714,35.714286,50.000000,92.857143,7.142857,7.142857,28.571429,42.857143,50.000000,14.285714,35.714286,64.285714,85.714286,100.000000,0.000000,0.000000,0.000000,0.000000,0.000000,7.142857,28.571429,42.857143,50.000000,85.714286,14.285714,35.714286,64.285714,92.857143,100.000000,21.428571,21.428571,57.142857,71.428571,71.428571,14.285714,35.714286,64.285714,85.714286,100.000000,7.142857,7.142857,28.571429,42.857143,50.000000,21.428571,21.428571,21.428571,71.428571,71.428571
Positive_1175,0.300000,0.200000,0.500000,0.100000,0.400000,0.500000,0.600000,0.100000,0.300000,0.000000,0.500000,0.500000,0.100000,0.900000,0.000000,0.300000,0.500000,0.200000,0.500000,0.300000,0.200000,0.111111,0.333333,0.222222,0.000000,0.222222,0.555556,0.222222,0.444444,0.000000,0.000000,0.000000,0.777778,0.222222,0.000000,0.000000,0.333333,0.111111,0.333333,0.333333,0.222222,0.111111,20.000000,20.000000,80.000000,90.000000,90.000000,50.000000,50.000000,50.000000,100.000000,100.000000,10.000000,30.000000,40.000000,60.000000,70.000000,50.000000,50.000000,50.000000,50.000000,50.000000,10.000000,10.000000,30.000000,80.000000,90.000000,20.000000,40.000000,60.000000,70.000000,100.000000,10.000000,30.000000,40.000000,70.000000,100.000000,50.000000,50.000000,50.000000,50.000000,50.000000,20.000000,20.000000,80.000000,90.000000,90.000000,0.000000,0.000000,0.000000,0.000000,0.000000,10.000000,30.000000,50.000000,80.000000,90.000000,20.000000,40.000000,60.000000,70.000000,100.000000,20.000000,20.000000,20.000000,20.000000,20.000000,10.000000,40.000000,60.000000,80.000000,100.000000,0.000000,0.000000,0.000000,0.000000,0.000000,20.000000,20.000000,30.000000,90.000000,90.000000,10.000000,40.000000,60.000000,70.000000,100.000000,50.000000,50.000000,50.000000,80.000000,80.000000,10.000000,30.000000,40.000000,60.000000,70.000000,20.000000,20.000000,80.000000,90.000000,90.000000,50.000000,50.000000,50.000000,100.000000,100.000000
Positive_1171,0.000000,0.500000,0.500000,0.500000,0.500000,0.000000,0.500000,0.500000,0.000000,0.500000,0.500000,0.000000,0.000000,1.000000,0.000000,0.000000,0.500000,0.500000,1.000000,0.000000,0.000000,0.000000,0.000000,1.000000,1.000000,0.000000,0.000000,1.000000,0.000000,0.000000,1.000000,0.000000,0.000000,0.000000,0.000000,0.000000,0.000000,0.000000,1.000000,0.000000,0.000000,0.000000,0.000000,0.000000,0.000000,0.000000,0.000000,100.000000,100.000000,100.000000,100.000000,100.000000,50.000000,50.000000,50.000000,50.000000,50.000000,100.000000,100.000000,100.000000,100.000000,100.000000,50.000000,50.000000,50.000000,50.000000,50.000000,0.000000,0.000000,0.000000,0.000000,0.000000,50.000000,50.000000,50.000000,50.000000,50.000000,100.000000,100.000000,100.000000,100.000000,100.000000,0.000000,0.000000,0.000000,0.000000,0.000000,100.000000,100.000000,100.000000,100.000000,100.000000,50.000000,50.000000,50.000000,50.000000,50.000000,0.000000,0.000000,0.000000,0.000000,0.000000,0.000000,0.000000,0.000000,0.000000,0.000000,50.000000,50.000000,50.000000,100.000000,100.000000,0.000000,0.000000,0.000000,0.000000,0.000000,0.000000,0.000000,0.000000,0.000000,0.000000,50.000000,50.000000,50.000000,50.000000,50.000000,100.000000,100.000000,100.000000,100.000000,100.000000,50.000000,50.000000,50.000000,100.000000,100.000000,0.000000,0.000000,0.000000,0.000000,0.000000,0.000000,0.000000,0.000000,0.000000,0.000000
Positive_1182,0.454545,0.454545,0.090909,0.363636,0.090909,0.545455,0.181818,0.363636,0.454545,0.000000,0.454545,0.545455,0.454545,0.545455,0.000000,0.545455,0.090909,0.363636,0.090909,0.454545,0.454545,0.400000,0.000000,0.200000,0.100000,0.500000,0.100000,0.200000,0.000000,0.400000,0.000000,0.000000,0.600000,0.400000,0.000000,0.000000,0.100000,0.500000,0.100000,0.000000,0.200000,0.400000,9.090909,18.181818,27.272727,45.454545,100.000000,36.363636,54.545455,63.636364,72.727273,90.909091,81.818182,81.818182,81.818182,81.818182,81.818182,36.363636,36.363636,54.545455,63.636364,90.909091,81.818182,81.818182,81.818182,81.818182,81.818182,9.090909,18.181818,27.272727,72.727273,100.000000,72.727273,72.727273,72.727273,81.818182,81.818182,36.363636,36.363636,54.545455,63.636364,90.909091,9.090909,18.181818,27.272727,45.454545,100.000000,0.000000,0.000000,0.000000,0.000000,0.000000,36.363636,54.545455,63.636364,81.818182,90.909091,9.090909,18.181818,27.272727,72.727273,100.000000,9.090909,18.181818,27.272727,45.454545,100.000000,36.363636,54.545455,63.636364,81.818182,90.909091,0.000000,0.000000,0.000000,0.000000,0.000000,9.090909,18.181818,27.272727,81.818182,100.000000,72.727273,72.727273,72.727273,72.727273,72.727273,36.363636,36.363636,54.545455,63.636364,90.909091,81.818182,81.818182,81.818182,81.818182,81.818182,9.090909,18.181818,27.272727,45.454545,100.000000,36.363636,54.545455,63.636364,72.727273,90.909091
Positive_1681,0.000000,1.000000,0.000000,1.000000,0.000000,0.000000,0.000000,1.000000,0.000000,1.000000,0.000000,0.000000,0.000000,1.000000,0.000000,0.000000,0.000000,1.000000,1.000000,0.000000,0.000000,0.000000,0.000000,0.000000,0.000000,0.000000,0.000000,0.000000,0.000000,0.000000,0.000000,0.000000,0.000000,0.000000,0.000000,0.000000,0.000000,0.000000,0.000000,0.000000,0.000000,0.000000,0.000000,0.000000,0.000000,0.000000,0.000000,33.333333,33.333333,66.666667,100.000000,100.000000,0.000000,0.000000,0.000000,0.000000,0.000000,33.333333,33.333333,66.666667,100.000000,100.000000,0.000000,0.000000,0.000000,0.000000,0.000000,0.000000,0.000000,0.000000,0.000000,0.000000,0.000000,0.000000,0.000000,0.000000,0.000000,33.333333,33.333333,66.666667,100.000000,100.000000,0.000000,0.000000,0.000000,0.000000,0.000000,33.333333,33.333333,66.666667,100.000000,100.000000,0.000000,0.000000,0.000000,0.000000,0.000000,0.000000,0.000000,0.000000,0.000000,0.000000,0.000000,0.000000,0.000000,0.000000,0.000000,33.333333,33.333333,66.666667,100.000000,100.000000,0.000000,0.000000,0.000000,0.000000,0.000000,0.000000,0.000000,0.000000,0.000000,0.000000,0.000000,0.000000,0.000000,0.000000,0.000000,33.333333,33.333333,66.666667,100.000000,100.000000,33.333333,33.333333,66.666667,100.000000,100.000000,0.000000,0.000000,0.000000,0.000000,0.000000,0.000000,0.000000,0.000000,0.000000,0.000000
Positive_1074,0.259259,0.370370,0.370370,0.493827,0.259259,0.246914,0.419753,0.320988,0.259259,0.358025,0.395062,0.246914,0.123457,0.790123,0.086420,0.382716,0.395062,0.222222,0.543210,0.259259,0.197531,0.187500,0.187500,0.287500,0.262500,0.237500,0.087500,0.325000,0.200000,0.175000,0.325000,0.175000,0.150000,0.175000,0.000000,0.150000,0.325000,0.137500,0.212500,0.287500,0.250000,0.087500,2.469136,46.913580,67.901235,81.481481,98.765432,11.111111,30.864198,45.679012,66.666667,95.061728,1.234568,13.580247,35.802469,75.308642,100.000000,6.172840,29.629630,49.382716,74.074074,97.530864,3.703704,12.345679,43.209877,71.604938,98.765432,1.234568,30.864198,51.851852,81.481481,100.000000,1.234568,14.814815,39.506173,71.604938,100.000000,11.111111,29.629630,44.444444,69.135802,95.061728,2.469136,46.913580,67.901235,81.481481,98.765432,11.111111,29.629630,50.617284,70.370370,95.061728,3.703704,13.580247,43.209877,72.839506,98.765432,1.234568,30.864198,51.851852,81.481481,100.000000,2.469136,40.740741,58.024691,81.481481,86.419753,1.234568,20.987654,44.444444,69.135802,100.000000,23.456790,65.432099,77.777778,96.296296,98.765432,1.234568,14.814815,37.037037,67.901235,98.765432,4.938272,27.160494,49.382716,75.308642,100.000000,23.456790,50.617284,62.962963,77.777778,91.358025,4.938272,18.518519,39.506173,66.666667,100.000000,2.469136,46.913580,67.901235,81.481481,98.765432,1.234568,30.864198,48.148148,69.135802,95.061728
Positive_1370,0.153846,0.461538,0.384615,0.307692,0.384615,0.307692,0.384615,0.307692,0.307692,0.307692,0.384615,0.307692,0.153846,0.846154,0.000000,1.000000,0.000000,0.000000,0.692308,0.153846,0.153846,0.080000,0.040000,0.520000,0.360000,0.240000,0.200000,0.360000,0.200000,0.240000,0.360000,0.240000,0.200000,0.120000,0.000000,0.000000,0.000000,0.000000,0.000000,0.120000,0.320000,0.000000,3.846154,3.846154,7.692308,92.307692,96.153846,11.538462,26.923077,50.000000,76.923077,100.000000,15.384615,34.615385,46.153846,65.384615,88.461538,11.538462,23.076923,50.000000,76.923077,100.000000,15.384615,34.615385,46.153846,65.384615,88.461538,3.846154,7.692308,38.461538,80.769231,96.153846,15.384615,34.615385,46.153846,65.384615,88.461538,11.538462,23.076923,50.000000,76.923077,100.000000,3.846154,7.692308,38.461538,80.769231,96.153846,11.538462,23.076923,50.000000,76.923077,100.000000,15.384615,34.615385,46.153846,65.384615,88.461538,3.846154,7.692308,38.461538,80.769231,96.153846,3.846154,3.846154,7.692308,92.307692,96.153846,11.538462,30.769231,50.000000,73.076923,100.000000,0.000000,0.000000,0.000000,0.000000,0.000000,3.846154,26.923077,50.000000,76.923077,100.000000,0.000000,0.000000,0.000000,0.000000,0.000000,0.000000,0.000000,0.000000,0.000000,0.000000,11.538462,30.769231,50.000000,73.076923,100.000000,3.846154,3.846154,7.692308,92.307692,96.153846,26.923077,26.923077,38.461538,69.230769,80.769231
Positive_1383,0.000000,0.333333,0.666667,0.666667,0.000000,0.333333,0.666667,0.333333,0.000000,0.333333,0.333333,0.333333,0.000000,1.000000,0.000000,0.166667,0.666667,0.166667,0.666667,0.000000,0.333333,0.000000,0.000000,0.400000,0.000000,0.600000,0.000000,0.400000,0.000000,0.000000,0.200000,0.200000,0.400000,0.000000,0.000000,0.000000,0.400000,0.000000,0.400000,0.000000,0.800000,0.000000,0.000000,0.000000,0.000000,0.000000,0.000000,33.333333,33.333333,33.333333,50.000000,50.000000,16.666667,16.666667,66.666667,83.333333,100.000000,33.333333,33.333333,50.000000,66.666667,100.000000,0.000000,0.000000,0.000000,0.000000,0.000000,16.666667,16.666667,16.666667,83.333333,83.333333,16.666667,16.666667,66.666667,83.333333,100.000000,33.333333,33.333333,33.333333,50.000000,50.000000,0.000000,0.000000,0.000000,0.000000,0.000000,33.333333,33.333333,33.333333,50.000000,50.000000,66.666667,66.666667,66.666667,100.000000,100.000000,16.666667,16.666667,16.666667,83.333333,83.333333,0.000000,0.000000,0.000000,0.000000,0.000000,16.666667,33.333333,50.000000,83.333333,100.000000,0.000000,0.000000,0.000000,0.000000,0.000000,83.333333,83.333333,83.333333,83.333333,83.333333,16.666667,16.666667,33.333333,66.666667,100.000000,50.000000,50.000000,50.000000,50.000000,50.000000,16.666667,16.666667,50.000000,66.666667,100.000000,0.000000,0.000000,0.000000,0.000000,0.000000,33.333333,33.333333,33.333333,83.333333,83.333333
Positive_1528,0.230769,0.230769,0.538462,0.230769,0.153846,0.615385,0.538462,0.230769,0.230769,0.000000,0.384615,0.615385,0.230769,0.769231,0.000000,0.307692,0.461538,0.230769,0.538462,0.230769,0.230769,0.000000,0.250000,0.500000,0.083333,0.416667,0.000000,0.500000,0.250000,0.000000,0.000000,0.000000,0.416667,0.250000,0.000000,0.000000,0.333333,0.083333,0.416667,0.250000,0.500000,0.000000,38.461538,38.461538,92.307692,100.000000,100.000000,23.076923,23.076923,53.846154,76.923077,76.923077,7.692308,15.384615,46.153846,69.230769,84.615385,23.076923,23.076923,53.846154,76.923077,76.923077,7.692308,7.692308,7.692308,15.384615,15.384615,30.769231,38.461538,61.538462,84.615385,100.000000,7.692308,15.384615,46.153846,69.230769,84.615385,23.076923,23.076923,53.846154,76.923077,76.923077,38.461538,38.461538,92.307692,100.000000,100.000000,0.000000,0.000000,0.000000,0.000000,0.000000,7.692308,15.384615,23.076923,53.846154,76.923077,30.769231,38.461538,61.538462,84.615385,100.000000,38.461538,38.461538,92.307692,100.000000,100.000000,7.692308,23.076923,46.153846,69.230769,84.615385,0.000000,0.000000,0.000000,0.000000,0.000000,15.384615,15.384615,38.461538,92.307692,100.000000,7.692308,30.769231,46.153846,69.230769,84.615385,23.076923,23.076923,53.846154,76.923077,76.923077,7.692308,15.384615,46.153846,69.230769,84.615385,38.461538,38.461538,92.307692,100.000000,100.000000,23.076923,23.076923,53.846154,76.923077,76.923077
Positive_1744,0.373333,0.320000,0.306667,0.360000,0.306667,0.333333,0.333333,0.253333,0.413333,0.266667,0.400000,0.333333,0.160000,0.733333,0.106667,0.493333,0.266667,0.240000,0.386667,0.373333,0.240000,0.189189,0.270270,0.216216,0.243243,0.310811,0.189189,0.189189,0.310811,0.175676,0.202703,0.216216,0.283784,0.243243,0.054054,0.108108,0.256757,0.229730,0.162162,0.310811,0.243243,0.148649,5.333333,14.666667,41.333333,64.000000,90.666667,1.333333,36.000000,73.333333,85.333333,100.000000,2.666667,26.666667,49.333333,65.333333,97.333333,1.333333,36.000000,70.666667,86.666667,98.666667,4.000000,12.000000,37.333333,61.333333,97.333333,2.666667,30.666667,45.333333,69.333333,100.000000,2.666667,28.000000,52.000000,70.666667,100.000000,1.333333,33.333333,73.333333,86.666667,98.666667,5.333333,17.333333,45.333333,68.000000,90.666667,1.333333,29.333333,58.666667,80.000000,98.666667,4.000000,18.666667,48.000000,70.666667,97.333333,2.666667,30.666667,45.333333,69.333333,100.000000,9.333333,14.666667,34.666667,68.000000,90.666667,1.333333,29.333333,54.666667,80.000000,100.000000,6.666667,8.000000,18.666667,58.666667,77.333333,6.666667,28.000000,44.000000,66.666667,97.333333,2.666667,25.333333,52.000000,82.666667,100.000000,1.333333,24.000000,58.666667,80.000000,98.666667,1.333333,28.000000,49.333333,76.000000,97.333333,5.333333,14.666667,41.333333,64.000000,90.666667,21.333333,42.666667,69.333333,86.666667,100.000000
Positive_1377,0.181818,0.409091,0.409091,0.227273,0.318182,0.454545,0.409091,0.227273,0.363636,0.181818,0.363636,0.454545,0.181818,0.818182,0.000000,0.863636,0.090909,0.045455,0.590909,0.181818,0.227273,0.047619,0.142857,0.476190,0.238095,0.190476,0.333333,0.238095,0.380952,0.190476,0.190476,0.142857,0.380952,0.190476,0.000000,0.000000,0.047619,0.095238,0.000000,0.190476,0.380952,0.000000,13.636364,13.636364,18.181818,90.909091,95.454545,27.272727,40.909091,63.636364,77.272727,100.000000,4.545455,22.727273,45.454545,59.090909,86.363636,31.818182,50.000000,63.636364,77.272727,100.000000,22.727273,36.363636,54.545455,72.727273,86.363636,4.545455,13.636364,27.272727,81.818182,95.454545,4.545455,22.727273,45.454545,59.090909,86.363636,31.818182,50.000000,63.636364,77.272727,100.000000,13.636364,18.181818,40.909091,81.818182,95.454545,50.000000,50.000000,63.636364,77.272727,100.000000,22.727273,31.818182,45.454545,59.090909,86.363636,4.545455,13.636364,27.272727,81.818182,95.454545,13.636364,13.636364,18.181818,90.909091,95.454545,4.545455,31.818182,50.000000,72.727273,100.000000,0.000000,0.000000,0.000000,0.000000,0.000000,13.636364,36.363636,59.090909,81.818182,100.000000,4.545455,4.545455,4.545455,9.090909,9.090909,31.818182,31.818182,31.818182,31.818182,31.818182,4.545455,36.363636,54.545455,72.727273,100.000000,13.636364,13.636364,18.181818,90.909091,95.454545,27.272727,31.818182,40.909091,68.181818,81.818182
Positive_NA11,0.500000,0.000000,0.500000,0.000000,0.000000,1.000000,0.500000,0.000000,0.500000,0.000000,0.000000,1.000000,0.500000,0.500000,0.000000,0.500000,0.500000,0.000000,0.500000,0.500000,0.000000,0.000000,0.666667,0.000000,0.000000,0.000000,0.000000,0.000000,0.666667,0.000000,0.000000,0.000000,0.000000,0.666667,0.000000,0.000000,0.666667,0.000000,0.000000,0.666667,0.000000,0.000000,25.000000,25.000000,25.000000,100.000000,100.000000,0.000000,0.000000,0.000000,0.000000,0.000000,50.000000,50.000000,50.000000,75.000000,75.000000,0.000000,0.000000,0.000000,0.000000,0.000000,0.000000,0.000000,0.000000,0.000000,0.000000,25.000000,25.000000,50.000000,75.000000,100.000000,50.000000,50.000000,50.000000,75.000000,75.000000,0.000000,0.000000,0.000000,0.000000,0.000000,25.000000,25.000000,25.000000,100.000000,100.000000,0.000000,0.000000,0.000000,0.000000,0.000000,0.000000,0.000000,0.000000,0.000000,0.000000,25.000000,25.000000,50.000000,75.000000,100.000000,25.000000,25.000000,25.000000,100.000000,100.000000,50.000000,50.000000,50.000000,75.000000,75.000000,0.000000,0.000000,0.000000,0.000000,0.000000,25.000000,25.000000,25.000000,100.000000,100.000000,50.000000,50.000000,50.000000,75.000000,75.000000,0.000000,0.000000,0.000000,0.000000,0.000000,50.000000,50.000000,50.000000,75.000000,75.000000,25.000000,25.000000,25.000000,100.000000,100.000000,0.000000,0.000000,0.000000,0.000000,0.000000
Positive_1642,0.000000,0.214286,0.785714,0.214286,0.571429,0.214286,0.785714,0.214286,0.000000,0.214286,0.571429,0.214286,0.000000,1.000000,0.000000,0.428571,0.500000,0.071429,1.000000,0.000000,0.000000,0.000000,0.000000,0.307692,0.307692,0.000000,0.384615,0.307692,0.000000,0.000000,0.307692,0.000000,0.384615,0.000000,0.000000,0.000000,0.384615,0.076923,0.076923,0.000000,0.000000,0.000000,0.000000,0.000000,0.000000,0.000000,0.000000,14.285714,14.285714,21.428571,35.714286,35.714286,7.142857,42.857143,64.285714,85.714286,100.000000,14.285714,14.285714,21.428571,35.714286,35.714286,7.142857,28.571429,50.000000,71.428571,92.857143,64.285714,64.285714,85.714286,100.000000,100.000000,7.142857,42.857143,64.285714,85.714286,100.000000,14.285714,14.285714,21.428571,35.714286,35.714286,0.000000,0.000000,0.000000,0.000000,0.000000,14.285714,14.285714,21.428571,35.714286,35.714286,7.142857,28.571429,50.000000,71.428571,92.857143,64.285714,64.285714,85.714286,100.000000,100.000000,0.000000,0.000000,0.000000,0.000000,0.000000,7.142857,28.571429,50.000000,78.571429,100.000000,0.000000,0.000000,0.000000,0.000000,0.000000,21.428571,28.571429,35.714286,78.571429,92.857143,7.142857,42.857143,57.142857,85.714286,100.000000,14.285714,14.285714,14.285714,14.285714,14.285714,7.142857,28.571429,50.000000,78.571429,100.000000,0.000000,0.000000,0.000000,0.000000,0.000000,0.000000,0.000000,0.000000,0.000000,0.000000
Positive_1532,0.000000,0.500000,0.500000,0.000000,0.000000,1.000000,1.000000,0.000000,0.000000,0.000000,0.000000,1.000000,0.000000,1.000000,0.000000,0.000000,1.000000,0.000000,0.500000,0.000000,0.500000,0.000000,0.000000,1.000000,0.000000,0.000000,0.000000,0.000000,0.000000,0.000000,0.000000,0.000000,0.000000,0.000000,0.000000,0.000000,0.000000,0.000000,0.000000,0.000000,1.000000,0.000000,0.000000,0.000000,0.000000,0.000000,0.000000,100.000000,100.000000,100.000000,100.000000,100.000000,50.000000,50.000000,50.000000,50.000000,50.000000,0.000000,0.000000,0.000000,0.000000,0.000000,0.000000,0.000000,0.000000,0.000000,0.000000,50.000000,50.000000,50.000000,100.000000,100.000000,50.000000,50.000000,50.000000,100.000000,100.000000,0.000000,0.000000,0.000000,0.000000,0.000000,0.000000,0.000000,0.000000,0.000000,0.000000,0.000000,0.000000,0.000000,0.000000,0.000000,0.000000,0.000000,0.000000,0.000000,0.000000,50.000000,50.000000,50.000000,100.000000,100.000000,0.000000,0.000000,0.000000,0.000000,0.000000,50.000000,50.000000,50.000000,100.000000,100.000000,0.000000,0.000000,0.000000,0.000000,0.000000,0.000000,0.000000,0.000000,0.000000,0.000000,50.000000,50.000000,50.000000,100.000000,100.000000,0.000000,0.000000,0.000000,0.000000,0.000000,50.000000,50.000000,50.000000,50.000000,50.000000,0.000000,0.000000,0.000000,0.000000,0.000000,100.000000,100.000000,100.000000,100.000000,100.000000
Positive_1636,0.294118,0.352941,0.352941,0.431373,0.254902,0.313725,0.392157,0.254902,0.352941,0.274510,0.411765,0.313725,0.117647,0.784314,0.098039,0.352941,0.411765,0.235294,0.490196,0.294118,0.215686,0.180000,0.220000,0.360000,0.240000,0.380000,0.120000,0.320000,0.300000,0.140000,0.280000,0.220000,0.280000,0.160000,0.040000,0.120000,0.340000,0.180000,0.260000,0.280000,0.260000,0.120000,7.843137,27.450980,56.862745,66.666667,86.274510,1.960784,25.490196,39.215686,76.470588,98.039216,3.921569,19.607843,54.901961,84.313725,100.000000,1.960784,33.333333,49.019608,78.431373,98.039216,3.921569,11.764706,27.450980,60.784314,92.156863,15.686275,29.411765,64.705882,80.392157,100.000000,3.921569,19.607843,47.058824,80.392157,100.000000,1.960784,25.490196,37.254902,78.431373,98.039216,7.843137,27.450980,52.941176,66.666667,86.274510,1.960784,25.490196,43.137255,70.588235,98.039216,3.921569,19.607843,47.058824,68.627451,94.117647,15.686275,29.411765,64.705882,80.392157,100.000000,17.647059,23.529412,64.705882,82.352941,86.274510,1.960784,21.568627,43.137255,76.470588,100.000000,49.019608,50.980392,58.823529,62.745098,68.627451,5.882353,23.529412,52.941176,68.627451,96.078431,1.960784,19.607843,45.098039,74.509804,100.000000,21.568627,35.294118,50.980392,78.431373,98.039216,3.921569,29.411765,54.901961,80.392157,100.000000,7.843137,27.450980,56.862745,66.666667,86.274510,1.960784,15.686275,39.215686,76.470588,96.078431
Positive_1622,0.318182,0.363636,0.318182,0.545455,0.204545,0.250000,0.340909,0.318182,0.340909,0.318182,0.431818,0.250000,0.159091,0.704545,0.136364,0.340909,0.318182,0.340909,0.454545,0.318182,0.227273,0.209302,0.186047,0.209302,0.232558,0.279070,0.093023,0.186047,0.255814,0.186047,0.348837,0.139535,0.232558,0.255814,0.023256,0.186047,0.279070,0.232558,0.116279,0.302326,0.232558,0.093023,2.272727,34.090909,45.454545,59.090909,95.454545,9.090909,20.454545,61.363636,72.727273,97.727273,4.545455,29.545455,50.000000,88.636364,100.000000,2.272727,22.727273,52.272727,77.272727,100.000000,6.818182,36.363636,50.000000,59.090909,95.454545,13.636364,18.181818,47.727273,72.727273,90.909091,4.545455,25.000000,50.000000,88.636364,100.000000,9.090909,22.727273,61.363636,77.272727,97.727273,2.272727,34.090909,47.727273,63.636364,95.454545,2.272727,20.454545,40.909091,70.454545,97.727273,4.545455,29.545455,52.272727,84.090909,100.000000,13.636364,18.181818,47.727273,72.727273,90.909091,13.636364,18.181818,47.727273,63.636364,86.363636,4.545455,25.000000,52.272727,79.545455,100.000000,2.272727,34.090909,38.636364,59.090909,95.454545,6.818182,27.272727,54.545455,72.727273,95.454545,4.545455,29.545455,43.181818,88.636364,100.000000,2.272727,20.454545,61.363636,77.272727,97.727273,4.545455,25.000000,50.000000,84.090909,100.000000,2.272727,34.090909,45.454545,59.090909,95.454545,9.090909,22.727273,65.909091,77.272727,81.818182
Positive_1145,0.388889,0.277778,0.333333,0.166667,0.388889,0.444444,0.333333,0.166667,0.500000,0.166667,0.388889,0.444444,0.333333,0.666667,0.000000,0.777778,0.166667,0.055556,0.444444,0.388889,0.166667,0.117647,0.176471,0.000000,0.058824,0.294118,0.235294,0.000000,0.176471,0.352941,0.058824,0.294118,0.235294,0.294118,0.000000,0.000000,0.235294,0.117647,0.000000,0.235294,0.176471,0.058824,33.333333,38.888889,55.555556,66.666667,100.000000,72.222222,77.777778,83.333333,88.888889,94.444444,5.555556,11.111111,16.666667,27.777778,50.000000,72.222222,72.222222,83.333333,94.444444,94.444444,5.555556,11.111111,22.222222,50.000000,66.666667,33.333333,38.888889,55.555556,77.777778,100.000000,5.555556,11.111111,16.666667,27.777778,50.000000,72.222222,72.222222,83.333333,94.444444,94.444444,33.333333,44.444444,61.111111,77.777778,100.000000,72.222222,72.222222,83.333333,94.444444,94.444444,5.555556,11.111111,22.222222,50.000000,66.666667,33.333333,38.888889,55.555556,77.777778,100.000000,33.333333,38.888889,44.444444,61.111111,100.000000,5.555556,16.666667,50.000000,77.777778,94.444444,0.000000,0.000000,0.000000,0.000000,0.000000,5.555556,33.333333,55.555556,77.777778,100.000000,16.666667,16.666667,22.222222,50.000000,50.000000,94.444444,94.444444,94.444444,94.444444,94.444444,5.555556,11.111111,22.222222,50.000000,83.333333,33.333333,38.888889,55.555556,66.666667,100.000000,77.777778,77.777778,88.888889,94.444444,94.444444
Positive_1033,0.214286,0.392857,0.392857,0.392857,0.392857,0.214286,0.392857,0.392857,0.214286,0.392857,0.392857,0.214286,0.142857,0.857143,0.000000,0.714286,0.178571,0.107143,0.714286,0.214286,0.071429,0.222222,0.148148,0.222222,0.296296,0.148148,0.148148,0.222222,0.148148,0.222222,0.296296,0.148148,0.148148,0.222222,0.000000,0.000000,0.333333,0.185185,0.037037,0.370370,0.074074,0.000000,28.571429,32.142857,42.857143,71.428571,96.428571,3.571429,46.428571,60.714286,89.285714,100.000000,7.142857,14.285714,35.714286,78.571429,85.714286,3.571429,46.428571,60.714286,89.285714,100.000000,7.142857,25.000000,67.857143,82.142857,96.428571,10.714286,14.285714,28.571429,42.857143,57.142857,7.142857,14.285714,35.714286,78.571429,85.714286,3.571429,46.428571,60.714286,89.285714,100.000000,28.571429,32.142857,42.857143,71.428571,96.428571,3.571429,46.428571,60.714286,89.285714,100.000000,7.142857,25.000000,67.857143,82.142857,96.428571,10.714286,14.285714,28.571429,42.857143,57.142857,28.571429,28.571429,32.142857,42.857143,57.142857,3.571429,21.428571,53.571429,78.571429,100.000000,0.000000,0.000000,0.000000,0.000000,0.000000,3.571429,25.000000,46.428571,64.285714,100.000000,10.714286,17.857143,35.714286,78.571429,85.714286,71.428571,71.428571,89.285714,96.428571,96.428571,3.571429,25.000000,53.571429,78.571429,100.000000,28.571429,32.142857,42.857143,71.428571,96.428571,14.285714,14.285714,14.285714,17.857143,17.857143
Positive_NA14,0.250000,0.425000,0.325000,0.575000,0.225000,0.200000,0.350000,0.375000,0.275000,0.425000,0.375000,0.200000,0.125000,0.825000,0.050000,0.325000,0.325000,0.350000,0.600000,0.250000,0.150000,0.205128,0.128205,0.282051,0.307692,0.282051,0.076923,0.256410,0.153846,0.230769,0.282051,0.205128,0.153846,0.205128,0.000000,0.102564,0.179487,0.205128,0.179487,0.256410,0.230769,0.076923,10.000000,57.500000,65.000000,85.000000,100.000000,2.500000,25.000000,42.500000,60.000000,80.000000,7.500000,22.500000,50.000000,87.500000,95.000000,2.500000,20.000000,40.000000,67.500000,95.000000,12.500000,27.500000,62.500000,87.500000,100.000000,22.500000,47.500000,65.000000,82.500000,97.500000,7.500000,22.500000,50.000000,87.500000,95.000000,2.500000,20.000000,37.500000,60.000000,80.000000,10.000000,47.500000,65.000000,85.000000,100.000000,2.500000,20.000000,35.000000,55.000000,80.000000,7.500000,27.500000,62.500000,90.000000,100.000000,22.500000,47.500000,65.000000,82.500000,97.500000,57.500000,65.000000,82.500000,85.000000,97.500000,2.500000,25.000000,47.500000,72.500000,100.000000,10.000000,10.000000,10.000000,32.500000,32.500000,2.500000,37.500000,47.500000,65.000000,97.500000,5.000000,27.500000,52.500000,87.500000,95.000000,10.000000,25.000000,35.000000,70.000000,100.000000,2.500000,22.500000,42.500000,67.500000,95.000000,10.000000,57.500000,65.000000,85.000000,100.000000,5.000000,17.500000,35.000000,72.500000,80.000000
Positive_1664,0.000000,0.444444,0.555556,0.333333,0.555556,0.111111,0.666667,0.333333,0.000000,0.111111,0.777778,0.111111,0.000000,1.000000,0.000000,0.333333,0.444444,0.222222,0.666667,0.000000,0.333333,0.000000,0.000000,0.125000,0.125000,0.125000,0.000000,0.250000,0.000000,0.000000,0.125000,0.125000,0.000000,0.000000,0.000000,0.000000,0.500000,0.125000,0.125000,0.000000,0.375000,0.000000,0.000000,0.000000,0.000000,0.000000,0.000000,66.666667,66.666667,77.777778,88.888889,100.000000,11.111111,22.222222,33.333333,44.444444,55.555556,66.666667,66.666667,77.777778,88.888889,88.888889,11.111111,22.222222,33.333333,44.444444,55.555556,100.000000,100.000000,100.000000,100.000000,100.000000,11.111111,22.222222,33.333333,55.555556,100.000000,66.666667,66.666667,77.777778,88.888889,88.888889,0.000000,0.000000,0.000000,0.000000,0.000000,88.888889,88.888889,88.888889,88.888889,88.888889,11.111111,22.222222,44.444444,66.666667,77.777778,100.000000,100.000000,100.000000,100.000000,100.000000,0.000000,0.000000,0.000000,0.000000,0.000000,11.111111,33.333333,55.555556,77.777778,100.000000,0.000000,0.000000,0.000000,0.000000,0.000000,11.111111,11.111111,44.444444,88.888889,88.888889,22.222222,22.222222,33.333333,55.555556,100.000000,66.666667,66.666667,66.666667,77.777778,77.777778,11.111111,22.222222,33.333333,55.555556,88.888889,0.000000,0.000000,0.000000,0.000000,0.000000,66.666667,66.666667,77.777778,100.000000,100.000000
Positive_NA15,0.230769,0.230769,0.538462,0.230769,0.384615,0.384615,0.538462,0.230769,0.230769,0.230769,0.384615,0.384615,0.230769,0.769231,0.000000,0.769231,0.230769,0.000000,0.615385,0.230769,0.153846,0.083333,0.250000,0.250000,0.166667,0.166667,0.333333,0.250000,0.250000,0.083333,0.166667,0.166667,0.333333,0.333333,0.000000,0.000000,0.500000,0.000000,0.000000,0.333333,0.166667,0.000000,61.538462,61.538462,69.230769,92.307692,92.307692,7.692308,7.692308,38.461538,100.000000,100.000000,15.384615,23.076923,46.153846,76.923077,84.615385,7.692308,7.692308,38.461538,100.000000,100.000000,15.384615,46.153846,53.846154,76.923077,84.615385,23.076923,30.769231,61.538462,69.230769,92.307692,15.384615,23.076923,46.153846,76.923077,84.615385,7.692308,7.692308,38.461538,100.000000,100.000000,61.538462,61.538462,69.230769,92.307692,92.307692,7.692308,7.692308,38.461538,100.000000,100.000000,15.384615,46.153846,53.846154,76.923077,84.615385,23.076923,30.769231,61.538462,69.230769,92.307692,61.538462,61.538462,69.230769,92.307692,92.307692,7.692308,23.076923,38.461538,76.923077,100.000000,0.000000,0.000000,0.000000,0.000000,0.000000,7.692308,30.769231,53.846154,84.615385,100.000000,23.076923,23.076923,38.461538,76.923077,76.923077,0.000000,0.000000,0.000000,0.000000,0.000000,7.692308,15.384615,46.153846,76.923077,100.000000,61.538462,61.538462,69.230769,92.307692,92.307692,30.769231,30.769231,30.769231,38.461538,38.461538
Positive_1379,0.181818,0.409091,0.409091,0.227273,0.318182,0.454545,0.409091,0.227273,0.363636,0.181818,0.363636,0.454545,0.181818,0.818182,0.000000,0.863636,0.090909,0.045455,0.590909,0.181818,0.227273,0.047619,0.142857,0.476190,0.238095,0.190476,0.333333,0.238095,0.380952,0.190476,0.190476,0.142857,0.380952,0.190476,0.000000,0.000000,0.047619,0.095238,0.000000,0.190476,0.380952,0.000000,9.090909,9.090909,13.636364,86.363636,90.909091,4.545455,27.272727,40.909091,63.636364,77.272727,18.181818,45.454545,59.090909,81.818182,100.000000,4.545455,27.272727,40.909091,54.545455,72.727273,18.181818,31.818182,50.000000,68.181818,81.818182,9.090909,22.727273,63.636364,90.909091,100.000000,18.181818,45.454545,59.090909,81.818182,100.000000,4.545455,27.272727,40.909091,54.545455,72.727273,9.090909,13.636364,36.363636,77.272727,90.909091,4.545455,4.545455,27.272727,40.909091,54.545455,18.181818,31.818182,50.000000,68.181818,81.818182,9.090909,22.727273,63.636364,90.909091,100.000000,9.090909,9.090909,13.636364,86.363636,90.909091,4.545455,31.818182,50.000000,72.727273,100.000000,0.000000,0.000000,0.000000,0.000000,0.000000,4.545455,22.727273,45.454545,68.181818,90.909091,95.454545,95.454545,95.454545,100.000000,100.000000,72.727273,72.727273,72.727273,72.727273,72.727273,4.545455,31.818182,50.000000,68.181818,100.000000,9.090909,9.090909,13.636364,86.363636,90.909091,22.727273,36.363636,63.636364,72.727273,77.272727
Positive_1185,0.375000,0.125000,0.500000,0.250000,0.000000,0.750000,0.625000,0.000000,0.375000,0.000000,0.250000,0.750000,0.375000,0.625000,0.000000,0.375000,0.625000,0.000000,0.500000,0.375000,0.125000,0.000000,0.714286,0.285714,0.000000,0.571429,0.000000,0.000000,0.714286,0.000000,0.000000,0.000000,0.571429,0.714286,0.000000,0.000000,0.714286,0.000000,0.000000,0.714286,0.285714,0.000000,25.000000,25.000000,75.000000,100.000000,100.000000,50.000000,50.000000,50.000000,50.000000,50.000000,12.500000,12.500000,37.500000,62.500000,87.500000,62.500000,62.500000,62.500000,87.500000,87.500000,0.000000,0.000000,0.000000,0.000000,0.000000,12.500000,25.000000,37.500000,75.000000,100.000000,12.500000,37.500000,50.000000,62.500000,87.500000,0.000000,0.000000,0.000000,0.000000,0.000000,25.000000,25.000000,75.000000,100.000000,100.000000,0.000000,0.000000,0.000000,0.000000,0.000000,62.500000,62.500000,62.500000,87.500000,87.500000,12.500000,25.000000,37.500000,75.000000,100.000000,25.000000,25.000000,75.000000,100.000000,100.000000,12.500000,37.500000,50.000000,62.500000,87.500000,0.000000,0.000000,0.000000,0.000000,0.000000,25.000000,25.000000,75.000000,100.000000,100.000000,12.500000,37.500000,50.000000,62.500000,87.500000,0.000000,0.000000,0.000000,0.000000,0.000000,12.500000,12.500000,37.500000,62.500000,87.500000,25.000000,25.000000,75.000000,100.000000,100.000000,50.000000,50.000000,50.000000,50.000000,50.000000
Positive_1246,0.378378,0.297297,0.324324,0.324324,0.405405,0.270270,0.324324,0.297297,0.378378,0.297297,0.432432,0.270270,0.216216,0.729730,0.054054,0.486486,0.324324,0.189189,0.567568,0.378378,0.054054,0.194444,0.305556,0.194444,0.305556,0.083333,0.194444,0.194444,0.305556,0.194444,0.361111,0.083333,0.194444,0.277778,0.055556,0.055556,0.444444,0.166667,0.111111,0.472222,0.083333,0.027778,2.702703,18.918919,35.135135,56.756757,100.000000,32.432432,59.459459,67.567568,86.486486,97.297297,5.405405,13.513514,40.540541,70.270270,94.594595,32.432432,48.648649,64.864865,81.081081,97.297297,10.810811,29.729730,51.351351,78.378378,94.594595,2.702703,8.108108,16.216216,43.243243,100.000000,5.405405,13.513514,40.540541,70.270270,94.594595,32.432432,59.459459,67.567568,86.486486,97.297297,2.702703,18.918919,35.135135,56.756757,100.000000,32.432432,48.648649,67.567568,86.486486,97.297297,10.810811,29.729730,51.351351,75.675676,94.594595,2.702703,8.108108,16.216216,43.243243,100.000000,2.702703,8.108108,18.918919,43.243243,100.000000,5.405405,35.135135,62.162162,81.081081,97.297297,24.324324,24.324324,24.324324,45.945946,45.945946,2.702703,18.918919,43.243243,83.783784,100.000000,5.405405,21.621622,51.351351,75.675676,94.594595,32.432432,37.837838,48.648649,64.864865,81.081081,5.405405,32.432432,59.459459,75.675676,97.297297,2.702703,18.918919,35.135135,56.756757,100.000000,64.864865,64.864865,64.864865,89.189189,89.189189
Positive_1706,0.250000,0.392857,0.357143,0.607143,0.178571,0.214286,0.357143,0.392857,0.250000,0.285714,0.500000,0.214286,0.178571,0.821429,0.000000,0.321429,0.357143,0.321429,0.464286,0.250000,0.285714,0.148148,0.185185,0.333333,0.185185,0.222222,0.111111,0.333333,0.185185,0.148148,0.296296,0.111111,0.222222,0.333333,0.000000,0.000000,0.222222,0.333333,0.185185,0.222222,0.370370,0.111111,3.571429,25.000000,53.571429,89.285714,92.857143,14.285714,21.428571,46.428571,75.000000,100.000000,7.142857,32.142857,50.000000,67.857143,96.428571,7.142857,28.571429,60.714286,75.000000,100.000000,10.714286,35.714286,57.142857,85.714286,89.285714,3.571429,25.000000,39.285714,53.571429,92.857143,7.142857,32.142857,50.000000,67.857143,96.428571,14.285714,21.428571,46.428571,75.000000,100.000000,3.571429,25.000000,53.571429,89.285714,92.857143,17.857143,21.428571,42.857143,75.000000,100.000000,7.142857,32.142857,57.142857,78.571429,96.428571,3.571429,25.000000,39.285714,53.571429,92.857143,3.571429,25.000000,39.285714,53.571429,92.857143,7.142857,28.571429,57.142857,78.571429,100.000000,0.000000,0.000000,0.000000,0.000000,0.000000,3.571429,17.857143,39.285714,53.571429,92.857143,7.142857,32.142857,57.142857,78.571429,100.000000,14.285714,42.857143,60.714286,75.000000,89.285714,7.142857,21.428571,42.857143,67.857143,96.428571,3.571429,25.000000,53.571429,89.285714,92.857143,14.285714,28.571429,50.000000,75.000000,100.000000
Positive_1222,0.166667,0.633333,0.200000,0.633333,0.266667,0.100000,0.200000,0.566667,0.233333,0.333333,0.566667,0.100000,0.033333,0.900000,0.066667,0.366667,0.100000,0.533333,0.366667,0.166667,0.466667,0.206897,0.103448,0.241379,0.344828,0.172414,0.034483,0.206897,0.137931,0.241379,0.310345,0.103448,0.103448,0.068966,0.000000,0.137931,0.103448,0.586207,0.034483,0.103448,0.379310,0.206897,3.333333,13.333333,43.333333,80.000000,90.000000,6.666667,23.333333,46.666667,66.666667,100.000000,30.000000,63.333333,73.333333,83.333333,93.333333,6.666667,23.333333,46.666667,66.666667,100.000000,3.333333,30.000000,73.333333,83.333333,93.333333,16.666667,16.666667,43.333333,70.000000,70.000000,30.000000,63.333333,73.333333,83.333333,93.333333,6.666667,26.666667,46.666667,60.000000,100.000000,3.333333,13.333333,43.333333,80.000000,90.000000,13.333333,23.333333,36.666667,53.333333,96.666667,3.333333,30.000000,63.333333,83.333333,100.000000,16.666667,16.666667,43.333333,70.000000,70.000000,43.333333,43.333333,43.333333,43.333333,43.333333,3.333333,26.666667,53.333333,76.666667,100.000000,13.333333,13.333333,13.333333,80.000000,80.000000,16.666667,30.000000,53.333333,83.333333,93.333333,40.000000,40.000000,73.333333,76.666667,76.666667,3.333333,13.333333,46.666667,66.666667,100.000000,23.333333,33.333333,63.333333,83.333333,96.666667,3.333333,13.333333,43.333333,80.000000,90.000000,6.666667,20.000000,46.666667,66.666667,100.000000
Positive_1647,0.000000,0.500000,0.500000,0.833333,0.166667,0.000000,0.500000,0.500000,0.000000,0.500000,0.500000,0.000000,0.000000,1.000000,0.000000,0.166667,0.833333,0.000000,0.666667,0.000000,0.333333,0.000000,0.000000,0.200000,0.400000,0.000000,0.000000,0.200000,0.000000,0.000000,0.200000,0.000000,0.000000,0.000000,0.000000,0.000000,0.200000,0.000000,0.000000,0.000000,0.400000,0.000000,0.000000,0.000000,0.000000,0.000000,0.000000,16.666667,16.666667,33.333333,50.000000,50.000000,66.666667,66.666667,83.333333,100.000000,100.000000,16.666667,33.333333,50.000000,66.666667,100.000000,83.333333,83.333333,83.333333,83.333333,83.333333,0.000000,0.000000,0.000000,0.000000,0.000000,66.666667,66.666667,83.333333,100.000000,100.000000,16.666667,16.666667,33.333333,50.000000,50.000000,0.000000,0.000000,0.000000,0.000000,0.000000,16.666667,16.666667,33.333333,50.000000,50.000000,66.666667,66.666667,83.333333,100.000000,100.000000,0.000000,0.000000,0.000000,0.000000,0.000000,0.000000,0.000000,0.000000,0.000000,0.000000,16.666667,33.333333,50.000000,83.333333,100.000000,0.000000,0.000000,0.000000,0.000000,0.000000,16.666667,16.666667,16.666667,16.666667,16.666667,33.333333,50.000000,66.666667,83.333333,100.000000,0.000000,0.000000,0.000000,0.000000,0.000000,16.666667,16.666667,66.666667,83.333333,100.000000,0.000000,0.000000,0.000000,0.000000,0.000000,33.333333,33.333333,33.333333,50.000000,50.000000
Positive_1257,0.000000,1.000000,0.000000,0.500000,0.000000,0.500000,0.500000,0.500000,0.000000,0.500000,0.000000,0.500000,0.000000,1.000000,0.000000,0.500000,0.500000,0.000000,0.500000,0.000000,0.500000,0.000000,0.000000,0.000000,0.000000,1.000000,0.000000,1.000000,0.000000,0.000000,0.000000,1.000000,0.000000,0.000000,0.000000,0.000000,1.000000,0.000000,0.000000,0.000000,1.000000,0.000000,0.000000,0.000000,0.000000,0.000000,0.000000,50.000000,50.000000,50.000000,100.000000,100.000000,0.000000,0.000000,0.000000,0.000000,0.000000,100.000000,100.000000,100.000000,100.000000,100.000000,0.000000,0.000000,0.000000,0.000000,0.000000,50.000000,50.000000,50.000000,50.000000,50.000000,50.000000,50.000000,50.000000,50.000000,50.000000,100.000000,100.000000,100.000000,100.000000,100.000000,0.000000,0.000000,0.000000,0.000000,0.000000,100.000000,100.000000,100.000000,100.000000,100.000000,0.000000,0.000000,0.000000,0.000000,0.000000,50.000000,50.000000,50.000000,50.000000,50.000000,0.000000,0.000000,0.000000,0.000000,0.000000,50.000000,50.000000,50.000000,100.000000,100.000000,0.000000,0.000000,0.000000,0.000000,0.000000,100.000000,100.000000,100.000000,100.000000,100.000000,50.000000,50.000000,50.000000,50.000000,50.000000,0.000000,0.000000,0.000000,0.000000,0.000000,100.000000,100.000000,100.000000,100.000000,100.000000,0.000000,0.000000,0.000000,0.000000,0.000000,50.000000,50.000000,50.000000,50.000000,50.000000
Positive_1228,0.320000,0.320000,0.360000,0.320000,0.320000,0.360000,0.360000,0.320000,0.320000,0.320000,0.320000,0.360000,0.320000,0.680000,0.000000,0.960000,0.040000,0.000000,0.680000,0.320000,0.000000,0.125000,0.125000,0.541667,0.541667,0.125000,0.125000,0.541667,0.125000,0.125000,0.541667,0.125000,0.125000,0.250000,0.000000,0.000000,0.083333,0.000000,0.000000,0.250000,0.000000,0.000000,4.000000,8.000000,40.000000,68.000000,100.000000,16.000000,24.000000,52.000000,76.000000,92.000000,12.000000,28.000000,48.000000,72.000000,88.000000,16.000000,24.000000,52.000000,76.000000,92.000000,12.000000,20.000000,48.000000,72.000000,88.000000,4.000000,36.000000,44.000000,68.000000,100.000000,12.000000,28.000000,48.000000,72.000000,88.000000,16.000000,24.000000,52.000000,76.000000,92.000000,4.000000,8.000000,40.000000,68.000000,100.000000,16.000000,24.000000,52.000000,76.000000,92.000000,12.000000,20.000000,48.000000,72.000000,88.000000,4.000000,36.000000,44.000000,68.000000,100.000000,4.000000,8.000000,40.000000,68.000000,100.000000,12.000000,28.000000,52.000000,76.000000,92.000000,0.000000,0.000000,0.000000,0.000000,0.000000,4.000000,24.000000,52.000000,76.000000,100.000000,44.000000,44.000000,44.000000,44.000000,44.000000,0.000000,0.000000,0.000000,0.000000,0.000000,12.000000,28.000000,52.000000,76.000000,92.000000,4.000000,8.000000,40.000000,68.000000,100.000000,0.000000,0.000000,0.000000,0.000000,0.000000
Positive_NA8,0.000000,0.250000,0.750000,0.250000,0.500000,0.250000,0.750000,0.250000,0.000000,0.000000,0.750000,0.250000,0.000000,1.000000,0.000000,0.000000,0.750000,0.250000,0.750000,0.000000,0.250000,0.000000,0.000000,0.666667,0.333333,0.333333,0.000000,0.666667,0.000000,0.000000,0.000000,0.000000,0.333333,0.000000,0.000000,0.000000,0.000000,0.000000,0.666667,0.000000,0.666667,0.000000,0.000000,0.000000,0.000000,0.000000,0.000000,75.000000,75.000000,75.000000,75.000000,75.000000,25.000000,25.000000,50.000000,100.000000,100.000000,75.000000,75.000000,75.000000,75.000000,75.000000,25.000000,25.000000,25.000000,50.000000,50.000000,100.000000,100.000000,100.000000,100.000000,100.000000,25.000000,25.000000,50.000000,100.000000,100.000000,75.000000,75.000000,75.000000,75.000000,75.000000,0.000000,0.000000,0.000000,0.000000,0.000000,0.000000,0.000000,0.000000,0.000000,0.000000,25.000000,25.000000,50.000000,75.000000,75.000000,100.000000,100.000000,100.000000,100.000000,100.000000,0.000000,0.000000,0.000000,0.000000,0.000000,25.000000,25.000000,50.000000,75.000000,100.000000,0.000000,0.000000,0.000000,0.000000,0.000000,0.000000,0.000000,0.000000,0.000000,0.000000,25.000000,25.000000,50.000000,100.000000,100.000000,75.000000,75.000000,75.000000,75.000000,75.000000,25.000000,25.000000,50.000000,100.000000,100.000000,0.000000,0.000000,0.000000,0.000000,0.000000,75.000000,75.000000,75.000000,75.000000,75.000000
Positive_1230,0.320000,0.320000,0.360000,0.320000,0.320000,0.360000,0.360000,0.320000,0.320000,0.280000,0.360000,0.360000,0.320000,0.680000,0.000000,0.920000,0.040000,0.040000,0.640000,0.320000,0.040000,0.125000,0.125000,0.541667,0.541667,0.125000,0.125000,0.541667,0.125000,0.125000,0.458333,0.125000,0.125000,0.250000,0.000000,0.000000,0.083333,0.083333,0.000000,0.250000,0.083333,0.000000,4.000000,8.000000,40.000000,68.000000,100.000000,16.000000,24.000000,52.000000,76.000000,92.000000,12.000000,28.000000,48.000000,72.000000,88.000000,16.000000,24.000000,52.000000,76.000000,92.000000,12.000000,20.000000,48.000000,72.000000,88.000000,4.000000,36.000000,44.000000,68.000000,100.000000,12.000000,28.000000,48.000000,72.000000,88.000000,16.000000,24.000000,52.000000,76.000000,92.000000,4.000000,8.000000,40.000000,68.000000,100.000000,16.000000,24.000000,60.000000,84.000000,92.000000,12.000000,28.000000,52.000000,72.000000,88.000000,4.000000,36.000000,44.000000,68.000000,100.000000,4.000000,8.000000,40.000000,68.000000,100.000000,12.000000,28.000000,52.000000,76.000000,92.000000,0.000000,0.000000,0.000000,0.000000,0.000000,4.000000,24.000000,56.000000,80.000000,100.000000,44.000000,44.000000,44.000000,44.000000,44.000000,52.000000,52.000000,52.000000,52.000000,52.000000,12.000000,24.000000,48.000000,76.000000,92.000000,4.000000,8.000000,40.000000,68.000000,100.000000,52.000000,52.000000,52.000000,52.000000,52.000000
Positive_1372,0.307692,0.384615,0.307692,0.230769,0.307692,0.461538,0.307692,0.230769,0.461538,0.230769,0.307692,0.461538,0.307692,0.692308,0.000000,1.000000,0.000000,0.000000,0.538462,0.307692,0.153846,0.280000,0.160000,0.320000,0.240000,0.200000,0.240000,0.240000,0.240000,0.200000,0.240000,0.200000,0.240000,0.440000,0.000000,0.000000,0.000000,0.000000,0.000000,0.280000,0.160000,0.160000,3.846154,7.692308,42.307692,84.615385,96.153846,11.538462,30.769231,50.000000,76.923077,100.000000,15.384615,19.230769,46.153846,57.692308,88.461538,11.538462,30.769231,50.000000,76.923077,100.000000,15.384615,19.230769,46.153846,57.692308,88.461538,3.846154,23.076923,42.307692,80.769231,96.153846,15.384615,19.230769,46.153846,57.692308,88.461538,11.538462,30.769231,50.000000,76.923077,100.000000,3.846154,23.076923,42.307692,80.769231,96.153846,11.538462,30.769231,50.000000,76.923077,100.000000,15.384615,19.230769,46.153846,57.692308,88.461538,3.846154,23.076923,42.307692,80.769231,96.153846,3.846154,7.692308,42.307692,84.615385,96.153846,11.538462,30.769231,50.000000,73.076923,100.000000,0.000000,0.000000,0.000000,0.000000,0.000000,3.846154,26.923077,50.000000,76.923077,100.000000,0.000000,0.000000,0.000000,0.000000,0.000000,0.000000,0.000000,0.000000,0.000000,0.000000,11.538462,30.769231,50.000000,73.076923,100.000000,3.846154,7.692308,42.307692,84.615385,96.153846,26.923077,26.923077,38.461538,69.230769,80.769231
Positive_1490,0.000000,0.200000,0.800000,0.200000,0.533333,0.266667,0.800000,0.200000,0.000000,0.200000,0.533333,0.266667,0.000000,1.000000,0.000000,0.400000,0.533333,0.066667,1.000000,0.000000,0.000000,0.000000,0.000000,0.285714,0.285714,0.000000,0.500000,0.285714,0.000000,0.000000,0.285714,0.000000,0.500000,0.000000,0.000000,0.000000,0.500000,0.071429,0.071429,0.000000,0.000000,0.000000,0.000000,0.000000,0.000000,0.000000,0.000000,13.333333,13.333333,20.000000,33.333333,33.333333,6.666667,40.000000,60.000000,80.000000,100.000000,13.333333,13.333333,20.000000,33.333333,33.333333,6.666667,26.666667,46.666667,66.666667,93.333333,60.000000,60.000000,73.333333,86.666667,100.000000,6.666667,40.000000,60.000000,80.000000,100.000000,13.333333,13.333333,20.000000,33.333333,33.333333,0.000000,0.000000,0.000000,0.000000,0.000000,13.333333,13.333333,20.000000,33.333333,33.333333,6.666667,26.666667,46.666667,66.666667,93.333333,60.000000,60.000000,73.333333,86.666667,100.000000,0.000000,0.000000,0.000000,0.000000,0.000000,6.666667,26.666667,53.333333,80.000000,100.000000,0.000000,0.000000,0.000000,0.000000,0.000000,20.000000,26.666667,33.333333,80.000000,93.333333,6.666667,40.000000,53.333333,73.333333,100.000000,13.333333,13.333333,13.333333,13.333333,13.333333,6.666667,26.666667,53.333333,80.000000,100.000000,0.000000,0.000000,0.000000,0.000000,0.000000,0.000000,0.000000,0.000000,0.000000,0.000000
Positive_1378,0.181818,0.454545,0.363636,0.272727,0.363636,0.363636,0.363636,0.272727,0.363636,0.272727,0.363636,0.363636,0.181818,0.818182,0.000000,1.000000,0.000000,0.000000,0.636364,0.181818,0.181818,0.095238,0.047619,0.523810,0.285714,0.238095,0.285714,0.285714,0.285714,0.238095,0.285714,0.238095,0.285714,0.142857,0.000000,0.000000,0.000000,0.000000,0.000000,0.142857,0.380952,0.000000,9.090909,9.090909,13.636364,95.454545,100.000000,4.545455,27.272727,40.909091,72.727273,90.909091,18.181818,31.818182,50.000000,68.181818,86.363636,4.545455,27.272727,40.909091,72.727273,90.909091,18.181818,31.818182,50.000000,68.181818,86.363636,9.090909,13.636364,36.363636,77.272727,100.000000,18.181818,31.818182,50.000000,68.181818,86.363636,4.545455,27.272727,40.909091,72.727273,90.909091,9.090909,13.636364,36.363636,77.272727,100.000000,4.545455,27.272727,40.909091,72.727273,90.909091,18.181818,31.818182,50.000000,68.181818,86.363636,9.090909,13.636364,36.363636,77.272727,100.000000,9.090909,9.090909,13.636364,95.454545,100.000000,4.545455,31.818182,50.000000,72.727273,90.909091,0.000000,0.000000,0.000000,0.000000,0.000000,4.545455,27.272727,50.000000,77.272727,100.000000,0.000000,0.000000,0.000000,0.000000,0.000000,0.000000,0.000000,0.000000,0.000000,0.000000,4.545455,31.818182,50.000000,72.727273,90.909091,9.090909,9.090909,13.636364,95.454545,100.000000,22.727273,22.727273,36.363636,63.636364,77.272727
Positive_NA4,0.333333,0.333333,0.333333,0.333333,0.166667,0.500000,0.500000,0.166667,0.333333,0.166667,0.333333,0.500000,0.166667,0.666667,0.166667,0.166667,0.500000,0.333333,0.333333,0.333333,0.333333,0.000000,0.200000,0.400000,0.000000,0.600000,0.400000,0.400000,0.200000,0.000000,0.000000,0.200000,0.800000,0.200000,0.200000,0.000000,0.200000,0.200000,0.400000,0.200000,0.400000,0.000000,16.666667,16.666667,16.666667,33.333333,33.333333,66.666667,66.666667,66.666667,83.333333,83.333333,50.000000,50.000000,50.000000,100.000000,100.000000,16.666667,16.666667,16.666667,83.333333,83.333333,50.000000,50.000000,50.000000,50.000000,50.000000,33.333333,33.333333,66.666667,100.000000,100.000000,50.000000,50.000000,66.666667,100.000000,100.000000,83.333333,83.333333,83.333333,83.333333,83.333333,16.666667,16.666667,16.666667,33.333333,33.333333,16.666667,16.666667,16.666667,16.666667,16.666667,50.000000,50.000000,50.000000,83.333333,83.333333,33.333333,33.333333,66.666667,100.000000,100.000000,33.333333,33.333333,33.333333,33.333333,33.333333,50.000000,50.000000,66.666667,83.333333,100.000000,16.666667,16.666667,16.666667,16.666667,16.666667,33.333333,33.333333,33.333333,33.333333,33.333333,50.000000,50.000000,66.666667,100.000000,100.000000,16.666667,16.666667,16.666667,83.333333,83.333333,50.000000,50.000000,50.000000,100.000000,100.000000,16.666667,16.666667,16.666667,33.333333,33.333333,66.666667,66.666667,66.666667,83.333333,83.333333
Positive_1380,0.173913,0.434783,0.391304,0.434783,0.391304,0.173913,0.391304,0.434783,0.173913,0.434783,0.391304,0.173913,0.173913,0.826087,0.000000,0.956522,0.000000,0.043478,0.826087,0.173913,0.000000,0.090909,0.090909,0.727273,0.727273,0.090909,0.090909,0.727273,0.090909,0.090909,0.727273,0.090909,0.090909,0.181818,0.000000,0.000000,0.000000,0.045455,0.000000,0.181818,0.000000,0.000000,8.695652,8.695652,13.043478,91.304348,95.652174,4.347826,30.434783,47.826087,73.913043,100.000000,17.391304,34.782609,52.173913,69.565217,86.956522,4.347826,30.434783,47.826087,73.913043,100.000000,17.391304,34.782609,52.173913,69.565217,86.956522,8.695652,8.695652,13.043478,91.304348,95.652174,17.391304,34.782609,52.173913,69.565217,86.956522,4.347826,30.434783,47.826087,73.913043,100.000000,8.695652,8.695652,13.043478,91.304348,95.652174,4.347826,30.434783,47.826087,73.913043,100.000000,17.391304,34.782609,52.173913,69.565217,86.956522,8.695652,8.695652,13.043478,91.304348,95.652174,8.695652,8.695652,13.043478,91.304348,95.652174,4.347826,30.434783,52.173913,73.913043,100.000000,0.000000,0.000000,0.000000,0.000000,0.000000,8.695652,30.434783,52.173913,78.260870,100.000000,0.000000,0.000000,0.000000,0.000000,0.000000,4.347826,4.347826,4.347826,4.347826,4.347826,4.347826,30.434783,52.173913,73.913043,100.000000,8.695652,8.695652,13.043478,91.304348,95.652174,0.000000,0.000000,0.000000,0.000000,0.000000
Positive_NA1,0.400000,0.300000,0.300000,0.300000,0.200000,0.500000,0.400000,0.100000,0.500000,0.200000,0.300000,0.500000,0.200000,0.600000,0.200000,0.300000,0.400000,0.300000,0.300000,0.400000,0.300000,0.333333,0.222222,0.333333,0.111111,0.444444,0.333333,0.111111,0.222222,0.111111,0.111111,0.222222,0.555556,0.333333,0.111111,0.222222,0.111111,0.333333,0.222222,0.222222,0.333333,0.333333,10.000000,10.000000,20.000000,60.000000,80.000000,40.000000,40.000000,70.000000,90.000000,90.000000,30.000000,30.000000,50.000000,100.000000,100.000000,10.000000,10.000000,60.000000,90.000000,90.000000,30.000000,30.000000,30.000000,50.000000,50.000000,20.000000,40.000000,70.000000,80.000000,100.000000,30.000000,30.000000,40.000000,50.000000,100.000000,90.000000,90.000000,90.000000,90.000000,90.000000,10.000000,20.000000,60.000000,70.000000,80.000000,10.000000,10.000000,10.000000,60.000000,60.000000,30.000000,30.000000,50.000000,90.000000,90.000000,20.000000,40.000000,70.000000,80.000000,100.000000,20.000000,20.000000,20.000000,80.000000,80.000000,30.000000,40.000000,50.000000,90.000000,100.000000,10.000000,10.000000,10.000000,60.000000,60.000000,20.000000,20.000000,70.000000,80.000000,80.000000,30.000000,30.000000,40.000000,50.000000,100.000000,10.000000,10.000000,60.000000,90.000000,90.000000,30.000000,30.000000,50.000000,100.000000,100.000000,10.000000,10.000000,20.000000,60.000000,80.000000,40.000000,40.000000,70.000000,90.000000,90.000000
Positive_1283,0.000000,0.000000,1.000000,0.000000,0.500000,0.500000,1.000000,0.000000,0.000000,0.000000,0.500000,0.500000,0.000000,1.000000,0.000000,0.000000,1.000000,0.000000,1.000000,0.000000,0.000000,0.000000,0.000000,0.000000,0.000000,0.000000,1.000000,0.000000,0.000000,0.000000,0.000000,0.000000,1.000000,0.000000,0.000000,0.000000,0.000000,0.000000,0.000000,0.000000,0.000000,0.000000,0.000000,0.000000,0.000000,0.000000,0.000000,0.000000,0.000000,0.000000,0.000000,0.000000,50.000000,50.000000,50.000000,100.000000,100.000000,0.000000,0.000000,0.000000,0.000000,0.000000,100.000000,100.000000,100.000000,100.000000,100.000000,50.000000,50.000000,50.000000,50.000000,50.000000,50.000000,50.000000,50.000000,100.000000,100.000000,0.000000,0.000000,0.000000,0.000000,0.000000,0.000000,0.000000,0.000000,0.000000,0.000000,0.000000,0.000000,0.000000,0.000000,0.000000,100.000000,100.000000,100.000000,100.000000,100.000000,50.000000,50.000000,50.000000,50.000000,50.000000,0.000000,0.000000,0.000000,0.000000,0.000000,50.000000,50.000000,50.000000,100.000000,100.000000,0.000000,0.000000,0.000000,0.000000,0.000000,0.000000,0.000000,0.000000,0.000000,0.000000,50.000000,50.000000,50.000000,100.000000,100.000000,0.000000,0.000000,0.000000,0.000000,0.000000,50.000000,50.000000,50.000000,100.000000,100.000000,0.000000,0.000000,0.000000,0.000000,0.000000,0.000000,0.000000,0.000000,0.000000,0.000000
Positive_1635,0.380952,0.333333,0.285714,0.238095,0.285714,0.476190,0.333333,0.238095,0.428571,0.190476,0.333333,0.476190,0.238095,0.666667,0.095238,0.523810,0.333333,0.142857,0.380952,0.380952,0.238095,0.200000,0.250000,0.250000,0.250000,0.100000,0.350000,0.250000,0.350000,0.100000,0.150000,0.100000,0.350000,0.350000,0.100000,0.100000,0.450000,0.100000,0.150000,0.250000,0.200000,0.200000,14.285714,19.047619,38.095238,57.142857,100.000000,4.761905,28.571429,66.666667,85.714286,90.476190,9.523810,33.333333,47.619048,71.428571,95.238095,4.761905,66.666667,76.190476,85.714286,90.476190,19.047619,38.095238,52.380952,80.952381,95.238095,9.523810,23.809524,33.333333,57.142857,100.000000,9.523810,33.333333,52.380952,71.428571,95.238095,4.761905,66.666667,76.190476,85.714286,90.476190,14.285714,23.809524,38.095238,57.142857,100.000000,4.761905,4.761905,66.666667,85.714286,90.476190,19.047619,38.095238,71.428571,80.952381,95.238095,9.523810,23.809524,33.333333,57.142857,100.000000,14.285714,23.809524,42.857143,57.142857,100.000000,4.761905,33.333333,52.380952,76.190476,95.238095,19.047619,19.047619,19.047619,80.952381,80.952381,14.285714,23.809524,42.857143,80.952381,100.000000,9.523810,33.333333,52.380952,71.428571,90.476190,4.761905,4.761905,76.190476,85.714286,85.714286,4.761905,9.523810,47.619048,66.666667,95.238095,14.285714,19.047619,38.095238,57.142857,100.000000,28.571429,61.904762,76.190476,85.714286,90.476190
Positive_1608,0.571429,0.142857,0.285714,0.428571,0.285714,0.285714,0.285714,0.142857,0.571429,0.428571,0.285714,0.285714,0.000000,0.714286,0.285714,0.142857,0.142857,0.714286,0.142857,0.571429,0.285714,0.333333,0.166667,0.000000,0.500000,0.000000,0.166667,0.000000,0.166667,0.333333,0.500000,0.000000,0.166667,0.000000,0.000000,0.500000,0.166667,0.166667,0.000000,0.000000,0.166667,0.500000,14.285714,14.285714,28.571429,57.142857,71.428571,42.857143,42.857143,42.857143,42.857143,42.857143,85.714286,85.714286,85.714286,100.000000,100.000000,14.285714,14.285714,42.857143,57.142857,57.142857,28.571429,28.571429,28.571429,71.428571,71.428571,85.714286,85.714286,85.714286,100.000000,100.000000,85.714286,85.714286,85.714286,100.000000,100.000000,42.857143,42.857143,42.857143,42.857143,42.857143,14.285714,14.285714,28.571429,57.142857,71.428571,14.285714,14.285714,42.857143,57.142857,57.142857,28.571429,28.571429,28.571429,71.428571,71.428571,85.714286,85.714286,85.714286,100.000000,100.000000,0.000000,0.000000,0.000000,0.000000,0.000000,28.571429,42.857143,71.428571,85.714286,100.000000,14.285714,14.285714,14.285714,57.142857,57.142857,85.714286,85.714286,85.714286,85.714286,85.714286,100.000000,100.000000,100.000000,100.000000,100.000000,14.285714,28.571429,42.857143,57.142857,71.428571,100.000000,100.000000,100.000000,100.000000,100.000000,14.285714,14.285714,28.571429,57.142857,71.428571,42.857143,42.857143,42.857143,85.714286,85.714286
Positive_1665,0.000000,0.222222,0.777778,0.222222,0.555556,0.222222,0.777778,0.222222,0.000000,0.111111,0.666667,0.222222,0.000000,1.000000,0.000000,0.333333,0.555556,0.111111,0.888889,0.000000,0.111111,0.000000,0.000000,0.250000,0.125000,0.125000,0.000000,0.250000,0.000000,0.000000,0.125000,0.125000,0.000000,0.000000,0.000000,0.000000,0.500000,0.125000,0.125000,0.000000,0.250000,0.000000,0.000000,0.000000,0.000000,0.000000,0.000000,66.666667,66.666667,66.666667,77.777778,77.777778,11.111111,22.222222,44.444444,88.888889,100.000000,66.666667,66.666667,66.666667,77.777778,77.777778,11.111111,22.222222,33.333333,44.444444,55.555556,88.888889,88.888889,88.888889,100.000000,100.000000,11.111111,22.222222,44.444444,88.888889,100.000000,66.666667,66.666667,66.666667,77.777778,77.777778,0.000000,0.000000,0.000000,0.000000,0.000000,77.777778,77.777778,77.777778,77.777778,77.777778,11.111111,22.222222,33.333333,55.555556,66.666667,88.888889,88.888889,88.888889,100.000000,100.000000,0.000000,0.000000,0.000000,0.000000,0.000000,11.111111,33.333333,55.555556,77.777778,100.000000,0.000000,0.000000,0.000000,0.000000,0.000000,11.111111,11.111111,44.444444,77.777778,77.777778,22.222222,33.333333,55.555556,88.888889,100.000000,66.666667,66.666667,66.666667,66.666667,66.666667,11.111111,22.222222,44.444444,77.777778,100.000000,0.000000,0.000000,0.000000,0.000000,0.000000,66.666667,66.666667,66.666667,66.666667,66.666667
Positive_1205,0.300000,0.300000,0.400000,0.200000,0.000000,0.800000,0.400000,0.200000,0.400000,0.200000,0.000000,0.800000,0.300000,0.700000,0.000000,0.500000,0.400000,0.100000,0.600000,0.300000,0.100000,0.111111,0.333333,0.333333,0.000000,0.222222,0.000000,0.222222,0.444444,0.000000,0.000000,0.222222,0.000000,0.444444,0.000000,0.000000,0.555556,0.000000,0.111111,0.333333,0.111111,0.111111,30.000000,30.000000,40.000000,70.000000,70.000000,10.000000,10.000000,60.000000,100.000000,100.000000,20.000000,20.000000,50.000000,80.000000,90.000000,10.000000,10.000000,10.000000,100.000000,100.000000,0.000000,0.000000,0.000000,0.000000,0.000000,20.000000,30.000000,50.000000,70.000000,90.000000,20.000000,20.000000,50.000000,80.000000,90.000000,10.000000,10.000000,10.000000,100.000000,100.000000,30.000000,30.000000,40.000000,60.000000,70.000000,10.000000,10.000000,10.000000,100.000000,100.000000,0.000000,0.000000,0.000000,0.000000,0.000000,20.000000,30.000000,50.000000,70.000000,90.000000,30.000000,30.000000,40.000000,70.000000,70.000000,10.000000,20.000000,60.000000,90.000000,100.000000,0.000000,0.000000,0.000000,0.000000,0.000000,30.000000,40.000000,60.000000,70.000000,100.000000,20.000000,20.000000,50.000000,80.000000,90.000000,10.000000,10.000000,10.000000,10.000000,10.000000,10.000000,20.000000,50.000000,90.000000,100.000000,30.000000,30.000000,40.000000,70.000000,70.000000,60.000000,60.000000,60.000000,60.000000,60.000000
Positive_1492,0.260870,0.391304,0.347826,0.347826,0.260870,0.391304,0.347826,0.347826,0.304348,0.347826,0.260870,0.391304,0.173913,0.782609,0.043478,0.434783,0.260870,0.304348,0.565217,0.260870,0.173913,0.272727,0.181818,0.272727,0.227273,0.318182,0.227273,0.227273,0.227273,0.318182,0.227273,0.318182,0.227273,0.272727,0.000000,0.090909,0.272727,0.272727,0.181818,0.363636,0.136364,0.090909,17.391304,43.478261,47.826087,82.608696,95.652174,4.347826,30.434783,39.130435,65.217391,100.000000,8.695652,21.739130,52.173913,73.913043,91.304348,4.347826,13.043478,39.130435,65.217391,100.000000,8.695652,26.086957,73.913043,86.956522,95.652174,17.391304,30.434783,47.826087,60.869565,91.304348,8.695652,21.739130,52.173913,73.913043,91.304348,4.347826,13.043478,39.130435,65.217391,100.000000,17.391304,30.434783,47.826087,82.608696,95.652174,4.347826,13.043478,39.130435,65.217391,100.000000,8.695652,26.086957,73.913043,86.956522,95.652174,17.391304,30.434783,47.826087,60.869565,91.304348,17.391304,17.391304,43.478261,47.826087,60.869565,4.347826,26.086957,52.173913,78.260870,100.000000,82.608696,82.608696,82.608696,82.608696,82.608696,17.391304,30.434783,43.478261,65.217391,91.304348,8.695652,21.739130,52.173913,73.913043,86.956522,4.347826,13.043478,56.521739,95.652174,100.000000,4.347826,21.739130,52.173913,69.565217,86.956522,17.391304,43.478261,47.826087,82.608696,95.652174,30.434783,30.434783,34.782609,91.304348,100.000000
Positive_1186,0.333333,0.166667,0.500000,0.333333,0.000000,0.666667,0.666667,0.000000,0.333333,0.000000,0.333333,0.666667,0.333333,0.666667,0.000000,0.333333,0.666667,0.000000,0.500000,0.333333,0.166667,0.000000,0.600000,0.400000,0.000000,0.800000,0.000000,0.000000,0.600000,0.000000,0.000000,0.000000,0.800000,0.600000,0.000000,0.000000,0.600000,0.000000,0.000000,0.600000,0.400000,0.000000,66.666667,66.666667,66.666667,100.000000,100.000000,33.333333,33.333333,33.333333,33.333333,33.333333,16.666667,16.666667,50.000000,83.333333,83.333333,50.000000,50.000000,50.000000,83.333333,83.333333,0.000000,0.000000,0.000000,0.000000,0.000000,16.666667,16.666667,33.333333,66.666667,100.000000,16.666667,16.666667,33.333333,50.000000,83.333333,0.000000,0.000000,0.000000,0.000000,0.000000,66.666667,66.666667,66.666667,100.000000,100.000000,0.000000,0.000000,0.000000,0.000000,0.000000,50.000000,50.000000,50.000000,83.333333,83.333333,16.666667,16.666667,33.333333,66.666667,100.000000,66.666667,66.666667,66.666667,100.000000,100.000000,16.666667,16.666667,33.333333,50.000000,83.333333,0.000000,0.000000,0.000000,0.000000,0.000000,66.666667,66.666667,66.666667,100.000000,100.000000,16.666667,16.666667,33.333333,50.000000,83.333333,0.000000,0.000000,0.000000,0.000000,0.000000,16.666667,16.666667,50.000000,83.333333,83.333333,66.666667,66.666667,66.666667,100.000000,100.000000,33.333333,33.333333,33.333333,33.333333,33.333333
Positive_NA6,0.166667,0.500000,0.333333,0.166667,0.166667,0.666667,0.500000,0.166667,0.333333,0.000000,0.333333,0.666667,0.166667,0.833333,0.000000,0.333333,0.500000,0.166667,0.333333,0.166667,0.500000,0.200000,0.000000,0.600000,0.200000,0.200000,0.200000,0.400000,0.600000,0.000000,0.000000,0.000000,0.400000,0.200000,0.000000,0.000000,0.600000,0.000000,0.400000,0.000000,0.600000,0.200000,16.666667,16.666667,16.666667,16.666667,16.666667,33.333333,33.333333,50.000000,83.333333,83.333333,66.666667,66.666667,66.666667,100.000000,100.000000,83.333333,83.333333,83.333333,83.333333,83.333333,66.666667,66.666667,66.666667,66.666667,66.666667,16.666667,16.666667,33.333333,50.000000,100.000000,33.333333,33.333333,66.666667,100.000000,100.000000,83.333333,83.333333,83.333333,83.333333,83.333333,16.666667,16.666667,16.666667,50.000000,50.000000,0.000000,0.000000,0.000000,0.000000,0.000000,66.666667,66.666667,66.666667,83.333333,83.333333,16.666667,16.666667,33.333333,50.000000,100.000000,16.666667,16.666667,16.666667,16.666667,16.666667,33.333333,50.000000,66.666667,83.333333,100.000000,0.000000,0.000000,0.000000,0.000000,0.000000,16.666667,16.666667,16.666667,50.000000,50.000000,33.333333,33.333333,66.666667,100.000000,100.000000,83.333333,83.333333,83.333333,83.333333,83.333333,66.666667,66.666667,66.666667,100.000000,100.000000,16.666667,16.666667,16.666667,16.666667,16.666667,33.333333,33.333333,50.000000,83.333333,83.333333
Positive_1666,0.000000,0.333333,0.666667,0.333333,0.444444,0.222222,0.666667,0.333333,0.000000,0.222222,0.555556,0.222222,0.000000,1.000000,0.000000,0.333333,0.555556,0.111111,0.888889,0.000000,0.111111,0.000000,0.000000,0.375000,0.250000,0.125000,0.000000,0.375000,0.000000,0.000000,0.250000,0.125000,0.000000,0.000000,0.000000,0.000000,0.500000,0.125000,0.125000,0.000000,0.250000,0.000000,0.000000,0.000000,0.000000,0.000000,0.000000,11.111111,11.111111,66.666667,77.777778,77.777778,22.222222,33.333333,44.444444,88.888889,100.000000,11.111111,11.111111,66.666667,77.777778,77.777778,22.222222,22.222222,33.333333,44.444444,55.555556,88.888889,88.888889,88.888889,100.000000,100.000000,22.222222,33.333333,44.444444,88.888889,100.000000,11.111111,11.111111,66.666667,77.777778,77.777778,0.000000,0.000000,0.000000,0.000000,0.000000,11.111111,11.111111,11.111111,77.777778,77.777778,22.222222,33.333333,44.444444,55.555556,66.666667,88.888889,88.888889,88.888889,100.000000,100.000000,0.000000,0.000000,0.000000,0.000000,0.000000,11.111111,33.333333,55.555556,77.777778,100.000000,0.000000,0.000000,0.000000,0.000000,0.000000,11.111111,11.111111,44.444444,77.777778,77.777778,22.222222,33.333333,55.555556,88.888889,100.000000,66.666667,66.666667,66.666667,66.666667,66.666667,11.111111,22.222222,44.444444,77.777778,100.000000,0.000000,0.000000,0.000000,0.000000,0.000000,66.666667,66.666667,66.666667,66.666667,66.666667
Positive_1249,0.272727,0.409091,0.318182,0.363636,0.272727,0.363636,0.318182,0.363636,0.318182,0.363636,0.272727,0.363636,0.181818,0.772727,0.045455,0.409091,0.272727,0.318182,0.590909,0.272727,0.136364,0.285714,0.190476,0.285714,0.238095,0.333333,0.142857,0.238095,0.238095,0.333333,0.238095,0.333333,0.142857,0.285714,0.000000,0.095238,0.238095,0.238095,0.238095,0.428571,0.095238,0.047619,18.181818,45.454545,50.000000,86.363636,95.454545,4.545455,31.818182,40.909091,68.181818,100.000000,9.090909,22.727273,54.545455,77.272727,90.909091,4.545455,13.636364,40.909091,68.181818,100.000000,9.090909,27.272727,77.272727,90.909091,95.454545,18.181818,22.727273,45.454545,54.545455,72.727273,9.090909,22.727273,54.545455,77.272727,90.909091,4.545455,13.636364,40.909091,68.181818,100.000000,18.181818,31.818182,50.000000,86.363636,95.454545,4.545455,13.636364,40.909091,68.181818,100.000000,9.090909,27.272727,77.272727,90.909091,95.454545,18.181818,22.727273,45.454545,54.545455,72.727273,18.181818,18.181818,45.454545,50.000000,63.636364,4.545455,27.272727,54.545455,77.272727,100.000000,86.363636,86.363636,86.363636,86.363636,86.363636,18.181818,31.818182,45.454545,63.636364,86.363636,9.090909,22.727273,54.545455,77.272727,90.909091,4.545455,13.636364,59.090909,95.454545,100.000000,4.545455,22.727273,54.545455,72.727273,90.909091,18.181818,45.454545,50.000000,86.363636,95.454545,31.818182,31.818182,36.363636,100.000000,100.000000
Positive_1224,0.320000,0.200000,0.480000,0.200000,0.440000,0.360000,0.480000,0.200000,0.320000,0.200000,0.440000,0.360000,0.320000,0.680000,0.000000,0.960000,0.040000,0.000000,0.680000,0.320000,0.000000,0.000000,0.250000,0.416667,0.416667,0.000000,0.250000,0.416667,0.250000,0.000000,0.416667,0.000000,0.250000,0.250000,0.000000,0.000000,0.083333,0.000000,0.000000,0.250000,0.000000,0.000000,4.000000,8.000000,40.000000,68.000000,100.000000,16.000000,28.000000,56.000000,76.000000,88.000000,12.000000,24.000000,48.000000,72.000000,92.000000,16.000000,28.000000,56.000000,76.000000,88.000000,12.000000,24.000000,52.000000,80.000000,92.000000,4.000000,36.000000,44.000000,68.000000,100.000000,12.000000,24.000000,48.000000,72.000000,92.000000,16.000000,28.000000,56.000000,76.000000,88.000000,4.000000,8.000000,40.000000,68.000000,100.000000,16.000000,28.000000,56.000000,76.000000,88.000000,12.000000,24.000000,52.000000,80.000000,92.000000,4.000000,36.000000,44.000000,68.000000,100.000000,4.000000,8.000000,40.000000,68.000000,100.000000,12.000000,28.000000,52.000000,76.000000,92.000000,0.000000,0.000000,0.000000,0.000000,0.000000,4.000000,24.000000,52.000000,76.000000,100.000000,44.000000,44.000000,44.000000,44.000000,44.000000,0.000000,0.000000,0.000000,0.000000,0.000000,12.000000,28.000000,52.000000,76.000000,92.000000,4.000000,8.000000,40.000000,68.000000,100.000000,0.000000,0.000000,0.000000,0.000000,0.000000
Positive_1039,0.125000,0.750000,0.125000,0.750000,0.000000,0.250000,0.125000,0.500000,0.375000,0.625000,0.125000,0.250000,0.000000,0.875000,0.125000,0.625000,0.125000,0.250000,0.625000,0.125000,0.250000,0.266667,0.000000,0.133333,0.000000,0.266667,0.000000,0.133333,0.000000,0.533333,0.133333,0.266667,0.000000,0.000000,0.000000,0.266667,0.000000,0.266667,0.133333,0.266667,0.266667,0.000000,50.000000,50.000000,50.000000,87.500000,87.500000,12.500000,25.000000,43.750000,68.750000,93.750000,6.250000,6.250000,6.250000,100.000000,100.000000,6.250000,18.750000,50.000000,81.250000,100.000000,0.000000,0.000000,0.000000,0.000000,0.000000,25.000000,25.000000,31.250000,62.500000,68.750000,6.250000,6.250000,6.250000,100.000000,100.000000,12.500000,18.750000,43.750000,75.000000,93.750000,25.000000,31.250000,50.000000,68.750000,87.500000,12.500000,37.500000,50.000000,81.250000,93.750000,6.250000,6.250000,6.250000,100.000000,100.000000,25.000000,25.000000,31.250000,62.500000,68.750000,0.000000,0.000000,0.000000,0.000000,0.000000,6.250000,25.000000,43.750000,75.000000,100.000000,50.000000,50.000000,50.000000,87.500000,87.500000,18.750000,31.250000,43.750000,68.750000,81.250000,6.250000,6.250000,6.250000,100.000000,100.000000,12.500000,12.500000,50.000000,87.500000,93.750000,6.250000,18.750000,43.750000,81.250000,100.000000,50.000000,50.000000,50.000000,87.500000,87.500000,25.000000,25.000000,31.250000,62.500000,68.750000
Positive_1661,0.000000,0.222222,0.777778,0.222222,0.555556,0.222222,0.777778,0.222222,0.000000,0.000000,0.777778,0.222222,0.000000,1.000000,0.000000,0.222222,0.555556,0.222222,0.777778,0.000000,0.222222,0.000000,0.000000,0.250000,0.125000,0.125000,0.000000,0.250000,0.000000,0.000000,0.000000,0.000000,0.125000,0.000000,0.000000,0.000000,0.375000,0.000000,0.250000,0.000000,0.250000,0.000000,0.000000,0.000000,0.000000,0.000000,0.000000,66.666667,66.666667,66.666667,77.777778,77.777778,11.111111,22.222222,44.444444,88.888889,100.000000,66.666667,66.666667,66.666667,77.777778,77.777778,11.111111,22.222222,33.333333,44.444444,55.555556,88.888889,88.888889,88.888889,100.000000,100.000000,11.111111,22.222222,44.444444,88.888889,100.000000,66.666667,66.666667,66.666667,77.777778,77.777778,0.000000,0.000000,0.000000,0.000000,0.000000,0.000000,0.000000,0.000000,0.000000,0.000000,11.111111,22.222222,44.444444,66.666667,77.777778,88.888889,88.888889,88.888889,100.000000,100.000000,0.000000,0.000000,0.000000,0.000000,0.000000,11.111111,33.333333,55.555556,77.777778,100.000000,0.000000,0.000000,0.000000,0.000000,0.000000,11.111111,11.111111,11.111111,44.444444,44.444444,22.222222,33.333333,55.555556,88.888889,100.000000,66.666667,66.666667,66.666667,77.777778,77.777778,11.111111,22.222222,44.444444,88.888889,100.000000,0.000000,0.000000,0.000000,0.000000,0.000000,66.666667,66.666667,66.666667,77.777778,77.777778
Positive_1251,0.192308,0.346154,0.461538,0.346154,0.384615,0.269231,0.461538,0.346154,0.192308,0.307692,0.423077,0.269231,0.192308,0.807692,0.000000,0.461538,0.346154,0.192308,0.653846,0.192308,0.153846,0.000000,0.280000,0.360000,0.360000,0.000000,0.200000,0.360000,0.280000,0.000000,0.360000,0.000000,0.200000,0.280000,0.000000,0.000000,0.440000,0.160000,0.200000,0.280000,0.200000,0.000000,3.846154,11.538462,23.076923,26.923077,57.692308,34.615385,46.153846,73.076923,84.615385,100.000000,7.692308,19.230769,50.000000,65.384615,96.153846,34.615385,46.153846,73.076923,84.615385,100.000000,15.384615,38.461538,53.846154,80.769231,96.153846,3.846154,7.692308,19.230769,26.923077,57.692308,7.692308,19.230769,50.000000,65.384615,96.153846,34.615385,46.153846,73.076923,84.615385,100.000000,3.846154,11.538462,23.076923,26.923077,57.692308,34.615385,42.307692,69.230769,76.923077,100.000000,15.384615,38.461538,61.538462,84.615385,96.153846,3.846154,7.692308,19.230769,26.923077,57.692308,3.846154,11.538462,23.076923,26.923077,57.692308,7.692308,38.461538,61.538462,80.769231,100.000000,0.000000,0.000000,0.000000,0.000000,0.000000,3.846154,15.384615,46.153846,65.384615,92.307692,7.692308,30.769231,50.000000,69.230769,96.153846,34.615385,42.307692,76.923077,84.615385,100.000000,7.692308,34.615385,50.000000,76.923077,96.153846,3.846154,11.538462,23.076923,26.923077,57.692308,69.230769,69.230769,73.076923,84.615385,100.000000
Positive_1172,0.222222,0.222222,0.555556,0.111111,0.444444,0.444444,0.666667,0.111111,0.222222,0.000000,0.555556,0.444444,0.000000,1.000000,0.000000,0.222222,0.555556,0.222222,0.555556,0.222222,0.222222,0.125000,0.125000,0.250000,0.000000,0.250000,0.375000,0.250000,0.250000,0.000000,0.000000,0.000000,0.625000,0.000000,0.000000,0.000000,0.375000,0.125000,0.375000,0.125000,0.250000,0.125000,77.777778,77.777778,77.777778,88.888889,88.888889,44.444444,44.444444,44.444444,100.000000,100.000000,11.111111,22.222222,33.333333,55.555556,66.666667,44.444444,44.444444,44.444444,44.444444,44.444444,11.111111,11.111111,22.222222,77.777778,88.888889,33.333333,33.333333,55.555556,66.666667,100.000000,11.111111,22.222222,33.333333,66.666667,100.000000,44.444444,44.444444,44.444444,44.444444,44.444444,77.777778,77.777778,77.777778,88.888889,88.888889,0.000000,0.000000,0.000000,0.000000,0.000000,11.111111,22.222222,44.444444,77.777778,88.888889,33.333333,33.333333,55.555556,66.666667,100.000000,0.000000,0.000000,0.000000,0.000000,0.000000,11.111111,33.333333,55.555556,77.777778,100.000000,0.000000,0.000000,0.000000,0.000000,0.000000,22.222222,22.222222,22.222222,88.888889,88.888889,11.111111,33.333333,55.555556,66.666667,100.000000,44.444444,44.444444,44.444444,77.777778,77.777778,11.111111,22.222222,33.333333,55.555556,66.666667,77.777778,77.777778,77.777778,88.888889,88.888889,44.444444,44.444444,44.444444,100.000000,100.000000
Positive_NA10,0.250000,0.250000,0.500000,0.000000,0.000000,1.000000,0.500000,0.000000,0.500000,0.000000,0.000000,1.000000,0.250000,0.750000,0.000000,0.500000,0.500000,0.000000,0.500000,0.250000,0.250000,0.000000,0.333333,0.333333,0.000000,0.000000,0.000000,0.000000,0.666667,0.000000,0.000000,0.000000,0.000000,0.333333,0.000000,0.000000,0.666667,0.000000,0.000000,0.333333,0.333333,0.000000,25.000000,25.000000,25.000000,25.000000,25.000000,100.000000,100.000000,100.000000,100.000000,100.000000,50.000000,50.000000,50.000000,75.000000,75.000000,0.000000,0.000000,0.000000,0.000000,0.000000,0.000000,0.000000,0.000000,0.000000,0.000000,25.000000,25.000000,50.000000,75.000000,100.000000,50.000000,50.000000,50.000000,75.000000,75.000000,0.000000,0.000000,0.000000,0.000000,0.000000,25.000000,25.000000,25.000000,100.000000,100.000000,0.000000,0.000000,0.000000,0.000000,0.000000,0.000000,0.000000,0.000000,0.000000,0.000000,25.000000,25.000000,50.000000,75.000000,100.000000,25.000000,25.000000,25.000000,25.000000,25.000000,50.000000,50.000000,75.000000,100.000000,100.000000,0.000000,0.000000,0.000000,0.000000,0.000000,25.000000,25.000000,25.000000,100.000000,100.000000,50.000000,50.000000,50.000000,75.000000,75.000000,0.000000,0.000000,0.000000,0.000000,0.000000,50.000000,50.000000,50.000000,75.000000,75.000000,25.000000,25.000000,25.000000,25.000000,25.000000,100.000000,100.000000,100.000000,100.000000,100.000000
Positive_NA2,0.400000,0.300000,0.300000,0.300000,0.200000,0.500000,0.400000,0.100000,0.500000,0.200000,0.300000,0.500000,0.200000,0.600000,0.200000,0.300000,0.400000,0.300000,0.300000,0.400000,0.300000,0.333333,0.222222,0.333333,0.111111,0.444444,0.333333,0.111111,0.444444,0.111111,0.111111,0.222222,0.555556,0.333333,0.111111,0.222222,0.222222,0.222222,0.333333,0.222222,0.333333,0.333333,10.000000,10.000000,20.000000,50.000000,80.000000,40.000000,40.000000,70.000000,90.000000,90.000000,30.000000,30.000000,60.000000,100.000000,100.000000,10.000000,10.000000,50.000000,90.000000,90.000000,30.000000,30.000000,30.000000,60.000000,60.000000,20.000000,40.000000,70.000000,80.000000,100.000000,30.000000,30.000000,40.000000,60.000000,100.000000,90.000000,90.000000,90.000000,90.000000,90.000000,10.000000,20.000000,50.000000,70.000000,80.000000,10.000000,10.000000,10.000000,50.000000,50.000000,30.000000,30.000000,60.000000,90.000000,90.000000,20.000000,40.000000,70.000000,80.000000,100.000000,20.000000,20.000000,20.000000,80.000000,80.000000,30.000000,40.000000,60.000000,90.000000,100.000000,10.000000,10.000000,10.000000,50.000000,50.000000,20.000000,20.000000,70.000000,80.000000,80.000000,30.000000,30.000000,40.000000,60.000000,100.000000,10.000000,10.000000,50.000000,90.000000,90.000000,30.000000,30.000000,60.000000,100.000000,100.000000,10.000000,10.000000,20.000000,50.000000,80.000000,40.000000,40.000000,70.000000,90.000000,90.000000
Positive_1362,0.307692,0.269231,0.423077,0.269231,0.423077,0.307692,0.423077,0.269231,0.307692,0.269231,0.423077,0.307692,0.230769,0.730769,0.038462,0.500000,0.346154,0.153846,0.615385,0.307692,0.076923,0.080000,0.360000,0.240000,0.320000,0.000000,0.280000,0.240000,0.360000,0.080000,0.320000,0.000000,0.280000,0.320000,0.040000,0.040000,0.480000,0.160000,0.160000,0.440000,0.080000,0.000000,3.846154,11.538462,26.923077,38.461538,76.923077,46.153846,53.846154,65.384615,92.307692,96.153846,7.692308,19.230769,57.692308,80.769231,100.000000,46.153846,53.846154,65.384615,92.307692,96.153846,15.384615,34.615385,57.692308,80.769231,100.000000,3.846154,7.692308,19.230769,26.923077,76.923077,7.692308,19.230769,57.692308,80.769231,100.000000,46.153846,53.846154,65.384615,92.307692,96.153846,3.846154,11.538462,26.923077,38.461538,76.923077,46.153846,53.846154,65.384615,92.307692,96.153846,15.384615,34.615385,57.692308,80.769231,100.000000,3.846154,7.692308,19.230769,26.923077,76.923077,3.846154,11.538462,23.076923,38.461538,76.923077,7.692308,42.307692,61.538462,84.615385,100.000000,34.615385,34.615385,34.615385,34.615385,34.615385,3.846154,23.076923,38.461538,73.076923,100.000000,7.692308,30.769231,57.692308,80.769231,92.307692,46.153846,46.153846,53.846154,61.538462,96.153846,7.692308,30.769231,57.692308,73.076923,100.000000,3.846154,11.538462,26.923077,38.461538,76.923077,88.461538,88.461538,88.461538,92.307692,92.307692
Positive_1067,0.250000,0.392857,0.357143,0.464286,0.357143,0.178571,0.357143,0.392857,0.250000,0.464286,0.357143,0.178571,0.142857,0.785714,0.071429,0.678571,0.178571,0.142857,0.714286,0.250000,0.035714,0.259259,0.185185,0.185185,0.296296,0.148148,0.148148,0.185185,0.185185,0.259259,0.296296,0.148148,0.148148,0.222222,0.000000,0.148148,0.259259,0.185185,0.111111,0.407407,0.037037,0.037037,14.285714,28.571429,42.857143,71.428571,96.428571,3.571429,46.428571,60.714286,89.285714,100.000000,7.142857,21.428571,35.714286,78.571429,85.714286,3.571429,46.428571,60.714286,75.000000,100.000000,7.142857,25.000000,39.285714,82.142857,96.428571,10.714286,28.571429,32.142857,42.857143,57.142857,7.142857,21.428571,35.714286,78.571429,85.714286,3.571429,46.428571,60.714286,89.285714,100.000000,14.285714,28.571429,42.857143,71.428571,96.428571,3.571429,46.428571,60.714286,75.000000,100.000000,7.142857,25.000000,39.285714,82.142857,96.428571,10.714286,28.571429,32.142857,42.857143,57.142857,28.571429,28.571429,32.142857,42.857143,57.142857,3.571429,25.000000,53.571429,82.142857,100.000000,14.285714,14.285714,14.285714,71.428571,71.428571,3.571429,28.571429,50.000000,67.857143,100.000000,10.714286,17.857143,35.714286,78.571429,85.714286,14.285714,14.285714,71.428571,89.285714,96.428571,3.571429,25.000000,53.571429,78.571429,100.000000,14.285714,28.571429,42.857143,71.428571,96.428571,17.857143,17.857143,17.857143,17.857143,17.857143
Positive_1054,0.466667,0.200000,0.333333,0.200000,0.200000,0.600000,0.400000,0.133333,0.466667,0.133333,0.266667,0.600000,0.400000,0.533333,0.066667,0.533333,0.266667,0.200000,0.333333,0.466667,0.200000,0.285714,0.357143,0.142857,0.142857,0.285714,0.285714,0.142857,0.500000,0.142857,0.142857,0.142857,0.428571,0.571429,0.071429,0.071429,0.428571,0.285714,0.142857,0.428571,0.000000,0.214286,20.000000,33.333333,60.000000,80.000000,100.000000,13.333333,13.333333,26.666667,93.333333,93.333333,6.666667,40.000000,46.666667,66.666667,86.666667,13.333333,13.333333,73.333333,93.333333,93.333333,40.000000,40.000000,66.666667,86.666667,86.666667,6.666667,26.666667,46.666667,60.000000,100.000000,6.666667,26.666667,40.000000,66.666667,86.666667,13.333333,13.333333,13.333333,93.333333,93.333333,20.000000,33.333333,60.000000,80.000000,100.000000,73.333333,73.333333,73.333333,93.333333,93.333333,13.333333,13.333333,40.000000,66.666667,86.666667,6.666667,26.666667,46.666667,60.000000,100.000000,20.000000,33.333333,53.333333,80.000000,100.000000,6.666667,13.333333,40.000000,66.666667,93.333333,73.333333,73.333333,73.333333,73.333333,73.333333,6.666667,20.000000,40.000000,60.000000,100.000000,26.666667,26.666667,46.666667,66.666667,86.666667,13.333333,13.333333,73.333333,93.333333,93.333333,40.000000,46.666667,66.666667,86.666667,93.333333,20.000000,33.333333,60.000000,80.000000,100.000000,6.666667,6.666667,13.333333,26.666667,26.666667
Positive_1174,0.222222,0.222222,0.555556,0.111111,0.444444,0.444444,0.666667,0.111111,0.222222,0.000000,0.555556,0.444444,0.000000,1.000000,0.000000,0.222222,0.555556,0.222222,0.555556,0.222222,0.222222,0.125000,0.125000,0.250000,0.000000,0.250000,0.375000,0.250000,0.250000,0.000000,0.000000,0.000000,0.625000,0.000000,0.000000,0.000000,0.375000,0.125000,0.375000,0.125000,0.250000,0.125000,77.777778,77.777778,77.777778,88.888889,88.888889,44.444444,44.444444,44.444444,100.000000,100.000000,11.111111,22.222222,33.333333,55.555556,66.666667,44.444444,44.444444,44.444444,44.444444,44.444444,11.111111,11.111111,22.222222,77.777778,88.888889,33.333333,33.333333,55.555556,66.666667,100.000000,11.111111,22.222222,33.333333,66.666667,100.000000,44.444444,44.444444,44.444444,44.444444,44.444444,77.777778,77.777778,77.777778,88.888889,88.888889,0.000000,0.000000,0.000000,0.000000,0.000000,11.111111,22.222222,44.444444,77.777778,88.888889,33.333333,33.333333,55.555556,66.666667,100.000000,0.000000,0.000000,0.000000,0.000000,0.000000,11.111111,33.333333,55.555556,77.777778,100.000000,0.000000,0.000000,0.000000,0.000000,0.000000,22.222222,22.222222,22.222222,88.888889,88.888889,11.111111,33.333333,55.555556,66.666667,100.000000,44.444444,44.444444,44.444444,77.777778,77.777778,11.111111,22.222222,33.333333,55.555556,66.666667,77.777778,77.777778,77.777778,88.888889,88.888889,44.444444,44.444444,44.444444,100.000000,100.000000
Positive_1347,0.157895,0.473684,0.368421,0.368421,0.421053,0.210526,0.368421,0.368421,0.263158,0.315789,0.473684,0.210526,0.052632,0.947368,0.000000,0.473684,0.263158,0.263158,0.578947,0.157895,0.263158,0.222222,0.055556,0.444444,0.500000,0.166667,0.111111,0.444444,0.055556,0.222222,0.444444,0.111111,0.166667,0.111111,0.000000,0.000000,0.333333,0.333333,0.166667,0.166667,0.333333,0.111111,52.631579,52.631579,89.473684,100.000000,100.000000,15.789474,36.842105,57.894737,73.684211,94.736842,5.263158,10.526316,26.315789,63.157895,78.947368,15.789474,31.578947,57.894737,73.684211,84.210526,10.526316,21.052632,47.368421,63.157895,100.000000,5.263158,5.263158,36.842105,89.473684,94.736842,5.263158,10.526316,26.315789,63.157895,78.947368,15.789474,31.578947,57.894737,73.684211,84.210526,36.842105,52.631579,89.473684,94.736842,100.000000,15.789474,42.105263,57.894737,73.684211,84.210526,10.526316,26.315789,47.368421,63.157895,100.000000,5.263158,5.263158,36.842105,89.473684,94.736842,89.473684,89.473684,89.473684,89.473684,89.473684,5.263158,26.315789,47.368421,73.684211,100.000000,0.000000,0.000000,0.000000,0.000000,0.000000,10.526316,36.842105,57.894737,84.210526,94.736842,5.263158,26.315789,47.368421,63.157895,78.947368,15.789474,31.578947,52.631579,68.421053,100.000000,5.263158,21.052632,47.368421,73.684211,84.210526,52.631579,52.631579,89.473684,100.000000,100.000000,15.789474,31.578947,36.842105,68.421053,94.736842
Positive_1073,0.307692,0.230769,0.461538,0.230769,0.384615,0.384615,0.461538,0.230769,0.307692,0.230769,0.384615,0.384615,0.307692,0.692308,0.000000,0.769231,0.230769,0.000000,0.615385,0.307692,0.076923,0.166667,0.333333,0.166667,0.166667,0.166667,0.333333,0.166667,0.333333,0.166667,0.166667,0.166667,0.333333,0.500000,0.000000,0.000000,0.500000,0.000000,0.000000,0.416667,0.083333,0.083333,30.769231,30.769231,61.538462,69.230769,92.307692,7.692308,7.692308,38.461538,100.000000,100.000000,15.384615,23.076923,46.153846,76.923077,84.615385,7.692308,7.692308,38.461538,100.000000,100.000000,15.384615,46.153846,53.846154,76.923077,84.615385,23.076923,30.769231,61.538462,69.230769,92.307692,15.384615,23.076923,46.153846,76.923077,84.615385,7.692308,7.692308,38.461538,100.000000,100.000000,30.769231,30.769231,61.538462,69.230769,92.307692,7.692308,7.692308,38.461538,100.000000,100.000000,15.384615,46.153846,53.846154,76.923077,84.615385,23.076923,30.769231,61.538462,69.230769,92.307692,30.769231,30.769231,61.538462,69.230769,92.307692,7.692308,23.076923,46.153846,76.923077,100.000000,0.000000,0.000000,0.000000,0.000000,0.000000,7.692308,30.769231,53.846154,84.615385,100.000000,23.076923,23.076923,38.461538,76.923077,76.923077,0.000000,0.000000,0.000000,0.000000,0.000000,7.692308,15.384615,46.153846,76.923077,100.000000,30.769231,30.769231,61.538462,69.230769,92.307692,38.461538,38.461538,38.461538,38.461538,38.461538
Positive_1048,0.750000,0.000000,0.250000,0.250000,0.250000,0.500000,0.250000,0.000000,0.750000,0.250000,0.250000,0.500000,0.500000,0.250000,0.250000,0.500000,0.250000,0.250000,0.250000,0.750000,0.000000,0.000000,0.666667,0.000000,0.333333,0.333333,0.333333,0.000000,0.666667,0.000000,0.333333,0.333333,0.333333,0.333333,0.333333,0.333333,0.333333,0.333333,0.333333,0.666667,0.000000,0.000000,25.000000,25.000000,75.000000,100.000000,100.000000,0.000000,0.000000,0.000000,0.000000,0.000000,50.000000,50.000000,50.000000,50.000000,50.000000,75.000000,75.000000,75.000000,75.000000,75.000000,50.000000,50.000000,50.000000,50.000000,50.000000,25.000000,25.000000,25.000000,100.000000,100.000000,50.000000,50.000000,50.000000,50.000000,50.000000,0.000000,0.000000,0.000000,0.000000,0.000000,25.000000,25.000000,75.000000,100.000000,100.000000,75.000000,75.000000,75.000000,75.000000,75.000000,50.000000,50.000000,50.000000,50.000000,50.000000,25.000000,25.000000,25.000000,100.000000,100.000000,25.000000,25.000000,25.000000,100.000000,100.000000,50.000000,50.000000,50.000000,50.000000,50.000000,75.000000,75.000000,75.000000,75.000000,75.000000,25.000000,25.000000,25.000000,100.000000,100.000000,50.000000,50.000000,50.000000,50.000000,50.000000,75.000000,75.000000,75.000000,75.000000,75.000000,50.000000,50.000000,50.000000,50.000000,50.000000,25.000000,25.000000,75.000000,100.000000,100.000000,0.000000,0.000000,0.000000,0.000000,0.000000
Positive_1105,0.333333,0.000000,0.666667,0.000000,0.666667,0.333333,0.666667,0.000000,0.333333,0.000000,0.666667,0.333333,0.333333,0.666667,0.000000,1.000000,0.000000,0.000000,0.666667,0.333333,0.000000,0.000000,0.500000,0.000000,0.000000,0.000000,0.500000,0.000000,0.500000,0.000000,0.000000,0.000000,0.500000,0.500000,0.000000,0.000000,0.000000,0.000000,0.000000,0.500000,0.000000,0.000000,100.000000,100.000000,100.000000,100.000000,100.000000,0.000000,0.000000,0.000000,0.000000,0.000000,33.333333,33.333333,33.333333,66.666667,66.666667,0.000000,0.000000,0.000000,0.000000,0.000000,33.333333,33.333333,33.333333,66.666667,66.666667,100.000000,100.000000,100.000000,100.000000,100.000000,33.333333,33.333333,33.333333,66.666667,66.666667,0.000000,0.000000,0.000000,0.000000,0.000000,100.000000,100.000000,100.000000,100.000000,100.000000,0.000000,0.000000,0.000000,0.000000,0.000000,33.333333,33.333333,33.333333,66.666667,66.666667,100.000000,100.000000,100.000000,100.000000,100.000000,100.000000,100.000000,100.000000,100.000000,100.000000,33.333333,33.333333,33.333333,66.666667,66.666667,0.000000,0.000000,0.000000,0.000000,0.000000,33.333333,33.333333,66.666667,100.000000,100.000000,0.000000,0.000000,0.000000,0.000000,0.000000,0.000000,0.000000,0.000000,0.000000,0.000000,33.333333,33.333333,33.333333,66.666667,66.666667,100.000000,100.000000,100.000000,100.000000,100.000000,0.000000,0.000000,0.000000,0.000000,0.000000
Positive_1882,0.333333,0.133333,0.533333,0.133333,0.400000,0.466667,0.533333,0.133333,0.333333,0.133333,0.400000,0.466667,0.333333,0.666667,0.000000,0.600000,0.333333,0.066667,0.666667,0.333333,0.000000,0.000000,0.500000,0.142857,0.142857,0.000000,0.357143,0.142857,0.500000,0.000000,0.142857,0.000000,0.357143,0.500000,0.000000,0.000000,0.642857,0.071429,0.071429,0.500000,0.000000,0.000000,6.666667,20.000000,40.000000,46.666667,86.666667,60.000000,60.000000,60.000000,66.666667,66.666667,13.333333,26.666667,53.333333,80.000000,100.000000,60.000000,60.000000,60.000000,66.666667,66.666667,26.666667,53.333333,73.333333,93.333333,100.000000,6.666667,13.333333,33.333333,46.666667,86.666667,13.333333,26.666667,53.333333,80.000000,100.000000,60.000000,60.000000,60.000000,66.666667,66.666667,6.666667,20.000000,40.000000,46.666667,86.666667,60.000000,60.000000,60.000000,66.666667,66.666667,26.666667,53.333333,73.333333,93.333333,100.000000,6.666667,13.333333,33.333333,46.666667,86.666667,6.666667,20.000000,40.000000,46.666667,86.666667,13.333333,33.333333,60.000000,80.000000,100.000000,0.000000,0.000000,0.000000,0.000000,0.000000,6.666667,26.666667,46.666667,80.000000,100.000000,13.333333,33.333333,53.333333,73.333333,93.333333,60.000000,60.000000,60.000000,60.000000,60.000000,13.333333,33.333333,60.000000,80.000000,100.000000,6.666667,20.000000,40.000000,46.666667,86.666667,0.000000,0.000000,0.000000,0.000000,0.000000
Positive_1160,0.000000,0.500000,0.500000,0.500000,0.500000,0.000000,0.500000,0.500000,0.000000,0.500000,0.500000,0.000000,0.000000,1.000000,0.000000,0.000000,0.500000,0.500000,1.000000,0.000000,0.000000,0.000000,0.000000,1.000000,1.000000,0.000000,0.000000,1.000000,0.000000,0.000000,1.000000,0.000000,0.000000,0.000000,0.000000,0.000000,0.000000,0.000000,1.000000,0.000000,0.000000,0.000000,0.000000,0.000000,0.000000,0.000000,0.000000,50.000000,50.000000,50.000000,50.000000,50.000000,100.000000,100.000000,100.000000,100.000000,100.000000,50.000000,50.000000,50.000000,50.000000,50.000000,100.000000,100.000000,100.000000,100.000000,100.000000,0.000000,0.000000,0.000000,0.000000,0.000000,100.000000,100.000000,100.000000,100.000000,100.000000,50.000000,50.000000,50.000000,50.000000,50.000000,0.000000,0.000000,0.000000,0.000000,0.000000,50.000000,50.000000,50.000000,50.000000,50.000000,100.000000,100.000000,100.000000,100.000000,100.000000,0.000000,0.000000,0.000000,0.000000,0.000000,0.000000,0.000000,0.000000,0.000000,0.000000,50.000000,50.000000,50.000000,100.000000,100.000000,0.000000,0.000000,0.000000,0.000000,0.000000,0.000000,0.000000,0.000000,0.000000,0.000000,100.000000,100.000000,100.000000,100.000000,100.000000,50.000000,50.000000,50.000000,50.000000,50.000000,50.000000,50.000000,50.000000,100.000000,100.000000,0.000000,0.000000,0.000000,0.000000,0.000000,0.000000,0.000000,0.000000,0.000000,0.000000
Positive_1176,0.222222,0.222222,0.555556,0.111111,0.444444,0.444444,0.666667,0.111111,0.222222,0.000000,0.555556,0.444444,0.000000,1.000000,0.000000,0.222222,0.555556,0.222222,0.555556,0.222222,0.222222,0.125000,0.125000,0.250000,0.000000,0.250000,0.375000,0.250000,0.250000,0.000000,0.000000,0.000000,0.625000,0.000000,0.000000,0.000000,0.375000,0.125000,0.375000,0.125000,0.250000,0.125000,77.777778,77.777778,77.777778,88.888889,88.888889,44.444444,44.444444,44.444444,100.000000,100.000000,11.111111,22.222222,33.333333,55.555556,66.666667,44.444444,44.444444,44.444444,44.444444,44.444444,11.111111,11.111111,22.222222,77.777778,88.888889,33.333333,33.333333,55.555556,66.666667,100.000000,11.111111,22.222222,33.333333,66.666667,100.000000,44.444444,44.444444,44.444444,44.444444,44.444444,77.777778,77.777778,77.777778,88.888889,88.888889,0.000000,0.000000,0.000000,0.000000,0.000000,11.111111,22.222222,44.444444,77.777778,88.888889,33.333333,33.333333,55.555556,66.666667,100.000000,0.000000,0.000000,0.000000,0.000000,0.000000,11.111111,33.333333,55.555556,77.777778,100.000000,0.000000,0.000000,0.000000,0.000000,0.000000,22.222222,22.222222,22.222222,88.888889,88.888889,11.111111,33.333333,55.555556,66.666667,100.000000,44.444444,44.444444,44.444444,77.777778,77.777778,11.111111,22.222222,33.333333,55.555556,66.666667,77.777778,77.777778,77.777778,88.888889,88.888889,44.444444,44.444444,44.444444,100.000000,100.000000
Positive_1232,0.320000,0.320000,0.360000,0.200000,0.320000,0.480000,0.360000,0.200000,0.440000,0.200000,0.320000,0.480000,0.320000,0.680000,0.000000,0.960000,0.040000,0.000000,0.560000,0.320000,0.120000,0.000000,0.250000,0.416667,0.291667,0.125000,0.375000,0.291667,0.375000,0.125000,0.291667,0.125000,0.375000,0.250000,0.000000,0.000000,0.083333,0.000000,0.000000,0.250000,0.250000,0.000000,4.000000,8.000000,40.000000,68.000000,100.000000,16.000000,24.000000,52.000000,76.000000,88.000000,12.000000,32.000000,48.000000,72.000000,92.000000,16.000000,28.000000,56.000000,76.000000,88.000000,12.000000,20.000000,48.000000,72.000000,92.000000,4.000000,24.000000,44.000000,68.000000,100.000000,12.000000,32.000000,48.000000,72.000000,92.000000,16.000000,28.000000,56.000000,76.000000,88.000000,4.000000,24.000000,52.000000,80.000000,100.000000,16.000000,28.000000,56.000000,76.000000,88.000000,12.000000,20.000000,48.000000,72.000000,92.000000,4.000000,24.000000,44.000000,68.000000,100.000000,4.000000,8.000000,40.000000,68.000000,100.000000,12.000000,28.000000,52.000000,76.000000,92.000000,0.000000,0.000000,0.000000,0.000000,0.000000,4.000000,24.000000,52.000000,76.000000,100.000000,44.000000,44.000000,44.000000,44.000000,44.000000,0.000000,0.000000,0.000000,0.000000,0.000000,12.000000,28.000000,48.000000,76.000000,92.000000,4.000000,8.000000,40.000000,68.000000,100.000000,24.000000,24.000000,52.000000,80.000000,80.000000
Positive_NA5,0.250000,0.500000,0.250000,0.250000,0.000000,0.750000,0.500000,0.250000,0.250000,0.000000,0.250000,0.750000,0.250000,0.750000,0.000000,0.250000,0.500000,0.250000,0.250000,0.250000,0.500000,0.333333,0.000000,0.333333,0.000000,0.666667,0.000000,0.666667,0.333333,0.000000,0.000000,0.000000,0.666667,0.333333,0.000000,0.000000,0.333333,0.000000,0.666667,0.000000,0.333333,0.333333,25.000000,25.000000,25.000000,25.000000,25.000000,50.000000,50.000000,50.000000,75.000000,75.000000,100.000000,100.000000,100.000000,100.000000,100.000000,75.000000,75.000000,75.000000,75.000000,75.000000,0.000000,0.000000,0.000000,0.000000,0.000000,25.000000,25.000000,50.000000,100.000000,100.000000,50.000000,50.000000,50.000000,100.000000,100.000000,75.000000,75.000000,75.000000,75.000000,75.000000,25.000000,25.000000,25.000000,25.000000,25.000000,0.000000,0.000000,0.000000,0.000000,0.000000,75.000000,75.000000,75.000000,75.000000,75.000000,25.000000,25.000000,50.000000,100.000000,100.000000,25.000000,25.000000,25.000000,25.000000,25.000000,50.000000,50.000000,75.000000,100.000000,100.000000,0.000000,0.000000,0.000000,0.000000,0.000000,25.000000,25.000000,25.000000,25.000000,25.000000,50.000000,50.000000,50.000000,100.000000,100.000000,75.000000,75.000000,75.000000,75.000000,75.000000,100.000000,100.000000,100.000000,100.000000,100.000000,25.000000,25.000000,25.000000,25.000000,25.000000,50.000000,50.000000,50.000000,75.000000,75.000000
Positive_1883,0.333333,0.200000,0.466667,0.200000,0.333333,0.466667,0.466667,0.200000,0.333333,0.200000,0.333333,0.466667,0.333333,0.666667,0.000000,0.533333,0.400000,0.066667,0.533333,0.333333,0.133333,0.000000,0.500000,0.071429,0.071429,0.000000,0.357143,0.071429,0.500000,0.000000,0.071429,0.000000,0.357143,0.500000,0.000000,0.000000,0.642857,0.000000,0.071429,0.500000,0.142857,0.000000,6.666667,20.000000,40.000000,46.666667,66.666667,86.666667,86.666667,93.333333,100.000000,100.000000,13.333333,26.666667,53.333333,73.333333,80.000000,86.666667,86.666667,93.333333,100.000000,100.000000,26.666667,53.333333,60.000000,73.333333,80.000000,6.666667,13.333333,33.333333,46.666667,66.666667,13.333333,26.666667,53.333333,73.333333,80.000000,86.666667,86.666667,93.333333,100.000000,100.000000,6.666667,20.000000,40.000000,46.666667,66.666667,86.666667,86.666667,93.333333,100.000000,100.000000,26.666667,53.333333,60.000000,73.333333,80.000000,6.666667,13.333333,33.333333,46.666667,66.666667,6.666667,20.000000,40.000000,46.666667,66.666667,13.333333,33.333333,60.000000,86.666667,100.000000,0.000000,0.000000,0.000000,0.000000,0.000000,6.666667,20.000000,40.000000,60.000000,80.000000,13.333333,33.333333,53.333333,86.666667,93.333333,100.000000,100.000000,100.000000,100.000000,100.000000,13.333333,26.666667,53.333333,73.333333,100.000000,6.666667,20.000000,40.000000,46.666667,66.666667,86.666667,86.666667,86.666667,93.333333,93.333333
Positive_NA3,0.250000,0.375000,0.375000,0.250000,0.250000,0.500000,0.500000,0.125000,0.375000,0.125000,0.375000,0.500000,0.125000,0.750000,0.125000,0.250000,0.500000,0.250000,0.375000,0.250000,0.375000,0.000000,0.142857,0.571429,0.142857,0.285714,0.428571,0.285714,0.428571,0.000000,0.000000,0.142857,0.571429,0.142857,0.142857,0.000000,0.428571,0.142857,0.285714,0.142857,0.571429,0.000000,12.500000,12.500000,12.500000,25.000000,25.000000,50.000000,50.000000,62.500000,87.500000,87.500000,37.500000,37.500000,75.000000,100.000000,100.000000,12.500000,12.500000,12.500000,87.500000,87.500000,37.500000,37.500000,37.500000,75.000000,75.000000,25.000000,25.000000,50.000000,62.500000,100.000000,37.500000,37.500000,50.000000,75.000000,100.000000,87.500000,87.500000,87.500000,87.500000,87.500000,12.500000,12.500000,25.000000,62.500000,62.500000,12.500000,12.500000,12.500000,12.500000,12.500000,37.500000,37.500000,75.000000,87.500000,87.500000,25.000000,25.000000,50.000000,62.500000,100.000000,25.000000,25.000000,25.000000,25.000000,25.000000,37.500000,50.000000,62.500000,87.500000,100.000000,12.500000,12.500000,12.500000,12.500000,12.500000,25.000000,25.000000,25.000000,62.500000,62.500000,37.500000,37.500000,50.000000,75.000000,100.000000,12.500000,12.500000,12.500000,87.500000,87.500000,37.500000,37.500000,75.000000,100.000000,100.000000,12.500000,12.500000,12.500000,25.000000,25.000000,50.000000,50.000000,62.500000,87.500000,87.500000
Positive_1032,0.266667,0.400000,0.333333,0.400000,0.333333,0.266667,0.333333,0.400000,0.266667,0.400000,0.333333,0.266667,0.200000,0.766667,0.033333,0.633333,0.133333,0.233333,0.666667,0.266667,0.066667,0.206897,0.206897,0.275862,0.344828,0.137931,0.275862,0.275862,0.206897,0.206897,0.344828,0.137931,0.275862,0.344828,0.000000,0.068966,0.172414,0.344828,0.103448,0.344828,0.034483,0.068966,13.333333,16.666667,40.000000,76.666667,96.666667,3.333333,36.666667,56.666667,70.000000,100.000000,6.666667,20.000000,33.333333,73.333333,86.666667,3.333333,36.666667,56.666667,70.000000,100.000000,6.666667,23.333333,43.333333,83.333333,96.666667,10.000000,13.333333,26.666667,53.333333,80.000000,6.666667,20.000000,33.333333,73.333333,86.666667,3.333333,36.666667,56.666667,70.000000,100.000000,13.333333,16.666667,40.000000,76.666667,96.666667,3.333333,36.666667,56.666667,70.000000,100.000000,6.666667,23.333333,43.333333,83.333333,96.666667,10.000000,13.333333,26.666667,53.333333,80.000000,13.333333,26.666667,40.000000,76.666667,80.000000,3.333333,23.333333,50.000000,73.333333,100.000000,96.666667,96.666667,96.666667,96.666667,96.666667,3.333333,23.333333,53.333333,76.666667,96.666667,10.000000,10.000000,33.333333,73.333333,86.666667,16.666667,30.000000,50.000000,90.000000,100.000000,3.333333,30.000000,50.000000,70.000000,93.333333,13.333333,16.666667,40.000000,76.666667,96.666667,20.000000,20.000000,20.000000,100.000000,100.000000
Positive_1165,0.500000,0.000000,0.500000,0.000000,0.500000,0.500000,0.500000,0.000000,0.500000,0.000000,0.500000,0.500000,0.500000,0.500000,0.000000,0.500000,0.500000,0.000000,0.500000,0.500000,0.000000,0.000000,1.000000,0.000000,0.000000,0.000000,1.000000,0.000000,1.000000,0.000000,0.000000,0.000000,1.000000,1.000000,0.000000,0.000000,1.000000,0.000000,0.000000,1.000000,0.000000,0.000000,100.000000,100.000000,100.000000,100.000000,100.000000,0.000000,0.000000,0.000000,0.000000,0.000000,50.000000,50.000000,50.000000,50.000000,50.000000,0.000000,0.000000,0.000000,0.000000,0.000000,50.000000,50.000000,50.000000,50.000000,50.000000,100.000000,100.000000,100.000000,100.000000,100.000000,50.000000,50.000000,50.000000,50.000000,50.000000,0.000000,0.000000,0.000000,0.000000,0.000000,100.000000,100.000000,100.000000,100.000000,100.000000,0.000000,0.000000,0.000000,0.000000,0.000000,50.000000,50.000000,50.000000,50.000000,50.000000,100.000000,100.000000,100.000000,100.000000,100.000000,100.000000,100.000000,100.000000,100.000000,100.000000,50.000000,50.000000,50.000000,50.000000,50.000000,0.000000,0.000000,0.000000,0.000000,0.000000,100.000000,100.000000,100.000000,100.000000,100.000000,50.000000,50.000000,50.000000,50.000000,50.000000,0.000000,0.000000,0.000000,0.000000,0.000000,50.000000,50.000000,50.000000,50.000000,50.000000,100.000000,100.000000,100.000000,100.000000,100.000000,0.000000,0.000000,0.000000,0.000000,0.000000
Positive_1044,0.342105,0.342105,0.315789,0.368421,0.315789,0.315789,0.342105,0.315789,0.342105,0.315789,0.368421,0.315789,0.236842,0.710526,0.052632,0.526316,0.236842,0.236842,0.552632,0.342105,0.105263,0.270270,0.216216,0.243243,0.270270,0.189189,0.216216,0.243243,0.270270,0.216216,0.324324,0.135135,0.270270,0.405405,0.027027,0.081081,0.351351,0.216216,0.135135,0.405405,0.054054,0.081081,7.894737,23.684211,39.473684,50.000000,92.105263,5.263158,52.631579,68.421053,84.210526,100.000000,2.631579,18.421053,44.736842,73.684211,97.368421,5.263158,52.631579,68.421053,86.842105,100.000000,15.789474,34.210526,50.000000,73.684211,97.368421,2.631579,10.526316,21.052632,39.473684,92.105263,2.631579,18.421053,44.736842,73.684211,97.368421,5.263158,52.631579,68.421053,84.210526,100.000000,7.894737,23.684211,39.473684,50.000000,92.105263,28.947368,52.631579,71.052632,86.842105,100.000000,5.263158,34.210526,50.000000,73.684211,97.368421,2.631579,10.526316,21.052632,39.473684,92.105263,7.894737,21.052632,31.578947,47.368421,92.105263,2.631579,34.210526,57.894737,78.947368,100.000000,28.947368,28.947368,28.947368,86.842105,86.842105,2.631579,21.052632,47.368421,71.052632,94.736842,10.526316,26.315789,44.736842,73.684211,97.368421,5.263158,36.842105,65.789474,84.210526,100.000000,15.789474,44.736842,65.789474,81.578947,100.000000,7.894737,23.684211,39.473684,50.000000,92.105263,2.631579,2.631579,5.263158,10.526316,68.421053
Positive_1055,0.200000,0.500000,0.300000,0.550000,0.350000,0.100000,0.300000,0.500000,0.200000,0.500000,0.400000,0.100000,0.100000,0.850000,0.050000,0.500000,0.200000,0.300000,0.750000,0.200000,0.050000,0.315789,0.052632,0.368421,0.421053,0.157895,0.052632,0.368421,0.052632,0.315789,0.526316,0.157895,0.052632,0.210526,0.000000,0.105263,0.263158,0.210526,0.157895,0.368421,0.105263,0.000000,5.000000,5.000000,25.000000,75.000000,85.000000,10.000000,35.000000,45.000000,80.000000,100.000000,15.000000,20.000000,50.000000,65.000000,95.000000,10.000000,35.000000,55.000000,80.000000,100.000000,5.000000,15.000000,50.000000,65.000000,95.000000,25.000000,25.000000,25.000000,85.000000,85.000000,15.000000,20.000000,50.000000,65.000000,95.000000,10.000000,35.000000,45.000000,80.000000,100.000000,5.000000,5.000000,25.000000,75.000000,85.000000,10.000000,35.000000,55.000000,80.000000,100.000000,5.000000,15.000000,40.000000,60.000000,95.000000,25.000000,25.000000,25.000000,85.000000,85.000000,25.000000,25.000000,25.000000,85.000000,85.000000,5.000000,30.000000,50.000000,70.000000,100.000000,75.000000,75.000000,75.000000,75.000000,75.000000,5.000000,25.000000,45.000000,80.000000,90.000000,15.000000,15.000000,50.000000,65.000000,95.000000,10.000000,35.000000,40.000000,75.000000,100.000000,10.000000,30.000000,55.000000,80.000000,100.000000,5.000000,5.000000,25.000000,75.000000,85.000000,40.000000,40.000000,40.000000,40.000000,40.000000
Positive_1531,0.000000,0.500000,0.500000,0.000000,0.500000,0.500000,1.000000,0.000000,0.000000,0.000000,0.500000,0.500000,0.000000,1.000000,0.000000,0.500000,0.500000,0.000000,0.500000,0.000000,0.500000,0.000000,0.000000,1.000000,0.000000,0.000000,1.000000,0.000000,0.000000,0.000000,0.000000,0.000000,1.000000,0.000000,0.000000,0.000000,1.000000,0.000000,0.000000,0.000000,1.000000,0.000000,0.000000,0.000000,0.000000,0.000000,0.000000,100.000000,100.000000,100.000000,100.000000,100.000000,50.000000,50.000000,50.000000,50.000000,50.000000,0.000000,0.000000,0.000000,0.000000,0.000000,50.000000,50.000000,50.000000,50.000000,50.000000,100.000000,100.000000,100.000000,100.000000,100.000000,50.000000,50.000000,50.000000,100.000000,100.000000,0.000000,0.000000,0.000000,0.000000,0.000000,0.000000,0.000000,0.000000,0.000000,0.000000,0.000000,0.000000,0.000000,0.000000,0.000000,50.000000,50.000000,50.000000,50.000000,50.000000,100.000000,100.000000,100.000000,100.000000,100.000000,0.000000,0.000000,0.000000,0.000000,0.000000,50.000000,50.000000,50.000000,100.000000,100.000000,0.000000,0.000000,0.000000,0.000000,0.000000,50.000000,50.000000,50.000000,50.000000,50.000000,100.000000,100.000000,100.000000,100.000000,100.000000,0.000000,0.000000,0.000000,0.000000,0.000000,50.000000,50.000000,50.000000,50.000000,50.000000,0.000000,0.000000,0.000000,0.000000,0.000000,100.000000,100.000000,100.000000,100.000000,100.000000
Positive_1398,0.333333,0.083333,0.583333,0.083333,0.500000,0.416667,0.583333,0.083333,0.333333,0.083333,0.500000,0.416667,0.333333,0.666667,0.000000,0.500000,0.500000,0.000000,0.666667,0.333333,0.000000,0.000000,0.454545,0.181818,0.181818,0.000000,0.454545,0.181818,0.454545,0.000000,0.181818,0.000000,0.454545,0.454545,0.000000,0.000000,0.636364,0.000000,0.000000,0.454545,0.000000,0.000000,16.666667,16.666667,66.666667,91.666667,100.000000,50.000000,50.000000,50.000000,50.000000,50.000000,8.333333,25.000000,41.666667,75.000000,83.333333,50.000000,50.000000,50.000000,50.000000,50.000000,8.333333,25.000000,33.333333,58.333333,75.000000,16.666667,66.666667,83.333333,91.666667,100.000000,8.333333,25.000000,41.666667,75.000000,83.333333,50.000000,50.000000,50.000000,50.000000,50.000000,16.666667,16.666667,66.666667,91.666667,100.000000,50.000000,50.000000,50.000000,50.000000,50.000000,8.333333,25.000000,33.333333,58.333333,75.000000,16.666667,66.666667,83.333333,91.666667,100.000000,16.666667,16.666667,66.666667,91.666667,100.000000,8.333333,25.000000,41.666667,58.333333,83.333333,0.000000,0.000000,0.000000,0.000000,0.000000,16.666667,25.000000,50.000000,91.666667,100.000000,8.333333,33.333333,41.666667,75.000000,83.333333,0.000000,0.000000,0.000000,0.000000,0.000000,8.333333,25.000000,41.666667,58.333333,83.333333,16.666667,16.666667,66.666667,91.666667,100.000000,0.000000,0.000000,0.000000,0.000000,0.000000
Positive_1159,0.000000,0.000000,1.000000,0.000000,0.500000,0.500000,1.000000,0.000000,0.000000,0.000000,0.500000,0.500000,0.000000,1.000000,0.000000,0.000000,1.000000,0.000000,1.000000,0.000000,0.000000,0.000000,0.000000,0.000000,0.000000,0.000000,1.000000,0.000000,0.000000,0.000000,0.000000,0.000000,1.000000,0.000000,0.000000,0.000000,0.000000,0.000000,0.000000,0.000000,0.000000,0.000000,0.000000,0.000000,0.000000,0.000000,0.000000,0.000000,0.000000,0.000000,0.000000,0.000000,50.000000,50.000000,50.000000,100.000000,100.000000,0.000000,0.000000,0.000000,0.000000,0.000000,50.000000,50.000000,50.000000,50.000000,50.000000,100.000000,100.000000,100.000000,100.000000,100.000000,50.000000,50.000000,50.000000,100.000000,100.000000,0.000000,0.000000,0.000000,0.000000,0.000000,0.000000,0.000000,0.000000,0.000000,0.000000,0.000000,0.000000,0.000000,0.000000,0.000000,50.000000,50.000000,50.000000,50.000000,50.000000,100.000000,100.000000,100.000000,100.000000,100.000000,0.000000,0.000000,0.000000,0.000000,0.000000,50.000000,50.000000,50.000000,100.000000,100.000000,0.000000,0.000000,0.000000,0.000000,0.000000,0.000000,0.000000,0.000000,0.000000,0.000000,50.000000,50.000000,50.000000,100.000000,100.000000,0.000000,0.000000,0.000000,0.000000,0.000000,50.000000,50.000000,50.000000,100.000000,100.000000,0.000000,0.000000,0.000000,0.000000,0.000000,0.000000,0.000000,0.000000,0.000000,0.000000
Positive_1376,0.181818,0.454545,0.363636,0.272727,0.363636,0.363636,0.363636,0.272727,0.363636,0.227273,0.409091,0.363636,0.181818,0.818182,0.000000,0.954545,0.000000,0.045455,0.590909,0.181818,0.227273,0.095238,0.047619,0.523810,0.285714,0.238095,0.285714,0.285714,0.285714,0.238095,0.238095,0.190476,0.333333,0.142857,0.000000,0.000000,0.000000,0.095238,0.000000,0.142857,0.380952,0.000000,4.545455,4.545455,9.090909,90.909091,95.454545,13.636364,31.818182,50.000000,77.272727,100.000000,18.181818,22.727273,45.454545,59.090909,86.363636,13.636364,31.818182,50.000000,77.272727,100.000000,18.181818,22.727273,45.454545,59.090909,86.363636,4.545455,9.090909,40.909091,81.818182,95.454545,18.181818,22.727273,45.454545,59.090909,86.363636,13.636364,31.818182,50.000000,77.272727,100.000000,4.545455,9.090909,40.909091,81.818182,95.454545,13.636364,50.000000,63.636364,77.272727,100.000000,18.181818,31.818182,45.454545,59.090909,86.363636,4.545455,9.090909,40.909091,81.818182,95.454545,4.545455,4.545455,9.090909,90.909091,95.454545,13.636364,31.818182,50.000000,72.727273,100.000000,0.000000,0.000000,0.000000,0.000000,0.000000,4.545455,27.272727,54.545455,77.272727,100.000000,0.000000,0.000000,0.000000,0.000000,0.000000,31.818182,31.818182,31.818182,31.818182,31.818182,13.636364,36.363636,54.545455,72.727273,100.000000,4.545455,4.545455,9.090909,90.909091,95.454545,27.272727,31.818182,40.909091,68.181818,81.818182
Positive_1146,0.238095,0.380952,0.380952,0.333333,0.428571,0.238095,0.428571,0.333333,0.238095,0.333333,0.428571,0.238095,0.190476,0.809524,0.000000,0.714286,0.142857,0.142857,0.714286,0.238095,0.047619,0.150000,0.250000,0.300000,0.250000,0.200000,0.200000,0.300000,0.250000,0.150000,0.250000,0.200000,0.200000,0.300000,0.000000,0.000000,0.200000,0.200000,0.100000,0.400000,0.100000,0.000000,33.333333,42.857143,52.380952,85.714286,90.476190,4.761905,9.523810,28.571429,66.666667,80.952381,19.047619,23.809524,47.619048,76.190476,100.000000,4.761905,9.523810,57.142857,71.428571,80.952381,19.047619,38.095238,47.619048,76.190476,100.000000,14.285714,33.333333,52.380952,85.714286,90.476190,14.285714,23.809524,47.619048,76.190476,100.000000,4.761905,9.523810,57.142857,71.428571,80.952381,33.333333,42.857143,52.380952,85.714286,90.476190,4.761905,9.523810,57.142857,71.428571,80.952381,19.047619,38.095238,47.619048,76.190476,100.000000,14.285714,33.333333,52.380952,85.714286,90.476190,33.333333,33.333333,52.380952,85.714286,90.476190,4.761905,23.809524,47.619048,71.428571,100.000000,0.000000,0.000000,0.000000,0.000000,0.000000,4.761905,33.333333,61.904762,80.952381,100.000000,14.285714,14.285714,38.095238,95.238095,95.238095,9.523810,9.523810,28.571429,42.857143,42.857143,4.761905,23.809524,57.142857,76.190476,100.000000,33.333333,42.857143,52.380952,85.714286,90.476190,14.285714,14.285714,14.285714,14.285714,14.285714
