ID,CTD_C_hydrophobicity_g1,CTD_C_hydrophobicity_g2,CTD_C_hydrophobicity_g3,CTD_C_vdw_volume_g1,CTD_C_vdw_volume_g2,CTD_C_vdw_volume_g3,CTD_C_polarity_g1,CTD_C_polarity_g2,CTD_C_polarity_g3,CTD_C_polarizability_g1,CTD_C_polarizability_g2,CTD_C_polarizability_g3,CTD_C_charge_g1,CTD_C_charge_g2,CTD_C_charge_g3,CTD_C_secondary_structure_g1,CTD_C_secondary_structure_g2,CTD_C_secondary_structure_g3,CTD_C_solvent_accessibility_g1,CTD_C_solvent_accessibility_g2,CTD_C_solvent_accessibility_g3,CTD_T_hydrophobicity_12,CTD_T_hydrophobicity_13,CTD_T_hydrophobicity_23,CTD_T_vdw_volume_12,CTD_T_vdw_volume_13,CTD_T_vdw_volume_23,CTD_T_polarity_12,CTD_T_polarity_13,CTD_T_polarity_23,CTD_T_polarizability_12,CTD_T_polarizability_13,CTD_T_polarizability_23,CTD_T_charge_12,CTD_T_charge_13,CTD_T_charge_23,CTD_T_secondary_structure_12,CTD_T_secondary_structure_13,CTD_T_secondary_structure_23,CTD_T_solvent_accessibility_12,CTD_T_solvent_accessibility_13,CTD_T_solvent_accessibility_23,CTD_D_hydrophobicity_g1_0,CTD_D_hydrophobicity_g1_25,CTD_D_hydrophobicity_g1_50,CTD_D_hydrophobicity_g1_75,CTD_D_hydrophobicity_g1_100,CTD_D_hydrophobicity_g2_0,CTD_D_hydrophobicity_g2_25,CTD_D_hydrophobicity_g2_50,CTD_D_hydrophobicity_g2_75,CTD_D_hydrophobicity_g2_100,CTD_D_hydrophobicity_g3_0,CTD_D_hydrophobicity_g3_25,CTD_D_hydrophobicity_g3_50,CTD_D_hydrophobicity_g3_75,CTD_D_hydrophobicity_g3_100,CTD_D_vdw_volume_g1_0,CTD_D_vdw_volume_g1_25,CTD_D_vdw_volume_g1_50,CTD_D_vdw_volume_g1_75,CTD_D_vdw_volume_g1_100,CTD_D_vdw_volume_g2_0,CTD_D_vdw_volume_g2_25,CTD_D_vdw_volume_g2_50,CTD_D_vdw_volume_g2_75,CTD_D_vdw_volume_g2_100,CTD_D_vdw_volume_g3_0,CTD_D_vdw_volume_g3_25,CTD_D_vdw_volume_g3_50,CTD_D_vdw_volume_g3_75,CTD_D_vdw_volume_g3_100,CTD_D_polarity_g1_0,CTD_D_polarity_g1_25,CTD_D_polarity_g1_50,CTD_D_polarity_g1_75,CTD_D_polarity_g1_100,CTD_D_polarity_g2_0,CTD_D_polarity_g2_25,CTD_D_polarity_g2_50,CTD_D_polarity_g2_75,CTD_D_polarity_g2_100,CTD_D_polarity_g3_0,CTD_D_polarity_g3_25,CTD_D_polarity_g3_50,CTD_D_polarity_g3_75,CTD_D_polarity_g3_100,CTD_D_polarizability_g1_0,CTD_D_polarizability_g1_25,CTD_D_polarizability_g1_50,CTD_D_polarizability_g1_75,CTD_D_polarizability_g1_100,CTD_D_polarizability_g2_0,CTD_D_polarizability_g2_25,CTD_D_polarizability_g2_50,CTD_D_polarizability_g2_75,CTD_D_polarizability_g2_100,CTD_D_polarizability_g3_0,CTD_D_polarizability_g3_25,CTD_D_polarizability_g3_50,CTD_D_polarizability_g3_75,CTD_D_polarizability_g3_100,CTD_D_charge_g1_0,CTD_D_charge_g1_25,CTD_D_charge_g1_50,CTD_D_charge_g1_75,CTD_D_charge_g1_100,CTD_D_charge_g2_0,CTD_D_charge_g2_25,CTD_D_charge_g2_50,CTD_D_charge_g2_75,CTD_D_charge_g2_100,CTD_D_charge_g3_0,CTD_D_charge_g3_25,CTD_D_charge_g3_50,CTD_D_charge_g3_75,CTD_D_charge_g3_100,CTD_D_secondary_structure_g1_0,CTD_D_secondary_structure_g1_25,CTD_D_secondary_structure_g1_50,CTD_D_secondary_structure_g1_75,CTD_D_secondary_structure_g1_100,CTD_D_secondary_structure_g2_0,CTD_D_secondary_structure_g2_25,CTD_D_secondary_structure_g2_50,CTD_D_secondary_structure_g2_75,CTD_D_secondary_structure_g2_100,CTD_D_secondary_structure_g3_0,CTD_D_secondary_structure_g3_25,CTD_D_secondary_structure_g3_50,CTD_D_secondary_structure_g3_75,CTD_D_secondary_structure_g3_100,CTD_D_solvent_accessibility_g1_0,CTD_D_solvent_accessibility_g1_25,CTD_D_solvent_accessibility_g1_50,CTD_D_solvent_accessibility_g1_75,CTD_D_solvent_accessibility_g1_100,CTD_D_solvent_accessibility_g2_0,CTD_D_solvent_accessibility_g2_25,CTD_D_solvent_accessibility_g2_50,CTD_D_solvent_accessibility_g2_75,CTD_D_solvent_accessibility_g2_100,CTD_D_solvent_accessibility_g3_0,CTD_D_solvent_accessibility_g3_25,CTD_D_solvent_accessibility_g3_50,CTD_D_solvent_accessibility_g3_75,CTD_D_solvent_accessibility_g3_100
Negative_F230,0.400000,0.288889,0.311111,0.377778,0.288889,0.333333,0.355556,0.244444,0.400000,0.222222,0.444444,0.333333,0.288889,0.666667,0.044444,0.466667,0.333333,0.200000,0.444444,0.400000,0.155556,0.204545,0.227273,0.227273,0.181818,0.295455,0.090909,0.204545,0.250000,0.181818,0.204545,0.136364,0.250000,0.363636,0.022727,0.022727,0.340909,0.181818,0.159091,0.340909,0.136364,0.090909,8.888889,31.111111,62.222222,86.666667,100.000000,2.222222,22.222222,42.222222,68.888889,82.222222,4.444444,24.444444,44.444444,66.666667,91.111111,2.222222,35.555556,51.111111,75.555556,91.111111,4.444444,13.333333,44.444444,60.000000,66.666667,17.777778,26.666667,71.111111,93.333333,100.000000,4.444444,20.000000,40.000000,53.333333,91.111111,2.222222,33.333333,48.888889,75.555556,82.222222,8.888889,31.111111,62.222222,86.666667,100.000000,2.222222,33.333333,42.222222,75.555556,82.222222,4.444444,15.555556,46.666667,62.222222,91.111111,17.777778,26.666667,71.111111,93.333333,100.000000,17.777778,37.777778,80.000000,93.333333,100.000000,2.222222,20.000000,42.222222,66.666667,91.111111,60.000000,60.000000,60.000000,62.222222,62.222222,13.333333,37.777778,60.000000,84.444444,100.000000,4.444444,20.000000,40.000000,73.333333,91.111111,2.222222,33.333333,48.888889,68.888889,82.222222,2.222222,24.444444,42.222222,66.666667,91.111111,8.888889,31.111111,62.222222,86.666667,100.000000,11.111111,20.000000,48.888889,75.555556,77.777778
Negative_F589,0.333333,0.125000,0.541667,0.125000,0.416667,0.458333,0.541667,0.125000,0.333333,0.125000,0.416667,0.458333,0.208333,0.750000,0.041667,0.541667,0.291667,0.166667,0.500000,0.333333,0.166667,0.173913,0.260870,0.043478,0.130435,0.086957,0.478261,0.043478,0.260870,0.173913,0.130435,0.086957,0.478261,0.347826,0.000000,0.086957,0.347826,0.217391,0.000000,0.217391,0.086957,0.217391,12.500000,20.833333,70.833333,83.333333,95.833333,4.166667,4.166667,16.666667,75.000000,75.000000,8.333333,33.333333,45.833333,58.333333,100.000000,4.166667,4.166667,16.666667,75.000000,75.000000,8.333333,33.333333,45.833333,66.666667,79.166667,12.500000,29.166667,62.500000,91.666667,100.000000,8.333333,33.333333,45.833333,58.333333,100.000000,4.166667,4.166667,16.666667,75.000000,75.000000,12.500000,20.833333,70.833333,83.333333,95.833333,4.166667,4.166667,16.666667,75.000000,75.000000,8.333333,33.333333,45.833333,66.666667,79.166667,12.500000,29.166667,62.500000,91.666667,100.000000,12.500000,20.833333,83.333333,91.666667,95.833333,4.166667,29.166667,45.833333,66.666667,100.000000,70.833333,70.833333,70.833333,70.833333,70.833333,8.333333,33.333333,54.166667,83.333333,100.000000,25.000000,29.166667,41.666667,62.500000,87.500000,4.166667,4.166667,16.666667,75.000000,79.166667,4.166667,25.000000,37.500000,50.000000,87.500000,12.500000,20.833333,70.833333,83.333333,95.833333,16.666667,16.666667,54.166667,75.000000,100.000000
Negative_F2297,0.153846,0.384615,0.461538,0.384615,0.461538,0.153846,0.461538,0.384615,0.153846,0.384615,0.461538,0.153846,0.076923,0.923077,0.000000,0.538462,0.153846,0.307692,0.769231,0.153846,0.076923,0.250000,0.083333,0.416667,0.583333,0.083333,0.166667,0.416667,0.083333,0.250000,0.583333,0.083333,0.166667,0.166667,0.000000,0.000000,0.250000,0.500000,0.000000,0.250000,0.083333,0.083333,53.846154,53.846154,53.846154,84.615385,84.615385,23.076923,30.769231,46.153846,61.538462,76.923077,7.692308,15.384615,38.461538,92.307692,100.000000,23.076923,30.769231,46.153846,61.538462,76.923077,15.384615,38.461538,53.846154,92.307692,100.000000,7.692308,7.692308,7.692308,84.615385,84.615385,7.692308,15.384615,38.461538,92.307692,100.000000,23.076923,30.769231,46.153846,61.538462,76.923077,53.846154,53.846154,53.846154,84.615385,84.615385,23.076923,30.769231,46.153846,61.538462,76.923077,15.384615,38.461538,53.846154,92.307692,100.000000,7.692308,7.692308,7.692308,84.615385,84.615385,84.615385,84.615385,84.615385,84.615385,84.615385,7.692308,23.076923,46.153846,69.230769,100.000000,0.000000,0.000000,0.000000,0.000000,0.000000,15.384615,30.769231,61.538462,84.615385,100.000000,7.692308,7.692308,7.692308,92.307692,92.307692,23.076923,23.076923,46.153846,53.846154,76.923077,7.692308,23.076923,38.461538,69.230769,100.000000,53.846154,53.846154,53.846154,84.615385,84.615385,76.923077,76.923077,76.923077,76.923077,76.923077
Negative_F1161,0.285714,0.142857,0.571429,0.214286,0.500000,0.285714,0.571429,0.142857,0.285714,0.214286,0.500000,0.285714,0.142857,0.785714,0.071429,0.500000,0.285714,0.214286,0.642857,0.285714,0.071429,0.153846,0.461538,0.153846,0.230769,0.076923,0.384615,0.153846,0.461538,0.153846,0.230769,0.076923,0.384615,0.307692,0.000000,0.153846,0.153846,0.230769,0.230769,0.538462,0.076923,0.076923,14.285714,14.285714,35.714286,57.142857,85.714286,50.000000,50.000000,50.000000,92.857143,92.857143,7.142857,21.428571,42.857143,71.428571,100.000000,50.000000,50.000000,85.714286,92.857143,92.857143,7.142857,14.285714,42.857143,78.571429,100.000000,21.428571,21.428571,35.714286,57.142857,64.285714,7.142857,21.428571,42.857143,71.428571,100.000000,50.000000,50.000000,50.000000,92.857143,92.857143,14.285714,14.285714,35.714286,57.142857,85.714286,50.000000,50.000000,85.714286,92.857143,92.857143,7.142857,14.285714,42.857143,78.571429,100.000000,21.428571,21.428571,35.714286,57.142857,64.285714,35.714286,35.714286,35.714286,57.142857,57.142857,7.142857,21.428571,50.000000,78.571429,100.000000,85.714286,85.714286,85.714286,85.714286,85.714286,28.571429,35.714286,57.142857,92.857143,100.000000,7.142857,7.142857,21.428571,71.428571,78.571429,14.285714,14.285714,50.000000,85.714286,85.714286,7.142857,28.571429,50.000000,78.571429,100.000000,14.285714,14.285714,35.714286,57.142857,85.714286,64.285714,64.285714,64.285714,64.285714,64.285714
Negative_F2329,0.238636,0.397727,0.363636,0.534091,0.318182,0.147727,0.375000,0.386364,0.238636,0.386364,0.465909,0.147727,0.068182,0.840909,0.090909,0.340909,0.397727,0.261364,0.488636,0.238636,0.272727,0.137931,0.218391,0.310345,0.241379,0.172414,0.103448,0.321839,0.229885,0.126437,0.310345,0.149425,0.126437,0.126437,0.011494,0.137931,0.356322,0.172414,0.218391,0.252874,0.275862,0.103448,1.136364,12.500000,31.818182,73.863636,97.727273,3.409091,30.681818,52.272727,68.181818,100.000000,4.545455,29.545455,60.227273,82.954545,98.863636,1.136364,36.363636,57.954545,77.272727,100.000000,2.272727,10.227273,23.863636,73.863636,98.863636,12.500000,31.818182,45.454545,64.772727,94.318182,4.545455,29.545455,60.227273,82.954545,98.863636,3.409091,32.954545,52.272727,68.181818,100.000000,1.136364,12.500000,31.818182,73.863636,97.727273,1.136364,35.227273,55.681818,75.000000,100.000000,2.272727,17.045455,44.318182,80.681818,98.863636,12.500000,31.818182,45.454545,64.772727,94.318182,12.500000,14.772727,31.818182,45.454545,94.318182,3.409091,29.545455,53.409091,76.136364,100.000000,1.136364,2.272727,10.227273,71.590909,88.636364,2.272727,18.181818,45.454545,73.863636,98.863636,3.409091,29.545455,55.681818,79.545455,96.590909,1.136364,26.136364,51.136364,75.000000,100.000000,4.545455,34.090909,61.363636,81.818182,98.863636,1.136364,12.500000,31.818182,73.863636,97.727273,3.409091,28.409091,42.045455,57.954545,100.000000
Negative_F2331,0.339181,0.274854,0.385965,0.298246,0.380117,0.321637,0.409357,0.233918,0.356725,0.251462,0.426901,0.321637,0.181287,0.748538,0.070175,0.526316,0.280702,0.192982,0.450292,0.339181,0.210526,0.170588,0.270588,0.252941,0.264706,0.170588,0.235294,0.217647,0.294118,0.158824,0.264706,0.135294,0.270588,0.282353,0.011765,0.094118,0.247059,0.200000,0.141176,0.305882,0.211765,0.135294,2.339181,36.257310,49.122807,76.023392,100.000000,5.847953,19.883041,41.520468,74.853801,99.415205,0.584795,22.222222,50.292398,72.514620,97.660819,5.263158,21.052632,46.198830,73.684211,99.415205,1.169591,26.315789,49.707602,76.023392,100.000000,0.584795,30.994152,52.046784,77.192982,96.491228,0.584795,22.222222,50.292398,76.608187,97.660819,5.847953,19.883041,33.333333,74.269006,99.415205,2.339181,36.257310,53.216374,75.438596,100.000000,5.847953,21.637427,50.877193,74.853801,99.415205,1.169591,24.561404,49.122807,71.345029,100.000000,0.584795,30.994152,52.046784,77.192982,96.491228,4.678363,35.087719,45.029240,79.532164,96.491228,0.584795,21.637427,49.122807,73.099415,100.000000,25.146199,34.502924,53.801170,76.023392,98.245614,0.584795,28.070175,48.538012,74.853801,100.000000,1.754386,21.637427,47.368421,72.514620,95.321637,2.339181,22.807018,55.555556,77.777778,99.415205,1.169591,22.222222,49.707602,72.514620,97.660819,2.339181,36.257310,49.122807,76.023392,100.000000,0.584795,19.298246,50.877193,76.608187,99.415205
Negative_F2333,0.218750,0.343750,0.437500,0.500000,0.343750,0.156250,0.437500,0.343750,0.218750,0.312500,0.531250,0.156250,0.093750,0.875000,0.031250,0.281250,0.468750,0.250000,0.500000,0.218750,0.281250,0.193548,0.225806,0.322581,0.451613,0.129032,0.064516,0.322581,0.225806,0.193548,0.516129,0.064516,0.129032,0.161290,0.000000,0.064516,0.161290,0.193548,0.258065,0.225806,0.322581,0.193548,6.250000,12.500000,68.750000,90.625000,100.000000,9.375000,25.000000,40.625000,71.875000,96.875000,3.125000,34.375000,50.000000,75.000000,93.750000,9.375000,25.000000,40.625000,71.875000,96.875000,12.500000,37.500000,53.125000,75.000000,93.750000,3.125000,6.250000,62.500000,90.625000,100.000000,3.125000,34.375000,50.000000,75.000000,93.750000,9.375000,25.000000,40.625000,71.875000,96.875000,6.250000,12.500000,68.750000,90.625000,100.000000,9.375000,25.000000,40.625000,71.875000,96.875000,12.500000,34.375000,53.125000,75.000000,93.750000,3.125000,6.250000,62.500000,90.625000,100.000000,6.250000,6.250000,90.625000,100.000000,100.000000,3.125000,28.125000,50.000000,71.875000,96.875000,12.500000,12.500000,12.500000,12.500000,12.500000,6.250000,50.000000,65.625000,90.625000,100.000000,3.125000,25.000000,46.875000,75.000000,87.500000,9.375000,15.625000,31.250000,71.875000,96.875000,3.125000,31.250000,46.875000,65.625000,93.750000,6.250000,12.500000,68.750000,90.625000,100.000000,9.375000,25.000000,40.625000,71.875000,96.875000
Negative_F1466,0.342466,0.356164,0.301370,0.397260,0.424658,0.178082,0.301370,0.328767,0.369863,0.273973,0.547945,0.178082,0.136986,0.808219,0.054795,0.452055,0.260274,0.287671,0.410959,0.342466,0.246575,0.236111,0.277778,0.166667,0.319444,0.138889,0.138889,0.138889,0.305556,0.263889,0.333333,0.069444,0.208333,0.194444,0.027778,0.083333,0.347222,0.222222,0.097222,0.333333,0.208333,0.180556,8.219178,30.136986,61.643836,83.561644,100.000000,1.369863,26.027397,45.205479,68.493151,98.630137,4.109589,20.547945,47.945205,79.452055,91.780822,1.369863,23.287671,47.945205,69.863014,98.630137,4.109589,21.917808,50.684932,79.452055,100.000000,10.958904,39.726027,65.753425,83.561644,97.260274,4.109589,20.547945,47.945205,79.452055,91.780822,1.369863,23.287671,45.205479,68.493151,98.630137,8.219178,28.767123,53.424658,83.561644,100.000000,1.369863,19.178082,49.315068,68.493151,98.630137,4.109589,21.917808,45.205479,72.602740,100.000000,10.958904,39.726027,65.753425,83.561644,97.260274,10.958904,39.726027,65.753425,83.561644,97.260274,1.369863,23.287671,46.575342,72.602740,100.000000,8.219178,8.219178,53.424658,87.671233,95.890411,1.369863,20.547945,50.684932,71.232877,97.260274,4.109589,19.178082,47.945205,69.863014,86.301370,2.739726,36.986301,63.013699,78.082192,100.000000,1.369863,20.547945,47.945205,69.863014,91.780822,8.219178,30.136986,61.643836,83.561644,100.000000,2.739726,27.397260,45.205479,76.712329,98.630137
Negative_F1468,0.328767,0.342466,0.328767,0.369863,0.465753,0.164384,0.328767,0.315068,0.356164,0.260274,0.575342,0.164384,0.123288,0.835616,0.041096,0.452055,0.287671,0.260274,0.438356,0.328767,0.232877,0.194444,0.291667,0.180556,0.291667,0.111111,0.194444,0.138889,0.333333,0.208333,0.319444,0.055556,0.250000,0.208333,0.013889,0.069444,0.361111,0.208333,0.111111,0.375000,0.222222,0.111111,8.219178,28.767123,53.424658,82.191781,100.000000,1.369863,34.246575,49.315068,73.972603,98.630137,4.109589,16.438356,38.356164,71.232877,91.780822,1.369863,23.287671,49.315068,73.972603,98.630137,4.109589,21.917808,38.356164,80.821918,100.000000,10.958904,28.767123,61.643836,79.452055,94.520548,4.109589,16.438356,38.356164,71.232877,91.780822,1.369863,34.246575,52.054795,75.342466,98.630137,8.219178,28.767123,50.684932,82.191781,100.000000,1.369863,23.287671,52.054795,75.342466,98.630137,4.109589,21.917808,45.205479,73.972603,100.000000,10.958904,28.767123,61.643836,79.452055,94.520548,10.958904,39.726027,65.753425,83.561644,94.520548,1.369863,24.657534,47.945205,73.972603,100.000000,8.219178,8.219178,53.424658,87.671233,87.671233,1.369863,21.917808,50.684932,71.232877,94.520548,4.109589,19.178082,47.945205,69.863014,98.630137,2.739726,36.986301,63.013699,78.082192,100.000000,1.369863,20.547945,47.945205,69.863014,95.890411,8.219178,28.767123,53.424658,82.191781,100.000000,2.739726,34.246575,46.575342,76.712329,98.630137
Negative_F1471,0.410959,0.232877,0.356164,0.301370,0.383562,0.315068,0.369863,0.219178,0.410959,0.191781,0.493151,0.315068,0.232877,0.684932,0.082192,0.452055,0.301370,0.246575,0.438356,0.410959,0.150685,0.194444,0.277778,0.138889,0.236111,0.208333,0.236111,0.138889,0.277778,0.194444,0.208333,0.125000,0.319444,0.333333,0.055556,0.111111,0.319444,0.208333,0.125000,0.402778,0.125000,0.069444,6.849315,35.616438,64.383562,82.191781,98.630137,2.739726,20.547945,38.356164,60.273973,83.561644,1.369863,16.438356,41.095890,72.602740,100.000000,2.739726,19.178082,36.986301,60.273973,83.561644,13.698630,34.246575,57.534247,75.342466,98.630137,1.369863,10.958904,52.054795,84.931507,100.000000,1.369863,16.438356,42.465753,72.602740,100.000000,2.739726,19.178082,36.986301,60.273973,83.561644,6.849315,35.616438,64.383562,82.191781,98.630137,9.589041,24.657534,36.986301,60.273973,83.561644,2.739726,28.767123,54.794521,73.972603,98.630137,1.369863,10.958904,52.054795,84.931507,100.000000,6.849315,27.397260,67.123288,84.931507,97.260274,1.369863,21.917808,45.205479,72.602740,100.000000,31.506849,34.246575,50.684932,64.383562,94.520548,4.109589,30.136986,63.013699,82.191781,97.260274,1.369863,21.917808,42.465753,60.273973,100.000000,2.739726,20.547945,45.205479,68.493151,98.630137,1.369863,17.808219,36.986301,68.493151,100.000000,6.849315,35.616438,64.383562,82.191781,98.630137,2.739726,19.178082,42.465753,60.273973,79.452055
Negative_F2339,0.428571,0.000000,0.571429,0.142857,0.285714,0.571429,0.571429,0.000000,0.428571,0.000000,0.428571,0.571429,0.428571,0.571429,0.000000,0.571429,0.428571,0.000000,0.571429,0.428571,0.000000,0.000000,0.384615,0.000000,0.153846,0.153846,0.230769,0.000000,0.384615,0.000000,0.000000,0.000000,0.384615,0.384615,0.000000,0.000000,0.538462,0.000000,0.000000,0.384615,0.000000,0.000000,7.142857,21.428571,71.428571,85.714286,92.857143,0.000000,0.000000,0.000000,0.000000,0.000000,14.285714,28.571429,42.857143,57.142857,100.000000,42.857143,42.857143,42.857143,64.285714,64.285714,28.571429,28.571429,35.714286,57.142857,100.000000,7.142857,14.285714,50.000000,78.571429,92.857143,14.285714,28.571429,42.857143,57.142857,100.000000,0.000000,0.000000,0.000000,0.000000,0.000000,7.142857,21.428571,71.428571,85.714286,92.857143,0.000000,0.000000,0.000000,0.000000,0.000000,28.571429,35.714286,42.857143,64.285714,100.000000,7.142857,14.285714,50.000000,78.571429,92.857143,7.142857,21.428571,71.428571,85.714286,92.857143,14.285714,28.571429,42.857143,57.142857,100.000000,0.000000,0.000000,0.000000,0.000000,0.000000,7.142857,21.428571,57.142857,78.571429,92.857143,14.285714,35.714286,42.857143,64.285714,100.000000,0.000000,0.000000,0.000000,0.000000,0.000000,14.285714,28.571429,42.857143,57.142857,100.000000,7.142857,21.428571,71.428571,85.714286,92.857143,0.000000,0.000000,0.000000,0.000000,0.000000
Negative_F2346,0.531250,0.187500,0.281250,0.343750,0.250000,0.406250,0.312500,0.156250,0.531250,0.125000,0.468750,0.406250,0.343750,0.593750,0.062500,0.406250,0.312500,0.281250,0.406250,0.531250,0.062500,0.161290,0.290323,0.096774,0.161290,0.419355,0.129032,0.096774,0.290323,0.161290,0.096774,0.096774,0.451613,0.354839,0.064516,0.064516,0.225806,0.193548,0.161290,0.419355,0.096774,0.032258,3.125000,31.250000,46.875000,75.000000,100.000000,18.750000,21.875000,59.375000,68.750000,81.250000,9.375000,28.125000,62.500000,90.625000,96.875000,9.375000,21.875000,59.375000,81.250000,93.750000,15.625000,46.875000,53.125000,78.125000,100.000000,3.125000,25.000000,37.500000,68.750000,87.500000,9.375000,28.125000,62.500000,90.625000,96.875000,18.750000,21.875000,59.375000,65.625000,81.250000,3.125000,31.250000,46.875000,75.000000,100.000000,18.750000,18.750000,21.875000,65.625000,81.250000,9.375000,40.625000,59.375000,90.625000,100.000000,3.125000,25.000000,37.500000,68.750000,87.500000,3.125000,25.000000,37.500000,75.000000,87.500000,9.375000,21.875000,62.500000,81.250000,100.000000,46.875000,46.875000,46.875000,53.125000,53.125000,3.125000,31.250000,43.750000,56.250000,87.500000,9.375000,28.125000,62.500000,90.625000,96.875000,15.625000,21.875000,59.375000,78.125000,100.000000,9.375000,21.875000,62.500000,81.250000,96.875000,3.125000,31.250000,46.875000,75.000000,100.000000,59.375000,59.375000,59.375000,68.750000,68.750000
Negative_F1479,0.380282,0.323944,0.295775,0.380282,0.352113,0.267606,0.338028,0.281690,0.380282,0.295775,0.436620,0.267606,0.183099,0.718310,0.098592,0.422535,0.323944,0.253521,0.422535,0.380282,0.197183,0.314286,0.200000,0.228571,0.300000,0.157143,0.214286,0.185714,0.242857,0.271429,0.271429,0.157143,0.214286,0.271429,0.042857,0.128571,0.242857,0.257143,0.128571,0.328571,0.171429,0.185714,2.816901,30.985915,52.112676,80.281690,98.591549,1.408451,23.943662,43.661972,71.830986,100.000000,8.450704,26.760563,54.929577,69.014085,95.774648,1.408451,23.943662,47.887324,70.422535,100.000000,7.042254,29.577465,59.154930,81.690141,97.183099,2.816901,22.535211,39.436620,80.281690,98.591549,8.450704,21.126761,47.887324,69.014085,95.774648,1.408451,23.943662,43.661972,67.605634,100.000000,2.816901,30.985915,52.112676,80.281690,98.591549,1.408451,25.352113,49.295775,67.605634,100.000000,7.042254,26.760563,56.338028,77.464789,97.183099,2.816901,22.535211,39.436620,80.281690,98.591549,2.816901,30.985915,50.704225,80.281690,98.591549,1.408451,25.352113,53.521127,74.647887,100.000000,12.676056,18.309859,46.478873,73.239437,97.183099,1.408451,25.352113,45.070423,83.098592,98.591549,5.633803,21.126761,47.887324,61.971831,90.140845,4.225352,28.169014,52.112676,76.056338,100.000000,1.408451,21.126761,47.887324,67.605634,95.774648,2.816901,30.985915,52.112676,80.281690,98.591549,5.633803,36.619718,43.661972,74.647887,100.000000
Negative_F2347,0.204545,0.545455,0.250000,0.568182,0.295455,0.136364,0.295455,0.477273,0.227273,0.454545,0.409091,0.136364,0.045455,0.954545,0.000000,0.250000,0.363636,0.386364,0.568182,0.204545,0.227273,0.302326,0.023256,0.279070,0.418605,0.209302,0.046512,0.279070,0.023256,0.302326,0.465116,0.162791,0.093023,0.093023,0.000000,0.000000,0.186047,0.255814,0.209302,0.232558,0.279070,0.093023,29.545455,63.636364,77.272727,84.090909,95.454545,4.545455,22.727273,43.181818,68.181818,100.000000,2.272727,9.090909,50.000000,70.454545,90.909091,4.545455,20.454545,43.181818,68.181818,100.000000,9.090909,36.363636,65.909091,79.545455,90.909091,2.272727,34.090909,47.727273,77.272727,95.454545,2.272727,11.363636,50.000000,59.090909,90.909091,4.545455,22.727273,43.181818,75.000000,100.000000,29.545455,36.363636,65.909091,84.090909,95.454545,4.545455,20.454545,40.909091,75.000000,100.000000,6.818182,29.545455,52.272727,72.727273,90.909091,2.272727,34.090909,47.727273,77.272727,95.454545,77.272727,77.272727,77.272727,95.454545,95.454545,2.272727,25.000000,47.727273,72.727273,100.000000,0.000000,0.000000,0.000000,0.000000,0.000000,22.727273,34.090909,77.272727,93.181818,100.000000,2.272727,11.363636,50.000000,70.454545,97.727273,4.545455,29.545455,43.181818,65.909091,88.636364,2.272727,22.727273,50.000000,70.454545,100.000000,29.545455,63.636364,77.272727,84.090909,95.454545,13.636364,20.454545,34.090909,56.818182,97.727273
Negative_F2366,0.357143,0.357143,0.285714,0.416667,0.297619,0.285714,0.321429,0.297619,0.380952,0.309524,0.404762,0.285714,0.178571,0.726190,0.095238,0.464286,0.285714,0.250000,0.476190,0.357143,0.166667,0.240964,0.216867,0.240964,0.253012,0.265060,0.156627,0.204819,0.265060,0.216867,0.216867,0.180723,0.240964,0.253012,0.060241,0.132530,0.253012,0.228916,0.216867,0.349398,0.192771,0.108434,5.952381,32.142857,52.380952,75.000000,98.809524,1.190476,20.238095,48.809524,82.142857,100.000000,3.571429,26.190476,44.047619,66.666667,97.619048,1.190476,25.000000,57.142857,82.142857,98.809524,3.571429,26.190476,41.666667,59.523810,97.619048,5.952381,13.095238,50.000000,80.952381,100.000000,3.571429,26.190476,47.619048,72.619048,100.000000,1.190476,21.428571,48.809524,76.190476,96.428571,5.952381,30.952381,52.380952,75.000000,98.809524,1.190476,20.238095,48.809524,76.190476,98.809524,3.571429,27.380952,47.619048,72.619048,97.619048,5.952381,13.095238,50.000000,80.952381,100.000000,5.952381,30.952381,50.000000,80.952381,95.238095,1.190476,25.000000,48.809524,72.619048,100.000000,7.142857,16.666667,61.904762,75.000000,98.809524,4.761905,19.047619,50.000000,73.809524,95.238095,3.571429,26.190476,51.190476,83.333333,100.000000,1.190476,25.000000,48.809524,78.571429,98.809524,1.190476,23.809524,48.809524,67.857143,97.619048,5.952381,32.142857,52.380952,75.000000,98.809524,9.523810,21.428571,36.904762,85.714286,100.000000
Negative_F2369,0.318182,0.272727,0.409091,0.409091,0.181818,0.409091,0.454545,0.227273,0.318182,0.227273,0.363636,0.409091,0.272727,0.727273,0.000000,0.318182,0.500000,0.181818,0.500000,0.318182,0.181818,0.238095,0.285714,0.190476,0.190476,0.428571,0.190476,0.190476,0.285714,0.238095,0.190476,0.238095,0.380952,0.523810,0.000000,0.000000,0.333333,0.190476,0.095238,0.428571,0.142857,0.095238,4.545455,27.272727,54.545455,68.181818,86.363636,9.090909,18.181818,22.727273,63.636364,100.000000,13.636364,36.363636,72.727273,81.818182,95.454545,9.090909,22.727273,50.000000,77.272727,100.000000,45.454545,45.454545,59.090909,72.727273,90.909091,4.545455,27.272727,40.909091,68.181818,86.363636,13.636364,31.818182,45.454545,81.818182,95.454545,9.090909,22.727273,50.000000,63.636364,100.000000,4.545455,27.272727,54.545455,68.181818,86.363636,9.090909,22.727273,50.000000,63.636364,100.000000,13.636364,31.818182,59.090909,77.272727,95.454545,4.545455,27.272727,40.909091,68.181818,86.363636,4.545455,27.272727,40.909091,68.181818,86.363636,9.090909,22.727273,50.000000,77.272727,100.000000,0.000000,0.000000,0.000000,0.000000,0.000000,4.545455,27.272727,54.545455,81.818182,86.363636,13.636364,22.727273,45.454545,90.909091,100.000000,9.090909,9.090909,50.000000,59.090909,63.636364,9.090909,31.818182,50.000000,77.272727,95.454545,4.545455,27.272727,54.545455,68.181818,86.363636,18.181818,18.181818,22.727273,81.818182,100.000000
Negative_F2097,0.422222,0.222222,0.355556,0.400000,0.377778,0.222222,0.355556,0.222222,0.422222,0.244444,0.533333,0.222222,0.177778,0.711111,0.111111,0.400000,0.311111,0.288889,0.444444,0.422222,0.133333,0.113636,0.318182,0.159091,0.272727,0.204545,0.181818,0.159091,0.318182,0.113636,0.227273,0.113636,0.272727,0.340909,0.022727,0.090909,0.227273,0.227273,0.159091,0.363636,0.159091,0.068182,6.666667,17.777778,42.222222,64.444444,100.000000,24.444444,40.000000,66.666667,88.888889,93.333333,2.222222,20.000000,53.333333,73.333333,97.777778,6.666667,28.888889,60.000000,86.666667,100.000000,8.888889,35.555556,51.111111,68.888889,97.777778,2.222222,11.111111,22.222222,64.444444,77.777778,2.222222,20.000000,53.333333,73.333333,97.777778,24.444444,40.000000,66.666667,88.888889,93.333333,6.666667,17.777778,42.222222,64.444444,100.000000,6.666667,26.666667,66.666667,91.111111,100.000000,8.888889,33.333333,51.111111,73.333333,97.777778,2.222222,11.111111,22.222222,64.444444,77.777778,11.111111,17.777778,31.111111,64.444444,77.777778,2.222222,28.888889,55.555556,80.000000,97.777778,6.666667,8.888889,46.666667,48.888889,100.000000,8.888889,22.222222,48.888889,64.444444,84.444444,2.222222,26.666667,53.333333,80.000000,97.777778,6.666667,33.333333,44.444444,88.888889,100.000000,2.222222,24.444444,53.333333,73.333333,97.777778,6.666667,17.777778,42.222222,64.444444,100.000000,26.666667,66.666667,80.000000,88.888889,93.333333
Negative_F2381,0.153846,0.461538,0.384615,0.384615,0.384615,0.230769,0.461538,0.384615,0.153846,0.384615,0.384615,0.230769,0.076923,0.846154,0.076923,0.461538,0.461538,0.076923,0.615385,0.153846,0.230769,0.166667,0.083333,0.666667,0.666667,0.000000,0.083333,0.583333,0.166667,0.083333,0.666667,0.000000,0.083333,0.083333,0.000000,0.166667,0.500000,0.083333,0.083333,0.166667,0.416667,0.083333,76.923077,76.923077,76.923077,100.000000,100.000000,15.384615,30.769231,38.461538,69.230769,84.615385,7.692308,23.076923,46.153846,61.538462,92.307692,15.384615,30.769231,38.461538,53.846154,69.230769,7.692308,23.076923,46.153846,61.538462,76.923077,84.615385,84.615385,92.307692,100.000000,100.000000,7.692308,23.076923,46.153846,84.615385,92.307692,15.384615,30.769231,38.461538,53.846154,69.230769,76.923077,76.923077,76.923077,100.000000,100.000000,15.384615,30.769231,38.461538,53.846154,69.230769,7.692308,23.076923,46.153846,61.538462,76.923077,84.615385,84.615385,92.307692,100.000000,100.000000,100.000000,100.000000,100.000000,100.000000,100.000000,7.692308,23.076923,46.153846,69.230769,92.307692,76.923077,76.923077,76.923077,76.923077,76.923077,15.384615,23.076923,46.153846,76.923077,100.000000,7.692308,30.769231,53.846154,84.615385,92.307692,38.461538,38.461538,38.461538,38.461538,38.461538,7.692308,15.384615,38.461538,61.538462,92.307692,76.923077,76.923077,76.923077,100.000000,100.000000,30.769231,30.769231,53.846154,84.615385,84.615385
Negative_F769,0.133333,0.533333,0.333333,0.733333,0.166667,0.100000,0.333333,0.500000,0.166667,0.400000,0.500000,0.100000,0.000000,0.933333,0.066667,0.100000,0.500000,0.400000,0.500000,0.133333,0.366667,0.172414,0.068966,0.482759,0.275862,0.172414,0.034483,0.482759,0.068966,0.172414,0.586207,0.068966,0.137931,0.000000,0.000000,0.137931,0.068966,0.137931,0.413793,0.103448,0.413793,0.137931,23.333333,23.333333,50.000000,73.333333,100.000000,3.333333,20.000000,43.333333,66.666667,96.666667,6.666667,30.000000,46.666667,80.000000,90.000000,3.333333,26.666667,46.666667,70.000000,93.333333,6.666667,23.333333,50.000000,86.666667,100.000000,33.333333,33.333333,80.000000,96.666667,96.666667,6.666667,30.000000,46.666667,80.000000,90.000000,3.333333,20.000000,43.333333,66.666667,93.333333,23.333333,50.000000,73.333333,96.666667,100.000000,3.333333,20.000000,40.000000,60.000000,93.333333,6.666667,23.333333,56.666667,83.333333,100.000000,33.333333,33.333333,80.000000,96.666667,96.666667,0.000000,0.000000,0.000000,0.000000,0.000000,3.333333,26.666667,50.000000,76.666667,100.000000,23.333333,23.333333,23.333333,73.333333,73.333333,6.666667,6.666667,23.333333,96.666667,96.666667,13.333333,30.000000,53.333333,80.000000,93.333333,3.333333,20.000000,50.000000,73.333333,100.000000,3.333333,20.000000,40.000000,70.000000,90.000000,23.333333,23.333333,50.000000,73.333333,100.000000,10.000000,26.666667,56.666667,83.333333,96.666667
Negative_F841,0.222222,0.222222,0.555556,0.555556,0.222222,0.222222,0.555556,0.222222,0.222222,0.222222,0.555556,0.222222,0.222222,0.777778,0.000000,0.222222,0.555556,0.222222,0.777778,0.222222,0.000000,0.176471,0.235294,0.235294,0.470588,0.411765,0.000000,0.235294,0.235294,0.176471,0.235294,0.176471,0.235294,0.411765,0.000000,0.000000,0.235294,0.176471,0.235294,0.411765,0.000000,0.000000,22.222222,22.222222,50.000000,72.222222,100.000000,5.555556,5.555556,44.444444,55.555556,94.444444,11.111111,27.777778,38.888889,77.777778,88.888889,5.555556,27.777778,44.444444,77.777778,94.444444,11.111111,11.111111,33.333333,61.111111,83.333333,22.222222,22.222222,50.000000,72.222222,100.000000,11.111111,27.777778,38.888889,77.777778,88.888889,5.555556,5.555556,44.444444,55.555556,94.444444,22.222222,22.222222,50.000000,72.222222,100.000000,5.555556,5.555556,44.444444,55.555556,94.444444,11.111111,27.777778,38.888889,77.777778,88.888889,22.222222,22.222222,50.000000,72.222222,100.000000,22.222222,22.222222,50.000000,72.222222,100.000000,5.555556,27.777778,44.444444,77.777778,94.444444,0.000000,0.000000,0.000000,0.000000,0.000000,22.222222,22.222222,50.000000,72.222222,100.000000,11.111111,27.777778,38.888889,77.777778,88.888889,5.555556,5.555556,44.444444,55.555556,94.444444,5.555556,27.777778,44.444444,77.777778,94.444444,22.222222,22.222222,50.000000,72.222222,100.000000,0.000000,0.000000,0.000000,0.000000,0.000000
Negative_F2405,0.250000,0.500000,0.250000,0.428571,0.214286,0.357143,0.357143,0.321429,0.321429,0.392857,0.250000,0.357143,0.035714,0.821429,0.142857,0.285714,0.285714,0.428571,0.392857,0.250000,0.357143,0.259259,0.185185,0.259259,0.111111,0.259259,0.259259,0.185185,0.333333,0.185185,0.111111,0.185185,0.333333,0.074074,0.000000,0.296296,0.259259,0.185185,0.185185,0.259259,0.333333,0.185185,10.714286,28.571429,42.857143,71.428571,82.142857,3.571429,17.857143,46.428571,89.285714,100.000000,21.428571,35.714286,57.142857,75.000000,78.571429,3.571429,10.714286,25.000000,82.142857,100.000000,21.428571,28.571429,39.285714,71.428571,75.000000,32.142857,42.857143,53.571429,78.571429,96.428571,21.428571,35.714286,57.142857,78.571429,96.428571,3.571429,14.285714,25.000000,85.714286,100.000000,10.714286,39.285714,53.571429,64.285714,82.142857,3.571429,10.714286,25.000000,85.714286,100.000000,21.428571,28.571429,46.428571,71.428571,75.000000,32.142857,42.857143,53.571429,78.571429,96.428571,42.857143,42.857143,42.857143,42.857143,42.857143,3.571429,25.000000,53.571429,78.571429,100.000000,10.714286,10.714286,28.571429,64.285714,82.142857,25.000000,28.571429,50.000000,60.714286,78.571429,21.428571,32.142857,57.142857,75.000000,96.428571,3.571429,10.714286,39.285714,82.142857,100.000000,3.571429,14.285714,35.714286,75.000000,100.000000,10.714286,28.571429,42.857143,71.428571,82.142857,17.857143,46.428571,53.571429,85.714286,96.428571
Negative_F1514,0.214876,0.537190,0.247934,0.504132,0.280992,0.214876,0.314050,0.446281,0.239669,0.479339,0.305785,0.214876,0.057851,0.859504,0.082645,0.231405,0.289256,0.479339,0.446281,0.214876,0.338843,0.191667,0.175000,0.275000,0.266667,0.175000,0.133333,0.250000,0.225000,0.158333,0.300000,0.158333,0.150000,0.083333,0.000000,0.166667,0.191667,0.191667,0.200000,0.233333,0.366667,0.133333,4.132231,46.280992,61.983471,84.297521,99.173554,0.826446,21.487603,43.801653,71.900826,100.000000,1.652893,26.446281,47.933884,78.512397,95.867769,0.826446,21.487603,43.801653,71.900826,95.041322,1.652893,30.578512,58.677686,83.471074,99.173554,3.305785,23.140496,50.413223,67.768595,100.000000,1.652893,27.272727,52.066116,82.644628,100.000000,0.826446,18.181818,40.495868,71.074380,93.388430,3.305785,32.231405,58.677686,81.818182,99.173554,0.826446,21.487603,43.801653,72.727273,95.041322,1.652893,30.578512,58.677686,82.644628,99.173554,3.305785,23.140496,50.413223,67.768595,100.000000,4.132231,4.958678,52.892562,66.942149,81.818182,0.826446,23.966942,47.933884,74.380165,100.000000,24.793388,46.280992,57.851240,92.561983,98.347107,1.652893,19.834711,50.413223,78.512397,99.173554,2.479339,28.099174,52.066116,80.991736,100.000000,0.826446,22.314050,45.454545,72.727273,95.041322,1.652893,23.966942,42.975207,73.553719,95.867769,4.132231,46.280992,61.983471,84.297521,99.173554,0.826446,22.314050,47.107438,70.247934,100.000000
Negative_F357,0.277778,0.166667,0.555556,0.500000,0.166667,0.333333,0.555556,0.166667,0.277778,0.166667,0.500000,0.333333,0.277778,0.722222,0.000000,0.333333,0.555556,0.111111,0.666667,0.277778,0.055556,0.117647,0.294118,0.176471,0.352941,0.529412,0.000000,0.176471,0.294118,0.117647,0.117647,0.176471,0.352941,0.411765,0.000000,0.000000,0.470588,0.058824,0.117647,0.352941,0.058824,0.058824,22.222222,44.444444,50.000000,72.222222,100.000000,5.555556,5.555556,55.555556,94.444444,94.444444,11.111111,27.777778,38.888889,77.777778,88.888889,5.555556,27.777778,55.555556,77.777778,94.444444,33.333333,33.333333,61.111111,83.333333,83.333333,11.111111,22.222222,44.444444,72.222222,100.000000,11.111111,27.777778,38.888889,77.777778,88.888889,5.555556,5.555556,55.555556,94.444444,94.444444,22.222222,44.444444,50.000000,72.222222,100.000000,5.555556,5.555556,55.555556,94.444444,94.444444,16.666667,33.333333,61.111111,77.777778,88.888889,11.111111,22.222222,44.444444,72.222222,100.000000,22.222222,44.444444,50.000000,72.222222,100.000000,5.555556,27.777778,55.555556,77.777778,94.444444,0.000000,0.000000,0.000000,0.000000,0.000000,22.222222,33.333333,44.444444,72.222222,100.000000,11.111111,27.777778,61.111111,83.333333,94.444444,5.555556,5.555556,5.555556,55.555556,55.555556,5.555556,16.666667,38.888889,66.666667,88.888889,22.222222,44.444444,50.000000,72.222222,100.000000,94.444444,94.444444,94.444444,94.444444,94.444444
Negative_F12,0.307692,0.230769,0.461538,0.307692,0.384615,0.307692,0.461538,0.230769,0.307692,0.307692,0.384615,0.307692,0.153846,0.692308,0.153846,0.384615,0.384615,0.230769,0.615385,0.307692,0.076923,0.166667,0.333333,0.250000,0.416667,0.166667,0.250000,0.250000,0.333333,0.166667,0.416667,0.166667,0.250000,0.166667,0.000000,0.333333,0.333333,0.166667,0.250000,0.416667,0.083333,0.083333,30.769231,30.769231,53.846154,61.538462,84.615385,7.692308,7.692308,76.923077,92.307692,92.307692,15.384615,23.076923,38.461538,69.230769,100.000000,7.692308,7.692308,30.769231,76.923077,92.307692,15.384615,38.461538,46.153846,69.230769,84.615385,23.076923,23.076923,53.846154,61.538462,100.000000,15.384615,23.076923,38.461538,69.230769,100.000000,7.692308,7.692308,76.923077,92.307692,92.307692,30.769231,30.769231,53.846154,61.538462,84.615385,7.692308,7.692308,30.769231,76.923077,92.307692,15.384615,38.461538,46.153846,69.230769,84.615385,23.076923,23.076923,53.846154,61.538462,100.000000,53.846154,53.846154,53.846154,61.538462,61.538462,7.692308,23.076923,46.153846,76.923077,100.000000,30.769231,30.769231,30.769231,84.615385,84.615385,15.384615,53.846154,61.538462,76.923077,84.615385,23.076923,38.461538,46.153846,69.230769,100.000000,7.692308,7.692308,30.769231,92.307692,92.307692,7.692308,15.384615,38.461538,69.230769,100.000000,30.769231,30.769231,53.846154,61.538462,84.615385,92.307692,92.307692,92.307692,92.307692,92.307692
Negative_F2418,0.350000,0.425000,0.225000,0.450000,0.350000,0.200000,0.225000,0.425000,0.350000,0.450000,0.350000,0.200000,0.175000,0.775000,0.050000,0.600000,0.275000,0.125000,0.550000,0.350000,0.100000,0.256410,0.179487,0.230769,0.333333,0.153846,0.153846,0.230769,0.179487,0.256410,0.333333,0.153846,0.153846,0.230769,0.025641,0.076923,0.384615,0.153846,0.076923,0.358974,0.128205,0.076923,10.000000,22.500000,40.000000,72.500000,100.000000,2.500000,42.500000,65.000000,80.000000,95.000000,5.000000,15.000000,35.000000,62.500000,85.000000,2.500000,42.500000,60.000000,80.000000,95.000000,7.500000,27.500000,55.000000,72.500000,100.000000,5.000000,10.000000,20.000000,40.000000,97.500000,5.000000,15.000000,35.000000,62.500000,85.000000,2.500000,42.500000,65.000000,80.000000,95.000000,10.000000,22.500000,40.000000,72.500000,100.000000,2.500000,42.500000,60.000000,80.000000,95.000000,7.500000,27.500000,55.000000,72.500000,100.000000,5.000000,10.000000,20.000000,40.000000,97.500000,10.000000,12.500000,22.500000,45.000000,97.500000,2.500000,32.500000,60.000000,80.000000,100.000000,27.500000,27.500000,27.500000,47.500000,47.500000,7.500000,25.000000,50.000000,77.500000,100.000000,5.000000,35.000000,55.000000,67.500000,92.500000,2.500000,17.500000,30.000000,47.500000,82.500000,2.500000,25.000000,55.000000,77.500000,95.000000,10.000000,22.500000,40.000000,72.500000,100.000000,42.500000,42.500000,52.500000,60.000000,92.500000
Negative_F2420,0.306452,0.500000,0.193548,0.451613,0.306452,0.241935,0.225806,0.435484,0.338710,0.387097,0.370968,0.241935,0.064516,0.919355,0.016129,0.338710,0.209677,0.451613,0.435484,0.306452,0.258065,0.311475,0.196721,0.163934,0.295082,0.245902,0.213115,0.196721,0.229508,0.311475,0.295082,0.180328,0.278689,0.131148,0.000000,0.032787,0.114754,0.295082,0.229508,0.327869,0.229508,0.180328,1.612903,19.354839,41.935484,67.741935,96.774194,9.677419,32.258065,61.290323,77.419355,100.000000,3.225806,22.580645,38.709677,70.967742,98.387097,9.677419,24.193548,58.064516,75.806452,100.000000,1.612903,25.806452,45.161290,70.967742,96.774194,3.225806,22.580645,50.000000,77.419355,98.387097,3.225806,25.806452,40.322581,77.419355,98.387097,9.677419,29.032258,59.677419,79.032258,100.000000,1.612903,24.193548,45.161290,67.741935,96.774194,9.677419,24.193548,58.064516,74.193548,100.000000,1.612903,25.806452,45.161290,75.806452,96.774194,3.225806,22.580645,50.000000,77.419355,98.387097,17.741935,17.741935,33.870968,50.000000,83.870968,1.612903,27.419355,53.225806,75.806452,100.000000,24.193548,24.193548,24.193548,24.193548,24.193548,1.612903,29.032258,48.387097,67.741935,96.774194,3.225806,35.483871,54.838710,77.419355,100.000000,4.838710,20.967742,51.612903,79.032258,93.548387,3.225806,25.806452,54.838710,79.032258,98.387097,1.612903,19.354839,41.935484,67.741935,96.774194,6.451613,37.096774,59.677419,75.806452,100.000000
Negative_F2421,0.300000,0.375000,0.325000,0.525000,0.200000,0.275000,0.375000,0.300000,0.325000,0.375000,0.350000,0.275000,0.175000,0.750000,0.075000,0.450000,0.300000,0.250000,0.575000,0.300000,0.125000,0.179487,0.256410,0.205128,0.179487,0.307692,0.076923,0.205128,0.307692,0.179487,0.205128,0.230769,0.153846,0.205128,0.025641,0.128205,0.256410,0.205128,0.205128,0.410256,0.230769,0.025641,10.000000,30.000000,65.000000,85.000000,100.000000,2.500000,35.000000,47.500000,67.500000,80.000000,7.500000,20.000000,40.000000,75.000000,95.000000,2.500000,32.500000,45.000000,70.000000,95.000000,12.500000,15.000000,25.000000,52.500000,92.500000,20.000000,47.500000,65.000000,85.000000,100.000000,7.500000,20.000000,50.000000,75.000000,95.000000,2.500000,17.500000,42.500000,60.000000,80.000000,10.000000,32.500000,65.000000,85.000000,100.000000,2.500000,17.500000,42.500000,67.500000,80.000000,7.500000,22.500000,40.000000,87.500000,95.000000,20.000000,47.500000,65.000000,85.000000,100.000000,30.000000,57.500000,82.500000,97.500000,100.000000,2.500000,22.500000,45.000000,70.000000,95.000000,10.000000,10.000000,32.500000,77.500000,77.500000,2.500000,30.000000,45.000000,65.000000,100.000000,5.000000,20.000000,50.000000,75.000000,95.000000,10.000000,25.000000,60.000000,77.500000,92.500000,2.500000,22.500000,45.000000,70.000000,95.000000,10.000000,30.000000,65.000000,85.000000,100.000000,5.000000,17.500000,47.500000,62.500000,72.500000
Negative_F2425,0.444444,0.166667,0.388889,0.222222,0.388889,0.388889,0.388889,0.166667,0.444444,0.166667,0.444444,0.388889,0.333333,0.666667,0.000000,0.500000,0.388889,0.111111,0.500000,0.444444,0.055556,0.117647,0.411765,0.117647,0.176471,0.176471,0.294118,0.117647,0.411765,0.117647,0.117647,0.117647,0.352941,0.411765,0.000000,0.000000,0.529412,0.117647,0.000000,0.529412,0.117647,0.000000,5.555556,11.111111,38.888889,61.111111,77.777778,66.666667,66.666667,88.888889,94.444444,94.444444,16.666667,22.222222,44.444444,83.333333,100.000000,16.666667,16.666667,66.666667,88.888889,94.444444,22.222222,33.333333,44.444444,61.111111,83.333333,5.555556,11.111111,55.555556,77.777778,100.000000,16.666667,22.222222,44.444444,83.333333,100.000000,66.666667,66.666667,88.888889,94.444444,94.444444,5.555556,11.111111,38.888889,61.111111,77.777778,66.666667,66.666667,88.888889,94.444444,94.444444,16.666667,22.222222,38.888889,50.000000,83.333333,5.555556,11.111111,55.555556,77.777778,100.000000,5.555556,11.111111,27.777778,72.222222,77.777778,16.666667,33.333333,50.000000,83.333333,100.000000,0.000000,0.000000,0.000000,0.000000,0.000000,5.555556,27.777778,44.444444,72.222222,94.444444,16.666667,22.222222,50.000000,88.888889,100.000000,61.111111,61.111111,61.111111,66.666667,66.666667,16.666667,33.333333,50.000000,83.333333,100.000000,5.555556,11.111111,38.888889,61.111111,77.777778,88.888889,88.888889,88.888889,88.888889,88.888889
Negative_F2429,0.208333,0.416667,0.375000,0.541667,0.208333,0.250000,0.416667,0.354167,0.229167,0.354167,0.395833,0.250000,0.104167,0.875000,0.020833,0.333333,0.416667,0.250000,0.541667,0.208333,0.250000,0.148936,0.234043,0.361702,0.191489,0.276596,0.148936,0.340426,0.297872,0.127660,0.276596,0.148936,0.276596,0.212766,0.000000,0.042553,0.340426,0.170213,0.234043,0.276596,0.340426,0.106383,14.583333,20.833333,33.333333,54.166667,87.500000,2.083333,27.083333,50.000000,77.083333,100.000000,4.166667,31.250000,62.500000,81.250000,97.916667,2.083333,31.250000,54.166667,77.083333,100.000000,12.500000,16.666667,25.000000,89.583333,97.916667,4.166667,29.166667,43.750000,66.666667,95.833333,4.166667,22.916667,52.083333,75.000000,97.916667,2.083333,35.416667,58.333333,79.166667,100.000000,14.583333,20.833333,33.333333,54.166667,87.500000,2.083333,45.833333,58.333333,79.166667,100.000000,8.333333,16.666667,37.500000,75.000000,97.916667,4.166667,29.166667,43.750000,66.666667,95.833333,33.333333,39.583333,43.750000,68.750000,87.500000,2.083333,22.916667,50.000000,77.083333,100.000000,54.166667,54.166667,54.166667,54.166667,54.166667,12.500000,29.166667,45.833333,66.666667,93.750000,4.166667,31.250000,60.416667,77.083333,100.000000,2.083333,10.416667,27.083333,54.166667,85.416667,2.083333,31.250000,56.250000,81.250000,97.916667,14.583333,20.833333,33.333333,54.166667,87.500000,10.416667,27.083333,50.000000,72.916667,100.000000
Negative_F2433,0.185714,0.457143,0.357143,0.471429,0.328571,0.200000,0.357143,0.457143,0.185714,0.471429,0.328571,0.200000,0.100000,0.857143,0.042857,0.385714,0.342857,0.271429,0.628571,0.185714,0.185714,0.130435,0.130435,0.391304,0.362319,0.159420,0.144928,0.391304,0.130435,0.130435,0.362319,0.159420,0.144928,0.101449,0.014493,0.072464,0.217391,0.130435,0.304348,0.202899,0.260870,0.057971,5.714286,38.571429,81.428571,91.428571,98.571429,4.285714,24.285714,47.142857,64.285714,97.142857,1.428571,25.714286,45.714286,71.428571,100.000000,4.285714,28.571429,47.142857,64.285714,97.142857,1.428571,17.142857,45.714286,78.571429,98.571429,5.714286,41.428571,75.714286,91.428571,100.000000,1.428571,25.714286,45.714286,71.428571,100.000000,4.285714,24.285714,47.142857,64.285714,97.142857,5.714286,38.571429,81.428571,91.428571,98.571429,4.285714,28.571429,47.142857,64.285714,97.142857,1.428571,17.142857,45.714286,78.571429,98.571429,5.714286,41.428571,75.714286,91.428571,100.000000,5.714286,74.285714,87.142857,92.857143,94.285714,1.428571,22.857143,45.714286,67.142857,100.000000,38.571429,38.571429,81.428571,85.714286,85.714286,5.714286,31.428571,74.285714,87.142857,98.571429,1.428571,17.142857,42.857143,67.142857,100.000000,4.285714,18.571429,38.571429,60.000000,90.000000,1.428571,24.285714,48.571429,65.714286,100.000000,5.714286,38.571429,81.428571,91.428571,98.571429,4.285714,32.857143,42.857143,68.571429,82.857143
Negative_F2447,0.050000,0.500000,0.450000,0.400000,0.350000,0.250000,0.450000,0.400000,0.150000,0.350000,0.400000,0.250000,0.050000,0.950000,0.000000,0.350000,0.350000,0.300000,0.650000,0.050000,0.300000,0.105263,0.000000,0.578947,0.421053,0.157895,0.105263,0.473684,0.105263,0.105263,0.368421,0.105263,0.157895,0.105263,0.000000,0.000000,0.315789,0.210526,0.263158,0.052632,0.473684,0.052632,85.000000,85.000000,85.000000,85.000000,85.000000,15.000000,35.000000,55.000000,80.000000,100.000000,5.000000,20.000000,40.000000,60.000000,95.000000,15.000000,30.000000,55.000000,70.000000,100.000000,10.000000,20.000000,40.000000,60.000000,75.000000,5.000000,35.000000,85.000000,90.000000,95.000000,5.000000,20.000000,40.000000,60.000000,95.000000,15.000000,30.000000,55.000000,70.000000,100.000000,35.000000,35.000000,85.000000,90.000000,90.000000,15.000000,50.000000,65.000000,80.000000,100.000000,10.000000,20.000000,30.000000,45.000000,75.000000,5.000000,35.000000,85.000000,90.000000,95.000000,85.000000,85.000000,85.000000,85.000000,85.000000,5.000000,25.000000,50.000000,75.000000,100.000000,0.000000,0.000000,0.000000,0.000000,0.000000,10.000000,20.000000,65.000000,85.000000,90.000000,5.000000,25.000000,45.000000,75.000000,95.000000,15.000000,30.000000,50.000000,70.000000,100.000000,5.000000,25.000000,55.000000,75.000000,100.000000,85.000000,85.000000,85.000000,85.000000,85.000000,15.000000,30.000000,35.000000,70.000000,90.000000
Negative_F1485,0.336449,0.345794,0.317757,0.532710,0.196262,0.271028,0.336449,0.327103,0.336449,0.261682,0.467290,0.271028,0.186916,0.738318,0.074766,0.364486,0.289720,0.345794,0.392523,0.336449,0.271028,0.283019,0.245283,0.169811,0.292453,0.273585,0.084906,0.188679,0.264151,0.264151,0.207547,0.169811,0.188679,0.235849,0.009434,0.141509,0.226415,0.216981,0.207547,0.320755,0.216981,0.207547,2.803738,23.364486,45.794393,72.897196,99.065421,0.934579,19.626168,49.532710,64.485981,100.000000,4.672897,35.514019,61.682243,84.112150,98.130841,0.934579,27.102804,48.598131,74.766355,100.000000,8.411215,28.971963,61.682243,72.897196,98.130841,2.803738,20.560748,54.205607,76.635514,99.065421,4.672897,29.906542,61.682243,80.373832,98.130841,0.934579,14.953271,49.532710,71.028037,100.000000,2.803738,23.364486,45.794393,72.897196,99.065421,0.934579,14.953271,45.794393,77.570093,100.000000,8.411215,29.906542,51.401869,72.897196,98.130841,2.803738,20.560748,54.205607,76.635514,99.065421,2.803738,18.691589,34.579439,58.878505,99.065421,0.934579,26.168224,52.336449,74.766355,100.000000,23.364486,27.102804,45.794393,75.700935,83.177570,2.803738,20.560748,54.205607,79.439252,100.000000,4.672897,29.906542,49.532710,74.766355,98.130841,0.934579,27.102804,50.467290,71.962617,97.196262,1.869159,28.037383,47.663551,80.373832,100.000000,2.803738,23.364486,45.794393,72.897196,99.065421,0.934579,26.168224,52.336449,71.028037,97.196262
Negative_F172,0.388889,0.166667,0.444444,0.277778,0.055556,0.666667,0.555556,0.055556,0.388889,0.055556,0.277778,0.666667,0.388889,0.611111,0.000000,0.388889,0.555556,0.055556,0.500000,0.388889,0.111111,0.176471,0.294118,0.176471,0.058824,0.529412,0.058824,0.058824,0.411765,0.058824,0.000000,0.117647,0.470588,0.470588,0.000000,0.000000,0.411765,0.058824,0.058824,0.352941,0.117647,0.117647,5.555556,11.111111,55.555556,88.888889,100.000000,50.000000,50.000000,61.111111,77.777778,77.777778,16.666667,22.222222,38.888889,66.666667,94.444444,22.222222,44.444444,61.111111,72.222222,94.444444,38.888889,38.888889,38.888889,38.888889,38.888889,5.555556,16.666667,50.000000,77.777778,100.000000,16.666667,27.777778,44.444444,72.222222,94.444444,61.111111,61.111111,61.111111,61.111111,61.111111,5.555556,11.111111,55.555556,88.888889,100.000000,61.111111,61.111111,61.111111,61.111111,61.111111,22.222222,38.888889,44.444444,72.222222,94.444444,5.555556,16.666667,50.000000,77.777778,100.000000,5.555556,11.111111,55.555556,88.888889,100.000000,16.666667,27.777778,50.000000,72.222222,94.444444,0.000000,0.000000,0.000000,0.000000,0.000000,5.555556,11.111111,55.555556,88.888889,100.000000,16.666667,27.777778,44.444444,72.222222,94.444444,61.111111,61.111111,61.111111,61.111111,61.111111,16.666667,27.777778,44.444444,66.666667,94.444444,5.555556,11.111111,55.555556,88.888889,100.000000,50.000000,50.000000,50.000000,77.777778,77.777778
Negative_F175,0.352941,0.176471,0.470588,0.294118,0.117647,0.588235,0.588235,0.058824,0.352941,0.058824,0.352941,0.588235,0.352941,0.647059,0.000000,0.352941,0.588235,0.058824,0.529412,0.352941,0.117647,0.187500,0.312500,0.187500,0.187500,0.437500,0.062500,0.062500,0.437500,0.062500,0.062500,0.062500,0.437500,0.500000,0.000000,0.000000,0.437500,0.062500,0.062500,0.375000,0.125000,0.125000,5.882353,29.411765,52.941176,88.235294,100.000000,47.058824,47.058824,58.823529,76.470588,76.470588,11.764706,17.647059,35.294118,64.705882,94.117647,17.647059,41.176471,58.823529,70.588235,94.117647,35.294118,35.294118,35.294118,64.705882,64.705882,5.882353,23.529412,47.058824,82.352941,100.000000,11.764706,23.529412,41.176471,70.588235,94.117647,58.823529,58.823529,58.823529,58.823529,58.823529,5.882353,29.411765,52.941176,88.235294,100.000000,58.823529,58.823529,58.823529,58.823529,58.823529,17.647059,35.294118,41.176471,70.588235,94.117647,5.882353,23.529412,47.058824,82.352941,100.000000,5.882353,29.411765,52.941176,88.235294,100.000000,11.764706,23.529412,47.058824,70.588235,94.117647,0.000000,0.000000,0.000000,0.000000,0.000000,5.882353,29.411765,52.941176,88.235294,100.000000,11.764706,23.529412,41.176471,70.588235,94.117647,58.823529,58.823529,58.823529,58.823529,58.823529,11.764706,23.529412,41.176471,64.705882,94.117647,5.882353,29.411765,52.941176,88.235294,100.000000,47.058824,47.058824,47.058824,76.470588,76.470588
Negative_F325,0.076923,0.384615,0.538462,0.384615,0.307692,0.307692,0.538462,0.384615,0.076923,0.384615,0.307692,0.307692,0.076923,0.923077,0.000000,0.461538,0.307692,0.230769,0.692308,0.076923,0.230769,0.083333,0.083333,0.416667,0.333333,0.166667,0.250000,0.416667,0.083333,0.083333,0.333333,0.166667,0.250000,0.166667,0.000000,0.000000,0.333333,0.416667,0.083333,0.166667,0.333333,0.000000,84.615385,84.615385,84.615385,84.615385,84.615385,23.076923,30.769231,46.153846,53.846154,76.923077,7.692308,15.384615,61.538462,92.307692,100.000000,23.076923,30.769231,46.153846,53.846154,76.923077,15.384615,15.384615,38.461538,69.230769,100.000000,7.692308,7.692308,61.538462,84.615385,92.307692,7.692308,15.384615,61.538462,92.307692,100.000000,23.076923,30.769231,46.153846,53.846154,76.923077,84.615385,84.615385,84.615385,84.615385,84.615385,23.076923,30.769231,46.153846,53.846154,76.923077,15.384615,15.384615,38.461538,69.230769,100.000000,7.692308,7.692308,61.538462,84.615385,92.307692,84.615385,84.615385,84.615385,84.615385,84.615385,7.692308,23.076923,46.153846,69.230769,100.000000,0.000000,0.000000,0.000000,0.000000,0.000000,30.769231,46.153846,61.538462,84.615385,100.000000,7.692308,7.692308,15.384615,38.461538,92.307692,23.076923,23.076923,53.846154,76.923077,76.923077,7.692308,30.769231,46.153846,76.923077,100.000000,84.615385,84.615385,84.615385,84.615385,84.615385,23.076923,23.076923,53.846154,61.538462,61.538462
Negative_F503,0.000000,0.476190,0.523810,0.380952,0.476190,0.142857,0.523810,0.380952,0.095238,0.333333,0.523810,0.142857,0.000000,1.000000,0.000000,0.333333,0.333333,0.333333,0.761905,0.000000,0.238095,0.000000,0.000000,0.550000,0.450000,0.100000,0.050000,0.450000,0.100000,0.100000,0.450000,0.100000,0.050000,0.000000,0.000000,0.000000,0.150000,0.350000,0.200000,0.000000,0.400000,0.000000,0.000000,0.000000,0.000000,0.000000,0.000000,4.761905,33.333333,52.380952,76.190476,95.238095,9.523810,23.809524,47.619048,80.952381,100.000000,4.761905,19.047619,38.095238,71.428571,90.476190,9.523810,23.809524,42.857143,66.666667,85.714286,57.142857,57.142857,95.238095,100.000000,100.000000,9.523810,23.809524,47.619048,80.952381,100.000000,4.761905,19.047619,38.095238,71.428571,90.476190,57.142857,57.142857,57.142857,95.238095,95.238095,4.761905,19.047619,38.095238,76.190476,90.476190,9.523810,23.809524,47.619048,71.428571,85.714286,57.142857,57.142857,95.238095,100.000000,100.000000,0.000000,0.000000,0.000000,0.000000,0.000000,4.761905,28.571429,52.380952,76.190476,100.000000,0.000000,0.000000,0.000000,0.000000,0.000000,9.523810,14.285714,28.571429,76.190476,95.238095,42.857143,47.619048,66.666667,85.714286,100.000000,4.761905,19.047619,38.095238,71.428571,90.476190,4.761905,19.047619,42.857143,76.190476,100.000000,0.000000,0.000000,0.000000,0.000000,0.000000,38.095238,52.380952,57.142857,71.428571,95.238095
Negative_F948,0.117647,0.411765,0.470588,0.352941,0.294118,0.352941,0.529412,0.352941,0.117647,0.235294,0.411765,0.352941,0.117647,0.882353,0.000000,0.352941,0.352941,0.294118,0.529412,0.117647,0.352941,0.062500,0.187500,0.375000,0.187500,0.250000,0.312500,0.375000,0.187500,0.062500,0.250000,0.187500,0.375000,0.250000,0.000000,0.000000,0.312500,0.312500,0.125000,0.187500,0.375000,0.062500,23.529412,23.529412,23.529412,58.823529,58.823529,5.882353,17.647059,76.470588,88.235294,94.117647,11.764706,29.411765,47.058824,64.705882,100.000000,5.882353,17.647059,41.176471,88.235294,94.117647,11.764706,35.294118,52.941176,64.705882,70.588235,23.529412,29.411765,47.058824,76.470588,100.000000,11.764706,35.294118,52.941176,70.588235,100.000000,5.882353,17.647059,41.176471,88.235294,94.117647,23.529412,23.529412,23.529412,58.823529,58.823529,5.882353,5.882353,17.647059,41.176471,94.117647,11.764706,35.294118,64.705882,82.352941,88.235294,23.529412,29.411765,47.058824,76.470588,100.000000,23.529412,23.529412,23.529412,58.823529,58.823529,5.882353,29.411765,52.941176,82.352941,100.000000,0.000000,0.000000,0.000000,0.000000,0.000000,11.764706,23.529412,35.294118,58.823529,94.117647,29.411765,47.058824,64.705882,76.470588,100.000000,5.882353,17.647059,41.176471,82.352941,88.235294,11.764706,35.294118,52.941176,70.588235,100.000000,23.529412,23.529412,23.529412,58.823529,58.823529,5.882353,17.647059,41.176471,82.352941,88.235294
Negative_F2299,0.133333,0.400000,0.466667,0.400000,0.400000,0.200000,0.466667,0.400000,0.133333,0.400000,0.400000,0.200000,0.133333,0.866667,0.000000,0.400000,0.266667,0.333333,0.800000,0.133333,0.066667,0.071429,0.071429,0.285714,0.285714,0.071429,0.142857,0.285714,0.071429,0.071429,0.285714,0.071429,0.142857,0.142857,0.000000,0.000000,0.142857,0.428571,0.071429,0.142857,0.142857,0.000000,73.333333,73.333333,73.333333,80.000000,80.000000,6.666667,26.666667,33.333333,60.000000,66.666667,13.333333,20.000000,46.666667,93.333333,100.000000,6.666667,26.666667,33.333333,60.000000,66.666667,13.333333,20.000000,40.000000,86.666667,93.333333,73.333333,73.333333,80.000000,100.000000,100.000000,13.333333,20.000000,46.666667,93.333333,100.000000,6.666667,26.666667,33.333333,60.000000,66.666667,73.333333,73.333333,73.333333,80.000000,80.000000,6.666667,26.666667,33.333333,60.000000,66.666667,13.333333,20.000000,40.000000,86.666667,93.333333,73.333333,73.333333,80.000000,100.000000,100.000000,73.333333,73.333333,73.333333,80.000000,80.000000,6.666667,26.666667,46.666667,66.666667,100.000000,0.000000,0.000000,0.000000,0.000000,0.000000,13.333333,20.000000,46.666667,73.333333,80.000000,40.000000,40.000000,86.666667,93.333333,100.000000,6.666667,26.666667,33.333333,53.333333,66.666667,6.666667,20.000000,46.666667,66.666667,100.000000,73.333333,73.333333,73.333333,80.000000,80.000000,26.666667,26.666667,26.666667,26.666667,26.666667
Negative_F2416,0.208333,0.333333,0.458333,0.416667,0.333333,0.250000,0.458333,0.333333,0.208333,0.291667,0.458333,0.250000,0.208333,0.791667,0.000000,0.500000,0.333333,0.166667,0.708333,0.208333,0.083333,0.086957,0.260870,0.260870,0.304348,0.173913,0.217391,0.260870,0.260870,0.086957,0.260870,0.086957,0.304348,0.347826,0.000000,0.000000,0.434783,0.260870,0.086957,0.304348,0.130435,0.043478,29.166667,45.833333,79.166667,91.666667,95.833333,12.500000,16.666667,41.666667,62.500000,87.500000,4.166667,20.833333,50.000000,75.000000,100.000000,12.500000,37.500000,58.333333,75.000000,100.000000,8.333333,20.833333,33.333333,54.166667,83.333333,4.166667,29.166667,45.833333,91.666667,95.833333,4.166667,20.833333,50.000000,75.000000,100.000000,12.500000,16.666667,41.666667,62.500000,87.500000,29.166667,45.833333,79.166667,91.666667,95.833333,12.500000,16.666667,41.666667,66.666667,87.500000,8.333333,25.000000,54.166667,75.000000,100.000000,4.166667,29.166667,45.833333,91.666667,95.833333,29.166667,45.833333,79.166667,91.666667,95.833333,4.166667,20.833333,50.000000,70.833333,100.000000,0.000000,0.000000,0.000000,0.000000,0.000000,8.333333,25.000000,45.833333,66.666667,95.833333,4.166667,20.833333,54.166667,75.000000,100.000000,12.500000,12.500000,41.666667,58.333333,87.500000,4.166667,20.833333,41.666667,66.666667,100.000000,29.166667,45.833333,79.166667,91.666667,95.833333,58.333333,58.333333,58.333333,87.500000,87.500000
Negative_F1605,0.058824,0.411765,0.529412,0.411765,0.352941,0.235294,0.529412,0.411765,0.058824,0.352941,0.411765,0.235294,0.058824,0.941176,0.000000,0.352941,0.294118,0.352941,0.764706,0.058824,0.176471,0.000000,0.062500,0.500000,0.375000,0.125000,0.125000,0.500000,0.062500,0.000000,0.375000,0.125000,0.125000,0.062500,0.000000,0.000000,0.375000,0.312500,0.187500,0.062500,0.375000,0.000000,100.000000,100.000000,100.000000,100.000000,100.000000,17.647059,35.294118,58.823529,82.352941,88.235294,5.882353,23.529412,47.058824,70.588235,94.117647,17.647059,35.294118,58.823529,82.352941,88.235294,11.764706,29.411765,47.058824,70.588235,76.470588,5.882353,5.882353,23.529412,94.117647,100.000000,5.882353,23.529412,47.058824,70.588235,94.117647,17.647059,35.294118,58.823529,82.352941,88.235294,100.000000,100.000000,100.000000,100.000000,100.000000,17.647059,41.176471,58.823529,82.352941,88.235294,11.764706,29.411765,47.058824,70.588235,76.470588,5.882353,5.882353,23.529412,94.117647,100.000000,100.000000,100.000000,100.000000,100.000000,100.000000,5.882353,23.529412,47.058824,70.588235,94.117647,0.000000,0.000000,0.000000,0.000000,0.000000,11.764706,23.529412,47.058824,88.235294,100.000000,5.882353,29.411765,52.941176,76.470588,94.117647,17.647059,35.294118,41.176471,64.705882,82.352941,5.882353,29.411765,52.941176,70.588235,94.117647,100.000000,100.000000,100.000000,100.000000,100.000000,23.529412,23.529412,35.294118,82.352941,82.352941
Negative_F2142,0.428571,0.142857,0.428571,0.071429,0.285714,0.642857,0.500000,0.071429,0.428571,0.071429,0.285714,0.642857,0.428571,0.571429,0.000000,0.714286,0.214286,0.071429,0.428571,0.428571,0.142857,0.076923,0.307692,0.153846,0.076923,0.076923,0.384615,0.153846,0.384615,0.000000,0.076923,0.076923,0.384615,0.384615,0.000000,0.000000,0.307692,0.076923,0.076923,0.307692,0.153846,0.076923,7.142857,14.285714,35.714286,85.714286,92.857143,71.428571,71.428571,71.428571,100.000000,100.000000,21.428571,28.571429,50.000000,64.285714,78.571429,71.428571,71.428571,71.428571,71.428571,71.428571,21.428571,21.428571,50.000000,57.142857,78.571429,7.142857,28.571429,42.857143,85.714286,100.000000,21.428571,28.571429,57.142857,78.571429,100.000000,71.428571,71.428571,71.428571,71.428571,71.428571,7.142857,14.285714,35.714286,85.714286,92.857143,71.428571,71.428571,71.428571,71.428571,71.428571,21.428571,21.428571,50.000000,57.142857,78.571429,7.142857,28.571429,42.857143,85.714286,100.000000,7.142857,14.285714,35.714286,85.714286,92.857143,21.428571,28.571429,57.142857,71.428571,100.000000,0.000000,0.000000,0.000000,0.000000,0.000000,7.142857,21.428571,42.857143,78.571429,92.857143,28.571429,28.571429,64.285714,100.000000,100.000000,71.428571,71.428571,71.428571,71.428571,71.428571,21.428571,28.571429,50.000000,64.285714,78.571429,7.142857,14.285714,35.714286,85.714286,92.857143,71.428571,71.428571,71.428571,100.000000,100.000000
Negative_F2186,0.409091,0.227273,0.363636,0.227273,0.590909,0.181818,0.363636,0.227273,0.409091,0.227273,0.590909,0.181818,0.136364,0.772727,0.090909,0.590909,0.181818,0.227273,0.590909,0.409091,0.000000,0.142857,0.333333,0.095238,0.142857,0.095238,0.190476,0.095238,0.333333,0.142857,0.142857,0.095238,0.190476,0.238095,0.047619,0.142857,0.285714,0.333333,0.047619,0.476190,0.000000,0.000000,18.181818,36.363636,54.545455,77.272727,90.909091,4.545455,45.454545,50.000000,59.090909,63.636364,9.090909,13.636364,31.818182,81.818182,100.000000,4.545455,45.454545,50.000000,59.090909,63.636364,9.090909,31.818182,72.727273,86.363636,100.000000,13.636364,13.636364,18.181818,36.363636,54.545455,9.090909,13.636364,31.818182,81.818182,100.000000,4.545455,45.454545,50.000000,59.090909,63.636364,18.181818,36.363636,54.545455,77.272727,90.909091,4.545455,45.454545,50.000000,59.090909,63.636364,9.090909,31.818182,72.727273,86.363636,100.000000,13.636364,13.636364,18.181818,36.363636,54.545455,18.181818,18.181818,36.363636,54.545455,54.545455,4.545455,31.818182,59.090909,81.818182,100.000000,22.727273,22.727273,22.727273,77.272727,77.272727,4.545455,22.727273,45.454545,63.636364,95.454545,13.636364,13.636364,27.272727,81.818182,100.000000,40.909091,50.000000,72.727273,86.363636,90.909091,4.545455,27.272727,50.000000,68.181818,100.000000,18.181818,36.363636,54.545455,77.272727,90.909091,0.000000,0.000000,0.000000,0.000000,0.000000
Negative_F1925,0.142857,0.571429,0.285714,0.357143,0.285714,0.357143,0.285714,0.285714,0.428571,0.357143,0.285714,0.357143,0.071429,0.857143,0.071429,0.785714,0.000000,0.214286,0.500000,0.142857,0.357143,0.076923,0.153846,0.307692,0.230769,0.307692,0.230769,0.153846,0.307692,0.230769,0.230769,0.307692,0.230769,0.076923,0.000000,0.153846,0.000000,0.461538,0.000000,0.153846,0.384615,0.076923,71.428571,71.428571,71.428571,100.000000,100.000000,7.142857,14.285714,35.714286,50.000000,78.571429,28.571429,28.571429,64.285714,85.714286,92.857143,7.142857,14.285714,35.714286,57.142857,71.428571,28.571429,28.571429,64.285714,85.714286,92.857143,21.428571,42.857143,50.000000,78.571429,100.000000,28.571429,28.571429,64.285714,85.714286,92.857143,7.142857,7.142857,14.285714,35.714286,57.142857,21.428571,42.857143,50.000000,78.571429,100.000000,7.142857,14.285714,35.714286,57.142857,71.428571,28.571429,28.571429,64.285714,85.714286,92.857143,21.428571,42.857143,50.000000,78.571429,100.000000,100.000000,100.000000,100.000000,100.000000,100.000000,7.142857,21.428571,42.857143,64.285714,92.857143,71.428571,71.428571,71.428571,71.428571,71.428571,7.142857,28.571429,57.142857,85.714286,100.000000,0.000000,0.000000,0.000000,0.000000,0.000000,14.285714,14.285714,35.714286,71.428571,71.428571,7.142857,28.571429,57.142857,85.714286,92.857143,71.428571,71.428571,71.428571,100.000000,100.000000,14.285714,21.428571,42.857143,50.000000,78.571429
Negative_F1926,0.454545,0.272727,0.272727,0.363636,0.272727,0.363636,0.272727,0.272727,0.454545,0.363636,0.272727,0.363636,0.272727,0.545455,0.181818,0.545455,0.181818,0.272727,0.363636,0.454545,0.181818,0.200000,0.400000,0.200000,0.100000,0.500000,0.200000,0.200000,0.400000,0.200000,0.100000,0.500000,0.200000,0.400000,0.100000,0.200000,0.200000,0.400000,0.200000,0.400000,0.200000,0.200000,9.090909,54.545455,63.636364,81.818182,100.000000,27.272727,27.272727,36.363636,72.727273,72.727273,18.181818,18.181818,45.454545,90.909091,90.909091,27.272727,27.272727,36.363636,54.545455,72.727273,9.090909,9.090909,18.181818,90.909091,90.909091,45.454545,45.454545,63.636364,81.818182,100.000000,18.181818,18.181818,45.454545,90.909091,90.909091,27.272727,27.272727,36.363636,72.727273,72.727273,9.090909,54.545455,63.636364,81.818182,100.000000,27.272727,27.272727,36.363636,54.545455,72.727273,9.090909,9.090909,18.181818,90.909091,90.909091,45.454545,45.454545,63.636364,81.818182,100.000000,63.636364,63.636364,81.818182,100.000000,100.000000,18.181818,27.272727,36.363636,72.727273,90.909091,9.090909,9.090909,9.090909,54.545455,54.545455,9.090909,27.272727,63.636364,90.909091,100.000000,18.181818,18.181818,18.181818,45.454545,45.454545,36.363636,36.363636,54.545455,72.727273,72.727273,18.181818,18.181818,27.272727,45.454545,90.909091,9.090909,54.545455,63.636364,81.818182,100.000000,36.363636,36.363636,36.363636,72.727273,72.727273
Negative_F75,0.400000,0.266667,0.333333,0.444444,0.244444,0.311111,0.333333,0.222222,0.444444,0.266667,0.422222,0.311111,0.177778,0.711111,0.111111,0.466667,0.355556,0.177778,0.511111,0.400000,0.088889,0.250000,0.363636,0.068182,0.272727,0.340909,0.136364,0.068182,0.363636,0.295455,0.159091,0.204545,0.272727,0.272727,0.068182,0.159091,0.318182,0.204545,0.113636,0.590909,0.113636,0.022727,2.222222,17.777778,44.444444,75.555556,97.777778,11.111111,20.000000,35.555556,64.444444,77.777778,6.666667,40.000000,62.222222,91.111111,100.000000,6.666667,24.444444,48.888889,71.111111,100.000000,4.444444,37.777778,46.666667,80.000000,97.777778,2.222222,20.000000,53.333333,82.222222,95.555556,6.666667,40.000000,62.222222,91.111111,100.000000,11.111111,22.222222,35.555556,64.444444,77.777778,2.222222,17.777778,44.444444,71.111111,97.777778,11.111111,22.222222,35.555556,64.444444,77.777778,4.444444,37.777778,48.888889,86.666667,100.000000,2.222222,20.000000,53.333333,82.222222,95.555556,2.222222,8.888889,31.111111,75.555556,88.888889,6.666667,26.666667,48.888889,73.333333,100.000000,4.444444,33.333333,51.111111,71.111111,97.777778,2.222222,17.777778,51.111111,75.555556,97.777778,6.666667,28.888889,48.888889,86.666667,100.000000,15.555556,22.222222,37.777778,64.444444,71.111111,6.666667,28.888889,57.777778,82.222222,100.000000,2.222222,17.777778,44.444444,75.555556,97.777778,20.000000,20.000000,24.444444,64.444444,66.666667
Negative_F358,0.500000,0.350000,0.150000,0.300000,0.350000,0.350000,0.150000,0.200000,0.650000,0.250000,0.400000,0.350000,0.100000,0.750000,0.150000,0.700000,0.100000,0.200000,0.250000,0.500000,0.250000,0.421053,0.210526,0.000000,0.157895,0.157895,0.473684,0.000000,0.210526,0.210526,0.105263,0.105263,0.526316,0.157895,0.052632,0.263158,0.157895,0.263158,0.052632,0.263158,0.052632,0.368421,15.000000,30.000000,50.000000,75.000000,95.000000,5.000000,10.000000,60.000000,90.000000,100.000000,20.000000,20.000000,35.000000,40.000000,40.000000,5.000000,10.000000,15.000000,60.000000,100.000000,25.000000,30.000000,65.000000,85.000000,95.000000,20.000000,40.000000,55.000000,80.000000,90.000000,20.000000,20.000000,35.000000,40.000000,40.000000,5.000000,5.000000,10.000000,60.000000,100.000000,15.000000,45.000000,65.000000,80.000000,95.000000,5.000000,10.000000,15.000000,60.000000,100.000000,25.000000,30.000000,50.000000,75.000000,95.000000,20.000000,40.000000,55.000000,80.000000,90.000000,45.000000,45.000000,45.000000,70.000000,70.000000,5.000000,25.000000,60.000000,85.000000,100.000000,15.000000,15.000000,30.000000,50.000000,50.000000,10.000000,40.000000,55.000000,80.000000,95.000000,20.000000,20.000000,20.000000,35.000000,35.000000,5.000000,5.000000,15.000000,60.000000,100.000000,5.000000,10.000000,20.000000,35.000000,100.000000,15.000000,30.000000,50.000000,75.000000,95.000000,40.000000,55.000000,60.000000,80.000000,90.000000
Negative_F506,0.240000,0.280000,0.480000,0.360000,0.360000,0.280000,0.480000,0.280000,0.240000,0.200000,0.520000,0.280000,0.160000,0.840000,0.000000,0.360000,0.400000,0.240000,0.600000,0.240000,0.160000,0.125000,0.208333,0.291667,0.291667,0.166667,0.125000,0.291667,0.208333,0.125000,0.291667,0.041667,0.250000,0.166667,0.000000,0.000000,0.291667,0.125000,0.208333,0.250000,0.250000,0.083333,16.000000,44.000000,60.000000,92.000000,96.000000,12.000000,24.000000,36.000000,80.000000,88.000000,4.000000,20.000000,52.000000,72.000000,100.000000,12.000000,28.000000,40.000000,80.000000,100.000000,16.000000,32.000000,48.000000,56.000000,84.000000,4.000000,8.000000,64.000000,92.000000,96.000000,4.000000,20.000000,52.000000,72.000000,100.000000,12.000000,24.000000,36.000000,80.000000,88.000000,16.000000,44.000000,60.000000,92.000000,96.000000,24.000000,28.000000,40.000000,80.000000,88.000000,12.000000,32.000000,48.000000,68.000000,100.000000,4.000000,8.000000,64.000000,92.000000,96.000000,60.000000,60.000000,64.000000,92.000000,96.000000,4.000000,24.000000,44.000000,72.000000,100.000000,0.000000,0.000000,0.000000,0.000000,0.000000,24.000000,52.000000,60.000000,80.000000,96.000000,4.000000,20.000000,48.000000,76.000000,100.000000,12.000000,16.000000,28.000000,40.000000,88.000000,4.000000,24.000000,52.000000,76.000000,100.000000,16.000000,44.000000,60.000000,92.000000,96.000000,12.000000,12.000000,28.000000,36.000000,88.000000
Negative_F556,0.282609,0.347826,0.369565,0.478261,0.217391,0.304348,0.413043,0.282609,0.304348,0.304348,0.391304,0.304348,0.173913,0.782609,0.043478,0.326087,0.434783,0.239130,0.478261,0.282609,0.239130,0.200000,0.177778,0.288889,0.177778,0.422222,0.133333,0.244444,0.177778,0.244444,0.200000,0.288889,0.266667,0.266667,0.022222,0.066667,0.333333,0.177778,0.222222,0.288889,0.266667,0.088889,2.173913,17.391304,52.173913,69.565217,97.826087,4.347826,36.956522,47.826087,67.391304,89.130435,6.521739,28.260870,50.000000,86.956522,100.000000,4.347826,34.782609,47.826087,76.086957,100.000000,10.869565,30.434783,54.347826,93.478261,97.826087,2.173913,15.217391,45.652174,73.913043,89.130435,6.521739,28.260870,60.869565,89.130435,100.000000,4.347826,36.956522,47.826087,67.391304,84.782609,2.173913,17.391304,45.652174,69.565217,97.826087,4.347826,34.782609,43.478261,67.391304,84.782609,6.521739,30.434783,54.347826,91.304348,100.000000,2.173913,15.217391,45.652174,73.913043,89.130435,2.173913,13.043478,26.086957,56.521739,82.608696,4.347826,30.434783,54.347826,78.260870,100.000000,17.391304,17.391304,17.391304,34.782609,34.782609,2.173913,15.217391,43.478261,73.913043,93.478261,4.347826,28.260870,50.000000,84.782609,100.000000,19.565217,34.782609,58.695652,69.565217,97.826087,6.521739,28.260870,50.000000,76.086957,100.000000,2.173913,17.391304,52.173913,69.565217,97.826087,4.347826,36.956522,47.826087,80.434783,89.130435
Negative_F578,0.323529,0.411765,0.264706,0.529412,0.235294,0.235294,0.323529,0.323529,0.352941,0.294118,0.470588,0.235294,0.117647,0.823529,0.058824,0.264706,0.323529,0.411765,0.470588,0.323529,0.205882,0.393939,0.121212,0.212121,0.363636,0.212121,0.121212,0.151515,0.181818,0.333333,0.333333,0.090909,0.242424,0.181818,0.030303,0.090909,0.181818,0.212121,0.151515,0.303030,0.212121,0.212121,8.823529,17.647059,41.176471,70.588235,100.000000,14.705882,35.294118,55.882353,79.411765,94.117647,2.941176,23.529412,52.941176,82.352941,97.058824,2.941176,29.411765,44.117647,76.470588,97.058824,5.882353,11.764706,26.470588,47.058824,85.294118,8.823529,58.823529,67.647059,82.352941,100.000000,2.941176,23.529412,61.764706,85.294118,97.058824,14.705882,29.411765,44.117647,79.411765,91.176471,8.823529,17.647059,41.176471,67.647059,100.000000,14.705882,32.352941,38.235294,79.411765,91.176471,2.941176,17.647059,41.176471,64.705882,97.058824,8.823529,58.823529,67.647059,82.352941,100.000000,8.823529,8.823529,58.823529,70.588235,100.000000,2.941176,23.529412,47.058824,76.470588,97.058824,32.352941,32.352941,32.352941,73.529412,73.529412,8.823529,41.176471,67.647059,73.529412,100.000000,2.941176,23.529412,61.764706,85.294118,97.058824,11.764706,20.588235,35.294118,55.882353,91.176471,2.941176,20.588235,50.000000,82.352941,97.058824,8.823529,17.647059,41.176471,70.588235,100.000000,29.411765,38.235294,61.764706,76.470588,94.117647
Negative_F628,0.333333,0.416667,0.250000,0.500000,0.250000,0.250000,0.305556,0.333333,0.361111,0.277778,0.472222,0.250000,0.138889,0.861111,0.000000,0.277778,0.305556,0.416667,0.472222,0.333333,0.194444,0.285714,0.085714,0.228571,0.342857,0.200000,0.114286,0.200000,0.114286,0.257143,0.314286,0.085714,0.228571,0.142857,0.000000,0.000000,0.142857,0.171429,0.171429,0.228571,0.257143,0.142857,8.333333,16.666667,38.888889,69.444444,100.000000,13.888889,33.333333,55.555556,75.000000,88.888889,2.777778,22.222222,50.000000,77.777778,91.666667,2.777778,27.777778,47.222222,72.222222,91.666667,5.555556,16.666667,30.555556,41.666667,80.555556,8.333333,63.888889,77.777778,94.444444,100.000000,2.777778,22.222222,58.333333,80.555556,91.666667,13.888889,27.777778,44.444444,72.222222,86.111111,8.333333,25.000000,41.666667,69.444444,100.000000,13.888889,33.333333,44.444444,75.000000,86.111111,2.777778,22.222222,38.888889,61.111111,91.666667,8.333333,63.888889,77.777778,94.444444,100.000000,8.333333,66.666667,94.444444,97.222222,100.000000,2.777778,25.000000,47.222222,72.222222,91.666667,0.000000,0.000000,0.000000,0.000000,0.000000,8.333333,38.888889,66.666667,94.444444,100.000000,2.777778,22.222222,58.333333,80.555556,91.666667,11.111111,19.444444,36.111111,55.555556,86.111111,2.777778,22.222222,50.000000,77.777778,91.666667,8.333333,16.666667,38.888889,69.444444,100.000000,27.777778,36.111111,58.333333,72.222222,88.888889
Negative_F701,0.355556,0.333333,0.311111,0.533333,0.200000,0.266667,0.333333,0.288889,0.377778,0.355556,0.377778,0.266667,0.155556,0.733333,0.111111,0.311111,0.377778,0.311111,0.488889,0.355556,0.155556,0.204545,0.227273,0.204545,0.227273,0.386364,0.022727,0.204545,0.272727,0.159091,0.250000,0.204545,0.204545,0.272727,0.045455,0.136364,0.272727,0.227273,0.204545,0.295455,0.136364,0.136364,2.222222,24.444444,55.555556,77.777778,97.777778,4.444444,20.000000,37.777778,62.222222,93.333333,6.666667,31.111111,48.888889,86.666667,100.000000,4.444444,26.666667,48.888889,73.333333,100.000000,2.222222,11.111111,28.888889,57.777778,97.777778,22.222222,33.333333,51.111111,82.222222,95.555556,6.666667,28.888889,48.888889,86.666667,100.000000,4.444444,20.000000,37.777778,62.222222,93.333333,2.222222,42.222222,55.555556,77.777778,97.777778,4.444444,20.000000,42.222222,66.666667,93.333333,2.222222,13.333333,48.888889,73.333333,100.000000,22.222222,33.333333,51.111111,82.222222,95.555556,24.444444,44.444444,71.111111,84.444444,95.555556,2.222222,22.222222,46.666667,68.888889,100.000000,8.888889,42.222222,57.777778,77.777778,80.000000,8.888889,24.444444,51.111111,71.111111,95.555556,4.444444,31.111111,53.333333,86.666667,100.000000,2.222222,20.000000,37.777778,68.888889,97.777778,6.666667,28.888889,40.000000,73.333333,100.000000,2.222222,24.444444,55.555556,77.777778,97.777778,4.444444,20.000000,46.666667,66.666667,93.333333
Negative_F718,0.377778,0.333333,0.288889,0.555556,0.133333,0.311111,0.311111,0.288889,0.400000,0.355556,0.333333,0.311111,0.200000,0.666667,0.133333,0.333333,0.400000,0.266667,0.400000,0.377778,0.222222,0.227273,0.204545,0.227273,0.113636,0.409091,0.022727,0.204545,0.272727,0.204545,0.227273,0.227273,0.204545,0.272727,0.068182,0.159091,0.318182,0.204545,0.159091,0.295455,0.227273,0.136364,2.222222,20.000000,57.777778,77.777778,97.777778,4.444444,26.666667,44.444444,62.222222,93.333333,6.666667,33.333333,64.444444,86.666667,100.000000,4.444444,31.111111,48.888889,73.333333,100.000000,8.888889,11.111111,13.333333,60.000000,64.444444,2.222222,24.444444,55.555556,84.444444,97.777778,6.666667,31.111111,48.888889,86.666667,100.000000,4.444444,28.888889,44.444444,62.222222,93.333333,2.222222,20.000000,55.555556,77.777778,97.777778,4.444444,26.666667,44.444444,66.666667,93.333333,6.666667,13.333333,48.888889,73.333333,100.000000,2.222222,24.444444,55.555556,84.444444,97.777778,2.222222,24.444444,71.111111,84.444444,97.777778,4.444444,28.888889,46.666667,68.888889,100.000000,8.888889,17.777778,42.222222,77.777778,80.000000,2.222222,15.555556,55.555556,75.555556,97.777778,4.444444,33.333333,51.111111,86.666667,100.000000,11.111111,26.666667,37.777778,66.666667,80.000000,6.666667,31.111111,48.888889,82.222222,100.000000,2.222222,20.000000,57.777778,77.777778,97.777778,4.444444,28.888889,44.444444,53.333333,93.333333
Negative_F723,0.297872,0.340426,0.361702,0.489362,0.191489,0.319149,0.382979,0.297872,0.319149,0.255319,0.425532,0.319149,0.191489,0.765957,0.042553,0.404255,0.361702,0.234043,0.425532,0.297872,0.276596,0.173913,0.195652,0.217391,0.173913,0.326087,0.108696,0.173913,0.239130,0.173913,0.195652,0.152174,0.282609,0.260870,0.043478,0.043478,0.304348,0.152174,0.108696,0.195652,0.304348,0.173913,2.127660,36.170213,55.319149,80.851064,95.744681,10.638298,19.148936,40.425532,68.085106,97.872340,4.255319,29.787234,51.063830,78.723404,100.000000,6.382979,23.404255,42.553191,74.468085,100.000000,2.127660,17.021277,53.191489,78.723404,89.361702,8.510638,34.042553,55.319149,76.595745,95.744681,4.255319,29.787234,48.936170,78.723404,100.000000,10.638298,19.148936,38.297872,68.085106,97.872340,2.127660,36.170213,57.446809,80.851064,95.744681,10.638298,19.148936,38.297872,65.957447,93.617021,2.127660,17.021277,51.063830,80.851064,100.000000,8.510638,34.042553,55.319149,76.595745,95.744681,8.510638,46.808511,59.574468,82.978723,95.744681,2.127660,21.276596,42.553191,72.340426,100.000000,36.170213,36.170213,36.170213,57.446809,57.446809,2.127660,27.659574,57.446809,80.851064,95.744681,4.255319,29.787234,51.063830,72.340426,100.000000,12.765957,23.404255,38.297872,68.085106,97.872340,4.255319,25.531915,51.063830,72.340426,100.000000,2.127660,36.170213,55.319149,80.851064,95.744681,12.765957,23.404255,40.425532,70.212766,97.872340
Negative_F964,0.238095,0.404762,0.357143,0.476190,0.285714,0.238095,0.428571,0.333333,0.238095,0.261905,0.500000,0.238095,0.119048,0.857143,0.023810,0.214286,0.476190,0.309524,0.523810,0.238095,0.238095,0.219512,0.195122,0.341463,0.414634,0.243902,0.121951,0.341463,0.243902,0.170732,0.341463,0.121951,0.243902,0.219512,0.000000,0.048780,0.219512,0.146341,0.219512,0.292683,0.317073,0.121951,16.666667,50.000000,59.523810,85.714286,100.000000,2.380952,21.428571,47.619048,71.428571,88.095238,4.761905,23.809524,42.857143,83.333333,97.619048,2.380952,21.428571,47.619048,73.809524,95.238095,4.761905,14.285714,45.238095,83.333333,97.619048,16.666667,35.714286,54.761905,66.666667,100.000000,4.761905,30.952381,42.857143,78.571429,97.619048,2.380952,19.047619,28.571429,71.428571,88.095238,16.666667,50.000000,59.523810,85.714286,100.000000,2.380952,11.904762,57.142857,73.809524,88.095238,4.761905,26.190476,45.238095,83.333333,97.619048,16.666667,35.714286,54.761905,66.666667,100.000000,16.666667,54.761905,59.523810,66.666667,100.000000,2.380952,23.809524,47.619048,76.190476,97.619048,40.476190,40.476190,40.476190,40.476190,40.476190,16.666667,47.619048,59.523810,92.857143,100.000000,4.761905,14.285714,38.095238,76.190476,95.238095,2.380952,26.190476,57.142857,71.428571,88.095238,2.380952,28.571429,45.238095,78.571429,97.619048,16.666667,50.000000,59.523810,85.714286,100.000000,7.142857,19.047619,26.190476,64.285714,80.952381
Negative_F1095,0.358974,0.384615,0.256410,0.384615,0.384615,0.230769,0.256410,0.358974,0.384615,0.384615,0.384615,0.230769,0.179487,0.769231,0.051282,0.589744,0.230769,0.179487,0.538462,0.358974,0.102564,0.236842,0.210526,0.210526,0.289474,0.157895,0.184211,0.210526,0.210526,0.236842,0.289474,0.157895,0.184211,0.184211,0.052632,0.052632,0.342105,0.210526,0.131579,0.394737,0.105263,0.052632,10.256410,23.076923,38.461538,74.358974,100.000000,2.564103,41.025641,66.666667,89.743590,97.435897,5.128205,15.384615,33.333333,64.102564,87.179487,2.564103,43.589744,66.666667,89.743590,97.435897,7.692308,28.205128,58.974359,74.358974,87.179487,5.128205,12.820513,23.076923,41.025641,100.000000,5.128205,15.384615,33.333333,64.102564,87.179487,2.564103,43.589744,66.666667,89.743590,97.435897,10.256410,23.076923,41.025641,74.358974,100.000000,2.564103,43.589744,66.666667,89.743590,97.435897,7.692308,28.205128,58.974359,74.358974,87.179487,5.128205,12.820513,23.076923,41.025641,100.000000,10.256410,12.820513,23.076923,46.153846,100.000000,2.564103,35.897436,58.974359,79.487179,97.435897,28.205128,28.205128,28.205128,48.717949,48.717949,7.692308,23.076923,51.282051,79.487179,100.000000,5.128205,33.333333,56.410256,69.230769,94.871795,2.564103,17.948718,48.717949,66.666667,84.615385,2.564103,25.641026,61.538462,79.487179,97.435897,10.256410,23.076923,38.461538,74.358974,100.000000,41.025641,41.025641,43.589744,53.846154,94.871795
Negative_F1100,0.458333,0.500000,0.041667,0.166667,0.125000,0.708333,0.083333,0.125000,0.791667,0.166667,0.125000,0.708333,0.291667,0.541667,0.166667,0.750000,0.083333,0.166667,0.083333,0.458333,0.458333,0.434783,0.043478,0.043478,0.000000,0.217391,0.260870,0.043478,0.086957,0.217391,0.000000,0.217391,0.260870,0.260870,0.086957,0.217391,0.086957,0.173913,0.043478,0.086957,0.086957,0.391304,4.166667,20.833333,45.833333,66.666667,91.666667,8.333333,29.166667,62.500000,83.333333,100.000000,58.333333,58.333333,58.333333,58.333333,58.333333,4.166667,4.166667,8.333333,83.333333,95.833333,16.666667,16.666667,37.500000,66.666667,66.666667,12.500000,33.333333,54.166667,75.000000,100.000000,58.333333,58.333333,58.333333,100.000000,100.000000,8.333333,8.333333,83.333333,95.833333,95.833333,4.166667,25.000000,45.833333,70.833333,91.666667,4.166667,4.166667,8.333333,83.333333,95.833333,16.666667,16.666667,37.500000,66.666667,66.666667,12.500000,33.333333,54.166667,75.000000,100.000000,20.833333,25.000000,50.000000,70.833333,91.666667,8.333333,33.333333,62.500000,83.333333,100.000000,4.166667,4.166667,16.666667,37.500000,66.666667,12.500000,29.166667,45.833333,70.833333,91.666667,58.333333,58.333333,58.333333,100.000000,100.000000,4.166667,4.166667,8.333333,83.333333,95.833333,58.333333,58.333333,58.333333,95.833333,95.833333,4.166667,20.833333,45.833333,66.666667,91.666667,8.333333,29.166667,62.500000,83.333333,100.000000
Negative_F1187,0.214286,0.357143,0.428571,0.285714,0.428571,0.285714,0.428571,0.285714,0.285714,0.285714,0.428571,0.285714,0.142857,0.785714,0.071429,0.571429,0.214286,0.214286,0.642857,0.214286,0.142857,0.307692,0.153846,0.384615,0.307692,0.230769,0.384615,0.307692,0.230769,0.230769,0.307692,0.230769,0.384615,0.307692,0.000000,0.153846,0.230769,0.307692,0.076923,0.384615,0.230769,0.076923,14.285714,14.285714,57.142857,85.714286,85.714286,7.142857,35.714286,64.285714,78.571429,92.857143,21.428571,28.571429,42.857143,71.428571,100.000000,7.142857,7.142857,35.714286,64.285714,78.571429,21.428571,28.571429,50.000000,85.714286,100.000000,14.285714,14.285714,42.857143,57.142857,92.857143,21.428571,28.571429,42.857143,71.428571,100.000000,7.142857,7.142857,35.714286,64.285714,78.571429,14.285714,14.285714,57.142857,85.714286,92.857143,7.142857,7.142857,35.714286,64.285714,78.571429,21.428571,28.571429,50.000000,85.714286,100.000000,14.285714,14.285714,42.857143,57.142857,92.857143,14.285714,14.285714,14.285714,57.142857,57.142857,7.142857,28.571429,50.000000,78.571429,100.000000,85.714286,85.714286,85.714286,85.714286,85.714286,14.285714,28.571429,71.428571,85.714286,100.000000,21.428571,21.428571,42.857143,50.000000,50.000000,7.142857,7.142857,35.714286,64.285714,64.285714,7.142857,28.571429,50.000000,71.428571,100.000000,14.285714,14.285714,57.142857,85.714286,85.714286,35.714286,35.714286,35.714286,92.857143,92.857143
Negative_F1277,0.181818,0.363636,0.454545,0.545455,0.272727,0.181818,0.454545,0.272727,0.272727,0.272727,0.545455,0.181818,0.000000,0.909091,0.090909,0.363636,0.272727,0.363636,0.363636,0.181818,0.454545,0.100000,0.200000,0.300000,0.300000,0.300000,0.100000,0.300000,0.200000,0.300000,0.500000,0.100000,0.300000,0.000000,0.000000,0.200000,0.200000,0.300000,0.200000,0.200000,0.500000,0.100000,72.727273,72.727273,72.727273,100.000000,100.000000,36.363636,36.363636,45.454545,54.545455,90.909091,9.090909,18.181818,27.272727,63.636364,81.818182,27.272727,36.363636,54.545455,81.818182,90.909091,9.090909,9.090909,63.636364,100.000000,100.000000,18.181818,18.181818,18.181818,45.454545,45.454545,9.090909,18.181818,27.272727,63.636364,81.818182,36.363636,36.363636,54.545455,90.909091,90.909091,45.454545,45.454545,72.727273,100.000000,100.000000,36.363636,36.363636,72.727273,90.909091,90.909091,9.090909,27.272727,54.545455,81.818182,100.000000,18.181818,18.181818,18.181818,45.454545,45.454545,0.000000,0.000000,0.000000,0.000000,0.000000,9.090909,27.272727,45.454545,81.818182,100.000000,72.727273,72.727273,72.727273,72.727273,72.727273,9.090909,9.090909,18.181818,45.454545,63.636364,27.272727,27.272727,36.363636,81.818182,81.818182,54.545455,54.545455,72.727273,90.909091,100.000000,9.090909,9.090909,27.272727,63.636364,81.818182,72.727273,72.727273,72.727273,100.000000,100.000000,18.181818,36.363636,45.454545,54.545455,90.909091
Negative_F1375,0.150000,0.700000,0.150000,0.800000,0.200000,0.000000,0.150000,0.700000,0.150000,0.550000,0.450000,0.000000,0.000000,0.850000,0.150000,0.350000,0.050000,0.600000,0.550000,0.150000,0.300000,0.263158,0.000000,0.315789,0.368421,0.000000,0.000000,0.315789,0.000000,0.263158,0.631579,0.000000,0.000000,0.000000,0.000000,0.263158,0.000000,0.578947,0.105263,0.157895,0.473684,0.105263,5.000000,5.000000,40.000000,50.000000,50.000000,10.000000,35.000000,60.000000,80.000000,100.000000,20.000000,20.000000,30.000000,85.000000,85.000000,10.000000,35.000000,55.000000,75.000000,100.000000,5.000000,5.000000,20.000000,30.000000,85.000000,0.000000,0.000000,0.000000,0.000000,0.000000,20.000000,20.000000,30.000000,85.000000,85.000000,10.000000,35.000000,60.000000,80.000000,100.000000,5.000000,5.000000,40.000000,50.000000,50.000000,10.000000,35.000000,55.000000,75.000000,95.000000,5.000000,20.000000,45.000000,80.000000,100.000000,0.000000,0.000000,0.000000,0.000000,0.000000,0.000000,0.000000,0.000000,0.000000,0.000000,10.000000,30.000000,60.000000,80.000000,100.000000,5.000000,5.000000,40.000000,50.000000,50.000000,5.000000,30.000000,65.000000,85.000000,95.000000,20.000000,20.000000,20.000000,20.000000,20.000000,10.000000,25.000000,50.000000,70.000000,100.000000,10.000000,25.000000,55.000000,85.000000,95.000000,5.000000,5.000000,40.000000,50.000000,50.000000,15.000000,45.000000,60.000000,80.000000,100.000000
Negative_F1424,0.313725,0.333333,0.352941,0.392157,0.254902,0.352941,0.352941,0.235294,0.411765,0.215686,0.431373,0.352941,0.176471,0.745098,0.078431,0.411765,0.352941,0.235294,0.450980,0.313725,0.235294,0.260000,0.240000,0.220000,0.320000,0.300000,0.080000,0.140000,0.320000,0.220000,0.240000,0.120000,0.260000,0.280000,0.020000,0.140000,0.340000,0.200000,0.160000,0.280000,0.180000,0.220000,1.960784,21.568627,45.098039,68.627451,96.078431,3.921569,19.607843,54.901961,66.666667,90.196078,9.803922,31.372549,50.980392,82.352941,100.000000,9.803922,29.411765,54.901961,70.588235,100.000000,15.686275,37.254902,47.058824,68.627451,98.039216,1.960784,11.764706,35.294118,76.470588,96.078431,9.803922,31.372549,50.980392,82.352941,100.000000,13.725490,27.450980,54.901961,64.705882,84.313725,1.960784,19.607843,45.098039,72.549020,96.078431,13.725490,27.450980,54.901961,66.666667,84.313725,9.803922,37.254902,49.019608,80.392157,100.000000,1.960784,11.764706,35.294118,76.470588,96.078431,1.960784,21.568627,52.941176,86.274510,96.078431,3.921569,25.490196,49.019608,76.470588,100.000000,37.254902,37.254902,45.098039,56.862745,68.627451,1.960784,19.607843,37.254902,72.549020,96.078431,9.803922,31.372549,54.901961,82.352941,100.000000,13.725490,27.450980,47.058824,64.705882,84.313725,9.803922,29.411765,58.823529,80.392157,100.000000,1.960784,21.568627,45.098039,68.627451,96.078431,3.921569,13.725490,39.215686,64.705882,90.196078
Negative_F1436,0.634921,0.253968,0.111111,0.301587,0.396825,0.301587,0.142857,0.190476,0.666667,0.190476,0.507937,0.301587,0.206349,0.587302,0.206349,0.650794,0.095238,0.253968,0.190476,0.634921,0.174603,0.338710,0.193548,0.000000,0.177419,0.193548,0.241935,0.000000,0.258065,0.241935,0.096774,0.112903,0.322581,0.258065,0.048387,0.241935,0.177419,0.258065,0.016129,0.274194,0.048387,0.258065,1.587302,20.634921,41.269841,68.253968,98.412698,6.349206,39.682540,66.666667,82.539683,100.000000,19.047619,25.396825,46.031746,69.841270,71.428571,4.761905,25.396825,65.079365,80.952381,100.000000,7.936508,30.158730,46.031746,76.190476,98.412698,1.587302,20.634921,47.619048,69.841270,87.301587,14.285714,25.396825,46.031746,69.841270,87.301587,6.349206,61.904762,74.603175,82.539683,100.000000,1.587302,22.222222,41.269841,68.253968,98.412698,4.761905,61.904762,68.253968,82.539683,100.000000,6.349206,26.984127,42.857143,73.015873,98.412698,1.587302,20.634921,47.619048,69.841270,87.301587,1.587302,20.634921,34.920635,57.142857,85.714286,6.349206,36.507937,55.555556,74.603175,100.000000,4.761905,17.460317,52.380952,90.476190,96.825397,1.587302,26.984127,46.031746,69.841270,98.412698,14.285714,19.047619,25.396825,49.206349,87.301587,4.761905,33.333333,68.253968,80.952381,100.000000,19.047619,42.857143,61.904762,79.365079,92.063492,1.587302,20.634921,41.269841,68.253968,98.412698,6.349206,33.333333,69.841270,82.539683,100.000000
Negative_F1606,0.365854,0.317073,0.317073,0.439024,0.219512,0.341463,0.390244,0.219512,0.390244,0.292683,0.365854,0.341463,0.195122,0.682927,0.121951,0.317073,0.365854,0.317073,0.439024,0.365854,0.195122,0.175000,0.275000,0.175000,0.275000,0.250000,0.075000,0.225000,0.325000,0.150000,0.250000,0.125000,0.200000,0.275000,0.025000,0.125000,0.300000,0.175000,0.200000,0.350000,0.175000,0.100000,9.756098,26.829268,51.219512,78.048780,95.121951,2.439024,12.195122,31.707317,87.804878,100.000000,14.634146,36.585366,53.658537,65.853659,92.682927,2.439024,14.634146,31.707317,70.731707,92.682927,21.951220,34.146341,56.097561,78.048780,85.365854,4.878049,43.902439,51.219512,75.609756,100.000000,4.878049,29.268293,48.780488,65.853659,97.560976,2.439024,12.195122,31.707317,70.731707,90.243902,9.756098,26.829268,51.219512,78.048780,100.000000,2.439024,9.756098,24.390244,58.536585,90.243902,14.634146,34.146341,56.097561,80.487805,92.682927,4.878049,43.902439,51.219512,75.609756,100.000000,41.463415,43.902439,51.219512,68.292683,95.121951,2.439024,19.512195,53.658537,80.487805,100.000000,9.756098,21.951220,24.390244,26.829268,78.048780,21.951220,43.902439,60.975610,78.048780,100.000000,4.878049,34.146341,53.658537,73.170732,97.560976,2.439024,12.195122,26.829268,70.731707,90.243902,2.439024,29.268293,48.780488,65.853659,92.682927,9.756098,26.829268,51.219512,78.048780,95.121951,4.878049,17.073171,31.707317,87.804878,100.000000
Negative_F1761,0.425532,0.255319,0.319149,0.468085,0.234043,0.297872,0.319149,0.212766,0.468085,0.255319,0.446809,0.297872,0.191489,0.659574,0.148936,0.361702,0.297872,0.340426,0.382979,0.425532,0.191489,0.239130,0.260870,0.195652,0.195652,0.304348,0.152174,0.152174,0.304348,0.195652,0.152174,0.152174,0.304348,0.282609,0.086957,0.173913,0.217391,0.195652,0.152174,0.347826,0.239130,0.152174,2.127660,23.404255,53.191489,76.595745,97.872340,4.255319,19.148936,34.042553,61.702128,93.617021,6.382979,29.787234,63.829787,87.234043,100.000000,4.255319,25.531915,38.297872,78.723404,100.000000,8.510638,12.765957,44.680851,63.829787,97.872340,2.127660,46.808511,57.446809,82.978723,95.744681,6.382979,29.787234,63.829787,87.234043,100.000000,4.255319,19.148936,27.659574,68.085106,93.617021,2.127660,36.170213,53.191489,76.595745,97.872340,4.255319,17.021277,36.170213,70.212766,93.617021,6.382979,29.787234,44.680851,65.957447,100.000000,2.127660,46.808511,57.446809,82.978723,95.744681,2.127660,46.808511,57.446809,76.595745,95.744681,4.255319,25.531915,44.680851,74.468085,100.000000,8.510638,17.021277,55.319149,78.723404,80.851064,2.127660,46.808511,57.446809,65.957447,95.744681,4.255319,29.787234,51.063830,89.361702,100.000000,10.638298,19.148936,36.170213,68.085106,97.872340,6.382979,29.787234,51.063830,82.978723,100.000000,2.127660,23.404255,53.191489,76.595745,97.872340,4.255319,19.148936,34.042553,61.702128,93.617021
Negative_F1945,0.304348,0.347826,0.347826,0.173913,0.434783,0.391304,0.347826,0.130435,0.521739,0.130435,0.478261,0.391304,0.043478,0.826087,0.130435,0.434783,0.304348,0.260870,0.434783,0.304348,0.260870,0.181818,0.363636,0.227273,0.227273,0.136364,0.500000,0.090909,0.500000,0.181818,0.136364,0.136364,0.500000,0.090909,0.000000,0.181818,0.363636,0.318182,0.136364,0.409091,0.272727,0.136364,8.695652,13.043478,47.826087,69.565217,82.608696,21.739130,34.782609,73.913043,86.956522,100.000000,4.347826,17.391304,43.478261,60.869565,91.304348,13.043478,13.043478,21.739130,34.782609,78.260870,8.695652,26.086957,47.826087,69.565217,91.304348,4.347826,39.130435,65.217391,86.956522,100.000000,4.347826,17.391304,43.478261,60.869565,91.304348,21.739130,21.739130,34.782609,78.260870,78.260870,8.695652,26.086957,56.521739,82.608696,100.000000,13.043478,13.043478,34.782609,78.260870,78.260870,8.695652,21.739130,47.826087,69.565217,91.304348,4.347826,39.130435,65.217391,86.956522,100.000000,56.521739,56.521739,56.521739,56.521739,56.521739,4.347826,30.434783,52.173913,78.260870,100.000000,8.695652,8.695652,13.043478,82.608696,82.608696,8.695652,39.130435,56.521739,86.956522,100.000000,4.347826,30.434783,52.173913,65.217391,91.304348,13.043478,21.739130,26.086957,69.565217,78.260870,4.347826,30.434783,43.478261,65.217391,91.304348,8.695652,13.043478,47.826087,69.565217,82.608696,21.739130,39.130435,73.913043,95.652174,100.000000
Negative_F2050,0.058824,0.411765,0.529412,0.411765,0.411765,0.176471,0.529412,0.411765,0.058824,0.352941,0.470588,0.176471,0.058824,0.941176,0.000000,0.294118,0.352941,0.352941,0.764706,0.058824,0.176471,0.000000,0.062500,0.500000,0.437500,0.062500,0.187500,0.500000,0.062500,0.000000,0.437500,0.062500,0.187500,0.062500,0.000000,0.000000,0.312500,0.250000,0.250000,0.062500,0.375000,0.000000,100.000000,100.000000,100.000000,100.000000,100.000000,17.647059,35.294118,58.823529,82.352941,88.235294,5.882353,23.529412,47.058824,70.588235,94.117647,17.647059,35.294118,58.823529,82.352941,88.235294,11.764706,29.411765,52.941176,76.470588,94.117647,5.882353,5.882353,23.529412,100.000000,100.000000,5.882353,23.529412,47.058824,70.588235,94.117647,17.647059,35.294118,58.823529,82.352941,88.235294,100.000000,100.000000,100.000000,100.000000,100.000000,17.647059,41.176471,58.823529,82.352941,88.235294,11.764706,29.411765,47.058824,70.588235,94.117647,5.882353,5.882353,23.529412,100.000000,100.000000,100.000000,100.000000,100.000000,100.000000,100.000000,5.882353,23.529412,47.058824,70.588235,94.117647,0.000000,0.000000,0.000000,0.000000,0.000000,23.529412,47.058824,70.588235,88.235294,100.000000,5.882353,11.764706,29.411765,76.470588,94.117647,17.647059,35.294118,41.176471,64.705882,82.352941,5.882353,29.411765,52.941176,70.588235,94.117647,100.000000,100.000000,100.000000,100.000000,100.000000,23.529412,23.529412,35.294118,82.352941,82.352941
Negative_F2054,0.277778,0.500000,0.222222,0.277778,0.222222,0.500000,0.444444,0.277778,0.277778,0.222222,0.277778,0.500000,0.222222,0.722222,0.055556,0.333333,0.388889,0.277778,0.388889,0.277778,0.333333,0.411765,0.058824,0.235294,0.058824,0.235294,0.411765,0.117647,0.294118,0.176471,0.058824,0.235294,0.411765,0.411765,0.058824,0.058824,0.352941,0.235294,0.058824,0.235294,0.411765,0.235294,38.888889,44.444444,66.666667,77.777778,88.888889,5.555556,16.666667,33.333333,61.111111,83.333333,22.222222,22.222222,55.555556,94.444444,100.000000,5.555556,11.111111,27.777778,33.333333,83.333333,22.222222,22.222222,44.444444,55.555556,94.444444,16.666667,50.000000,66.666667,77.777778,100.000000,16.666667,22.222222,55.555556,72.222222,100.000000,5.555556,11.111111,27.777778,33.333333,83.333333,38.888889,44.444444,66.666667,77.777778,88.888889,5.555556,5.555556,11.111111,33.333333,83.333333,22.222222,27.777778,44.444444,55.555556,94.444444,16.666667,50.000000,66.666667,77.777778,100.000000,38.888889,38.888889,66.666667,77.777778,88.888889,5.555556,22.222222,50.000000,72.222222,100.000000,44.444444,44.444444,44.444444,44.444444,44.444444,22.222222,38.888889,44.444444,77.777778,88.888889,16.666667,50.000000,61.111111,94.444444,100.000000,5.555556,11.111111,27.777778,33.333333,83.333333,11.111111,22.222222,55.555556,94.444444,100.000000,38.888889,44.444444,66.666667,77.777778,88.888889,5.555556,16.666667,27.777778,61.111111,72.222222
Negative_F2273,0.289474,0.315789,0.394737,0.421053,0.289474,0.289474,0.394737,0.315789,0.289474,0.315789,0.394737,0.289474,0.236842,0.763158,0.000000,0.526316,0.210526,0.263158,0.526316,0.289474,0.184211,0.189189,0.189189,0.297297,0.270270,0.216216,0.162162,0.297297,0.189189,0.189189,0.270270,0.216216,0.162162,0.324324,0.000000,0.000000,0.162162,0.324324,0.162162,0.297297,0.243243,0.081081,2.631579,10.526316,39.473684,92.105263,100.000000,13.157895,23.684211,55.263158,73.684211,94.736842,7.894737,34.210526,50.000000,76.315789,89.473684,13.157895,26.315789,55.263158,76.315789,94.736842,5.263158,28.947368,42.105263,60.526316,92.105263,2.631579,18.421053,44.736842,84.210526,100.000000,7.894737,34.210526,50.000000,76.315789,89.473684,13.157895,23.684211,55.263158,73.684211,94.736842,2.631579,10.526316,39.473684,92.105263,100.000000,13.157895,23.684211,55.263158,73.684211,94.736842,5.263158,31.578947,47.368421,71.052632,92.105263,2.631579,18.421053,44.736842,84.210526,100.000000,2.631579,18.421053,39.473684,65.789474,100.000000,5.263158,31.578947,55.263158,76.315789,94.736842,0.000000,0.000000,0.000000,0.000000,0.000000,2.631579,18.421053,42.105263,65.789474,100.000000,31.578947,34.210526,50.000000,76.315789,89.473684,13.157895,23.684211,63.157895,78.947368,92.105263,7.894737,31.578947,50.000000,71.052632,94.736842,2.631579,10.526316,39.473684,92.105263,100.000000,13.157895,15.789474,63.157895,81.578947,86.842105
Negative_F752,0.103448,0.517241,0.379310,0.689655,0.206897,0.103448,0.413793,0.482759,0.103448,0.413793,0.482759,0.103448,0.034483,0.931034,0.034483,0.137931,0.551724,0.310345,0.551724,0.103448,0.344828,0.107143,0.000000,0.642857,0.357143,0.178571,0.035714,0.642857,0.000000,0.107143,0.500000,0.107143,0.107143,0.071429,0.000000,0.071429,0.142857,0.142857,0.428571,0.035714,0.571429,0.071429,24.137931,24.137931,96.551724,100.000000,100.000000,3.448276,27.586207,51.724138,68.965517,93.103448,6.896552,17.241379,48.275862,79.310345,89.655172,3.448276,27.586207,48.275862,68.965517,93.103448,6.896552,13.793103,24.137931,86.206897,100.000000,51.724138,51.724138,79.310345,96.551724,96.551724,6.896552,17.241379,48.275862,72.413793,89.655172,3.448276,27.586207,44.827586,68.965517,93.103448,24.137931,24.137931,96.551724,100.000000,100.000000,3.448276,27.586207,44.827586,62.068966,93.103448,6.896552,17.241379,37.931034,82.758621,100.000000,51.724138,51.724138,79.310345,96.551724,96.551724,96.551724,96.551724,96.551724,96.551724,96.551724,3.448276,27.586207,51.724138,75.862069,100.000000,24.137931,24.137931,24.137931,24.137931,24.137931,24.137931,24.137931,37.931034,58.620690,96.551724,6.896552,27.586207,48.275862,72.413793,93.103448,3.448276,20.689655,62.068966,75.862069,100.000000,3.448276,17.241379,41.379310,65.517241,89.655172,24.137931,24.137931,96.551724,100.000000,100.000000,10.344828,34.482759,51.724138,75.862069,93.103448
Negative_F777,0.133333,0.400000,0.466667,0.566667,0.333333,0.100000,0.500000,0.366667,0.133333,0.300000,0.600000,0.100000,0.033333,0.933333,0.033333,0.166667,0.533333,0.300000,0.633333,0.133333,0.233333,0.137931,0.034483,0.586207,0.413793,0.034483,0.172414,0.551724,0.068966,0.103448,0.517241,0.000000,0.206897,0.068966,0.000000,0.068966,0.137931,0.068966,0.413793,0.068966,0.379310,0.103448,20.000000,20.000000,83.333333,86.666667,100.000000,3.333333,16.666667,46.666667,66.666667,96.666667,6.666667,30.000000,43.333333,70.000000,93.333333,3.333333,23.333333,46.666667,70.000000,93.333333,6.666667,30.000000,50.000000,83.333333,100.000000,33.333333,33.333333,86.666667,96.666667,96.666667,6.666667,30.000000,50.000000,76.666667,96.666667,3.333333,16.666667,46.666667,66.666667,80.000000,20.000000,20.000000,83.333333,86.666667,100.000000,3.333333,23.333333,53.333333,66.666667,80.000000,6.666667,26.666667,43.333333,76.666667,100.000000,33.333333,33.333333,86.666667,96.666667,96.666667,86.666667,86.666667,86.666667,86.666667,86.666667,3.333333,26.666667,50.000000,73.333333,100.000000,20.000000,20.000000,20.000000,20.000000,20.000000,16.666667,20.000000,56.666667,60.000000,86.666667,6.666667,30.000000,46.666667,70.000000,96.666667,3.333333,23.333333,66.666667,80.000000,100.000000,3.333333,26.666667,50.000000,70.000000,93.333333,20.000000,20.000000,83.333333,86.666667,100.000000,10.000000,23.333333,46.666667,80.000000,96.666667
Negative_F896,0.260870,0.500000,0.239130,0.586957,0.217391,0.195652,0.282609,0.456522,0.260870,0.391304,0.413043,0.195652,0.152174,0.826087,0.021739,0.260870,0.369565,0.369565,0.347826,0.260870,0.391304,0.266667,0.133333,0.266667,0.177778,0.177778,0.177778,0.266667,0.177778,0.222222,0.311111,0.088889,0.266667,0.244444,0.022222,0.022222,0.133333,0.177778,0.311111,0.177778,0.355556,0.222222,2.173913,21.739130,36.956522,60.869565,100.000000,4.347826,28.260870,54.347826,82.608696,97.826087,6.521739,26.086957,56.521739,73.913043,86.956522,4.347826,19.565217,54.347826,80.434783,97.826087,13.043478,26.086957,39.130435,73.913043,93.478261,2.173913,28.260870,50.000000,71.739130,100.000000,6.521739,28.260870,56.521739,73.913043,95.652174,4.347826,32.608696,54.347826,80.434783,97.826087,2.173913,21.739130,36.956522,60.869565,100.000000,4.347826,32.608696,47.826087,78.260870,91.304348,6.521739,23.913043,52.173913,76.086957,97.826087,2.173913,28.260870,50.000000,71.739130,100.000000,2.173913,21.739130,50.000000,71.739130,100.000000,4.347826,26.086957,47.826087,78.260870,97.826087,52.173913,52.173913,52.173913,52.173913,52.173913,2.173913,36.956522,52.173913,63.043478,100.000000,6.521739,26.086957,41.304348,73.913043,95.652174,4.347826,23.913043,47.826087,82.608696,97.826087,6.521739,26.086957,56.521739,69.565217,86.956522,2.173913,21.739130,36.956522,60.869565,100.000000,4.347826,28.260870,47.826087,84.782609,97.826087
Negative_F901,0.304348,0.456522,0.239130,0.565217,0.173913,0.260870,0.282609,0.413043,0.304348,0.391304,0.347826,0.260870,0.195652,0.760870,0.043478,0.304348,0.347826,0.347826,0.391304,0.304348,0.304348,0.222222,0.177778,0.222222,0.088889,0.266667,0.177778,0.222222,0.222222,0.177778,0.222222,0.133333,0.311111,0.311111,0.044444,0.044444,0.177778,0.222222,0.266667,0.222222,0.266667,0.177778,2.173913,21.739130,36.956522,60.869565,100.000000,4.347826,32.608696,58.695652,82.608696,97.826087,6.521739,26.086957,56.521739,73.913043,86.956522,4.347826,32.608696,56.521739,82.608696,97.826087,13.043478,23.913043,30.434783,63.043478,76.086957,2.173913,21.739130,39.130435,60.869565,100.000000,6.521739,28.260870,56.521739,73.913043,95.652174,4.347826,32.608696,58.695652,82.608696,97.826087,2.173913,21.739130,36.956522,60.869565,100.000000,4.347826,32.608696,47.826087,80.434783,93.478261,6.521739,23.913043,52.173913,73.913043,97.826087,2.173913,21.739130,39.130435,60.869565,100.000000,2.173913,21.739130,50.000000,60.869565,100.000000,4.347826,26.086957,47.826087,78.260870,97.826087,52.173913,52.173913,52.173913,93.478261,93.478261,2.173913,36.956522,52.173913,63.043478,100.000000,6.521739,17.391304,34.782609,73.913043,95.652174,4.347826,23.913043,47.826087,82.608696,97.826087,6.521739,34.782609,45.652174,69.565217,86.956522,2.173913,21.739130,36.956522,60.869565,100.000000,4.347826,28.260870,65.217391,89.130435,97.826087
Negative_F1252,0.300000,0.333333,0.366667,0.533333,0.266667,0.200000,0.400000,0.300000,0.300000,0.266667,0.533333,0.200000,0.100000,0.766667,0.133333,0.266667,0.400000,0.333333,0.500000,0.300000,0.200000,0.172414,0.275862,0.275862,0.310345,0.206897,0.137931,0.275862,0.275862,0.172414,0.448276,0.068966,0.275862,0.137931,0.000000,0.275862,0.206897,0.206897,0.344828,0.413793,0.241379,0.034483,6.666667,26.666667,46.666667,93.333333,100.000000,3.333333,30.000000,53.333333,63.333333,83.333333,10.000000,20.000000,50.000000,80.000000,90.000000,3.333333,30.000000,56.666667,70.000000,90.000000,6.666667,13.333333,36.666667,46.666667,100.000000,10.000000,16.666667,53.333333,93.333333,96.666667,10.000000,20.000000,50.000000,73.333333,90.000000,3.333333,30.000000,56.666667,63.333333,83.333333,6.666667,26.666667,46.666667,93.333333,100.000000,3.333333,23.333333,43.333333,63.333333,76.666667,6.666667,26.666667,46.666667,73.333333,100.000000,10.000000,16.666667,53.333333,93.333333,96.666667,16.666667,16.666667,93.333333,96.666667,96.666667,3.333333,30.000000,53.333333,73.333333,100.000000,6.666667,6.666667,26.666667,46.666667,76.666667,6.666667,13.333333,26.666667,46.666667,96.666667,10.000000,33.333333,53.333333,73.333333,90.000000,3.333333,30.000000,60.000000,76.666667,100.000000,3.333333,20.000000,43.333333,73.333333,90.000000,6.666667,26.666667,46.666667,93.333333,100.000000,30.000000,53.333333,56.666667,70.000000,83.333333
Negative_F1388,0.193548,0.322581,0.483871,0.516129,0.322581,0.161290,0.516129,0.290323,0.193548,0.258065,0.580645,0.161290,0.096774,0.838710,0.064516,0.161290,0.483871,0.354839,0.580645,0.193548,0.225806,0.100000,0.066667,0.466667,0.366667,0.100000,0.166667,0.433333,0.100000,0.066667,0.366667,0.033333,0.233333,0.166667,0.033333,0.066667,0.133333,0.200000,0.400000,0.100000,0.333333,0.066667,22.580645,77.419355,80.645161,96.774194,100.000000,3.225806,19.354839,41.935484,64.516129,93.548387,6.451613,29.032258,45.161290,67.741935,90.322581,3.225806,19.354839,45.161290,67.741935,100.000000,6.451613,22.580645,38.709677,61.290323,87.096774,35.483871,77.419355,83.870968,93.548387,96.774194,6.451613,29.032258,45.161290,67.741935,93.548387,3.225806,19.354839,41.935484,54.838710,70.967742,22.580645,77.419355,80.645161,96.774194,100.000000,3.225806,19.354839,51.612903,64.516129,100.000000,6.451613,22.580645,41.935484,67.741935,90.322581,35.483871,77.419355,83.870968,93.548387,96.774194,77.419355,77.419355,83.870968,96.774194,96.774194,3.225806,25.806452,45.161290,67.741935,93.548387,22.580645,22.580645,22.580645,100.000000,100.000000,22.580645,61.290323,77.419355,83.870968,96.774194,6.451613,29.032258,45.161290,74.193548,93.548387,3.225806,19.354839,51.612903,70.967742,100.000000,3.225806,19.354839,38.709677,64.516129,90.322581,22.580645,77.419355,80.645161,96.774194,100.000000,12.903226,25.806452,51.612903,70.967742,93.548387
Negative_F1389,0.200000,0.400000,0.400000,0.560000,0.080000,0.360000,0.480000,0.320000,0.200000,0.240000,0.400000,0.360000,0.160000,0.800000,0.040000,0.240000,0.520000,0.240000,0.480000,0.200000,0.320000,0.083333,0.250000,0.333333,0.125000,0.375000,0.041667,0.416667,0.250000,0.083333,0.416667,0.083333,0.333333,0.250000,0.000000,0.083333,0.291667,0.041667,0.375000,0.291667,0.291667,0.041667,4.000000,20.000000,36.000000,44.000000,100.000000,16.000000,52.000000,60.000000,80.000000,88.000000,8.000000,28.000000,40.000000,76.000000,96.000000,12.000000,28.000000,60.000000,76.000000,96.000000,8.000000,8.000000,8.000000,20.000000,20.000000,4.000000,36.000000,44.000000,84.000000,100.000000,8.000000,28.000000,48.000000,76.000000,96.000000,16.000000,24.000000,60.000000,72.000000,88.000000,4.000000,20.000000,36.000000,44.000000,100.000000,16.000000,24.000000,56.000000,72.000000,80.000000,8.000000,20.000000,48.000000,76.000000,96.000000,4.000000,36.000000,44.000000,84.000000,100.000000,4.000000,4.000000,36.000000,44.000000,100.000000,8.000000,28.000000,56.000000,76.000000,96.000000,20.000000,20.000000,20.000000,20.000000,20.000000,4.000000,8.000000,20.000000,44.000000,100.000000,12.000000,32.000000,52.000000,76.000000,96.000000,16.000000,60.000000,64.000000,80.000000,88.000000,8.000000,16.000000,40.000000,68.000000,96.000000,4.000000,20.000000,36.000000,44.000000,100.000000,24.000000,52.000000,60.000000,80.000000,88.000000
Negative_F1390,0.172414,0.482759,0.344828,0.724138,0.137931,0.137931,0.344828,0.482759,0.172414,0.448276,0.413793,0.137931,0.034483,0.896552,0.068966,0.137931,0.517241,0.344828,0.551724,0.172414,0.275862,0.214286,0.035714,0.464286,0.214286,0.250000,0.035714,0.464286,0.035714,0.214286,0.428571,0.107143,0.178571,0.071429,0.000000,0.142857,0.142857,0.142857,0.357143,0.142857,0.392857,0.107143,6.896552,20.689655,72.413793,96.551724,100.000000,3.448276,24.137931,51.724138,75.862069,93.103448,13.793103,31.034483,44.827586,68.965517,89.655172,3.448276,24.137931,51.724138,68.965517,93.103448,20.689655,20.689655,41.379310,72.413793,100.000000,31.034483,31.034483,48.275862,79.310345,96.551724,13.793103,31.034483,44.827586,68.965517,89.655172,3.448276,24.137931,51.724138,75.862069,93.103448,6.896552,20.689655,72.413793,96.551724,100.000000,3.448276,17.241379,37.931034,58.620690,93.103448,13.793103,27.586207,62.068966,75.862069,100.000000,31.034483,31.034483,48.275862,79.310345,96.551724,96.551724,96.551724,96.551724,96.551724,96.551724,3.448276,31.034483,51.724138,75.862069,100.000000,6.896552,6.896552,6.896552,20.689655,20.689655,10.344828,10.344828,20.689655,55.172414,96.551724,13.793103,31.034483,48.275862,79.310345,93.103448,3.448276,17.241379,58.620690,75.862069,100.000000,3.448276,17.241379,41.379310,58.620690,89.655172,6.896552,20.689655,72.413793,96.551724,100.000000,24.137931,34.482759,65.517241,82.758621,93.103448
Negative_F1604,0.058824,0.470588,0.470588,0.470588,0.352941,0.176471,0.470588,0.470588,0.058824,0.411765,0.411765,0.176471,0.058824,0.941176,0.000000,0.294118,0.294118,0.411765,0.647059,0.058824,0.294118,0.000000,0.062500,0.500000,0.437500,0.062500,0.062500,0.500000,0.062500,0.000000,0.437500,0.062500,0.062500,0.062500,0.000000,0.000000,0.312500,0.250000,0.250000,0.062500,0.500000,0.000000,100.000000,100.000000,100.000000,100.000000,100.000000,17.647059,35.294118,58.823529,70.588235,88.235294,5.882353,11.764706,29.411765,52.941176,94.117647,17.647059,35.294118,58.823529,70.588235,88.235294,11.764706,23.529412,29.411765,52.941176,76.470588,5.882353,5.882353,94.117647,100.000000,100.000000,5.882353,11.764706,29.411765,52.941176,94.117647,17.647059,35.294118,58.823529,70.588235,88.235294,100.000000,100.000000,100.000000,100.000000,100.000000,17.647059,41.176471,64.705882,82.352941,88.235294,11.764706,23.529412,35.294118,52.941176,76.470588,5.882353,5.882353,94.117647,100.000000,100.000000,100.000000,100.000000,100.000000,100.000000,100.000000,5.882353,23.529412,47.058824,70.588235,94.117647,0.000000,0.000000,0.000000,0.000000,0.000000,11.764706,23.529412,47.058824,88.235294,100.000000,5.882353,29.411765,52.941176,76.470588,94.117647,17.647059,35.294118,58.823529,70.588235,82.352941,5.882353,23.529412,52.941176,76.470588,94.117647,100.000000,100.000000,100.000000,100.000000,100.000000,17.647059,35.294118,41.176471,70.588235,82.352941
Negative_F1957,0.137931,0.448276,0.413793,0.655172,0.275862,0.068966,0.413793,0.448276,0.137931,0.344828,0.586207,0.068966,0.034483,0.931034,0.034483,0.137931,0.448276,0.413793,0.620690,0.137931,0.241379,0.107143,0.071429,0.500000,0.464286,0.071429,0.071429,0.500000,0.071429,0.107143,0.500000,0.035714,0.107143,0.071429,0.000000,0.071429,0.107143,0.178571,0.464286,0.107143,0.357143,0.071429,24.137931,24.137931,51.724138,96.551724,100.000000,3.448276,27.586207,44.827586,62.068966,82.758621,6.896552,17.241379,48.275862,79.310345,93.103448,3.448276,27.586207,48.275862,68.965517,89.655172,6.896552,13.793103,34.482759,86.206897,100.000000,79.310345,79.310345,79.310345,96.551724,96.551724,6.896552,17.241379,48.275862,79.310345,93.103448,3.448276,27.586207,44.827586,62.068966,82.758621,24.137931,24.137931,51.724138,96.551724,100.000000,3.448276,27.586207,41.379310,62.068966,75.862069,6.896552,24.137931,51.724138,82.758621,100.000000,79.310345,79.310345,79.310345,96.551724,96.551724,96.551724,96.551724,96.551724,96.551724,96.551724,3.448276,27.586207,51.724138,75.862069,100.000000,24.137931,24.137931,24.137931,24.137931,24.137931,6.896552,6.896552,13.793103,24.137931,96.551724,17.241379,34.482759,55.172414,79.310345,93.103448,3.448276,20.689655,51.724138,68.965517,100.000000,3.448276,20.689655,41.379310,75.862069,93.103448,24.137931,24.137931,51.724138,96.551724,100.000000,10.344828,27.586207,55.172414,68.965517,82.758621
Negative_F1959,0.225806,0.387097,0.387097,0.580645,0.290323,0.129032,0.451613,0.322581,0.225806,0.290323,0.580645,0.129032,0.064516,0.838710,0.096774,0.193548,0.483871,0.322581,0.516129,0.225806,0.258065,0.133333,0.100000,0.500000,0.400000,0.066667,0.133333,0.400000,0.133333,0.100000,0.433333,0.033333,0.166667,0.100000,0.033333,0.133333,0.200000,0.200000,0.333333,0.133333,0.366667,0.100000,22.580645,58.064516,80.645161,96.774194,100.000000,3.225806,12.903226,35.483871,54.838710,93.548387,9.677419,29.032258,45.161290,67.741935,90.322581,3.225806,19.354839,45.161290,67.741935,100.000000,9.677419,32.258065,48.387097,77.419355,87.096774,35.483871,35.483871,83.870968,93.548387,96.774194,9.677419,32.258065,45.161290,74.193548,93.548387,3.225806,12.903226,25.806452,54.838710,70.967742,22.580645,58.064516,80.645161,96.774194,100.000000,3.225806,19.354839,51.612903,64.516129,100.000000,9.677419,29.032258,45.161290,74.193548,90.322581,35.483871,35.483871,83.870968,93.548387,96.774194,83.870968,83.870968,83.870968,96.774194,96.774194,3.225806,25.806452,45.161290,70.967742,93.548387,22.580645,22.580645,58.064516,100.000000,100.000000,6.451613,22.580645,38.709677,83.870968,96.774194,9.677419,29.032258,48.387097,74.193548,93.548387,3.225806,19.354839,54.838710,70.967742,100.000000,3.225806,16.129032,38.709677,64.516129,90.322581,22.580645,58.064516,80.645161,96.774194,100.000000,12.903226,25.806452,41.935484,54.838710,93.548387
Negative_F485,0.150000,0.250000,0.600000,0.350000,0.350000,0.300000,0.600000,0.250000,0.150000,0.200000,0.500000,0.300000,0.150000,0.850000,0.000000,0.600000,0.300000,0.100000,0.750000,0.150000,0.100000,0.052632,0.157895,0.368421,0.421053,0.157895,0.210526,0.368421,0.157895,0.052632,0.315789,0.000000,0.368421,0.210526,0.000000,0.000000,0.315789,0.210526,0.000000,0.157895,0.157895,0.052632,55.000000,55.000000,90.000000,95.000000,95.000000,15.000000,25.000000,35.000000,40.000000,50.000000,5.000000,20.000000,60.000000,75.000000,100.000000,15.000000,25.000000,40.000000,70.000000,100.000000,10.000000,20.000000,45.000000,75.000000,80.000000,5.000000,55.000000,65.000000,90.000000,95.000000,5.000000,20.000000,60.000000,75.000000,100.000000,15.000000,25.000000,35.000000,40.000000,50.000000,55.000000,55.000000,90.000000,95.000000,95.000000,15.000000,15.000000,25.000000,35.000000,40.000000,10.000000,30.000000,50.000000,75.000000,100.000000,5.000000,55.000000,65.000000,90.000000,95.000000,55.000000,55.000000,90.000000,95.000000,95.000000,5.000000,25.000000,45.000000,70.000000,100.000000,0.000000,0.000000,0.000000,0.000000,0.000000,10.000000,25.000000,40.000000,60.000000,95.000000,5.000000,65.000000,70.000000,85.000000,100.000000,15.000000,15.000000,15.000000,50.000000,50.000000,5.000000,25.000000,45.000000,75.000000,100.000000,55.000000,55.000000,90.000000,95.000000,95.000000,15.000000,15.000000,15.000000,50.000000,50.000000
Negative_F609,0.320000,0.360000,0.320000,0.320000,0.240000,0.440000,0.360000,0.280000,0.360000,0.320000,0.240000,0.440000,0.240000,0.720000,0.040000,0.440000,0.320000,0.240000,0.560000,0.320000,0.120000,0.208333,0.208333,0.333333,0.291667,0.250000,0.166667,0.291667,0.250000,0.166667,0.291667,0.250000,0.166667,0.333333,0.000000,0.083333,0.291667,0.166667,0.208333,0.333333,0.083333,0.083333,12.000000,16.000000,32.000000,44.000000,88.000000,4.000000,52.000000,68.000000,80.000000,96.000000,8.000000,20.000000,48.000000,76.000000,100.000000,4.000000,36.000000,60.000000,72.000000,88.000000,28.000000,48.000000,64.000000,84.000000,100.000000,8.000000,16.000000,32.000000,56.000000,96.000000,8.000000,24.000000,64.000000,84.000000,100.000000,4.000000,36.000000,60.000000,72.000000,80.000000,12.000000,28.000000,40.000000,56.000000,92.000000,4.000000,36.000000,60.000000,72.000000,88.000000,28.000000,48.000000,64.000000,84.000000,100.000000,8.000000,16.000000,32.000000,56.000000,96.000000,12.000000,16.000000,32.000000,44.000000,56.000000,4.000000,28.000000,60.000000,80.000000,100.000000,88.000000,88.000000,88.000000,88.000000,88.000000,12.000000,32.000000,44.000000,80.000000,100.000000,8.000000,20.000000,48.000000,64.000000,96.000000,4.000000,28.000000,52.000000,72.000000,88.000000,4.000000,24.000000,52.000000,76.000000,100.000000,12.000000,16.000000,32.000000,44.000000,88.000000,60.000000,60.000000,92.000000,96.000000,96.000000
Negative_F612,0.095238,0.380952,0.523810,0.238095,0.380952,0.380952,0.523810,0.238095,0.238095,0.238095,0.380952,0.380952,0.095238,0.904762,0.000000,0.571429,0.190476,0.238095,0.761905,0.095238,0.142857,0.050000,0.150000,0.600000,0.250000,0.200000,0.400000,0.350000,0.400000,0.100000,0.250000,0.200000,0.400000,0.200000,0.000000,0.000000,0.100000,0.250000,0.200000,0.200000,0.300000,0.000000,23.809524,23.809524,23.809524,38.095238,38.095238,4.761905,19.047619,57.142857,71.428571,95.238095,9.523810,28.571429,52.380952,80.952381,100.000000,4.761905,19.047619,47.619048,61.904762,71.428571,28.571429,42.857143,66.666667,80.952381,100.000000,9.523810,14.285714,33.333333,57.142857,95.238095,9.523810,28.571429,52.380952,80.952381,100.000000,4.761905,19.047619,47.619048,61.904762,71.428571,23.809524,38.095238,57.142857,85.714286,95.238095,4.761905,19.047619,47.619048,61.904762,71.428571,28.571429,42.857143,66.666667,80.952381,100.000000,9.523810,14.285714,33.333333,57.142857,95.238095,23.809524,23.809524,23.809524,38.095238,38.095238,4.761905,28.571429,57.142857,80.952381,100.000000,0.000000,0.000000,0.000000,0.000000,0.000000,23.809524,38.095238,57.142857,85.714286,100.000000,9.523810,9.523810,14.285714,33.333333,66.666667,4.761905,19.047619,47.619048,61.904762,71.428571,4.761905,19.047619,47.619048,71.428571,100.000000,23.809524,23.809524,23.809524,38.095238,38.095238,57.142857,57.142857,85.714286,95.238095,95.238095
Negative_F1010,0.076923,0.384615,0.538462,0.384615,0.307692,0.307692,0.538462,0.384615,0.076923,0.384615,0.307692,0.307692,0.076923,0.923077,0.000000,0.307692,0.461538,0.230769,0.692308,0.076923,0.230769,0.083333,0.083333,0.416667,0.416667,0.083333,0.083333,0.416667,0.083333,0.083333,0.416667,0.083333,0.083333,0.166667,0.000000,0.000000,0.333333,0.333333,0.166667,0.166667,0.333333,0.000000,84.615385,84.615385,84.615385,84.615385,84.615385,23.076923,30.769231,46.153846,53.846154,76.923077,7.692308,15.384615,61.538462,92.307692,100.000000,23.076923,30.769231,46.153846,53.846154,76.923077,15.384615,15.384615,38.461538,61.538462,69.230769,7.692308,7.692308,84.615385,92.307692,100.000000,7.692308,15.384615,61.538462,92.307692,100.000000,23.076923,30.769231,46.153846,53.846154,76.923077,84.615385,84.615385,84.615385,84.615385,84.615385,23.076923,30.769231,46.153846,53.846154,76.923077,15.384615,15.384615,38.461538,61.538462,69.230769,7.692308,7.692308,84.615385,92.307692,100.000000,84.615385,84.615385,84.615385,84.615385,84.615385,7.692308,23.076923,46.153846,69.230769,100.000000,0.000000,0.000000,0.000000,0.000000,0.000000,15.384615,15.384615,30.769231,69.230769,84.615385,7.692308,38.461538,46.153846,92.307692,100.000000,23.076923,23.076923,53.846154,76.923077,76.923077,7.692308,30.769231,61.538462,76.923077,100.000000,84.615385,84.615385,84.615385,84.615385,84.615385,23.076923,23.076923,46.153846,53.846154,53.846154
Negative_F1178,0.363636,0.272727,0.363636,0.424242,0.181818,0.393939,0.393939,0.242424,0.363636,0.242424,0.363636,0.393939,0.272727,0.696970,0.030303,0.333333,0.393939,0.272727,0.454545,0.363636,0.181818,0.156250,0.343750,0.156250,0.156250,0.406250,0.093750,0.218750,0.343750,0.156250,0.156250,0.218750,0.281250,0.343750,0.031250,0.031250,0.312500,0.125000,0.250000,0.437500,0.187500,0.062500,3.030303,15.151515,39.393939,66.666667,100.000000,9.090909,48.484848,54.545455,60.606061,87.878788,12.121212,24.242424,63.636364,84.848485,96.969697,9.090909,27.272727,54.545455,75.757576,96.969697,45.454545,66.666667,69.696970,81.818182,90.909091,3.030303,21.212121,36.363636,51.515152,100.000000,12.121212,33.333333,63.636364,84.848485,96.969697,9.090909,27.272727,54.545455,60.606061,87.878788,3.030303,15.151515,39.393939,66.666667,100.000000,9.090909,27.272727,54.545455,60.606061,87.878788,12.121212,33.333333,66.666667,81.818182,96.969697,3.030303,21.212121,36.363636,51.515152,100.000000,3.030303,15.151515,30.303030,42.424242,100.000000,9.090909,33.333333,60.606061,81.818182,96.969697,45.454545,45.454545,45.454545,45.454545,45.454545,3.030303,15.151515,39.393939,78.787879,100.000000,9.090909,24.242424,51.515152,81.818182,96.969697,27.272727,54.545455,60.606061,72.727273,87.878788,12.121212,27.272727,63.636364,84.848485,96.969697,3.030303,15.151515,39.393939,66.666667,100.000000,9.090909,48.484848,51.515152,60.606061,87.878788
Negative_F1180,0.166667,0.400000,0.433333,0.500000,0.133333,0.366667,0.533333,0.300000,0.166667,0.266667,0.366667,0.366667,0.133333,0.833333,0.033333,0.333333,0.533333,0.133333,0.666667,0.166667,0.166667,0.103448,0.103448,0.413793,0.103448,0.379310,0.172414,0.310345,0.137931,0.068966,0.206897,0.172414,0.379310,0.172414,0.034483,0.034483,0.344828,0.172414,0.103448,0.172414,0.310345,0.034483,16.666667,43.333333,46.666667,50.000000,80.000000,3.333333,23.333333,40.000000,60.000000,90.000000,6.666667,30.000000,66.666667,86.666667,100.000000,3.333333,23.333333,40.000000,76.666667,100.000000,20.000000,20.000000,43.333333,73.333333,83.333333,10.000000,33.333333,53.333333,80.000000,93.333333,6.666667,20.000000,63.333333,83.333333,100.000000,3.333333,26.666667,40.000000,60.000000,90.000000,16.666667,43.333333,46.666667,50.000000,80.000000,3.333333,26.666667,40.000000,60.000000,90.000000,6.666667,20.000000,43.333333,83.333333,100.000000,10.000000,33.333333,53.333333,80.000000,93.333333,16.666667,16.666667,46.666667,50.000000,80.000000,3.333333,26.666667,56.666667,76.666667,100.000000,43.333333,43.333333,43.333333,43.333333,43.333333,3.333333,26.666667,43.333333,73.333333,90.000000,6.666667,20.000000,60.000000,83.333333,100.000000,23.333333,23.333333,40.000000,56.666667,76.666667,3.333333,26.666667,56.666667,83.333333,100.000000,16.666667,43.333333,46.666667,50.000000,80.000000,10.000000,23.333333,53.333333,60.000000,70.000000
Negative_F1203,0.242424,0.393939,0.363636,0.484848,0.363636,0.151515,0.363636,0.393939,0.242424,0.424242,0.424242,0.151515,0.121212,0.848485,0.030303,0.424242,0.272727,0.303030,0.545455,0.242424,0.212121,0.218750,0.218750,0.375000,0.375000,0.187500,0.062500,0.375000,0.218750,0.218750,0.437500,0.156250,0.093750,0.250000,0.000000,0.062500,0.187500,0.375000,0.218750,0.312500,0.281250,0.125000,12.121212,21.212121,36.363636,69.696970,93.939394,3.030303,39.393939,51.515152,72.727273,96.969697,6.060606,18.181818,57.575758,75.757576,100.000000,3.030303,30.303030,51.515152,78.787879,100.000000,6.060606,24.242424,36.363636,66.666667,87.878788,18.181818,21.212121,45.454545,84.848485,93.939394,6.060606,18.181818,57.575758,75.757576,100.000000,3.030303,39.393939,51.515152,72.727273,96.969697,12.121212,21.212121,36.363636,69.696970,93.939394,3.030303,30.303030,48.484848,72.727273,96.969697,6.060606,27.272727,57.575758,75.757576,100.000000,18.181818,21.212121,45.454545,84.848485,93.939394,21.212121,21.212121,45.454545,84.848485,93.939394,3.030303,27.272727,51.515152,72.727273,100.000000,12.121212,12.121212,12.121212,12.121212,12.121212,6.060606,27.272727,42.424242,72.727273,93.939394,15.151515,33.333333,63.636364,87.878788,100.000000,3.030303,24.242424,48.484848,69.696970,90.909091,6.060606,30.303030,51.515152,72.727273,100.000000,12.121212,21.212121,36.363636,69.696970,93.939394,3.030303,15.151515,60.606061,90.909091,96.969697
Negative_F1586,0.076923,0.384615,0.538462,0.384615,0.384615,0.230769,0.538462,0.384615,0.076923,0.384615,0.384615,0.230769,0.076923,0.923077,0.000000,0.307692,0.384615,0.307692,0.769231,0.076923,0.153846,0.083333,0.083333,0.416667,0.333333,0.166667,0.166667,0.416667,0.083333,0.083333,0.333333,0.166667,0.166667,0.166667,0.000000,0.000000,0.166667,0.250000,0.250000,0.166667,0.166667,0.000000,53.846154,53.846154,53.846154,53.846154,53.846154,23.076923,30.769231,61.538462,76.923077,84.615385,7.692308,15.384615,46.153846,92.307692,100.000000,23.076923,30.769231,61.538462,76.923077,84.615385,7.692308,38.461538,69.230769,92.307692,100.000000,15.384615,15.384615,46.153846,53.846154,53.846154,7.692308,15.384615,46.153846,92.307692,100.000000,23.076923,30.769231,61.538462,76.923077,84.615385,53.846154,53.846154,53.846154,53.846154,53.846154,23.076923,30.769231,61.538462,76.923077,84.615385,7.692308,38.461538,69.230769,92.307692,100.000000,15.384615,15.384615,46.153846,53.846154,53.846154,53.846154,53.846154,53.846154,53.846154,53.846154,7.692308,23.076923,46.153846,76.923077,100.000000,0.000000,0.000000,0.000000,0.000000,0.000000,30.769231,30.769231,53.846154,92.307692,100.000000,7.692308,15.384615,38.461538,46.153846,69.230769,23.076923,23.076923,61.538462,76.923077,84.615385,7.692308,23.076923,38.461538,69.230769,100.000000,53.846154,53.846154,53.846154,53.846154,53.846154,76.923077,76.923077,76.923077,84.615385,84.615385
Negative_F2229,0.076923,0.384615,0.538462,0.230769,0.461538,0.307692,0.538462,0.230769,0.230769,0.230769,0.461538,0.307692,0.000000,1.000000,0.000000,0.538462,0.307692,0.153846,0.769231,0.076923,0.153846,0.083333,0.083333,0.416667,0.250000,0.083333,0.416667,0.250000,0.250000,0.083333,0.250000,0.083333,0.416667,0.000000,0.000000,0.000000,0.250000,0.250000,0.083333,0.083333,0.250000,0.083333,23.076923,23.076923,23.076923,23.076923,23.076923,30.769231,53.846154,61.538462,76.923077,84.615385,7.692308,15.384615,46.153846,92.307692,100.000000,53.846154,53.846154,61.538462,76.923077,76.923077,15.384615,23.076923,38.461538,69.230769,92.307692,7.692308,7.692308,30.769231,84.615385,100.000000,7.692308,15.384615,46.153846,92.307692,100.000000,53.846154,53.846154,61.538462,76.923077,76.923077,23.076923,23.076923,30.769231,84.615385,84.615385,53.846154,53.846154,61.538462,76.923077,76.923077,15.384615,23.076923,38.461538,69.230769,92.307692,7.692308,7.692308,30.769231,84.615385,100.000000,0.000000,0.000000,0.000000,0.000000,0.000000,7.692308,30.769231,53.846154,76.923077,100.000000,0.000000,0.000000,0.000000,0.000000,0.000000,15.384615,23.076923,61.538462,84.615385,92.307692,7.692308,7.692308,38.461538,46.153846,100.000000,53.846154,53.846154,53.846154,76.923077,76.923077,7.692308,38.461538,53.846154,76.923077,100.000000,23.076923,23.076923,23.076923,23.076923,23.076923,30.769231,30.769231,30.769231,84.615385,84.615385
Negative_F2237,0.076923,0.307692,0.615385,0.307692,0.538462,0.153846,0.615385,0.307692,0.076923,0.230769,0.615385,0.153846,0.076923,0.923077,0.000000,0.538462,0.230769,0.230769,0.769231,0.076923,0.153846,0.083333,0.083333,0.416667,0.416667,0.083333,0.166667,0.416667,0.083333,0.083333,0.250000,0.083333,0.166667,0.166667,0.000000,0.000000,0.166667,0.250000,0.083333,0.166667,0.333333,0.000000,53.846154,53.846154,53.846154,53.846154,53.846154,23.076923,23.076923,46.153846,76.923077,84.615385,7.692308,15.384615,38.461538,69.230769,100.000000,23.076923,23.076923,46.153846,76.923077,84.615385,15.384615,30.769231,61.538462,92.307692,100.000000,7.692308,7.692308,7.692308,53.846154,53.846154,7.692308,15.384615,38.461538,69.230769,100.000000,23.076923,23.076923,46.153846,76.923077,84.615385,53.846154,53.846154,53.846154,53.846154,53.846154,46.153846,46.153846,76.923077,84.615385,84.615385,15.384615,23.076923,38.461538,69.230769,100.000000,7.692308,7.692308,7.692308,53.846154,53.846154,53.846154,53.846154,53.846154,53.846154,53.846154,7.692308,23.076923,46.153846,76.923077,100.000000,0.000000,0.000000,0.000000,0.000000,0.000000,15.384615,46.153846,61.538462,92.307692,100.000000,7.692308,7.692308,30.769231,38.461538,38.461538,23.076923,23.076923,76.923077,84.615385,84.615385,7.692308,30.769231,46.153846,84.615385,100.000000,53.846154,53.846154,53.846154,53.846154,53.846154,23.076923,23.076923,23.076923,76.923077,76.923077
Negative_F232,0.312500,0.312500,0.375000,0.406250,0.187500,0.406250,0.437500,0.218750,0.343750,0.187500,0.406250,0.406250,0.281250,0.687500,0.031250,0.437500,0.375000,0.187500,0.531250,0.312500,0.156250,0.161290,0.193548,0.322581,0.129032,0.354839,0.193548,0.161290,0.225806,0.193548,0.161290,0.129032,0.419355,0.322581,0.032258,0.032258,0.322581,0.225806,0.129032,0.322581,0.290323,0.032258,21.875000,37.500000,46.875000,75.000000,100.000000,3.125000,28.125000,43.750000,68.750000,93.750000,6.250000,12.500000,53.125000,78.125000,90.625000,3.125000,28.125000,59.375000,68.750000,93.750000,6.250000,9.375000,46.875000,71.875000,81.250000,15.625000,31.250000,50.000000,78.125000,100.000000,6.250000,15.625000,53.125000,81.250000,90.625000,3.125000,28.125000,59.375000,68.750000,93.750000,21.875000,31.250000,46.875000,75.000000,100.000000,3.125000,28.125000,43.750000,62.500000,68.750000,6.250000,18.750000,53.125000,81.250000,93.750000,15.625000,31.250000,50.000000,78.125000,100.000000,21.875000,37.500000,50.000000,75.000000,100.000000,3.125000,18.750000,53.125000,78.125000,93.750000,46.875000,46.875000,46.875000,46.875000,46.875000,6.250000,25.000000,40.625000,75.000000,100.000000,12.500000,18.750000,62.500000,78.125000,90.625000,3.125000,28.125000,43.750000,68.750000,93.750000,3.125000,18.750000,53.125000,71.875000,90.625000,21.875000,37.500000,46.875000,75.000000,100.000000,15.625000,31.250000,62.500000,84.375000,93.750000
Negative_F472,0.212121,0.393939,0.393939,0.454545,0.303030,0.242424,0.393939,0.363636,0.242424,0.393939,0.363636,0.242424,0.151515,0.818182,0.030303,0.424242,0.303030,0.272727,0.606061,0.212121,0.181818,0.125000,0.250000,0.281250,0.250000,0.187500,0.187500,0.250000,0.281250,0.093750,0.281250,0.125000,0.250000,0.312500,0.000000,0.062500,0.375000,0.250000,0.156250,0.312500,0.250000,0.062500,21.212121,33.333333,69.696970,78.787879,84.848485,3.030303,36.363636,48.484848,60.606061,96.969697,6.060606,18.181818,51.515152,75.757576,100.000000,3.030303,36.363636,57.575758,90.909091,100.000000,6.060606,27.272727,51.515152,72.727273,87.878788,9.090909,18.181818,33.333333,48.484848,84.848485,6.060606,18.181818,51.515152,75.757576,100.000000,3.030303,24.242424,42.424242,60.606061,96.969697,21.212121,33.333333,48.484848,72.727273,84.848485,3.030303,36.363636,54.545455,69.696970,96.969697,6.060606,27.272727,63.636364,75.757576,100.000000,9.090909,18.181818,33.333333,48.484848,84.848485,21.212121,33.333333,45.454545,78.787879,84.848485,3.030303,24.242424,51.515152,75.757576,100.000000,69.696970,69.696970,69.696970,69.696970,69.696970,9.090909,30.303030,45.454545,72.727273,84.848485,6.060606,27.272727,51.515152,87.878788,100.000000,3.030303,24.242424,57.575758,69.696970,96.969697,3.030303,24.242424,51.515152,75.757576,100.000000,21.212121,33.333333,69.696970,78.787879,84.848485,9.090909,12.121212,36.363636,60.606061,90.909091
Negative_F675,0.153846,0.307692,0.538462,0.307692,0.538462,0.153846,0.538462,0.307692,0.153846,0.307692,0.538462,0.153846,0.076923,0.923077,0.000000,0.384615,0.230769,0.384615,0.692308,0.153846,0.153846,0.166667,0.166667,0.333333,0.416667,0.083333,0.166667,0.333333,0.166667,0.166667,0.416667,0.083333,0.166667,0.166667,0.000000,0.000000,0.250000,0.333333,0.166667,0.333333,0.166667,0.000000,53.846154,53.846154,53.846154,84.615385,84.615385,23.076923,23.076923,30.769231,46.153846,76.923077,7.692308,15.384615,61.538462,92.307692,100.000000,23.076923,23.076923,30.769231,46.153846,76.923077,15.384615,38.461538,69.230769,92.307692,100.000000,7.692308,7.692308,7.692308,53.846154,53.846154,7.692308,15.384615,61.538462,92.307692,100.000000,23.076923,23.076923,30.769231,46.153846,76.923077,53.846154,53.846154,53.846154,84.615385,84.615385,23.076923,23.076923,30.769231,46.153846,76.923077,15.384615,38.461538,69.230769,92.307692,100.000000,7.692308,7.692308,7.692308,53.846154,53.846154,53.846154,53.846154,53.846154,53.846154,53.846154,7.692308,23.076923,46.153846,76.923077,100.000000,0.000000,0.000000,0.000000,0.000000,0.000000,15.384615,53.846154,69.230769,92.307692,100.000000,7.692308,7.692308,38.461538,61.538462,61.538462,23.076923,30.769231,46.153846,76.923077,84.615385,7.692308,38.461538,61.538462,76.923077,100.000000,53.846154,53.846154,53.846154,84.615385,84.615385,23.076923,23.076923,23.076923,30.769231,30.769231
Negative_F1505,0.236842,0.421053,0.342105,0.526316,0.210526,0.263158,0.342105,0.368421,0.289474,0.315789,0.421053,0.263158,0.105263,0.842105,0.052632,0.368421,0.342105,0.289474,0.578947,0.236842,0.184211,0.081081,0.108108,0.486486,0.162162,0.351351,0.081081,0.432432,0.162162,0.135135,0.270270,0.243243,0.189189,0.162162,0.000000,0.108108,0.189189,0.216216,0.297297,0.189189,0.378378,0.000000,18.421053,23.684211,52.631579,78.947368,100.000000,2.631579,31.578947,50.000000,73.684211,94.736842,5.263158,28.947368,47.368421,65.789474,92.105263,2.631579,28.947368,60.526316,81.578947,94.736842,18.421053,21.052632,26.315789,47.368421,100.000000,5.263158,31.578947,52.631579,63.157895,97.368421,5.263158,28.947368,47.368421,65.789474,92.105263,2.631579,34.210526,60.526316,81.578947,94.736842,18.421053,23.684211,36.842105,78.947368,100.000000,2.631579,34.210526,60.526316,81.578947,94.736842,10.526316,21.052632,39.473684,73.684211,100.000000,5.263158,31.578947,52.631579,63.157895,97.368421,52.631579,52.631579,55.263158,78.947368,97.368421,2.631579,23.684211,47.368421,73.684211,100.000000,21.052632,21.052632,21.052632,26.315789,26.315789,21.052632,34.210526,52.631579,78.947368,100.000000,5.263158,28.947368,57.894737,84.210526,92.105263,2.631579,13.157895,44.736842,71.052632,94.736842,2.631579,28.947368,50.000000,71.052632,94.736842,18.421053,23.684211,52.631579,78.947368,100.000000,13.157895,31.578947,44.736842,84.210526,89.473684
Negative_F1553,0.322581,0.322581,0.354839,0.451613,0.258065,0.290323,0.387097,0.290323,0.322581,0.290323,0.419355,0.290323,0.258065,0.741935,0.000000,0.419355,0.387097,0.193548,0.387097,0.322581,0.290323,0.133333,0.333333,0.233333,0.200000,0.233333,0.233333,0.300000,0.333333,0.133333,0.266667,0.166667,0.300000,0.400000,0.000000,0.000000,0.333333,0.166667,0.200000,0.333333,0.300000,0.133333,6.451613,16.129032,38.709677,54.838710,83.870968,19.354839,58.064516,80.645161,93.548387,100.000000,3.225806,22.580645,45.161290,67.741935,77.419355,19.354839,35.483871,61.290323,87.096774,100.000000,3.225806,9.677419,25.806452,54.838710,77.419355,6.451613,16.129032,41.935484,74.193548,93.548387,3.225806,22.580645,45.161290,67.741935,93.548387,19.354839,58.064516,80.645161,90.322581,100.000000,6.451613,16.129032,38.709677,54.838710,83.870968,19.354839,58.064516,80.645161,90.322581,100.000000,3.225806,25.806452,45.161290,61.290323,77.419355,6.451613,16.129032,41.935484,74.193548,93.548387,6.451613,12.903226,38.709677,51.612903,83.870968,3.225806,29.032258,58.064516,80.645161,100.000000,0.000000,0.000000,0.000000,0.000000,0.000000,3.225806,16.129032,38.709677,74.193548,96.774194,9.677419,29.032258,48.387097,67.741935,93.548387,32.258065,54.838710,64.516129,87.096774,100.000000,3.225806,22.580645,45.161290,67.741935,96.774194,6.451613,16.129032,38.709677,54.838710,83.870968,19.354839,58.064516,80.645161,90.322581,100.000000
Negative_F1701,0.307692,0.307692,0.384615,0.307692,0.384615,0.307692,0.384615,0.307692,0.307692,0.230769,0.461538,0.307692,0.307692,0.692308,0.000000,0.307692,0.461538,0.230769,0.384615,0.307692,0.307692,0.250000,0.333333,0.416667,0.416667,0.250000,0.333333,0.416667,0.333333,0.250000,0.250000,0.250000,0.333333,0.583333,0.000000,0.000000,0.416667,0.166667,0.333333,0.333333,0.416667,0.250000,7.692308,7.692308,30.769231,53.846154,92.307692,23.076923,23.076923,38.461538,61.538462,76.923077,15.384615,46.153846,69.230769,84.615385,100.000000,23.076923,23.076923,38.461538,61.538462,76.923077,15.384615,46.153846,69.230769,84.615385,100.000000,7.692308,7.692308,30.769231,53.846154,92.307692,15.384615,46.153846,69.230769,84.615385,100.000000,23.076923,23.076923,38.461538,61.538462,76.923077,7.692308,7.692308,30.769231,53.846154,92.307692,23.076923,23.076923,38.461538,61.538462,61.538462,15.384615,46.153846,69.230769,84.615385,100.000000,7.692308,7.692308,30.769231,53.846154,92.307692,7.692308,7.692308,30.769231,53.846154,92.307692,15.384615,38.461538,61.538462,76.923077,100.000000,0.000000,0.000000,0.000000,0.000000,0.000000,7.692308,7.692308,30.769231,53.846154,92.307692,15.384615,23.076923,46.153846,84.615385,100.000000,38.461538,38.461538,61.538462,76.923077,76.923077,15.384615,46.153846,69.230769,84.615385,100.000000,7.692308,7.692308,30.769231,53.846154,92.307692,23.076923,23.076923,38.461538,61.538462,76.923077
Negative_F2084,0.300000,0.340000,0.360000,0.280000,0.360000,0.360000,0.400000,0.280000,0.320000,0.280000,0.360000,0.360000,0.160000,0.760000,0.080000,0.540000,0.260000,0.200000,0.540000,0.300000,0.160000,0.224490,0.244898,0.224490,0.142857,0.265306,0.346939,0.204082,0.306122,0.204082,0.142857,0.265306,0.346939,0.285714,0.020408,0.142857,0.326531,0.285714,0.081633,0.367347,0.122449,0.102041,12.000000,34.000000,62.000000,82.000000,100.000000,4.000000,28.000000,44.000000,68.000000,96.000000,2.000000,16.000000,46.000000,78.000000,98.000000,4.000000,24.000000,42.000000,68.000000,96.000000,8.000000,30.000000,56.000000,82.000000,94.000000,2.000000,26.000000,44.000000,72.000000,100.000000,2.000000,16.000000,46.000000,72.000000,98.000000,4.000000,24.000000,42.000000,68.000000,96.000000,12.000000,34.000000,56.000000,80.000000,100.000000,4.000000,24.000000,42.000000,68.000000,96.000000,8.000000,30.000000,56.000000,82.000000,94.000000,2.000000,26.000000,44.000000,72.000000,100.000000,12.000000,22.000000,40.000000,62.000000,100.000000,2.000000,24.000000,46.000000,72.000000,98.000000,56.000000,56.000000,74.000000,82.000000,88.000000,2.000000,18.000000,44.000000,76.000000,100.000000,14.000000,46.000000,58.000000,78.000000,98.000000,6.000000,24.000000,42.000000,66.000000,96.000000,4.000000,18.000000,48.000000,78.000000,98.000000,12.000000,34.000000,62.000000,82.000000,100.000000,2.000000,20.000000,42.000000,64.000000,72.000000
Negative_F2151,0.200000,0.533333,0.266667,0.400000,0.400000,0.200000,0.400000,0.400000,0.200000,0.400000,0.400000,0.200000,0.000000,0.866667,0.133333,0.400000,0.333333,0.266667,0.466667,0.200000,0.333333,0.142857,0.142857,0.428571,0.285714,0.142857,0.285714,0.285714,0.142857,0.142857,0.285714,0.142857,0.285714,0.000000,0.000000,0.142857,0.071429,0.357143,0.071429,0.142857,0.500000,0.142857,20.000000,20.000000,26.666667,80.000000,80.000000,6.666667,33.333333,60.000000,73.333333,100.000000,13.333333,13.333333,40.000000,53.333333,86.666667,6.666667,33.333333,66.666667,93.333333,100.000000,13.333333,20.000000,26.666667,53.333333,80.000000,46.666667,46.666667,60.000000,86.666667,86.666667,13.333333,40.000000,46.666667,60.000000,86.666667,6.666667,33.333333,66.666667,93.333333,100.000000,20.000000,20.000000,26.666667,80.000000,80.000000,6.666667,33.333333,66.666667,93.333333,100.000000,13.333333,20.000000,26.666667,53.333333,80.000000,46.666667,46.666667,60.000000,86.666667,86.666667,0.000000,0.000000,0.000000,0.000000,0.000000,6.666667,40.000000,60.000000,80.000000,100.000000,20.000000,20.000000,20.000000,26.666667,26.666667,13.333333,20.000000,26.666667,86.666667,93.333333,33.333333,40.000000,46.666667,53.333333,60.000000,6.666667,6.666667,66.666667,80.000000,100.000000,6.666667,13.333333,53.333333,73.333333,93.333333,20.000000,20.000000,26.666667,80.000000,80.000000,33.333333,46.666667,60.000000,86.666667,100.000000
Negative_F2278,0.272727,0.454545,0.272727,0.409091,0.181818,0.409091,0.318182,0.409091,0.272727,0.409091,0.181818,0.409091,0.272727,0.727273,0.000000,0.590909,0.181818,0.227273,0.636364,0.272727,0.090909,0.428571,0.142857,0.190476,0.095238,0.428571,0.190476,0.142857,0.190476,0.380952,0.095238,0.428571,0.190476,0.571429,0.000000,0.000000,0.190476,0.380952,0.047619,0.476190,0.095238,0.095238,13.636364,31.818182,45.454545,77.272727,95.454545,18.181818,40.909091,59.090909,81.818182,100.000000,4.545455,9.090909,22.727273,54.545455,90.909091,18.181818,40.909091,68.181818,81.818182,100.000000,9.090909,9.090909,22.727273,27.272727,54.545455,4.545455,31.818182,59.090909,77.272727,95.454545,4.545455,9.090909,27.272727,59.090909,90.909091,18.181818,40.909091,68.181818,81.818182,100.000000,13.636364,31.818182,45.454545,77.272727,95.454545,18.181818,40.909091,68.181818,81.818182,100.000000,9.090909,9.090909,22.727273,27.272727,54.545455,4.545455,31.818182,59.090909,77.272727,95.454545,13.636364,31.818182,45.454545,77.272727,95.454545,4.545455,22.727273,50.000000,72.727273,100.000000,0.000000,0.000000,0.000000,0.000000,0.000000,9.090909,27.272727,45.454545,72.727273,95.454545,4.545455,4.545455,54.545455,59.090909,90.909091,18.181818,36.363636,68.181818,86.363636,100.000000,4.545455,27.272727,50.000000,81.818182,100.000000,13.636364,31.818182,45.454545,77.272727,95.454545,18.181818,18.181818,18.181818,59.090909,59.090909
Negative_F2283,0.306122,0.367347,0.326531,0.428571,0.285714,0.285714,0.326531,0.367347,0.306122,0.387755,0.326531,0.285714,0.224490,0.693878,0.081633,0.346939,0.326531,0.326531,0.632653,0.306122,0.061224,0.291667,0.250000,0.229167,0.229167,0.312500,0.187500,0.229167,0.250000,0.291667,0.229167,0.291667,0.208333,0.395833,0.020833,0.145833,0.312500,0.270833,0.208333,0.479167,0.062500,0.062500,10.204082,24.489796,55.102041,79.591837,97.959184,2.040816,20.408163,42.857143,73.469388,95.918367,4.081633,30.612245,51.020408,77.551020,100.000000,2.040816,22.448980,53.061224,75.510204,100.000000,4.081633,44.897959,59.183673,79.591837,97.959184,6.122449,18.367347,32.653061,55.102041,93.877551,4.081633,30.612245,51.020408,77.551020,100.000000,2.040816,20.408163,42.857143,73.469388,95.918367,10.204082,24.489796,55.102041,79.591837,97.959184,2.040816,20.408163,48.979592,73.469388,95.918367,4.081633,44.897959,67.346939,81.632653,100.000000,6.122449,18.367347,32.653061,55.102041,93.877551,10.204082,18.367347,40.816327,71.428571,93.877551,2.040816,26.530612,48.979592,75.510204,100.000000,57.142857,57.142857,65.306122,79.591837,97.959184,4.081633,24.489796,55.102041,83.673469,97.959184,6.122449,36.734694,59.183673,77.551020,100.000000,2.040816,16.326531,34.693878,61.224490,95.918367,2.040816,28.571429,51.020408,77.551020,100.000000,10.204082,24.489796,55.102041,79.591837,97.959184,8.163265,8.163265,26.530612,73.469388,73.469388
Negative_F1,0.272727,0.515152,0.212121,0.515152,0.272727,0.212121,0.212121,0.515152,0.272727,0.515152,0.272727,0.212121,0.181818,0.727273,0.090909,0.666667,0.151515,0.181818,0.666667,0.272727,0.060606,0.343750,0.093750,0.250000,0.312500,0.281250,0.156250,0.250000,0.093750,0.343750,0.312500,0.281250,0.156250,0.312500,0.062500,0.125000,0.187500,0.250000,0.093750,0.375000,0.062500,0.062500,15.151515,24.242424,36.363636,57.575758,93.939394,3.030303,42.424242,60.606061,75.757576,96.969697,6.060606,9.090909,27.272727,87.878788,100.000000,3.030303,42.424242,60.606061,75.757576,96.969697,6.060606,24.242424,36.363636,87.878788,100.000000,9.090909,15.151515,33.333333,57.575758,69.696970,6.060606,9.090909,27.272727,87.878788,100.000000,3.030303,42.424242,60.606061,75.757576,96.969697,15.151515,24.242424,36.363636,57.575758,93.939394,3.030303,42.424242,60.606061,75.757576,96.969697,6.060606,24.242424,36.363636,87.878788,100.000000,9.090909,15.151515,33.333333,57.575758,69.696970,15.151515,21.212121,33.333333,57.575758,69.696970,3.030303,27.272727,54.545455,78.787879,100.000000,24.242424,24.242424,36.363636,93.939394,93.939394,6.060606,36.363636,51.515152,72.727273,96.969697,9.090909,18.181818,27.272727,87.878788,100.000000,3.030303,12.121212,30.303030,81.818182,90.909091,3.030303,30.303030,54.545455,78.787879,100.000000,15.151515,24.242424,36.363636,57.575758,93.939394,12.121212,12.121212,12.121212,90.909091,90.909091
Negative_F16,0.187500,0.312500,0.500000,0.375000,0.437500,0.187500,0.500000,0.312500,0.187500,0.375000,0.437500,0.187500,0.125000,0.812500,0.062500,0.375000,0.375000,0.250000,0.750000,0.187500,0.062500,0.000000,0.266667,0.333333,0.400000,0.066667,0.200000,0.333333,0.266667,0.000000,0.400000,0.066667,0.200000,0.133333,0.000000,0.133333,0.266667,0.200000,0.266667,0.266667,0.133333,0.000000,25.000000,25.000000,43.750000,50.000000,50.000000,6.250000,68.750000,75.000000,87.500000,93.750000,12.500000,18.750000,37.500000,62.500000,100.000000,6.250000,25.000000,68.750000,87.500000,93.750000,12.500000,31.250000,56.250000,81.250000,100.000000,18.750000,18.750000,43.750000,50.000000,50.000000,12.500000,18.750000,37.500000,62.500000,100.000000,6.250000,68.750000,75.000000,87.500000,93.750000,25.000000,25.000000,43.750000,50.000000,50.000000,6.250000,25.000000,68.750000,87.500000,93.750000,12.500000,31.250000,56.250000,81.250000,100.000000,18.750000,18.750000,43.750000,50.000000,50.000000,43.750000,43.750000,43.750000,50.000000,50.000000,6.250000,31.250000,62.500000,81.250000,100.000000,25.000000,25.000000,25.000000,25.000000,25.000000,12.500000,43.750000,50.000000,87.500000,100.000000,18.750000,31.250000,37.500000,62.500000,75.000000,6.250000,6.250000,25.000000,68.750000,93.750000,6.250000,18.750000,56.250000,81.250000,100.000000,25.000000,25.000000,43.750000,50.000000,50.000000,75.000000,75.000000,75.000000,75.000000,75.000000
Negative_F49,0.100000,0.400000,0.500000,0.400000,0.500000,0.100000,0.500000,0.400000,0.100000,0.350000,0.550000,0.100000,0.100000,0.900000,0.000000,0.400000,0.250000,0.350000,0.750000,0.100000,0.150000,0.000000,0.105263,0.421053,0.421053,0.000000,0.105263,0.421053,0.105263,0.000000,0.421053,0.000000,0.105263,0.105263,0.000000,0.000000,0.315789,0.315789,0.105263,0.105263,0.315789,0.000000,90.000000,90.000000,90.000000,95.000000,95.000000,15.000000,20.000000,50.000000,60.000000,75.000000,5.000000,25.000000,40.000000,80.000000,100.000000,15.000000,20.000000,50.000000,60.000000,75.000000,5.000000,25.000000,40.000000,80.000000,100.000000,90.000000,90.000000,90.000000,95.000000,95.000000,5.000000,25.000000,40.000000,80.000000,100.000000,15.000000,20.000000,50.000000,60.000000,75.000000,90.000000,90.000000,90.000000,95.000000,95.000000,15.000000,35.000000,55.000000,70.000000,75.000000,5.000000,20.000000,40.000000,80.000000,100.000000,90.000000,90.000000,90.000000,95.000000,95.000000,90.000000,90.000000,90.000000,95.000000,95.000000,5.000000,25.000000,45.000000,70.000000,100.000000,0.000000,0.000000,0.000000,0.000000,0.000000,10.000000,30.000000,60.000000,80.000000,95.000000,5.000000,25.000000,45.000000,85.000000,100.000000,15.000000,20.000000,50.000000,70.000000,75.000000,5.000000,25.000000,50.000000,75.000000,100.000000,90.000000,90.000000,90.000000,95.000000,95.000000,20.000000,20.000000,35.000000,55.000000,55.000000
Negative_F88,0.312500,0.312500,0.375000,0.468750,0.281250,0.250000,0.375000,0.312500,0.312500,0.406250,0.343750,0.250000,0.218750,0.687500,0.093750,0.468750,0.250000,0.281250,0.625000,0.312500,0.062500,0.193548,0.322581,0.290323,0.322581,0.322581,0.129032,0.290323,0.322581,0.193548,0.354839,0.258065,0.193548,0.387097,0.064516,0.129032,0.225806,0.290323,0.193548,0.483871,0.096774,0.032258,12.500000,34.375000,50.000000,75.000000,87.500000,3.125000,25.000000,37.500000,59.375000,96.875000,6.250000,18.750000,53.125000,78.125000,100.000000,3.125000,25.000000,50.000000,84.375000,100.000000,6.250000,28.125000,53.125000,68.750000,90.625000,18.750000,21.875000,46.875000,75.000000,87.500000,6.250000,18.750000,53.125000,78.125000,100.000000,3.125000,25.000000,37.500000,59.375000,96.875000,12.500000,34.375000,50.000000,75.000000,87.500000,3.125000,25.000000,43.750000,59.375000,96.875000,6.250000,28.125000,65.625000,84.375000,100.000000,18.750000,21.875000,46.875000,75.000000,87.500000,21.875000,34.375000,62.500000,81.250000,87.500000,3.125000,25.000000,43.750000,78.125000,100.000000,12.500000,12.500000,50.000000,71.875000,71.875000,9.375000,34.375000,56.250000,75.000000,87.500000,6.250000,18.750000,40.625000,90.625000,100.000000,3.125000,15.625000,37.500000,59.375000,96.875000,3.125000,25.000000,43.750000,68.750000,100.000000,12.500000,34.375000,50.000000,75.000000,87.500000,15.625000,15.625000,15.625000,93.750000,93.750000
Negative_F117,0.277778,0.166667,0.555556,0.500000,0.166667,0.333333,0.555556,0.166667,0.277778,0.166667,0.500000,0.333333,0.277778,0.722222,0.000000,0.277778,0.611111,0.111111,0.666667,0.277778,0.055556,0.176471,0.235294,0.176471,0.352941,0.529412,0.000000,0.176471,0.235294,0.176471,0.117647,0.235294,0.294118,0.411765,0.000000,0.000000,0.294118,0.117647,0.117647,0.352941,0.058824,0.058824,5.555556,33.333333,55.555556,77.777778,83.333333,27.777778,27.777778,38.888889,88.888889,88.888889,11.111111,22.222222,50.000000,72.222222,100.000000,11.111111,27.777778,50.000000,72.222222,100.000000,16.666667,16.666667,66.666667,94.444444,94.444444,5.555556,33.333333,44.444444,77.777778,83.333333,11.111111,22.222222,50.000000,72.222222,100.000000,27.777778,27.777778,38.888889,88.888889,88.888889,5.555556,33.333333,55.555556,77.777778,83.333333,27.777778,27.777778,38.888889,88.888889,88.888889,11.111111,22.222222,61.111111,72.222222,100.000000,5.555556,33.333333,44.444444,77.777778,83.333333,5.555556,33.333333,55.555556,77.777778,83.333333,11.111111,27.777778,50.000000,72.222222,100.000000,0.000000,0.000000,0.000000,0.000000,0.000000,5.555556,33.333333,55.555556,77.777778,83.333333,11.111111,22.222222,50.000000,72.222222,100.000000,38.888889,38.888889,38.888889,88.888889,88.888889,11.111111,22.222222,50.000000,72.222222,100.000000,5.555556,33.333333,55.555556,77.777778,83.333333,27.777778,27.777778,27.777778,27.777778,27.777778
Negative_F118,0.307692,0.153846,0.538462,0.153846,0.153846,0.692308,0.538462,0.153846,0.307692,0.000000,0.307692,0.692308,0.307692,0.692308,0.000000,0.384615,0.461538,0.153846,0.538462,0.307692,0.153846,0.000000,0.250000,0.333333,0.000000,0.333333,0.250000,0.333333,0.250000,0.000000,0.000000,0.000000,0.583333,0.250000,0.000000,0.000000,0.250000,0.000000,0.333333,0.250000,0.333333,0.000000,15.384615,15.384615,23.076923,92.307692,100.000000,38.461538,38.461538,38.461538,69.230769,69.230769,7.692308,30.769231,53.846154,76.923077,84.615385,38.461538,38.461538,38.461538,69.230769,69.230769,7.692308,7.692308,7.692308,84.615385,84.615385,15.384615,30.769231,53.846154,76.923077,100.000000,7.692308,30.769231,53.846154,76.923077,84.615385,38.461538,38.461538,38.461538,69.230769,69.230769,15.384615,15.384615,23.076923,92.307692,100.000000,0.000000,0.000000,0.000000,0.000000,0.000000,7.692308,7.692308,38.461538,69.230769,84.615385,15.384615,30.769231,53.846154,76.923077,100.000000,15.384615,15.384615,23.076923,92.307692,100.000000,7.692308,38.461538,53.846154,69.230769,84.615385,0.000000,0.000000,0.000000,0.000000,0.000000,15.384615,23.076923,84.615385,92.307692,100.000000,7.692308,30.769231,46.153846,61.538462,76.923077,38.461538,38.461538,38.461538,69.230769,69.230769,7.692308,30.769231,53.846154,76.923077,84.615385,15.384615,15.384615,23.076923,92.307692,100.000000,38.461538,38.461538,38.461538,69.230769,69.230769
Negative_F151,0.333333,0.242424,0.424242,0.393939,0.242424,0.363636,0.424242,0.212121,0.363636,0.151515,0.484848,0.363636,0.303030,0.666667,0.030303,0.545455,0.333333,0.121212,0.575758,0.333333,0.090909,0.156250,0.187500,0.218750,0.218750,0.343750,0.187500,0.187500,0.218750,0.187500,0.093750,0.156250,0.375000,0.343750,0.062500,0.000000,0.375000,0.218750,0.031250,0.312500,0.093750,0.031250,18.181818,39.393939,48.484848,75.757576,100.000000,12.121212,24.242424,51.515152,72.727273,84.848485,3.030303,15.151515,33.333333,78.787879,93.939394,9.090909,24.242424,51.515152,72.727273,93.939394,3.030303,6.060606,33.333333,66.666667,87.878788,18.181818,39.393939,57.575758,75.757576,100.000000,3.030303,15.151515,33.333333,78.787879,93.939394,12.121212,24.242424,51.515152,72.727273,84.848485,18.181818,39.393939,48.484848,75.757576,100.000000,12.121212,24.242424,51.515152,54.545455,72.727273,3.030303,15.151515,36.363636,78.787879,93.939394,18.181818,39.393939,57.575758,75.757576,100.000000,18.181818,39.393939,48.484848,75.757576,100.000000,3.030303,24.242424,51.515152,78.787879,93.939394,42.424242,42.424242,42.424242,42.424242,42.424242,12.121212,27.272727,45.454545,75.757576,100.000000,3.030303,9.090909,57.575758,78.787879,93.939394,36.363636,36.363636,54.545455,72.727273,84.848485,3.030303,15.151515,51.515152,72.727273,93.939394,18.181818,39.393939,48.484848,75.757576,100.000000,36.363636,36.363636,81.818182,84.848485,84.848485
Negative_F177,0.352941,0.323529,0.323529,0.441176,0.176471,0.382353,0.382353,0.264706,0.352941,0.235294,0.382353,0.382353,0.264706,0.705882,0.029412,0.352941,0.382353,0.264706,0.470588,0.352941,0.176471,0.212121,0.242424,0.242424,0.181818,0.272727,0.121212,0.212121,0.272727,0.181818,0.212121,0.121212,0.272727,0.303030,0.030303,0.030303,0.303030,0.090909,0.181818,0.303030,0.212121,0.151515,17.647059,23.529412,44.117647,76.470588,100.000000,2.941176,32.352941,52.941176,73.529412,94.117647,5.882353,14.705882,47.058824,82.352941,91.176471,2.941176,14.705882,50.000000,73.529412,94.117647,5.882353,35.294118,41.176471,67.647059,82.352941,17.647059,26.470588,55.882353,79.411765,100.000000,5.882353,26.470588,55.882353,79.411765,91.176471,2.941176,32.352941,50.000000,70.588235,94.117647,17.647059,23.529412,44.117647,76.470588,100.000000,2.941176,11.764706,50.000000,70.588235,94.117647,5.882353,29.411765,41.176471,67.647059,91.176471,17.647059,26.470588,55.882353,79.411765,100.000000,17.647059,23.529412,61.764706,85.294118,100.000000,2.941176,26.470588,50.000000,70.588235,94.117647,41.176471,41.176471,41.176471,41.176471,41.176471,11.764706,20.588235,44.117647,76.470588,100.000000,5.882353,26.470588,55.882353,79.411765,91.176471,2.941176,35.294118,50.000000,67.647059,94.117647,2.941176,11.764706,47.058824,70.588235,91.176471,17.647059,23.529412,44.117647,76.470588,100.000000,32.352941,38.235294,50.000000,79.411765,94.117647
Negative_F182,0.312500,0.343750,0.343750,0.437500,0.156250,0.406250,0.437500,0.250000,0.312500,0.250000,0.343750,0.406250,0.281250,0.687500,0.031250,0.406250,0.437500,0.156250,0.500000,0.312500,0.187500,0.193548,0.225806,0.322581,0.096774,0.354839,0.193548,0.258065,0.290323,0.129032,0.193548,0.193548,0.354839,0.419355,0.064516,0.000000,0.354839,0.129032,0.129032,0.290323,0.258065,0.129032,18.750000,28.125000,43.750000,78.125000,100.000000,6.250000,25.000000,56.250000,68.750000,84.375000,3.125000,15.625000,50.000000,90.625000,96.875000,6.250000,25.000000,53.125000,65.625000,96.875000,3.125000,43.750000,50.000000,81.250000,90.625000,12.500000,28.125000,46.875000,78.125000,100.000000,3.125000,15.625000,50.000000,84.375000,96.875000,6.250000,25.000000,53.125000,59.375000,75.000000,18.750000,28.125000,43.750000,78.125000,100.000000,6.250000,25.000000,53.125000,59.375000,75.000000,3.125000,15.625000,50.000000,90.625000,96.875000,12.500000,28.125000,46.875000,78.125000,100.000000,18.750000,28.125000,46.875000,78.125000,100.000000,3.125000,25.000000,53.125000,75.000000,96.875000,43.750000,43.750000,43.750000,43.750000,43.750000,18.750000,40.625000,50.000000,78.125000,100.000000,3.125000,12.500000,31.250000,81.250000,96.875000,34.375000,53.125000,56.250000,65.625000,75.000000,3.125000,31.250000,56.250000,75.000000,96.875000,18.750000,28.125000,43.750000,78.125000,100.000000,6.250000,12.500000,25.000000,68.750000,84.375000
Negative_F184,0.275862,0.344828,0.379310,0.517241,0.206897,0.275862,0.413793,0.310345,0.275862,0.310345,0.413793,0.275862,0.206897,0.758621,0.034483,0.379310,0.344828,0.275862,0.517241,0.275862,0.206897,0.178571,0.321429,0.250000,0.142857,0.214286,0.214286,0.214286,0.357143,0.142857,0.250000,0.107143,0.321429,0.392857,0.035714,0.035714,0.321429,0.178571,0.178571,0.428571,0.214286,0.071429,13.793103,31.034483,44.827586,72.413793,89.655172,6.896552,20.689655,37.931034,58.620690,86.206897,3.448276,27.586207,62.068966,93.103448,100.000000,3.448276,17.241379,37.931034,62.068966,100.000000,41.379310,48.275862,68.965517,82.758621,93.103448,13.793103,31.034483,44.827586,79.310345,89.655172,3.448276,27.586207,62.068966,86.206897,100.000000,6.896552,20.689655,37.931034,55.172414,75.862069,13.793103,31.034483,44.827586,72.413793,89.655172,6.896552,20.689655,37.931034,55.172414,75.862069,3.448276,27.586207,62.068966,82.758621,100.000000,13.793103,31.034483,44.827586,79.310345,89.655172,13.793103,31.034483,44.827586,79.310345,89.655172,3.448276,24.137931,51.724138,75.862069,100.000000,41.379310,41.379310,41.379310,41.379310,41.379310,13.793103,41.379310,58.620690,79.310345,93.103448,3.448276,17.241379,34.482759,86.206897,100.000000,6.896552,20.689655,37.931034,55.172414,75.862069,3.448276,34.482759,58.620690,82.758621,100.000000,13.793103,31.034483,44.827586,72.413793,89.655172,6.896552,17.241379,20.689655,51.724138,86.206897
Negative_F237,0.225806,0.451613,0.322581,0.483871,0.290323,0.225806,0.322581,0.419355,0.258065,0.483871,0.290323,0.225806,0.129032,0.806452,0.064516,0.548387,0.258065,0.193548,0.612903,0.225806,0.161290,0.166667,0.133333,0.400000,0.400000,0.166667,0.100000,0.366667,0.166667,0.200000,0.400000,0.166667,0.100000,0.166667,0.033333,0.100000,0.233333,0.233333,0.166667,0.233333,0.266667,0.066667,12.903226,16.129032,29.032258,87.096774,100.000000,3.225806,45.161290,58.064516,77.419355,96.774194,6.451613,19.354839,32.258065,70.967742,93.548387,3.225806,38.709677,64.516129,83.870968,96.774194,19.354839,32.258065,48.387097,80.645161,100.000000,6.451613,9.677419,25.806452,51.612903,61.290323,6.451613,19.354839,32.258065,70.967742,93.548387,3.225806,45.161290,64.516129,77.419355,96.774194,12.903226,16.129032,29.032258,61.290323,100.000000,3.225806,38.709677,64.516129,83.870968,96.774194,19.354839,32.258065,48.387097,80.645161,100.000000,6.451613,9.677419,25.806452,51.612903,61.290323,12.903226,12.903226,25.806452,29.032258,61.290323,3.225806,35.483871,54.838710,77.419355,100.000000,16.129032,16.129032,16.129032,87.096774,87.096774,3.225806,25.806452,51.612903,67.741935,100.000000,9.677419,19.354839,38.709677,80.645161,93.548387,16.129032,35.483871,58.064516,87.096774,96.774194,3.225806,32.258065,54.838710,74.193548,93.548387,12.903226,16.129032,29.032258,87.096774,100.000000,6.451613,38.709677,51.612903,90.322581,96.774194
Negative_F311,0.250000,0.333333,0.416667,0.333333,0.333333,0.333333,0.416667,0.333333,0.250000,0.291667,0.375000,0.333333,0.208333,0.791667,0.000000,0.500000,0.291667,0.208333,0.666667,0.250000,0.083333,0.086957,0.130435,0.260870,0.217391,0.130435,0.173913,0.260870,0.130435,0.086957,0.217391,0.130435,0.173913,0.260870,0.000000,0.000000,0.217391,0.173913,0.173913,0.217391,0.086957,0.000000,29.166667,45.833333,87.500000,95.833333,100.000000,12.500000,16.666667,37.500000,58.333333,75.000000,4.166667,20.833333,50.000000,70.833333,83.333333,12.500000,16.666667,37.500000,58.333333,75.000000,20.833333,25.000000,54.166667,70.833333,100.000000,4.166667,8.333333,45.833333,87.500000,95.833333,4.166667,20.833333,50.000000,70.833333,83.333333,12.500000,16.666667,37.500000,58.333333,75.000000,29.166667,45.833333,87.500000,95.833333,100.000000,12.500000,16.666667,37.500000,62.500000,75.000000,20.833333,50.000000,58.333333,70.833333,100.000000,4.166667,8.333333,45.833333,87.500000,95.833333,29.166667,45.833333,87.500000,91.666667,95.833333,4.166667,20.833333,50.000000,70.833333,100.000000,0.000000,0.000000,0.000000,0.000000,0.000000,16.666667,29.166667,45.833333,87.500000,100.000000,4.166667,8.333333,54.166667,70.833333,83.333333,12.500000,33.333333,58.333333,62.500000,75.000000,4.166667,16.666667,37.500000,66.666667,83.333333,29.166667,45.833333,87.500000,95.833333,100.000000,58.333333,58.333333,58.333333,62.500000,62.500000
Negative_F313,0.200000,0.440000,0.360000,0.500000,0.240000,0.260000,0.420000,0.360000,0.220000,0.240000,0.500000,0.260000,0.160000,0.820000,0.020000,0.300000,0.360000,0.340000,0.500000,0.200000,0.300000,0.204082,0.142857,0.306122,0.224490,0.224490,0.142857,0.285714,0.224490,0.163265,0.163265,0.122449,0.244898,0.306122,0.000000,0.040816,0.204082,0.183673,0.224490,0.224490,0.306122,0.122449,4.000000,34.000000,58.000000,74.000000,100.000000,2.000000,14.000000,28.000000,62.000000,94.000000,18.000000,46.000000,60.000000,84.000000,98.000000,6.000000,24.000000,50.000000,70.000000,92.000000,18.000000,40.000000,48.000000,74.000000,98.000000,2.000000,22.000000,56.000000,82.000000,100.000000,2.000000,44.000000,56.000000,80.000000,98.000000,6.000000,16.000000,28.000000,62.000000,88.000000,4.000000,34.000000,68.000000,82.000000,100.000000,6.000000,12.000000,52.000000,68.000000,88.000000,16.000000,30.000000,48.000000,76.000000,98.000000,2.000000,22.000000,56.000000,82.000000,100.000000,4.000000,22.000000,42.000000,72.000000,100.000000,2.000000,26.000000,50.000000,76.000000,98.000000,68.000000,68.000000,68.000000,68.000000,68.000000,4.000000,40.000000,58.000000,82.000000,100.000000,2.000000,30.000000,54.000000,80.000000,98.000000,6.000000,20.000000,32.000000,66.000000,88.000000,6.000000,40.000000,54.000000,80.000000,98.000000,4.000000,34.000000,58.000000,74.000000,100.000000,2.000000,16.000000,28.000000,62.000000,94.000000
Negative_F315,0.193548,0.532258,0.274194,0.548387,0.193548,0.258065,0.338710,0.451613,0.209677,0.290323,0.451613,0.258065,0.145161,0.854839,0.000000,0.241935,0.322581,0.435484,0.451613,0.193548,0.354839,0.295082,0.081967,0.377049,0.245902,0.393443,0.098361,0.409836,0.147541,0.262295,0.262295,0.245902,0.245902,0.295082,0.000000,0.000000,0.131148,0.245902,0.360656,0.213115,0.377049,0.163934,1.612903,14.516129,48.387097,72.580645,95.161290,4.838710,24.193548,45.161290,70.967742,100.000000,3.225806,33.870968,58.064516,77.419355,91.935484,8.064516,32.258065,51.612903,75.806452,100.000000,1.612903,17.741935,41.935484,62.903226,91.935484,4.838710,14.516129,46.774194,80.645161,98.387097,3.225806,29.032258,54.838710,77.419355,98.387097,8.064516,24.193548,43.548387,67.741935,100.000000,1.612903,20.967742,59.677419,80.645161,95.161290,8.064516,38.709677,61.290323,79.032258,100.000000,1.612903,24.193548,41.935484,62.903226,91.935484,4.838710,14.516129,46.774194,80.645161,98.387097,6.451613,20.967742,59.677419,80.645161,95.161290,1.612903,27.419355,50.000000,74.193548,100.000000,0.000000,0.000000,0.000000,0.000000,0.000000,1.612903,20.967742,69.354839,82.258065,95.161290,3.225806,17.741935,51.612903,75.806452,98.387097,8.064516,25.806452,45.161290,67.741935,100.000000,3.225806,33.870968,54.838710,77.419355,96.774194,1.612903,14.516129,48.387097,72.580645,95.161290,4.838710,22.580645,40.322581,67.741935,100.000000
Negative_F321,0.355556,0.311111,0.333333,0.444444,0.288889,0.266667,0.333333,0.311111,0.355556,0.266667,0.466667,0.266667,0.222222,0.777778,0.000000,0.377778,0.333333,0.288889,0.466667,0.355556,0.177778,0.159091,0.227273,0.272727,0.340909,0.181818,0.159091,0.272727,0.227273,0.159091,0.295455,0.090909,0.250000,0.295455,0.000000,0.000000,0.250000,0.227273,0.204545,0.272727,0.204545,0.113636,8.888889,22.222222,35.555556,84.444444,100.000000,2.222222,20.000000,46.666667,71.111111,82.222222,4.444444,40.000000,53.333333,77.777778,93.333333,2.222222,24.444444,53.333333,73.333333,93.333333,8.888889,22.222222,44.444444,68.888889,86.666667,4.444444,28.888889,51.111111,88.888889,100.000000,4.444444,40.000000,53.333333,77.777778,93.333333,2.222222,20.000000,46.666667,71.111111,82.222222,8.888889,22.222222,35.555556,84.444444,100.000000,2.222222,11.111111,37.777778,71.111111,82.222222,8.888889,33.333333,48.888889,75.555556,93.333333,4.444444,28.888889,51.111111,88.888889,100.000000,15.555556,31.111111,51.111111,95.555556,100.000000,2.222222,22.222222,48.888889,73.333333,93.333333,0.000000,0.000000,0.000000,0.000000,0.000000,8.888889,31.111111,64.444444,84.444444,100.000000,4.444444,26.666667,48.888889,75.555556,93.333333,2.222222,20.000000,37.777778,57.777778,80.000000,2.222222,37.777778,53.333333,77.777778,93.333333,8.888889,22.222222,35.555556,84.444444,100.000000,6.666667,20.000000,46.666667,60.000000,73.333333
Negative_F323,0.305556,0.305556,0.388889,0.444444,0.222222,0.333333,0.416667,0.250000,0.333333,0.277778,0.388889,0.333333,0.138889,0.833333,0.027778,0.388889,0.444444,0.166667,0.527778,0.305556,0.166667,0.228571,0.285714,0.228571,0.257143,0.314286,0.200000,0.171429,0.285714,0.228571,0.257143,0.200000,0.314286,0.200000,0.028571,0.028571,0.314286,0.171429,0.142857,0.400000,0.171429,0.114286,8.333333,33.333333,58.333333,77.777778,97.222222,2.777778,25.000000,41.666667,61.111111,100.000000,5.555556,22.222222,52.777778,86.111111,94.444444,2.777778,19.444444,36.111111,69.444444,100.000000,8.333333,13.888889,38.888889,77.777778,94.444444,11.111111,41.666667,55.555556,72.222222,97.222222,5.555556,22.222222,52.777778,86.111111,94.444444,2.777778,25.000000,36.111111,61.111111,100.000000,8.333333,33.333333,55.555556,72.222222,97.222222,2.777778,25.000000,36.111111,69.444444,100.000000,5.555556,19.444444,38.888889,80.555556,94.444444,11.111111,41.666667,55.555556,72.222222,97.222222,55.555556,58.333333,72.222222,83.333333,97.222222,2.777778,22.222222,41.666667,75.000000,100.000000,69.444444,69.444444,69.444444,69.444444,69.444444,2.777778,33.333333,41.666667,72.222222,97.222222,5.555556,22.222222,50.000000,80.555556,94.444444,8.333333,16.666667,44.444444,75.000000,100.000000,2.777778,22.222222,52.777778,86.111111,100.000000,8.333333,33.333333,58.333333,77.777778,97.222222,16.666667,27.777778,41.666667,50.000000,75.000000
Negative_F348,0.340426,0.361702,0.297872,0.468085,0.361702,0.170213,0.297872,0.340426,0.361702,0.468085,0.361702,0.170213,0.148936,0.659574,0.191489,0.468085,0.148936,0.382979,0.553191,0.340426,0.106383,0.260870,0.217391,0.282609,0.413043,0.217391,0.086957,0.260870,0.239130,0.239130,0.413043,0.217391,0.086957,0.195652,0.065217,0.282609,0.152174,0.456522,0.130435,0.413043,0.086957,0.065217,10.638298,25.531915,51.063830,72.340426,95.744681,2.127660,23.404255,40.425532,70.212766,97.872340,6.382979,31.914894,55.319149,85.106383,100.000000,2.127660,23.404255,46.808511,74.468085,97.872340,6.382979,31.914894,57.446809,78.723404,100.000000,12.765957,25.531915,42.553191,72.340426,87.234043,6.382979,31.914894,55.319149,85.106383,100.000000,2.127660,21.276596,36.170213,65.957447,97.872340,10.638298,27.659574,57.446809,80.851064,95.744681,2.127660,23.404255,46.808511,74.468085,97.872340,6.382979,31.914894,57.446809,78.723404,100.000000,12.765957,25.531915,42.553191,72.340426,87.234043,12.765957,25.531915,42.553191,72.340426,87.234043,2.127660,23.404255,46.808511,76.595745,100.000000,10.638298,51.063830,59.574468,82.978723,95.744681,6.382979,23.404255,42.553191,63.829787,93.617021,31.914894,55.319149,78.723404,91.489362,100.000000,2.127660,21.276596,46.808511,74.468085,97.872340,6.382979,29.787234,44.680851,74.468085,100.000000,10.638298,25.531915,51.063830,72.340426,95.744681,2.127660,4.255319,65.957447,80.851064,97.872340
Negative_F352,0.351351,0.324324,0.324324,0.432432,0.243243,0.324324,0.351351,0.270270,0.378378,0.270270,0.405405,0.324324,0.189189,0.756757,0.054054,0.351351,0.405405,0.243243,0.324324,0.351351,0.324324,0.194444,0.277778,0.222222,0.194444,0.388889,0.222222,0.194444,0.305556,0.166667,0.166667,0.194444,0.416667,0.305556,0.027778,0.055556,0.222222,0.194444,0.277778,0.305556,0.250000,0.166667,2.702703,32.432432,59.459459,81.081081,91.891892,8.108108,21.621622,40.540541,64.864865,100.000000,5.405405,18.918919,43.243243,75.675676,94.594595,8.108108,21.621622,40.540541,70.270270,100.000000,2.702703,13.513514,43.243243,54.054054,81.081081,5.405405,37.837838,67.567568,83.783784,97.297297,5.405405,35.135135,45.945946,78.378378,97.297297,8.108108,21.621622,27.027027,64.864865,100.000000,2.702703,32.432432,56.756757,81.081081,91.891892,8.108108,21.621622,27.027027,64.864865,100.000000,2.702703,18.918919,45.945946,75.675676,94.594595,5.405405,37.837838,67.567568,83.783784,97.297297,29.729730,51.351351,72.972973,86.486486,91.891892,5.405405,21.621622,45.945946,70.270270,100.000000,2.702703,2.702703,2.702703,32.432432,32.432432,2.702703,48.648649,56.756757,78.378378,91.891892,5.405405,18.918919,37.837838,75.675676,97.297297,10.810811,27.027027,59.459459,70.270270,100.000000,5.405405,18.918919,43.243243,70.270270,94.594595,2.702703,32.432432,59.459459,81.081081,91.891892,8.108108,21.621622,40.540541,64.864865,100.000000
Negative_F366,0.208333,0.333333,0.458333,0.375000,0.333333,0.291667,0.500000,0.291667,0.208333,0.250000,0.458333,0.291667,0.166667,0.833333,0.000000,0.333333,0.500000,0.166667,0.625000,0.208333,0.166667,0.086957,0.173913,0.434783,0.304348,0.173913,0.130435,0.347826,0.173913,0.086957,0.304348,0.043478,0.260870,0.173913,0.000000,0.000000,0.260870,0.173913,0.173913,0.217391,0.304348,0.043478,45.833333,58.333333,62.500000,91.666667,95.833333,12.500000,25.000000,37.500000,70.833333,87.500000,4.166667,16.666667,50.000000,75.000000,100.000000,12.500000,29.166667,41.666667,79.166667,100.000000,16.666667,20.833333,45.833333,54.166667,83.333333,4.166667,8.333333,62.500000,91.666667,95.833333,4.166667,16.666667,50.000000,70.833333,100.000000,12.500000,25.000000,37.500000,79.166667,87.500000,45.833333,58.333333,62.500000,91.666667,95.833333,25.000000,29.166667,37.500000,79.166667,87.500000,12.500000,20.833333,50.000000,75.000000,100.000000,4.166667,8.333333,62.500000,91.666667,95.833333,58.333333,58.333333,62.500000,91.666667,95.833333,4.166667,20.833333,41.666667,70.833333,100.000000,0.000000,0.000000,0.000000,0.000000,0.000000,25.000000,37.500000,54.166667,62.500000,95.833333,4.166667,16.666667,50.000000,75.000000,100.000000,12.500000,12.500000,29.166667,41.666667,87.500000,4.166667,20.833333,37.500000,66.666667,100.000000,45.833333,58.333333,62.500000,91.666667,95.833333,12.500000,12.500000,70.833333,79.166667,87.500000
Negative_F405,0.200000,0.600000,0.200000,0.333333,0.266667,0.400000,0.266667,0.333333,0.400000,0.333333,0.266667,0.400000,0.133333,0.800000,0.066667,0.733333,0.266667,0.000000,0.466667,0.200000,0.333333,0.142857,0.071429,0.285714,0.285714,0.285714,0.142857,0.285714,0.214286,0.285714,0.285714,0.285714,0.142857,0.214286,0.071429,0.000000,0.500000,0.000000,0.000000,0.142857,0.071429,0.071429,40.000000,40.000000,93.333333,100.000000,100.000000,13.333333,46.666667,60.000000,73.333333,86.666667,6.666667,6.666667,20.000000,33.333333,33.333333,13.333333,26.666667,46.666667,53.333333,80.000000,6.666667,6.666667,20.000000,33.333333,100.000000,40.000000,60.000000,66.666667,86.666667,93.333333,6.666667,6.666667,20.000000,33.333333,66.666667,13.333333,26.666667,46.666667,53.333333,80.000000,40.000000,60.000000,73.333333,93.333333,100.000000,13.333333,26.666667,46.666667,53.333333,80.000000,6.666667,6.666667,20.000000,33.333333,100.000000,40.000000,60.000000,66.666667,86.666667,93.333333,40.000000,40.000000,40.000000,93.333333,93.333333,6.666667,20.000000,46.666667,66.666667,86.666667,100.000000,100.000000,100.000000,100.000000,100.000000,13.333333,33.333333,53.333333,86.666667,100.000000,6.666667,6.666667,20.000000,66.666667,80.000000,0.000000,0.000000,0.000000,0.000000,0.000000,6.666667,13.333333,26.666667,46.666667,53.333333,40.000000,40.000000,93.333333,100.000000,100.000000,60.000000,66.666667,73.333333,80.000000,86.666667
Negative_F454,0.176471,0.235294,0.588235,0.352941,0.411765,0.235294,0.588235,0.235294,0.176471,0.235294,0.529412,0.235294,0.117647,0.882353,0.000000,0.411765,0.470588,0.117647,0.647059,0.176471,0.176471,0.187500,0.062500,0.312500,0.437500,0.250000,0.062500,0.312500,0.062500,0.187500,0.312500,0.187500,0.125000,0.125000,0.000000,0.000000,0.562500,0.187500,0.062500,0.125000,0.125000,0.125000,41.176471,41.176471,88.235294,94.117647,94.117647,23.529412,23.529412,35.294118,47.058824,82.352941,5.882353,17.647059,52.941176,70.588235,100.000000,23.529412,35.294118,47.058824,82.352941,100.000000,11.764706,17.647059,52.941176,70.588235,76.470588,5.882353,5.882353,29.411765,88.235294,94.117647,5.882353,17.647059,52.941176,70.588235,100.000000,23.529412,23.529412,35.294118,47.058824,82.352941,41.176471,41.176471,88.235294,94.117647,94.117647,23.529412,23.529412,35.294118,47.058824,82.352941,11.764706,41.176471,58.823529,70.588235,100.000000,5.882353,5.882353,29.411765,88.235294,94.117647,88.235294,88.235294,88.235294,94.117647,94.117647,5.882353,23.529412,47.058824,70.588235,100.000000,0.000000,0.000000,0.000000,0.000000,0.000000,11.764706,29.411765,52.941176,88.235294,94.117647,5.882353,17.647059,58.823529,76.470588,100.000000,23.529412,23.529412,23.529412,47.058824,47.058824,5.882353,17.647059,52.941176,70.588235,100.000000,41.176471,41.176471,88.235294,94.117647,94.117647,29.411765,29.411765,35.294118,82.352941,82.352941
Negative_F521,0.270270,0.351351,0.378378,0.459459,0.297297,0.243243,0.378378,0.351351,0.270270,0.405405,0.351351,0.243243,0.189189,0.756757,0.054054,0.486486,0.243243,0.270270,0.621622,0.270270,0.108108,0.194444,0.250000,0.333333,0.361111,0.305556,0.138889,0.333333,0.250000,0.194444,0.361111,0.277778,0.166667,0.361111,0.027778,0.083333,0.333333,0.388889,0.138889,0.361111,0.138889,0.083333,18.918919,40.540541,54.054054,86.486486,97.297297,2.702703,24.324324,37.837838,59.459459,91.891892,5.405405,16.216216,56.756757,78.378378,100.000000,2.702703,27.027027,48.648649,72.972973,100.000000,5.405405,16.216216,64.864865,78.378378,97.297297,8.108108,29.729730,40.540541,62.162162,94.594595,5.405405,16.216216,56.756757,78.378378,100.000000,2.702703,24.324324,37.837838,59.459459,91.891892,18.918919,40.540541,54.054054,86.486486,97.297297,2.702703,24.324324,43.243243,67.567568,91.891892,5.405405,45.945946,70.270270,83.783784,100.000000,8.108108,29.729730,40.540541,62.162162,94.594595,18.918919,29.729730,51.351351,86.486486,94.594595,2.702703,21.621622,45.945946,75.675676,100.000000,54.054054,54.054054,54.054054,72.972973,72.972973,5.405405,27.027027,45.945946,75.675676,97.297297,8.108108,32.432432,70.270270,83.783784,100.000000,2.702703,21.621622,43.243243,67.567568,91.891892,2.702703,21.621622,45.945946,75.675676,100.000000,18.918919,40.540541,54.054054,86.486486,97.297297,10.810811,10.810811,37.837838,59.459459,91.891892
Negative_F561,0.181818,0.363636,0.454545,0.363636,0.636364,0.000000,0.454545,0.363636,0.181818,0.090909,0.909091,0.000000,0.000000,1.000000,0.000000,0.181818,0.272727,0.545455,0.545455,0.181818,0.272727,0.100000,0.200000,0.300000,0.400000,0.000000,0.000000,0.300000,0.200000,0.100000,0.200000,0.000000,0.000000,0.000000,0.000000,0.000000,0.200000,0.200000,0.300000,0.200000,0.100000,0.100000,9.090909,9.090909,9.090909,54.545455,54.545455,27.272727,27.272727,63.636364,72.727273,81.818182,18.181818,36.363636,45.454545,90.909091,100.000000,27.272727,27.272727,63.636364,72.727273,81.818182,9.090909,18.181818,45.454545,90.909091,100.000000,0.000000,0.000000,0.000000,0.000000,0.000000,18.181818,36.363636,45.454545,90.909091,100.000000,27.272727,27.272727,63.636364,72.727273,81.818182,9.090909,9.090909,9.090909,54.545455,54.545455,27.272727,27.272727,27.272727,27.272727,27.272727,9.090909,36.363636,54.545455,81.818182,100.000000,0.000000,0.000000,0.000000,0.000000,0.000000,0.000000,0.000000,0.000000,0.000000,0.000000,9.090909,27.272727,54.545455,81.818182,100.000000,0.000000,0.000000,0.000000,0.000000,0.000000,45.454545,45.454545,45.454545,90.909091,90.909091,18.181818,18.181818,36.363636,100.000000,100.000000,9.090909,27.272727,54.545455,72.727273,81.818182,18.181818,27.272727,36.363636,90.909091,100.000000,9.090909,9.090909,9.090909,54.545455,54.545455,63.636364,63.636364,72.727273,81.818182,81.818182
Negative_F635,0.272727,0.363636,0.363636,0.393939,0.363636,0.242424,0.363636,0.333333,0.303030,0.333333,0.424242,0.242424,0.151515,0.818182,0.030303,0.454545,0.272727,0.272727,0.606061,0.272727,0.121212,0.156250,0.343750,0.187500,0.218750,0.156250,0.218750,0.156250,0.375000,0.125000,0.187500,0.093750,0.281250,0.312500,0.000000,0.062500,0.281250,0.281250,0.125000,0.437500,0.187500,0.062500,12.121212,33.333333,69.696970,78.787879,96.969697,3.030303,27.272727,42.424242,57.575758,93.939394,6.060606,15.151515,51.515152,75.757576,100.000000,3.030303,36.363636,54.545455,81.818182,100.000000,6.060606,15.151515,63.636364,72.727273,96.969697,9.090909,18.181818,33.333333,48.484848,84.848485,6.060606,15.151515,51.515152,75.757576,100.000000,3.030303,27.272727,42.424242,60.606061,93.939394,12.121212,33.333333,48.484848,78.787879,96.969697,3.030303,27.272727,42.424242,60.606061,93.939394,6.060606,30.303030,66.666667,81.818182,100.000000,9.090909,18.181818,33.333333,48.484848,84.848485,21.212121,33.333333,45.454545,78.787879,84.848485,3.030303,24.242424,51.515152,72.727273,100.000000,96.969697,96.969697,96.969697,96.969697,96.969697,21.212121,33.333333,54.545455,75.757576,96.969697,6.060606,15.151515,36.363636,81.818182,100.000000,3.030303,24.242424,57.575758,69.696970,93.939394,3.030303,18.181818,42.424242,66.666667,100.000000,12.121212,33.333333,69.696970,78.787879,96.969697,36.363636,36.363636,48.484848,60.606061,90.909091
Negative_F644,0.358974,0.435897,0.205128,0.358974,0.282051,0.358974,0.230769,0.333333,0.435897,0.358974,0.282051,0.358974,0.230769,0.717949,0.051282,0.487179,0.256410,0.256410,0.461538,0.358974,0.179487,0.315789,0.184211,0.184211,0.210526,0.210526,0.263158,0.131579,0.236842,0.236842,0.210526,0.210526,0.263158,0.342105,0.000000,0.105263,0.263158,0.315789,0.157895,0.394737,0.184211,0.105263,2.564103,20.512821,41.025641,89.743590,97.435897,10.256410,33.333333,58.974359,69.230769,100.000000,5.128205,17.948718,46.153846,53.846154,87.179487,10.256410,28.205128,43.589744,64.102564,74.358974,5.128205,12.820513,51.282051,82.051282,92.307692,2.564103,30.769231,48.717949,89.743590,100.000000,5.128205,35.897436,51.282051,76.923077,87.179487,10.256410,28.205128,43.589744,61.538462,69.230769,2.564103,23.076923,71.794872,89.743590,100.000000,10.256410,28.205128,43.589744,64.102564,74.358974,5.128205,12.820513,51.282051,82.051282,92.307692,2.564103,30.769231,48.717949,89.743590,100.000000,2.564103,23.076923,41.025641,89.743590,97.435897,5.128205,25.641026,51.282051,69.230769,100.000000,74.358974,74.358974,74.358974,82.051282,82.051282,2.564103,23.076923,58.974359,84.615385,100.000000,5.128205,35.897436,51.282051,76.923077,87.179487,7.692308,25.641026,38.461538,64.102564,92.307692,5.128205,25.641026,38.461538,58.974359,87.179487,2.564103,20.512821,41.025641,89.743590,97.435897,56.410256,64.102564,71.794872,84.615385,100.000000
Negative_F666,0.208333,0.291667,0.500000,0.375000,0.333333,0.291667,0.500000,0.291667,0.208333,0.208333,0.500000,0.291667,0.166667,0.833333,0.000000,0.500000,0.333333,0.166667,0.625000,0.208333,0.166667,0.130435,0.217391,0.391304,0.434783,0.217391,0.260870,0.391304,0.217391,0.130435,0.304348,0.043478,0.434783,0.260870,0.000000,0.000000,0.347826,0.260870,0.086957,0.260870,0.260870,0.086957,45.833333,62.500000,79.166667,91.666667,95.833333,12.500000,20.833333,37.500000,58.333333,87.500000,4.166667,16.666667,50.000000,70.833333,100.000000,12.500000,29.166667,41.666667,75.000000,100.000000,8.333333,16.666667,33.333333,54.166667,83.333333,4.166667,50.000000,70.833333,91.666667,95.833333,4.166667,16.666667,50.000000,70.833333,100.000000,12.500000,20.833333,37.500000,58.333333,87.500000,45.833333,62.500000,79.166667,91.666667,95.833333,20.833333,29.166667,37.500000,41.666667,87.500000,8.333333,16.666667,45.833333,66.666667,100.000000,4.166667,50.000000,70.833333,91.666667,95.833333,62.500000,62.500000,79.166667,91.666667,95.833333,4.166667,20.833333,41.666667,66.666667,100.000000,0.000000,0.000000,0.000000,0.000000,0.000000,8.333333,20.833333,41.666667,66.666667,95.833333,4.166667,25.000000,70.833333,83.333333,100.000000,12.500000,12.500000,29.166667,45.833333,58.333333,4.166667,20.833333,41.666667,70.833333,100.000000,45.833333,62.500000,79.166667,91.666667,95.833333,12.500000,12.500000,29.166667,58.333333,87.500000
Negative_F670,0.076923,0.307692,0.615385,0.307692,0.538462,0.153846,0.615385,0.307692,0.076923,0.230769,0.615385,0.153846,0.076923,0.923077,0.000000,0.461538,0.307692,0.230769,0.769231,0.076923,0.153846,0.083333,0.083333,0.416667,0.416667,0.083333,0.166667,0.416667,0.083333,0.083333,0.250000,0.083333,0.166667,0.166667,0.000000,0.000000,0.333333,0.250000,0.083333,0.166667,0.333333,0.000000,53.846154,53.846154,53.846154,53.846154,53.846154,23.076923,23.076923,46.153846,76.923077,84.615385,7.692308,15.384615,38.461538,69.230769,100.000000,23.076923,23.076923,46.153846,76.923077,84.615385,15.384615,30.769231,61.538462,92.307692,100.000000,7.692308,7.692308,7.692308,53.846154,53.846154,7.692308,15.384615,38.461538,69.230769,100.000000,23.076923,23.076923,46.153846,76.923077,84.615385,53.846154,53.846154,53.846154,53.846154,53.846154,46.153846,46.153846,76.923077,84.615385,84.615385,15.384615,23.076923,38.461538,69.230769,100.000000,7.692308,7.692308,7.692308,53.846154,53.846154,53.846154,53.846154,53.846154,53.846154,53.846154,7.692308,23.076923,46.153846,76.923077,100.000000,0.000000,0.000000,0.000000,0.000000,0.000000,15.384615,46.153846,53.846154,92.307692,100.000000,7.692308,7.692308,30.769231,38.461538,61.538462,23.076923,23.076923,76.923077,84.615385,84.615385,7.692308,30.769231,46.153846,84.615385,100.000000,53.846154,53.846154,53.846154,53.846154,53.846154,23.076923,23.076923,23.076923,76.923077,76.923077
Negative_F682,0.125000,0.375000,0.500000,0.458333,0.375000,0.166667,0.500000,0.375000,0.125000,0.291667,0.541667,0.166667,0.125000,0.875000,0.000000,0.541667,0.291667,0.166667,0.666667,0.125000,0.208333,0.086957,0.086957,0.347826,0.434783,0.130435,0.086957,0.347826,0.086957,0.086957,0.304348,0.043478,0.173913,0.173913,0.000000,0.000000,0.391304,0.217391,0.043478,0.086957,0.347826,0.086957,62.500000,62.500000,91.666667,95.833333,95.833333,12.500000,29.166667,41.666667,54.166667,87.500000,4.166667,16.666667,50.000000,75.000000,100.000000,12.500000,29.166667,45.833333,75.000000,100.000000,8.333333,20.833333,50.000000,70.833333,83.333333,4.166667,4.166667,62.500000,91.666667,95.833333,4.166667,16.666667,50.000000,75.000000,100.000000,12.500000,29.166667,41.666667,54.166667,87.500000,62.500000,62.500000,91.666667,95.833333,95.833333,25.000000,29.166667,41.666667,54.166667,87.500000,8.333333,20.833333,58.333333,75.000000,100.000000,4.166667,4.166667,62.500000,91.666667,95.833333,62.500000,62.500000,91.666667,95.833333,95.833333,4.166667,25.000000,45.833333,70.833333,100.000000,0.000000,0.000000,0.000000,0.000000,0.000000,8.333333,33.333333,50.000000,70.833333,95.833333,4.166667,16.666667,75.000000,87.500000,100.000000,12.500000,12.500000,29.166667,54.166667,58.333333,4.166667,20.833333,41.666667,70.833333,100.000000,62.500000,62.500000,91.666667,95.833333,95.833333,12.500000,29.166667,45.833333,58.333333,87.500000
Negative_F689,0.432432,0.189189,0.378378,0.270270,0.405405,0.324324,0.405405,0.162162,0.432432,0.243243,0.432432,0.324324,0.243243,0.621622,0.135135,0.567568,0.270270,0.162162,0.513514,0.432432,0.054054,0.166667,0.388889,0.111111,0.166667,0.250000,0.250000,0.138889,0.416667,0.138889,0.166667,0.250000,0.250000,0.333333,0.055556,0.166667,0.250000,0.166667,0.138889,0.500000,0.055556,0.055556,2.702703,18.918919,51.351351,78.378378,100.000000,10.810811,21.621622,54.054054,67.567568,70.270270,5.405405,32.432432,43.243243,83.783784,97.297297,2.702703,21.621622,37.837838,59.459459,70.270270,5.405405,35.135135,64.864865,89.189189,100.000000,8.108108,16.216216,51.351351,72.972973,97.297297,5.405405,32.432432,45.945946,83.783784,97.297297,10.810811,21.621622,29.729730,67.567568,70.270270,2.702703,18.918919,51.351351,78.378378,100.000000,2.702703,21.621622,37.837838,59.459459,70.270270,5.405405,35.135135,48.648649,86.486486,100.000000,8.108108,16.216216,51.351351,72.972973,97.297297,8.108108,18.918919,51.351351,72.972973,81.081081,5.405405,29.729730,54.054054,83.783784,97.297297,2.702703,37.837838,48.648649,59.459459,100.000000,8.108108,27.027027,64.864865,78.378378,100.000000,5.405405,32.432432,43.243243,83.783784,97.297297,2.702703,10.810811,29.729730,54.054054,59.459459,5.405405,29.729730,45.945946,75.675676,97.297297,2.702703,18.918919,51.351351,78.378378,100.000000,13.513514,13.513514,13.513514,56.756757,56.756757
Negative_F725,0.270270,0.486486,0.243243,0.594595,0.054054,0.351351,0.270270,0.459459,0.270270,0.162162,0.486486,0.351351,0.216216,0.756757,0.027027,0.243243,0.270270,0.486486,0.324324,0.270270,0.405405,0.333333,0.166667,0.250000,0.083333,0.500000,0.027778,0.250000,0.166667,0.333333,0.166667,0.138889,0.388889,0.416667,0.027778,0.027778,0.111111,0.388889,0.305556,0.222222,0.361111,0.277778,5.405405,27.027027,45.945946,70.270270,97.297297,2.702703,18.918919,37.837838,75.675676,89.189189,8.108108,51.351351,67.567568,86.486486,100.000000,2.702703,24.324324,48.648649,81.081081,94.594595,51.351351,51.351351,51.351351,70.270270,70.270270,5.405405,27.027027,45.945946,62.162162,100.000000,8.108108,51.351351,67.567568,86.486486,100.000000,2.702703,18.918919,37.837838,64.864865,89.189189,5.405405,27.027027,45.945946,70.270270,97.297297,2.702703,13.513514,18.918919,78.378378,94.594595,10.810811,35.135135,59.459459,81.081081,91.891892,5.405405,27.027027,45.945946,62.162162,100.000000,5.405405,21.621622,40.540541,56.756757,97.297297,2.702703,24.324324,51.351351,75.675676,100.000000,94.594595,94.594595,94.594595,94.594595,94.594595,5.405405,27.027027,45.945946,62.162162,97.297297,8.108108,51.351351,67.567568,86.486486,100.000000,2.702703,18.918919,37.837838,70.270270,94.594595,8.108108,32.432432,54.054054,78.378378,100.000000,5.405405,27.027027,45.945946,70.270270,97.297297,2.702703,16.216216,43.243243,75.675676,89.189189
Negative_F729,0.326923,0.403846,0.269231,0.576923,0.096154,0.326923,0.307692,0.365385,0.326923,0.365385,0.307692,0.326923,0.230769,0.692308,0.076923,0.288462,0.365385,0.346154,0.365385,0.326923,0.307692,0.313725,0.196078,0.176471,0.137255,0.411765,0.058824,0.215686,0.235294,0.274510,0.254902,0.235294,0.235294,0.333333,0.019608,0.137255,0.274510,0.196078,0.294118,0.274510,0.196078,0.235294,11.538462,30.769231,50.000000,76.923077,96.153846,1.923077,23.076923,51.923077,67.307692,98.076923,3.846154,28.846154,48.076923,88.461538,100.000000,1.923077,26.923077,50.000000,73.076923,100.000000,3.846154,34.615385,46.153846,61.538462,80.769231,5.769231,25.000000,57.692308,82.692308,96.153846,3.846154,28.846154,55.769231,80.769231,100.000000,1.923077,21.153846,44.230769,69.230769,98.076923,11.538462,30.769231,50.000000,76.923077,96.153846,1.923077,23.076923,44.230769,69.230769,94.230769,3.846154,34.615385,55.769231,80.769231,100.000000,5.769231,25.000000,57.692308,82.692308,96.153846,11.538462,17.307692,40.384615,82.692308,96.153846,1.923077,23.076923,48.076923,71.153846,100.000000,42.307692,42.307692,50.000000,61.538462,73.076923,11.538462,25.000000,61.538462,84.615385,96.153846,3.846154,26.923077,48.076923,75.000000,100.000000,1.923077,23.076923,46.153846,71.153846,98.076923,1.923077,28.846154,55.769231,78.846154,100.000000,11.538462,30.769231,50.000000,76.923077,96.153846,7.692308,21.153846,44.230769,65.384615,98.076923
Negative_F730,0.166667,0.666667,0.166667,0.541667,0.125000,0.333333,0.291667,0.541667,0.166667,0.458333,0.208333,0.333333,0.083333,0.916667,0.000000,0.333333,0.291667,0.375000,0.500000,0.166667,0.333333,0.217391,0.086957,0.173913,0.130435,0.347826,0.086957,0.260870,0.086957,0.217391,0.304348,0.347826,0.086957,0.173913,0.000000,0.000000,0.217391,0.304348,0.217391,0.173913,0.391304,0.130435,20.833333,20.833333,37.500000,66.666667,100.000000,4.166667,33.333333,54.166667,79.166667,95.833333,8.333333,8.333333,12.500000,25.000000,62.500000,4.166667,41.666667,54.166667,79.166667,95.833333,8.333333,8.333333,20.833333,100.000000,100.000000,12.500000,25.000000,37.500000,62.500000,87.500000,8.333333,12.500000,29.166667,62.500000,87.500000,4.166667,41.666667,54.166667,79.166667,95.833333,20.833333,20.833333,37.500000,66.666667,100.000000,4.166667,33.333333,54.166667,83.333333,95.833333,8.333333,20.833333,45.833333,75.000000,100.000000,12.500000,25.000000,37.500000,62.500000,87.500000,37.500000,37.500000,37.500000,66.666667,66.666667,4.166667,25.000000,50.000000,79.166667,100.000000,0.000000,0.000000,0.000000,0.000000,0.000000,25.000000,33.333333,50.000000,79.166667,95.833333,8.333333,12.500000,41.666667,62.500000,87.500000,4.166667,20.833333,54.166667,75.000000,100.000000,4.166667,12.500000,54.166667,79.166667,95.833333,20.833333,20.833333,37.500000,66.666667,100.000000,16.666667,25.000000,41.666667,58.333333,87.500000
Negative_F743,0.500000,0.250000,0.250000,0.200000,0.250000,0.550000,0.300000,0.200000,0.500000,0.200000,0.250000,0.550000,0.350000,0.550000,0.100000,0.800000,0.100000,0.100000,0.250000,0.500000,0.250000,0.210526,0.315789,0.210526,0.000000,0.315789,0.526316,0.157895,0.368421,0.157895,0.000000,0.315789,0.526316,0.526316,0.105263,0.105263,0.157895,0.105263,0.052632,0.368421,0.105263,0.157895,15.000000,40.000000,55.000000,85.000000,95.000000,5.000000,20.000000,30.000000,60.000000,100.000000,10.000000,25.000000,45.000000,65.000000,80.000000,5.000000,5.000000,20.000000,30.000000,100.000000,45.000000,55.000000,70.000000,80.000000,90.000000,10.000000,25.000000,50.000000,75.000000,95.000000,10.000000,25.000000,45.000000,65.000000,80.000000,5.000000,5.000000,20.000000,30.000000,100.000000,15.000000,40.000000,55.000000,85.000000,95.000000,5.000000,5.000000,20.000000,30.000000,100.000000,45.000000,55.000000,70.000000,80.000000,90.000000,10.000000,25.000000,50.000000,75.000000,95.000000,15.000000,35.000000,50.000000,85.000000,95.000000,5.000000,20.000000,45.000000,80.000000,100.000000,55.000000,55.000000,55.000000,70.000000,70.000000,15.000000,35.000000,55.000000,80.000000,100.000000,10.000000,10.000000,10.000000,60.000000,60.000000,5.000000,5.000000,5.000000,20.000000,20.000000,10.000000,30.000000,45.000000,80.000000,100.000000,15.000000,40.000000,55.000000,85.000000,95.000000,5.000000,20.000000,25.000000,60.000000,65.000000
Negative_F859,0.312500,0.437500,0.250000,0.375000,0.187500,0.437500,0.250000,0.375000,0.375000,0.125000,0.437500,0.437500,0.187500,0.812500,0.000000,0.500000,0.187500,0.312500,0.312500,0.312500,0.375000,0.266667,0.066667,0.266667,0.200000,0.333333,0.133333,0.200000,0.133333,0.333333,0.133333,0.133333,0.333333,0.266667,0.000000,0.000000,0.333333,0.333333,0.066667,0.066667,0.200000,0.266667,6.250000,12.500000,18.750000,37.500000,56.250000,25.000000,31.250000,50.000000,81.250000,87.500000,62.500000,62.500000,75.000000,93.750000,100.000000,25.000000,31.250000,43.750000,68.750000,81.250000,6.250000,6.250000,56.250000,75.000000,75.000000,12.500000,18.750000,62.500000,93.750000,100.000000,62.500000,62.500000,75.000000,93.750000,100.000000,25.000000,31.250000,43.750000,68.750000,81.250000,6.250000,12.500000,18.750000,56.250000,87.500000,68.750000,68.750000,68.750000,81.250000,81.250000,6.250000,25.000000,43.750000,56.250000,75.000000,12.500000,18.750000,62.500000,93.750000,100.000000,12.500000,12.500000,18.750000,37.500000,37.500000,6.250000,43.750000,62.500000,81.250000,100.000000,0.000000,0.000000,0.000000,0.000000,0.000000,6.250000,12.500000,37.500000,68.750000,100.000000,62.500000,62.500000,75.000000,93.750000,93.750000,25.000000,31.250000,43.750000,50.000000,81.250000,62.500000,68.750000,75.000000,81.250000,93.750000,6.250000,12.500000,18.750000,37.500000,56.250000,25.000000,31.250000,43.750000,87.500000,100.000000
Negative_F868,0.181818,0.545455,0.272727,0.659091,0.090909,0.250000,0.363636,0.431818,0.204545,0.340909,0.409091,0.250000,0.113636,0.840909,0.045455,0.227273,0.363636,0.409091,0.477273,0.181818,0.340909,0.232558,0.069767,0.348837,0.139535,0.255814,0.046512,0.372093,0.186047,0.162791,0.325581,0.162791,0.139535,0.162791,0.000000,0.093023,0.139535,0.209302,0.372093,0.116279,0.372093,0.186047,2.272727,15.909091,40.909091,59.090909,93.181818,4.545455,27.272727,52.272727,77.272727,100.000000,11.363636,25.000000,47.727273,68.181818,97.727273,4.545455,25.000000,52.272727,77.272727,100.000000,31.818182,31.818182,43.181818,54.545455,93.181818,2.272727,18.181818,40.909091,75.000000,95.454545,11.363636,31.818182,54.545455,75.000000,97.727273,4.545455,20.454545,52.272727,84.090909,100.000000,2.272727,18.181818,40.909091,59.090909,93.181818,4.545455,27.272727,52.272727,84.090909,100.000000,9.090909,25.000000,47.727273,68.181818,97.727273,2.272727,18.181818,40.909091,75.000000,95.454545,2.272727,15.909091,18.181818,40.909091,72.727273,4.545455,29.545455,54.545455,79.545455,100.000000,45.454545,45.454545,45.454545,59.090909,59.090909,2.272727,13.636364,18.181818,40.909091,93.181818,11.363636,38.636364,54.545455,75.000000,97.727273,4.545455,29.545455,56.818182,84.090909,100.000000,4.545455,25.000000,47.727273,79.545455,100.000000,2.272727,15.909091,40.909091,59.090909,93.181818,9.090909,36.363636,56.818182,75.000000,95.454545
Negative_F874,0.235294,0.529412,0.235294,0.588235,0.058824,0.352941,0.294118,0.470588,0.235294,0.294118,0.352941,0.352941,0.235294,0.764706,0.000000,0.352941,0.294118,0.352941,0.411765,0.235294,0.352941,0.312500,0.125000,0.250000,0.062500,0.625000,0.062500,0.375000,0.125000,0.312500,0.125000,0.312500,0.375000,0.437500,0.000000,0.000000,0.125000,0.312500,0.250000,0.187500,0.125000,0.250000,23.529412,23.529412,52.941176,82.352941,100.000000,5.882353,29.411765,58.823529,70.588235,88.235294,17.647059,17.647059,35.294118,41.176471,94.117647,5.882353,29.411765,47.058824,76.470588,94.117647,17.647059,17.647059,17.647059,17.647059,17.647059,23.529412,41.176471,52.941176,82.352941,100.000000,17.647059,35.294118,41.176471,64.705882,94.117647,5.882353,11.764706,47.058824,70.588235,88.235294,23.529412,23.529412,52.941176,82.352941,100.000000,5.882353,11.764706,29.411765,47.058824,58.823529,17.647059,35.294118,70.588235,88.235294,94.117647,23.529412,41.176471,52.941176,82.352941,100.000000,23.529412,23.529412,52.941176,82.352941,100.000000,5.882353,29.411765,47.058824,70.588235,94.117647,0.000000,0.000000,0.000000,0.000000,0.000000,11.764706,17.647059,23.529412,82.352941,100.000000,35.294118,41.176471,47.058824,64.705882,94.117647,5.882353,29.411765,58.823529,76.470588,88.235294,5.882353,11.764706,29.411765,41.176471,94.117647,23.529412,23.529412,52.941176,82.352941,100.000000,47.058824,58.823529,64.705882,76.470588,88.235294
Negative_F878,0.270270,0.378378,0.351351,0.432432,0.324324,0.243243,0.351351,0.351351,0.297297,0.378378,0.378378,0.243243,0.162162,0.810811,0.027027,0.432432,0.270270,0.297297,0.540541,0.270270,0.189189,0.222222,0.222222,0.250000,0.333333,0.222222,0.166667,0.222222,0.250000,0.194444,0.305556,0.166667,0.222222,0.333333,0.000000,0.055556,0.277778,0.277778,0.138889,0.361111,0.250000,0.083333,18.918919,40.540541,54.054054,81.081081,97.297297,2.702703,21.621622,37.837838,64.864865,94.594595,5.405405,24.324324,48.648649,70.270270,100.000000,2.702703,21.621622,59.459459,78.378378,100.000000,5.405405,24.324324,54.054054,70.270270,97.297297,8.108108,29.729730,43.243243,51.351351,86.486486,5.405405,24.324324,48.648649,70.270270,100.000000,2.702703,21.621622,37.837838,64.864865,94.594595,18.918919,40.540541,54.054054,81.081081,97.297297,2.702703,21.621622,37.837838,72.972973,94.594595,5.405405,27.027027,56.756757,83.783784,100.000000,8.108108,29.729730,43.243243,51.351351,86.486486,18.918919,29.729730,40.540541,81.081081,86.486486,2.702703,24.324324,48.648649,75.675676,100.000000,72.972973,72.972973,72.972973,72.972973,72.972973,5.405405,27.027027,43.243243,75.675676,97.297297,13.513514,24.324324,45.945946,83.783784,100.000000,2.702703,21.621622,59.459459,72.972973,94.594595,2.702703,24.324324,48.648649,70.270270,100.000000,18.918919,40.540541,54.054054,81.081081,97.297297,8.108108,10.810811,32.432432,64.864865,91.891892
Negative_F887,0.375000,0.281250,0.343750,0.437500,0.250000,0.312500,0.343750,0.250000,0.406250,0.250000,0.437500,0.312500,0.250000,0.718750,0.031250,0.375000,0.312500,0.312500,0.406250,0.375000,0.218750,0.258065,0.258065,0.193548,0.258065,0.322581,0.129032,0.129032,0.322581,0.258065,0.225806,0.161290,0.290323,0.290323,0.032258,0.032258,0.290323,0.161290,0.161290,0.322581,0.258065,0.193548,3.125000,21.875000,40.625000,65.625000,100.000000,9.375000,25.000000,53.125000,59.375000,87.500000,12.500000,31.250000,68.750000,90.625000,96.875000,9.375000,25.000000,53.125000,75.000000,96.875000,34.375000,43.750000,65.625000,71.875000,90.625000,3.125000,15.625000,28.125000,78.125000,100.000000,12.500000,31.250000,68.750000,90.625000,96.875000,9.375000,25.000000,53.125000,59.375000,87.500000,3.125000,21.875000,40.625000,65.625000,100.000000,9.375000,25.000000,53.125000,59.375000,87.500000,12.500000,34.375000,62.500000,81.250000,96.875000,3.125000,15.625000,28.125000,78.125000,100.000000,3.125000,6.250000,28.125000,40.625000,100.000000,9.375000,31.250000,59.375000,81.250000,96.875000,43.750000,43.750000,43.750000,43.750000,43.750000,3.125000,15.625000,34.375000,43.750000,100.000000,9.375000,18.750000,62.500000,84.375000,96.875000,25.000000,50.000000,56.250000,71.875000,87.500000,12.500000,34.375000,68.750000,84.375000,96.875000,3.125000,21.875000,40.625000,65.625000,100.000000,9.375000,15.625000,46.875000,59.375000,87.500000
Negative_F903,0.205882,0.441176,0.352941,0.441176,0.176471,0.382353,0.352941,0.441176,0.205882,0.058824,0.558824,0.382353,0.205882,0.794118,0.000000,0.235294,0.323529,0.441176,0.411765,0.205882,0.382353,0.151515,0.242424,0.242424,0.121212,0.272727,0.121212,0.242424,0.242424,0.151515,0.000000,0.030303,0.363636,0.393939,0.000000,0.000000,0.242424,0.151515,0.242424,0.242424,0.212121,0.151515,2.941176,23.529412,47.058824,70.588235,88.235294,11.764706,29.411765,52.941176,76.470588,100.000000,5.882353,17.647059,44.117647,82.352941,94.117647,11.764706,29.411765,52.941176,76.470588,100.000000,8.823529,17.647059,20.588235,82.352941,85.294118,2.941176,35.294118,55.882353,70.588235,94.117647,5.882353,17.647059,44.117647,82.352941,94.117647,11.764706,29.411765,52.941176,76.470588,100.000000,2.941176,23.529412,47.058824,70.588235,88.235294,97.058824,97.058824,97.058824,100.000000,100.000000,8.823529,20.588235,41.176471,73.529412,85.294118,2.941176,35.294118,55.882353,70.588235,94.117647,2.941176,23.529412,47.058824,70.588235,88.235294,5.882353,26.470588,52.941176,79.411765,100.000000,0.000000,0.000000,0.000000,0.000000,0.000000,2.941176,20.588235,35.294118,58.823529,88.235294,5.882353,17.647059,55.882353,85.294118,94.117647,11.764706,29.411765,52.941176,76.470588,100.000000,5.882353,20.588235,55.882353,91.176471,100.000000,2.941176,23.529412,47.058824,70.588235,88.235294,11.764706,29.411765,50.000000,64.705882,79.411765
Negative_F916,0.214286,0.500000,0.285714,0.500000,0.142857,0.357143,0.285714,0.500000,0.214286,0.285714,0.357143,0.357143,0.142857,0.785714,0.071429,0.285714,0.357143,0.357143,0.285714,0.214286,0.500000,0.153846,0.153846,0.230769,0.153846,0.230769,0.153846,0.230769,0.153846,0.153846,0.230769,0.153846,0.230769,0.230769,0.076923,0.076923,0.384615,0.076923,0.153846,0.153846,0.230769,0.153846,57.142857,57.142857,64.285714,85.714286,85.714286,21.428571,28.571429,42.857143,92.857143,100.000000,7.142857,7.142857,14.285714,50.000000,78.571429,21.428571,28.571429,42.857143,92.857143,100.000000,14.285714,14.285714,14.285714,64.285714,64.285714,7.142857,50.000000,57.142857,78.571429,85.714286,7.142857,7.142857,14.285714,50.000000,78.571429,21.428571,28.571429,42.857143,92.857143,100.000000,57.142857,57.142857,64.285714,85.714286,85.714286,35.714286,35.714286,71.428571,92.857143,100.000000,14.285714,21.428571,28.571429,42.857143,64.285714,7.142857,50.000000,57.142857,78.571429,85.714286,57.142857,57.142857,57.142857,85.714286,85.714286,7.142857,21.428571,42.857143,78.571429,100.000000,64.285714,64.285714,64.285714,64.285714,64.285714,14.285714,14.285714,57.142857,64.285714,85.714286,7.142857,50.000000,71.428571,78.571429,92.857143,21.428571,28.571429,35.714286,42.857143,100.000000,7.142857,7.142857,14.285714,50.000000,78.571429,57.142857,57.142857,64.285714,85.714286,85.714286,21.428571,28.571429,42.857143,92.857143,100.000000
Negative_F919,0.083333,0.583333,0.333333,0.583333,0.333333,0.083333,0.333333,0.583333,0.083333,0.583333,0.333333,0.083333,0.083333,0.916667,0.000000,0.250000,0.250000,0.500000,0.583333,0.083333,0.333333,0.090909,0.090909,0.363636,0.363636,0.090909,0.090909,0.363636,0.090909,0.090909,0.363636,0.090909,0.090909,0.181818,0.000000,0.000000,0.090909,0.272727,0.363636,0.181818,0.545455,0.000000,75.000000,75.000000,75.000000,75.000000,75.000000,8.333333,33.333333,50.000000,83.333333,91.666667,16.666667,16.666667,25.000000,66.666667,100.000000,8.333333,33.333333,50.000000,83.333333,91.666667,16.666667,16.666667,25.000000,66.666667,100.000000,75.000000,75.000000,75.000000,75.000000,75.000000,16.666667,16.666667,25.000000,66.666667,100.000000,8.333333,33.333333,50.000000,83.333333,91.666667,75.000000,75.000000,75.000000,75.000000,75.000000,8.333333,33.333333,50.000000,83.333333,91.666667,16.666667,16.666667,25.000000,66.666667,100.000000,75.000000,75.000000,75.000000,75.000000,75.000000,75.000000,75.000000,75.000000,75.000000,75.000000,8.333333,25.000000,50.000000,83.333333,100.000000,0.000000,0.000000,0.000000,0.000000,0.000000,16.666667,16.666667,25.000000,75.000000,75.000000,50.000000,50.000000,66.666667,100.000000,100.000000,8.333333,33.333333,41.666667,83.333333,91.666667,8.333333,16.666667,41.666667,83.333333,100.000000,75.000000,75.000000,75.000000,75.000000,75.000000,33.333333,33.333333,50.000000,58.333333,91.666667
Negative_F922,0.142857,0.380952,0.476190,0.523810,0.380952,0.095238,0.476190,0.380952,0.142857,0.428571,0.476190,0.095238,0.095238,0.857143,0.047619,0.333333,0.238095,0.428571,0.761905,0.142857,0.095238,0.050000,0.150000,0.500000,0.550000,0.050000,0.050000,0.500000,0.150000,0.050000,0.600000,0.050000,0.050000,0.100000,0.000000,0.100000,0.150000,0.350000,0.300000,0.200000,0.200000,0.000000,52.380952,52.380952,57.142857,66.666667,66.666667,4.761905,19.047619,38.095238,76.190476,90.476190,9.523810,28.571429,42.857143,80.952381,100.000000,4.761905,23.809524,66.666667,85.714286,100.000000,9.523810,14.285714,33.333333,61.904762,95.238095,52.380952,52.380952,52.380952,57.142857,57.142857,9.523810,28.571429,42.857143,80.952381,100.000000,4.761905,19.047619,38.095238,76.190476,90.476190,52.380952,52.380952,57.142857,66.666667,66.666667,4.761905,23.809524,47.619048,76.190476,90.476190,9.523810,28.571429,42.857143,80.952381,100.000000,52.380952,52.380952,52.380952,57.142857,57.142857,52.380952,52.380952,52.380952,57.142857,57.142857,4.761905,23.809524,42.857143,80.952381,100.000000,66.666667,66.666667,66.666667,66.666667,66.666667,9.523810,14.285714,52.380952,80.952381,95.238095,28.571429,42.857143,61.904762,71.428571,100.000000,4.761905,23.809524,47.619048,76.190476,90.476190,4.761905,23.809524,42.857143,76.190476,100.000000,52.380952,52.380952,57.142857,66.666667,66.666667,19.047619,19.047619,19.047619,85.714286,85.714286
Negative_F977,0.181818,0.454545,0.363636,0.545455,0.363636,0.090909,0.363636,0.454545,0.181818,0.484848,0.424242,0.090909,0.090909,0.878788,0.030303,0.424242,0.242424,0.333333,0.575758,0.181818,0.242424,0.187500,0.125000,0.343750,0.437500,0.125000,0.062500,0.343750,0.125000,0.187500,0.500000,0.093750,0.093750,0.156250,0.031250,0.031250,0.218750,0.343750,0.187500,0.187500,0.343750,0.125000,21.212121,24.242424,45.454545,84.848485,93.939394,3.030303,36.363636,51.515152,72.727273,96.969697,6.060606,18.181818,33.333333,75.757576,100.000000,3.030303,36.363636,51.515152,78.787879,100.000000,6.060606,18.181818,33.333333,66.666667,93.939394,21.212121,21.212121,45.454545,84.848485,84.848485,6.060606,18.181818,33.333333,75.757576,100.000000,3.030303,36.363636,51.515152,72.727273,96.969697,21.212121,24.242424,45.454545,84.848485,93.939394,3.030303,24.242424,48.484848,69.696970,96.969697,6.060606,27.272727,57.575758,81.818182,100.000000,21.212121,21.212121,45.454545,84.848485,84.848485,21.212121,21.212121,45.454545,84.848485,84.848485,3.030303,30.303030,54.545455,75.757576,100.000000,24.242424,24.242424,24.242424,24.242424,24.242424,9.090909,30.303030,51.515152,72.727273,87.878788,6.060606,15.151515,33.333333,69.696970,100.000000,3.030303,24.242424,48.484848,90.909091,96.969697,6.060606,27.272727,42.424242,72.727273,100.000000,21.212121,24.242424,45.454545,84.848485,93.939394,3.030303,15.151515,60.606061,78.787879,96.969697
Negative_F1040,0.132075,0.811321,0.056604,0.547170,0.018868,0.433962,0.320755,0.547170,0.132075,0.528302,0.037736,0.433962,0.113208,0.886792,0.000000,0.150943,0.301887,0.547170,0.566038,0.132075,0.301887,0.211538,0.019231,0.096154,0.000000,0.807692,0.019231,0.596154,0.019231,0.211538,0.000000,0.769231,0.057692,0.211538,0.000000,0.000000,0.038462,0.230769,0.576923,0.211538,0.519231,0.019231,1.886792,16.981132,54.716981,83.018868,100.000000,5.660377,26.415094,49.056604,75.471698,98.113208,3.773585,3.773585,71.698113,96.226415,96.226415,5.660377,28.301887,49.056604,75.471698,98.113208,1.886792,1.886792,1.886792,1.886792,1.886792,3.773585,26.415094,54.716981,79.245283,100.000000,3.773585,26.415094,50.943396,73.584906,96.226415,5.660377,28.301887,49.056604,75.471698,98.113208,1.886792,16.981132,54.716981,83.018868,100.000000,5.660377,24.528302,47.169811,69.811321,98.113208,1.886792,1.886792,1.886792,84.905660,84.905660,3.773585,26.415094,54.716981,79.245283,100.000000,16.981132,35.849057,54.716981,83.018868,100.000000,1.886792,24.528302,49.056604,75.471698,98.113208,0.000000,0.000000,0.000000,0.000000,0.000000,1.886792,16.981132,54.716981,71.698113,100.000000,3.773585,20.754717,45.283019,73.584906,96.226415,5.660377,28.301887,49.056604,75.471698,98.113208,3.773585,24.528302,47.169811,75.471698,98.113208,1.886792,16.981132,54.716981,83.018868,100.000000,7.547170,26.415094,50.943396,73.584906,92.452830
Negative_F1070,0.320000,0.320000,0.360000,0.240000,0.280000,0.480000,0.400000,0.240000,0.360000,0.200000,0.320000,0.480000,0.280000,0.720000,0.000000,0.600000,0.280000,0.120000,0.400000,0.320000,0.280000,0.250000,0.125000,0.208333,0.083333,0.208333,0.416667,0.125000,0.291667,0.166667,0.083333,0.125000,0.500000,0.291667,0.000000,0.000000,0.375000,0.125000,0.041667,0.166667,0.291667,0.208333,4.000000,8.000000,36.000000,76.000000,88.000000,16.000000,20.000000,32.000000,64.000000,100.000000,24.000000,52.000000,60.000000,72.000000,96.000000,16.000000,20.000000,28.000000,80.000000,100.000000,24.000000,44.000000,60.000000,72.000000,92.000000,4.000000,12.000000,48.000000,76.000000,96.000000,24.000000,48.000000,56.000000,72.000000,96.000000,16.000000,20.000000,28.000000,80.000000,100.000000,4.000000,12.000000,44.000000,76.000000,88.000000,16.000000,20.000000,28.000000,32.000000,100.000000,24.000000,44.000000,60.000000,72.000000,92.000000,4.000000,12.000000,48.000000,76.000000,96.000000,4.000000,8.000000,36.000000,84.000000,88.000000,16.000000,32.000000,52.000000,72.000000,100.000000,0.000000,0.000000,0.000000,0.000000,0.000000,4.000000,36.000000,64.000000,84.000000,100.000000,24.000000,28.000000,40.000000,60.000000,96.000000,16.000000,16.000000,20.000000,80.000000,80.000000,16.000000,48.000000,60.000000,92.000000,100.000000,4.000000,8.000000,36.000000,76.000000,88.000000,20.000000,28.000000,40.000000,64.000000,80.000000
Negative_F1078,0.153846,0.307692,0.538462,0.307692,0.461538,0.230769,0.538462,0.307692,0.153846,0.307692,0.461538,0.230769,0.076923,0.923077,0.000000,0.384615,0.384615,0.230769,0.846154,0.153846,0.000000,0.000000,0.166667,0.333333,0.250000,0.083333,0.333333,0.333333,0.166667,0.000000,0.250000,0.083333,0.333333,0.166667,0.000000,0.000000,0.166667,0.333333,0.166667,0.166667,0.000000,0.000000,76.923077,76.923077,76.923077,84.615385,84.615385,23.076923,23.076923,30.769231,46.153846,53.846154,7.692308,15.384615,61.538462,92.307692,100.000000,23.076923,23.076923,30.769231,46.153846,53.846154,7.692308,38.461538,61.538462,84.615385,92.307692,15.384615,15.384615,76.923077,100.000000,100.000000,7.692308,15.384615,61.538462,92.307692,100.000000,23.076923,23.076923,30.769231,46.153846,53.846154,76.923077,76.923077,76.923077,84.615385,84.615385,23.076923,23.076923,30.769231,46.153846,53.846154,7.692308,38.461538,61.538462,84.615385,92.307692,15.384615,15.384615,76.923077,100.000000,100.000000,76.923077,76.923077,76.923077,76.923077,76.923077,7.692308,23.076923,46.153846,69.230769,100.000000,0.000000,0.000000,0.000000,0.000000,0.000000,30.769231,46.153846,61.538462,69.230769,76.923077,7.692308,15.384615,38.461538,92.307692,100.000000,23.076923,23.076923,53.846154,84.615385,84.615385,7.692308,23.076923,46.153846,69.230769,100.000000,76.923077,76.923077,76.923077,84.615385,84.615385,0.000000,0.000000,0.000000,0.000000,0.000000
Negative_F1087,0.212766,0.340426,0.446809,0.468085,0.148936,0.382979,0.468085,0.297872,0.234043,0.255319,0.361702,0.382979,0.127660,0.829787,0.042553,0.340426,0.361702,0.297872,0.489362,0.212766,0.297872,0.108696,0.217391,0.260870,0.130435,0.391304,0.173913,0.239130,0.239130,0.130435,0.152174,0.152174,0.413043,0.217391,0.000000,0.065217,0.347826,0.130435,0.304348,0.260870,0.369565,0.065217,2.127660,27.659574,31.914894,65.957447,87.234043,6.382979,42.553191,51.063830,78.723404,100.000000,4.255319,23.404255,55.319149,72.340426,97.872340,2.127660,25.531915,51.063830,74.468085,100.000000,12.765957,19.148936,40.425532,85.106383,97.872340,4.255319,29.787234,42.553191,70.212766,95.744681,4.255319,23.404255,42.553191,72.340426,97.872340,6.382979,44.680851,51.063830,82.978723,100.000000,2.127660,27.659574,38.297872,74.468085,87.234043,2.127660,10.638298,48.936170,61.702128,100.000000,8.510638,27.659574,57.446809,82.978723,97.872340,4.255319,29.787234,42.553191,70.212766,95.744681,29.787234,31.914894,38.297872,65.957447,87.234043,4.255319,23.404255,51.063830,78.723404,100.000000,2.127660,2.127660,2.127660,74.468085,74.468085,12.765957,27.659574,38.297872,70.212766,95.744681,4.255319,25.531915,55.319149,72.340426,97.872340,2.127660,14.893617,48.936170,82.978723,100.000000,4.255319,19.148936,53.191489,72.340426,100.000000,2.127660,27.659574,31.914894,65.957447,87.234043,17.021277,42.553191,51.063830,82.978723,95.744681
Negative_F1115,0.340909,0.431818,0.227273,0.568182,0.204545,0.227273,0.250000,0.409091,0.340909,0.386364,0.386364,0.227273,0.181818,0.750000,0.068182,0.340909,0.250000,0.409091,0.409091,0.340909,0.250000,0.279070,0.139535,0.186047,0.232558,0.255814,0.093023,0.162791,0.162791,0.255814,0.279070,0.162791,0.186047,0.279070,0.023256,0.046512,0.209302,0.279070,0.162791,0.209302,0.162791,0.209302,2.272727,22.727273,52.272727,86.363636,100.000000,4.545455,29.545455,47.727273,68.181818,95.454545,6.818182,27.272727,56.818182,72.727273,79.545455,4.545455,34.090909,54.545455,72.727273,100.000000,18.181818,27.272727,56.818182,77.272727,97.727273,2.272727,22.727273,38.636364,75.000000,88.636364,6.818182,27.272727,56.818182,72.727273,79.545455,4.545455,34.090909,47.727273,68.181818,95.454545,2.272727,22.727273,52.272727,86.363636,100.000000,4.545455,34.090909,50.000000,70.454545,100.000000,6.818182,27.272727,56.818182,77.272727,97.727273,2.272727,22.727273,38.636364,75.000000,88.636364,2.272727,11.363636,38.636364,75.000000,88.636364,4.545455,27.272727,47.727273,68.181818,97.727273,81.818182,81.818182,84.090909,100.000000,100.000000,2.272727,20.454545,43.181818,63.636364,88.636364,6.818182,15.909091,40.909091,77.272727,90.909091,4.545455,36.363636,54.545455,84.090909,100.000000,6.818182,34.090909,47.727273,65.909091,79.545455,2.272727,22.727273,52.272727,86.363636,100.000000,4.545455,15.909091,50.000000,90.909091,95.454545
Negative_F1116,0.355556,0.422222,0.222222,0.533333,0.200000,0.266667,0.266667,0.377778,0.355556,0.311111,0.422222,0.266667,0.222222,0.711111,0.066667,0.377778,0.333333,0.288889,0.377778,0.355556,0.266667,0.295455,0.204545,0.159091,0.159091,0.318182,0.113636,0.159091,0.250000,0.250000,0.159091,0.181818,0.250000,0.340909,0.000000,0.113636,0.250000,0.136364,0.250000,0.340909,0.204545,0.159091,2.222222,24.444444,62.222222,80.000000,100.000000,4.444444,20.000000,46.666667,68.888889,97.777778,6.666667,26.666667,40.000000,71.111111,88.888889,4.444444,17.777778,46.666667,68.888889,100.000000,24.444444,31.111111,55.555556,77.777778,91.111111,2.222222,22.222222,51.111111,73.333333,97.777778,6.666667,26.666667,40.000000,71.111111,97.777778,4.444444,20.000000,46.666667,66.666667,95.555556,2.222222,24.444444,62.222222,80.000000,100.000000,4.444444,17.777778,44.444444,66.666667,100.000000,6.666667,31.111111,55.555556,80.000000,95.555556,2.222222,22.222222,51.111111,73.333333,97.777778,2.222222,22.222222,51.111111,73.333333,86.666667,4.444444,24.444444,44.444444,68.888889,97.777778,80.000000,80.000000,91.111111,100.000000,100.000000,2.222222,37.777778,62.222222,80.000000,91.111111,6.666667,17.777778,40.000000,71.111111,97.777778,4.444444,31.111111,44.444444,68.888889,100.000000,6.666667,33.333333,48.888889,68.888889,88.888889,2.222222,24.444444,62.222222,80.000000,100.000000,4.444444,15.555556,42.222222,66.666667,97.777778
Negative_F1164,0.346154,0.269231,0.384615,0.192308,0.346154,0.461538,0.461538,0.192308,0.346154,0.153846,0.384615,0.461538,0.307692,0.692308,0.000000,0.423077,0.461538,0.115385,0.500000,0.346154,0.153846,0.160000,0.240000,0.240000,0.160000,0.160000,0.240000,0.240000,0.320000,0.080000,0.120000,0.120000,0.280000,0.320000,0.000000,0.000000,0.400000,0.080000,0.160000,0.280000,0.200000,0.120000,3.846154,15.384615,69.230769,92.307692,100.000000,26.923077,46.153846,61.538462,76.923077,84.615385,7.692308,23.076923,34.615385,53.846154,88.461538,26.923077,46.153846,57.692308,61.538462,84.615385,7.692308,34.615385,50.000000,69.230769,88.461538,3.846154,15.384615,42.307692,80.769231,100.000000,7.692308,23.076923,38.461538,65.384615,88.461538,26.923077,46.153846,57.692308,61.538462,84.615385,3.846154,15.384615,69.230769,92.307692,100.000000,46.153846,46.153846,57.692308,61.538462,84.615385,7.692308,30.769231,38.461538,69.230769,88.461538,3.846154,15.384615,42.307692,80.769231,100.000000,3.846154,11.538462,42.307692,92.307692,100.000000,7.692308,30.769231,50.000000,69.230769,88.461538,0.000000,0.000000,0.000000,0.000000,0.000000,3.846154,15.384615,73.076923,92.307692,100.000000,7.692308,23.076923,38.461538,53.846154,88.461538,26.923077,26.923077,61.538462,69.230769,69.230769,7.692308,30.769231,50.000000,61.538462,88.461538,3.846154,15.384615,69.230769,92.307692,100.000000,26.923077,26.923077,46.153846,65.384615,76.923077
Negative_F1183,0.222222,0.111111,0.666667,0.444444,0.333333,0.222222,0.666667,0.111111,0.222222,0.111111,0.666667,0.222222,0.222222,0.777778,0.000000,0.333333,0.555556,0.111111,0.777778,0.222222,0.000000,0.058824,0.294118,0.117647,0.529412,0.352941,0.000000,0.117647,0.294118,0.058824,0.117647,0.058824,0.294118,0.352941,0.000000,0.000000,0.470588,0.058824,0.117647,0.352941,0.000000,0.000000,22.222222,22.222222,44.444444,50.000000,72.222222,5.555556,5.555556,5.555556,55.555556,55.555556,11.111111,27.777778,61.111111,83.333333,100.000000,5.555556,16.666667,38.888889,66.666667,88.888889,11.111111,33.333333,61.111111,94.444444,100.000000,22.222222,22.222222,44.444444,50.000000,72.222222,11.111111,27.777778,61.111111,83.333333,100.000000,5.555556,5.555556,5.555556,55.555556,55.555556,22.222222,22.222222,44.444444,50.000000,72.222222,5.555556,5.555556,5.555556,55.555556,55.555556,11.111111,27.777778,61.111111,83.333333,100.000000,22.222222,22.222222,44.444444,50.000000,72.222222,22.222222,22.222222,44.444444,50.000000,72.222222,5.555556,27.777778,55.555556,83.333333,100.000000,0.000000,0.000000,0.000000,0.000000,0.000000,22.222222,33.333333,44.444444,72.222222,100.000000,11.111111,27.777778,61.111111,83.333333,94.444444,5.555556,5.555556,5.555556,55.555556,55.555556,5.555556,27.777778,55.555556,83.333333,100.000000,22.222222,22.222222,44.444444,50.000000,72.222222,0.000000,0.000000,0.000000,0.000000,0.000000
Negative_F1207,0.283582,0.701493,0.014925,0.701493,0.074627,0.223881,0.014925,0.701493,0.283582,0.686567,0.089552,0.223881,0.223881,0.776119,0.000000,0.253731,0.059701,0.686567,0.402985,0.283582,0.313433,0.484848,0.000000,0.030303,0.090909,0.424242,0.030303,0.030303,0.000000,0.484848,0.121212,0.424242,0.030303,0.454545,0.000000,0.000000,0.060606,0.439394,0.030303,0.303030,0.318182,0.181818,2.985075,23.880597,59.701493,86.567164,97.014925,1.492537,25.373134,47.761194,71.641791,100.000000,79.104478,79.104478,79.104478,79.104478,79.104478,1.492537,25.373134,47.761194,71.641791,100.000000,79.104478,83.582090,86.567164,89.552239,91.044776,2.985075,17.910448,46.268657,68.656716,97.014925,79.104478,79.104478,79.104478,79.104478,79.104478,1.492537,25.373134,47.761194,71.641791,100.000000,2.985075,23.880597,59.701493,86.567164,97.014925,1.492537,25.373134,47.761194,71.641791,100.000000,40.298507,79.104478,83.582090,89.552239,91.044776,2.985075,17.910448,46.268657,68.656716,97.014925,2.985075,17.910448,46.268657,68.656716,97.014925,1.492537,26.865672,50.746269,77.611940,100.000000,0.000000,0.000000,0.000000,0.000000,0.000000,2.985075,23.880597,55.223881,73.134328,100.000000,77.611940,77.611940,79.104478,95.522388,98.507463,1.492537,25.373134,44.776119,70.149254,94.029851,5.970149,20.895522,52.238806,79.104478,100.000000,2.985075,23.880597,59.701493,86.567164,97.014925,1.492537,28.358209,44.776119,62.686567,98.507463
Negative_F1224,0.150000,0.350000,0.500000,0.350000,0.550000,0.100000,0.500000,0.350000,0.150000,0.300000,0.600000,0.100000,0.100000,0.900000,0.000000,0.300000,0.350000,0.350000,0.750000,0.150000,0.100000,0.052632,0.157895,0.368421,0.368421,0.052632,0.157895,0.368421,0.157895,0.052632,0.368421,0.052632,0.157895,0.210526,0.000000,0.000000,0.157895,0.210526,0.210526,0.157895,0.157895,0.052632,35.000000,35.000000,90.000000,95.000000,95.000000,15.000000,20.000000,50.000000,70.000000,75.000000,5.000000,25.000000,45.000000,80.000000,100.000000,15.000000,20.000000,50.000000,70.000000,75.000000,5.000000,25.000000,60.000000,85.000000,100.000000,35.000000,35.000000,35.000000,90.000000,90.000000,5.000000,25.000000,45.000000,80.000000,100.000000,15.000000,20.000000,50.000000,70.000000,75.000000,35.000000,35.000000,90.000000,95.000000,95.000000,15.000000,40.000000,50.000000,70.000000,75.000000,5.000000,20.000000,45.000000,80.000000,100.000000,35.000000,35.000000,35.000000,90.000000,90.000000,35.000000,35.000000,35.000000,90.000000,90.000000,5.000000,25.000000,50.000000,75.000000,100.000000,0.000000,0.000000,0.000000,0.000000,0.000000,10.000000,35.000000,80.000000,90.000000,100.000000,5.000000,25.000000,40.000000,60.000000,65.000000,15.000000,20.000000,55.000000,75.000000,95.000000,5.000000,25.000000,55.000000,75.000000,100.000000,35.000000,35.000000,90.000000,95.000000,95.000000,20.000000,20.000000,20.000000,40.000000,40.000000
Negative_F1294,0.166667,0.416667,0.416667,0.416667,0.291667,0.291667,0.458333,0.333333,0.208333,0.291667,0.416667,0.291667,0.083333,0.833333,0.083333,0.541667,0.333333,0.125000,0.583333,0.166667,0.250000,0.086957,0.173913,0.434783,0.173913,0.217391,0.304348,0.304348,0.217391,0.043478,0.173913,0.086957,0.434783,0.086957,0.000000,0.173913,0.260870,0.173913,0.086957,0.043478,0.304348,0.217391,50.000000,50.000000,58.333333,91.666667,95.833333,12.500000,29.166667,41.666667,79.166667,87.500000,4.166667,16.666667,33.333333,66.666667,100.000000,12.500000,29.166667,41.666667,83.333333,100.000000,4.166667,8.333333,33.333333,58.333333,66.666667,16.666667,45.833333,62.500000,91.666667,95.833333,4.166667,16.666667,45.833333,70.833333,100.000000,12.500000,25.000000,37.500000,79.166667,87.500000,50.000000,58.333333,62.500000,91.666667,95.833333,25.000000,29.166667,41.666667,83.333333,87.500000,4.166667,12.500000,33.333333,66.666667,100.000000,16.666667,45.833333,62.500000,91.666667,95.833333,91.666667,91.666667,91.666667,95.833333,95.833333,4.166667,20.833333,41.666667,70.833333,100.000000,50.000000,50.000000,50.000000,58.333333,58.333333,8.333333,41.666667,54.166667,79.166667,95.833333,4.166667,16.666667,33.333333,70.833333,100.000000,12.500000,12.500000,29.166667,87.500000,87.500000,4.166667,20.833333,33.333333,75.000000,100.000000,50.000000,50.000000,58.333333,91.666667,95.833333,12.500000,45.833333,54.166667,70.833333,87.500000
Negative_F1296,0.242424,0.393939,0.363636,0.454545,0.333333,0.212121,0.363636,0.363636,0.272727,0.393939,0.393939,0.212121,0.121212,0.848485,0.030303,0.484848,0.242424,0.272727,0.575758,0.242424,0.181818,0.125000,0.250000,0.343750,0.312500,0.187500,0.125000,0.343750,0.250000,0.187500,0.375000,0.156250,0.156250,0.187500,0.000000,0.062500,0.156250,0.343750,0.187500,0.281250,0.281250,0.093750,12.121212,21.212121,36.363636,84.848485,93.939394,3.030303,39.393939,48.484848,60.606061,96.969697,6.060606,18.181818,57.575758,75.757576,100.000000,3.030303,30.303030,51.515152,78.787879,100.000000,6.060606,24.242424,57.575758,69.696970,87.878788,18.181818,21.212121,45.454545,90.909091,93.939394,6.060606,18.181818,57.575758,75.757576,100.000000,3.030303,30.303030,48.484848,60.606061,96.969697,12.121212,24.242424,45.454545,84.848485,93.939394,3.030303,30.303030,48.484848,60.606061,96.969697,6.060606,33.333333,63.636364,75.757576,100.000000,18.181818,21.212121,45.454545,90.909091,93.939394,21.212121,21.212121,84.848485,90.909091,93.939394,3.030303,27.272727,48.484848,69.696970,100.000000,12.121212,12.121212,12.121212,12.121212,12.121212,6.060606,27.272727,45.454545,75.757576,93.939394,15.151515,18.181818,57.575758,81.818182,100.000000,3.030303,24.242424,48.484848,60.606061,78.787879,3.030303,30.303030,51.515152,72.727273,100.000000,12.121212,21.212121,36.363636,84.848485,93.939394,15.151515,27.272727,45.454545,78.787879,96.969697
Negative_F1300,0.242424,0.393939,0.363636,0.484848,0.363636,0.151515,0.363636,0.393939,0.242424,0.424242,0.424242,0.151515,0.121212,0.848485,0.030303,0.424242,0.272727,0.303030,0.515152,0.242424,0.242424,0.218750,0.218750,0.375000,0.375000,0.187500,0.125000,0.375000,0.218750,0.218750,0.437500,0.156250,0.156250,0.250000,0.000000,0.062500,0.187500,0.375000,0.218750,0.250000,0.312500,0.187500,12.121212,21.212121,36.363636,69.696970,93.939394,3.030303,39.393939,51.515152,72.727273,96.969697,6.060606,18.181818,57.575758,75.757576,100.000000,3.030303,30.303030,51.515152,78.787879,100.000000,6.060606,18.181818,36.363636,66.666667,87.878788,21.212121,27.272727,45.454545,84.848485,93.939394,6.060606,18.181818,57.575758,75.757576,100.000000,3.030303,39.393939,51.515152,72.727273,96.969697,12.121212,21.212121,36.363636,69.696970,93.939394,3.030303,30.303030,48.484848,72.727273,96.969697,6.060606,24.242424,57.575758,75.757576,100.000000,21.212121,27.272727,45.454545,84.848485,93.939394,21.212121,21.212121,45.454545,84.848485,93.939394,3.030303,27.272727,51.515152,72.727273,100.000000,12.121212,12.121212,12.121212,12.121212,12.121212,6.060606,30.303030,42.424242,75.757576,93.939394,9.090909,18.181818,63.636364,81.818182,100.000000,3.030303,24.242424,48.484848,69.696970,90.909091,3.030303,30.303030,51.515152,66.666667,100.000000,12.121212,21.212121,36.363636,69.696970,93.939394,15.151515,27.272727,60.606061,78.787879,96.969697
Negative_F1302,0.272727,0.393939,0.333333,0.454545,0.333333,0.212121,0.333333,0.363636,0.303030,0.393939,0.393939,0.212121,0.121212,0.818182,0.060606,0.484848,0.272727,0.242424,0.484848,0.272727,0.242424,0.187500,0.187500,0.343750,0.343750,0.218750,0.156250,0.312500,0.218750,0.218750,0.406250,0.187500,0.187500,0.187500,0.062500,0.062500,0.250000,0.312500,0.156250,0.312500,0.281250,0.062500,21.212121,36.363636,48.484848,84.848485,93.939394,3.030303,30.303030,51.515152,69.696970,96.969697,6.060606,18.181818,63.636364,81.818182,100.000000,3.030303,30.303030,54.545455,81.818182,100.000000,9.090909,27.272727,48.484848,66.666667,87.878788,6.060606,18.181818,45.454545,84.848485,93.939394,6.060606,18.181818,63.636364,81.818182,100.000000,3.030303,15.151515,42.424242,60.606061,96.969697,21.212121,36.363636,48.484848,84.848485,93.939394,3.030303,30.303030,51.515152,72.727273,96.969697,9.090909,33.333333,57.575758,75.757576,100.000000,6.060606,18.181818,45.454545,84.848485,93.939394,21.212121,21.212121,45.454545,84.848485,93.939394,3.030303,27.272727,51.515152,72.727273,100.000000,24.242424,24.242424,24.242424,90.909091,90.909091,9.090909,27.272727,45.454545,69.696970,93.939394,6.060606,18.181818,63.636364,81.818182,100.000000,3.030303,12.121212,48.484848,60.606061,90.909091,6.060606,27.272727,42.424242,66.666667,100.000000,21.212121,36.363636,48.484848,84.848485,93.939394,3.030303,12.121212,60.606061,72.727273,96.969697
Negative_F1303,0.242424,0.393939,0.363636,0.515152,0.333333,0.151515,0.363636,0.393939,0.242424,0.454545,0.393939,0.151515,0.121212,0.818182,0.060606,0.393939,0.242424,0.363636,0.515152,0.242424,0.242424,0.187500,0.187500,0.281250,0.375000,0.187500,0.125000,0.281250,0.187500,0.187500,0.437500,0.156250,0.156250,0.218750,0.031250,0.093750,0.187500,0.375000,0.218750,0.250000,0.343750,0.125000,21.212121,24.242424,57.575758,84.848485,96.969697,3.030303,36.363636,48.484848,60.606061,90.909091,6.060606,18.181818,33.333333,75.757576,100.000000,3.030303,36.363636,51.515152,78.787879,100.000000,6.060606,27.272727,57.575758,75.757576,93.939394,9.090909,21.212121,45.454545,69.696970,84.848485,6.060606,18.181818,33.333333,75.757576,100.000000,3.030303,36.363636,48.484848,60.606061,90.909091,21.212121,24.242424,57.575758,84.848485,96.969697,3.030303,24.242424,48.484848,72.727273,96.969697,6.060606,30.303030,63.636364,81.818182,100.000000,9.090909,21.212121,45.454545,69.696970,84.848485,21.212121,21.212121,45.454545,69.696970,84.848485,3.030303,27.272727,51.515152,75.757576,100.000000,24.242424,24.242424,24.242424,96.969697,96.969697,9.090909,30.303030,51.515152,66.666667,84.848485,6.060606,15.151515,33.333333,81.818182,100.000000,3.030303,24.242424,48.484848,78.787879,96.969697,6.060606,30.303030,42.424242,66.666667,100.000000,21.212121,24.242424,57.575758,84.848485,96.969697,3.030303,9.090909,48.484848,72.727273,90.909091
Negative_F1313,0.142857,0.333333,0.523810,0.428571,0.428571,0.142857,0.523810,0.333333,0.142857,0.333333,0.523810,0.142857,0.095238,0.904762,0.000000,0.285714,0.333333,0.380952,0.761905,0.142857,0.095238,0.100000,0.100000,0.450000,0.450000,0.150000,0.050000,0.450000,0.100000,0.100000,0.400000,0.150000,0.050000,0.100000,0.000000,0.000000,0.150000,0.350000,0.200000,0.200000,0.200000,0.000000,23.809524,23.809524,52.380952,57.142857,57.142857,4.761905,19.047619,47.619048,85.714286,90.476190,9.523810,28.571429,61.904762,80.952381,100.000000,4.761905,38.095238,71.428571,85.714286,100.000000,9.523810,23.809524,33.333333,66.666667,95.238095,42.857143,42.857143,52.380952,57.142857,57.142857,9.523810,28.571429,61.904762,80.952381,100.000000,4.761905,19.047619,47.619048,85.714286,90.476190,23.809524,23.809524,52.380952,57.142857,57.142857,4.761905,19.047619,47.619048,85.714286,90.476190,9.523810,23.809524,61.904762,80.952381,100.000000,42.857143,42.857143,52.380952,57.142857,57.142857,52.380952,52.380952,52.380952,57.142857,57.142857,4.761905,23.809524,47.619048,80.952381,100.000000,0.000000,0.000000,0.000000,0.000000,0.000000,14.285714,42.857143,52.380952,80.952381,95.238095,9.523810,28.571429,61.904762,71.428571,100.000000,4.761905,19.047619,38.095238,76.190476,90.476190,4.761905,19.047619,47.619048,76.190476,100.000000,23.809524,23.809524,52.380952,57.142857,57.142857,42.857143,42.857143,42.857143,85.714286,85.714286
Negative_F1314,0.312500,0.375000,0.312500,0.500000,0.312500,0.187500,0.375000,0.312500,0.312500,0.312500,0.500000,0.187500,0.125000,0.812500,0.062500,0.250000,0.312500,0.437500,0.375000,0.312500,0.312500,0.266667,0.333333,0.133333,0.266667,0.133333,0.133333,0.200000,0.400000,0.200000,0.333333,0.066667,0.200000,0.266667,0.000000,0.133333,0.266667,0.133333,0.200000,0.333333,0.133333,0.266667,18.750000,43.750000,75.000000,87.500000,100.000000,31.250000,37.500000,56.250000,68.750000,81.250000,6.250000,12.500000,25.000000,50.000000,93.750000,25.000000,31.250000,62.500000,75.000000,93.750000,6.250000,12.500000,50.000000,87.500000,100.000000,18.750000,18.750000,37.500000,43.750000,43.750000,6.250000,12.500000,25.000000,50.000000,93.750000,31.250000,56.250000,62.500000,68.750000,81.250000,18.750000,43.750000,75.000000,87.500000,100.000000,31.250000,56.250000,62.500000,75.000000,81.250000,6.250000,12.500000,50.000000,87.500000,100.000000,18.750000,18.750000,37.500000,43.750000,43.750000,18.750000,18.750000,18.750000,43.750000,43.750000,6.250000,31.250000,56.250000,81.250000,100.000000,75.000000,75.000000,75.000000,75.000000,75.000000,18.750000,18.750000,43.750000,50.000000,87.500000,6.250000,12.500000,25.000000,37.500000,93.750000,31.250000,56.250000,68.750000,81.250000,100.000000,6.250000,12.500000,25.000000,56.250000,93.750000,18.750000,43.750000,75.000000,87.500000,100.000000,31.250000,37.500000,62.500000,68.750000,81.250000
Negative_F1357,0.303030,0.333333,0.363636,0.484848,0.303030,0.212121,0.363636,0.333333,0.303030,0.424242,0.363636,0.212121,0.212121,0.696970,0.090909,0.424242,0.333333,0.242424,0.515152,0.303030,0.181818,0.156250,0.281250,0.250000,0.343750,0.281250,0.156250,0.250000,0.281250,0.156250,0.343750,0.250000,0.187500,0.343750,0.093750,0.093750,0.343750,0.281250,0.187500,0.312500,0.218750,0.125000,9.090909,15.151515,36.363636,84.848485,93.939394,3.030303,30.303030,51.515152,60.606061,96.969697,6.060606,27.272727,63.636364,78.787879,100.000000,3.030303,30.303030,51.515152,72.727273,100.000000,6.060606,27.272727,39.393939,75.757576,87.878788,9.090909,15.151515,45.454545,84.848485,93.939394,6.060606,27.272727,63.636364,78.787879,100.000000,3.030303,30.303030,51.515152,60.606061,96.969697,9.090909,15.151515,36.363636,84.848485,93.939394,3.030303,30.303030,48.484848,60.606061,96.969697,6.060606,27.272727,63.636364,78.787879,100.000000,9.090909,15.151515,45.454545,84.848485,93.939394,9.090909,15.151515,45.454545,84.848485,93.939394,3.030303,30.303030,54.545455,75.757576,100.000000,12.121212,12.121212,36.363636,90.909091,90.909091,9.090909,30.303030,45.454545,75.757576,93.939394,6.060606,24.242424,57.575758,78.787879,100.000000,3.030303,12.121212,48.484848,60.606061,96.969697,6.060606,33.333333,54.545455,75.757576,100.000000,9.090909,15.151515,36.363636,84.848485,93.939394,3.030303,24.242424,48.484848,72.727273,96.969697
Negative_F1359,0.058824,0.411765,0.529412,0.352941,0.294118,0.352941,0.529412,0.352941,0.117647,0.235294,0.411765,0.352941,0.058824,0.941176,0.000000,0.470588,0.235294,0.294118,0.647059,0.058824,0.294118,0.062500,0.062500,0.437500,0.250000,0.250000,0.250000,0.375000,0.125000,0.125000,0.125000,0.125000,0.375000,0.125000,0.000000,0.000000,0.125000,0.375000,0.125000,0.062500,0.312500,0.062500,88.235294,88.235294,88.235294,88.235294,88.235294,17.647059,41.176471,58.823529,70.588235,82.352941,5.882353,23.529412,35.294118,76.470588,100.000000,17.647059,41.176471,47.058824,64.705882,82.352941,23.529412,29.411765,52.941176,76.470588,94.117647,5.882353,11.764706,35.294118,88.235294,100.000000,5.882353,23.529412,35.294118,76.470588,100.000000,17.647059,41.176471,47.058824,64.705882,82.352941,70.588235,70.588235,70.588235,88.235294,88.235294,41.176471,41.176471,47.058824,58.823529,64.705882,17.647059,23.529412,52.941176,82.352941,94.117647,5.882353,11.764706,35.294118,88.235294,100.000000,88.235294,88.235294,88.235294,88.235294,88.235294,5.882353,23.529412,47.058824,70.588235,100.000000,0.000000,0.000000,0.000000,0.000000,0.000000,23.529412,29.411765,52.941176,76.470588,94.117647,5.882353,5.882353,11.764706,35.294118,100.000000,17.647059,41.176471,58.823529,64.705882,82.352941,5.882353,23.529412,41.176471,76.470588,100.000000,88.235294,88.235294,88.235294,88.235294,88.235294,17.647059,58.823529,64.705882,70.588235,82.352941
Negative_F1363,0.230769,0.230769,0.538462,0.230769,0.384615,0.384615,0.538462,0.230769,0.230769,0.230769,0.384615,0.384615,0.230769,0.769231,0.000000,0.692308,0.153846,0.153846,0.692308,0.230769,0.076923,0.000000,0.333333,0.416667,0.083333,0.333333,0.333333,0.416667,0.333333,0.000000,0.083333,0.333333,0.333333,0.333333,0.000000,0.000000,0.166667,0.083333,0.166667,0.333333,0.166667,0.000000,53.846154,53.846154,76.923077,84.615385,84.615385,7.692308,7.692308,23.076923,38.461538,38.461538,15.384615,30.769231,61.538462,92.307692,100.000000,7.692308,7.692308,23.076923,38.461538,38.461538,46.153846,61.538462,69.230769,92.307692,100.000000,15.384615,30.769231,53.846154,76.923077,84.615385,15.384615,30.769231,61.538462,92.307692,100.000000,7.692308,7.692308,23.076923,38.461538,38.461538,53.846154,53.846154,76.923077,84.615385,84.615385,7.692308,7.692308,23.076923,38.461538,38.461538,46.153846,61.538462,69.230769,92.307692,100.000000,15.384615,30.769231,53.846154,76.923077,84.615385,53.846154,53.846154,76.923077,84.615385,84.615385,7.692308,23.076923,38.461538,69.230769,100.000000,0.000000,0.000000,0.000000,0.000000,0.000000,30.769231,46.153846,61.538462,76.923077,100.000000,15.384615,15.384615,15.384615,92.307692,92.307692,7.692308,7.692308,7.692308,23.076923,23.076923,7.692308,23.076923,46.153846,69.230769,100.000000,53.846154,53.846154,76.923077,84.615385,84.615385,30.769231,30.769231,30.769231,30.769231,30.769231
Negative_F1420,0.166667,0.291667,0.541667,0.375000,0.333333,0.291667,0.541667,0.291667,0.166667,0.208333,0.500000,0.291667,0.166667,0.833333,0.000000,0.375000,0.500000,0.125000,0.583333,0.166667,0.250000,0.043478,0.217391,0.391304,0.304348,0.173913,0.217391,0.391304,0.217391,0.043478,0.260870,0.086957,0.304348,0.260870,0.000000,0.000000,0.478261,0.043478,0.217391,0.217391,0.304348,0.043478,29.166667,29.166667,45.833333,91.666667,95.833333,12.500000,16.666667,58.333333,79.166667,87.500000,4.166667,25.000000,50.000000,70.833333,100.000000,12.500000,37.500000,62.500000,79.166667,100.000000,8.333333,20.833333,33.333333,54.166667,83.333333,4.166667,29.166667,45.833333,91.666667,95.833333,4.166667,25.000000,50.000000,70.833333,100.000000,12.500000,16.666667,58.333333,79.166667,87.500000,29.166667,29.166667,45.833333,91.666667,95.833333,12.500000,16.666667,37.500000,62.500000,87.500000,8.333333,25.000000,54.166667,75.000000,100.000000,4.166667,29.166667,45.833333,91.666667,95.833333,29.166667,29.166667,45.833333,91.666667,95.833333,4.166667,20.833333,50.000000,70.833333,100.000000,0.000000,0.000000,0.000000,0.000000,0.000000,8.333333,25.000000,37.500000,66.666667,95.833333,4.166667,33.333333,54.166667,75.000000,100.000000,12.500000,12.500000,58.333333,79.166667,79.166667,4.166667,25.000000,41.666667,70.833333,100.000000,29.166667,29.166667,45.833333,91.666667,95.833333,12.500000,16.666667,58.333333,79.166667,87.500000
Negative_F1455,0.264706,0.411765,0.323529,0.500000,0.323529,0.176471,0.323529,0.411765,0.264706,0.441176,0.382353,0.176471,0.147059,0.794118,0.058824,0.500000,0.264706,0.235294,0.558824,0.264706,0.176471,0.212121,0.212121,0.303030,0.333333,0.212121,0.151515,0.303030,0.212121,0.212121,0.393939,0.181818,0.181818,0.242424,0.060606,0.060606,0.181818,0.242424,0.212121,0.333333,0.212121,0.090909,11.764706,20.588235,44.117647,67.647059,94.117647,2.941176,38.235294,52.941176,76.470588,97.058824,5.882353,17.647059,50.000000,82.352941,100.000000,2.941176,38.235294,58.823529,79.411765,100.000000,5.882353,17.647059,50.000000,64.705882,88.235294,14.705882,20.588235,26.470588,85.294118,94.117647,5.882353,17.647059,50.000000,82.352941,100.000000,2.941176,38.235294,52.941176,76.470588,97.058824,11.764706,20.588235,44.117647,67.647059,94.117647,2.941176,35.294118,52.941176,76.470588,97.058824,5.882353,23.529412,55.882353,67.647059,100.000000,14.705882,20.588235,26.470588,85.294118,94.117647,14.705882,20.588235,44.117647,85.294118,94.117647,2.941176,32.352941,55.882353,76.470588,100.000000,11.764706,11.764706,11.764706,23.529412,23.529412,8.823529,23.529412,52.941176,76.470588,94.117647,5.882353,32.352941,70.588235,82.352941,100.000000,2.941176,11.764706,35.294118,58.823529,79.411765,2.941176,26.470588,47.058824,76.470588,100.000000,11.764706,20.588235,44.117647,67.647059,94.117647,35.294118,58.823529,70.588235,79.411765,97.058824
Negative_F1464,0.359375,0.375000,0.265625,0.390625,0.289062,0.320312,0.289062,0.296875,0.414062,0.257812,0.421875,0.320312,0.171875,0.781250,0.046875,0.460938,0.257812,0.281250,0.320312,0.359375,0.320312,0.236220,0.196850,0.236220,0.236220,0.251969,0.196850,0.188976,0.275591,0.204724,0.204724,0.141732,0.307087,0.244094,0.047244,0.047244,0.307087,0.259843,0.133858,0.220472,0.196850,0.212598,0.781250,25.000000,51.562500,76.562500,98.437500,1.562500,20.312500,45.312500,67.187500,96.093750,3.906250,28.906250,48.437500,81.250000,100.000000,1.562500,26.562500,45.312500,66.406250,97.656250,7.031250,31.250000,55.468750,81.250000,100.000000,0.781250,25.000000,52.343750,75.000000,98.437500,3.906250,31.250000,59.375000,80.468750,100.000000,1.562500,19.531250,42.187500,65.625000,94.531250,0.781250,25.781250,52.343750,76.562500,98.437500,3.125000,26.562500,44.531250,61.718750,97.656250,1.562500,28.906250,53.125000,81.250000,100.000000,0.781250,25.000000,52.343750,75.000000,98.437500,0.781250,27.343750,52.343750,75.781250,98.437500,1.562500,22.656250,47.656250,71.093750,100.000000,30.468750,35.937500,51.562500,88.281250,97.656250,0.781250,25.000000,52.343750,76.562500,100.000000,4.687500,32.812500,48.437500,72.656250,99.218750,1.562500,19.531250,50.000000,69.531250,97.656250,3.125000,33.593750,50.781250,80.468750,100.000000,0.781250,25.000000,51.562500,76.562500,98.437500,1.562500,19.531250,44.531250,68.750000,96.093750
Negative_F1487,0.299213,0.425197,0.275591,0.440945,0.307087,0.251969,0.314961,0.338583,0.346457,0.275591,0.472441,0.251969,0.102362,0.826772,0.070866,0.370079,0.299213,0.330709,0.322835,0.299213,0.377953,0.261905,0.174603,0.277778,0.293651,0.246032,0.142857,0.261905,0.253968,0.214286,0.301587,0.142857,0.246032,0.150794,0.047619,0.095238,0.269841,0.246032,0.182540,0.206349,0.230159,0.230159,0.787402,24.409449,46.456693,74.015748,98.425197,1.574803,25.984252,55.118110,76.377953,96.062992,3.937008,29.133858,48.818898,81.102362,100.000000,1.574803,22.047244,48.818898,71.653543,97.637795,7.086614,27.559055,50.393701,81.102362,100.000000,0.787402,21.259843,49.606299,72.440945,98.425197,3.937008,29.133858,51.968504,80.314961,100.000000,1.574803,20.472441,48.031496,70.078740,94.488189,0.787402,24.409449,49.606299,74.015748,98.425197,3.149606,20.472441,44.881890,66.929134,97.637795,1.574803,29.133858,51.968504,81.102362,100.000000,0.787402,21.259843,49.606299,72.440945,98.425197,0.787402,25.196850,49.606299,72.440945,98.425197,1.574803,24.409449,50.393701,76.377953,100.000000,3.149606,30.708661,64.566929,84.251969,97.637795,0.787402,21.259843,49.606299,74.015748,98.425197,4.724409,26.771654,44.881890,78.740157,100.000000,1.574803,24.409449,53.543307,79.527559,97.637795,7.874016,33.858268,51.968504,81.889764,100.000000,0.787402,24.409449,46.456693,74.015748,98.425197,1.574803,21.259843,51.181102,70.078740,96.062992
Negative_F1495,0.166667,0.375000,0.458333,0.458333,0.250000,0.291667,0.458333,0.375000,0.166667,0.291667,0.416667,0.291667,0.166667,0.833333,0.000000,0.375000,0.416667,0.208333,0.583333,0.166667,0.250000,0.043478,0.217391,0.304348,0.260870,0.217391,0.086957,0.304348,0.217391,0.043478,0.217391,0.130435,0.173913,0.260870,0.000000,0.000000,0.347826,0.086957,0.260870,0.217391,0.304348,0.043478,29.166667,29.166667,79.166667,91.666667,95.833333,12.500000,37.500000,45.833333,62.500000,83.333333,4.166667,20.833333,50.000000,75.000000,100.000000,12.500000,37.500000,58.333333,75.000000,100.000000,8.333333,20.833333,25.000000,54.166667,70.833333,4.166667,29.166667,79.166667,91.666667,95.833333,4.166667,20.833333,50.000000,75.000000,100.000000,12.500000,37.500000,45.833333,62.500000,83.333333,29.166667,29.166667,79.166667,91.666667,95.833333,12.500000,37.500000,45.833333,66.666667,83.333333,8.333333,20.833333,50.000000,70.833333,100.000000,4.166667,29.166667,79.166667,91.666667,95.833333,29.166667,29.166667,79.166667,91.666667,95.833333,4.166667,20.833333,45.833333,66.666667,100.000000,0.000000,0.000000,0.000000,0.000000,0.000000,25.000000,33.333333,54.166667,79.166667,95.833333,4.166667,20.833333,50.000000,75.000000,100.000000,12.500000,16.666667,45.833333,58.333333,83.333333,4.166667,20.833333,50.000000,75.000000,100.000000,29.166667,29.166667,79.166667,91.666667,95.833333,16.666667,33.333333,41.666667,58.333333,62.500000
Negative_F1498,0.285714,0.321429,0.392857,0.428571,0.357143,0.214286,0.392857,0.321429,0.285714,0.357143,0.428571,0.214286,0.178571,0.750000,0.071429,0.500000,0.285714,0.214286,0.571429,0.285714,0.142857,0.111111,0.333333,0.296296,0.259259,0.185185,0.259259,0.296296,0.333333,0.111111,0.296296,0.111111,0.333333,0.333333,0.037037,0.111111,0.222222,0.222222,0.185185,0.370370,0.222222,0.074074,14.285714,25.000000,42.857143,71.428571,85.714286,3.571429,28.571429,50.000000,57.142857,96.428571,7.142857,21.428571,60.714286,82.142857,100.000000,3.571429,17.857143,50.000000,82.142857,100.000000,7.142857,32.142857,46.428571,67.857143,89.285714,10.714286,25.000000,39.285714,78.571429,85.714286,7.142857,21.428571,60.714286,82.142857,100.000000,3.571429,28.571429,50.000000,57.142857,96.428571,14.285714,25.000000,42.857143,71.428571,85.714286,3.571429,17.857143,35.714286,57.142857,96.428571,7.142857,32.142857,60.714286,75.000000,100.000000,10.714286,25.000000,39.285714,78.571429,85.714286,25.000000,39.285714,71.428571,78.571429,85.714286,3.571429,28.571429,50.000000,75.000000,100.000000,14.285714,14.285714,14.285714,67.857143,67.857143,7.142857,35.714286,53.571429,71.428571,85.714286,17.857143,21.428571,46.428571,89.285714,100.000000,3.571429,14.285714,28.571429,57.142857,96.428571,3.571429,28.571429,50.000000,75.000000,100.000000,14.285714,25.000000,42.857143,71.428571,85.714286,10.714286,10.714286,17.857143,57.142857,92.857143
Negative_F1516,0.280000,0.360000,0.360000,0.240000,0.280000,0.480000,0.360000,0.240000,0.400000,0.240000,0.280000,0.480000,0.280000,0.720000,0.000000,0.560000,0.280000,0.160000,0.560000,0.280000,0.160000,0.125000,0.083333,0.291667,0.125000,0.125000,0.291667,0.166667,0.208333,0.083333,0.125000,0.125000,0.291667,0.208333,0.000000,0.000000,0.291667,0.166667,0.083333,0.166667,0.208333,0.041667,56.000000,72.000000,88.000000,96.000000,100.000000,12.000000,28.000000,44.000000,52.000000,68.000000,4.000000,20.000000,36.000000,64.000000,80.000000,28.000000,32.000000,44.000000,52.000000,60.000000,8.000000,20.000000,36.000000,76.000000,80.000000,4.000000,16.000000,68.000000,88.000000,100.000000,4.000000,20.000000,36.000000,64.000000,80.000000,28.000000,32.000000,44.000000,52.000000,60.000000,12.000000,56.000000,72.000000,92.000000,100.000000,28.000000,32.000000,44.000000,52.000000,60.000000,8.000000,20.000000,36.000000,76.000000,80.000000,4.000000,16.000000,68.000000,88.000000,100.000000,56.000000,72.000000,88.000000,96.000000,100.000000,4.000000,20.000000,36.000000,60.000000,80.000000,0.000000,0.000000,0.000000,0.000000,0.000000,12.000000,48.000000,68.000000,88.000000,100.000000,4.000000,8.000000,24.000000,64.000000,80.000000,28.000000,28.000000,32.000000,44.000000,52.000000,4.000000,24.000000,36.000000,60.000000,80.000000,56.000000,72.000000,88.000000,96.000000,100.000000,12.000000,12.000000,16.000000,44.000000,68.000000
Negative_F1529,0.261538,0.338462,0.400000,0.323077,0.246154,0.430769,0.461538,0.230769,0.307692,0.215385,0.353846,0.430769,0.169231,0.753846,0.076923,0.384615,0.400000,0.215385,0.507692,0.261538,0.230769,0.203125,0.203125,0.281250,0.218750,0.250000,0.187500,0.187500,0.281250,0.156250,0.218750,0.125000,0.312500,0.250000,0.000000,0.156250,0.328125,0.203125,0.140625,0.296875,0.281250,0.109375,3.076923,33.846154,53.846154,67.692308,92.307692,1.538462,20.000000,40.000000,76.923077,93.846154,6.153846,24.615385,46.153846,80.000000,100.000000,4.615385,21.538462,43.076923,78.461538,95.384615,3.076923,12.307692,27.692308,63.076923,98.461538,1.538462,40.000000,56.923077,72.307692,100.000000,1.538462,24.615385,46.153846,80.000000,100.000000,4.615385,15.384615,38.461538,78.461538,87.692308,3.076923,29.230769,50.769231,66.153846,92.307692,4.615385,15.384615,29.230769,69.230769,87.692308,3.076923,18.461538,52.307692,83.076923,98.461538,1.538462,40.000000,56.923077,72.307692,100.000000,16.923077,49.230769,56.923077,70.769231,92.307692,1.538462,23.076923,44.615385,76.923077,100.000000,3.076923,29.230769,33.846154,67.692308,86.153846,3.076923,23.076923,50.769231,66.153846,92.307692,1.538462,32.307692,55.384615,84.615385,100.000000,10.769231,27.692308,33.846154,76.923077,87.692308,4.615385,23.076923,55.384615,80.000000,100.000000,3.076923,33.846154,53.846154,67.692308,92.307692,1.538462,20.000000,40.000000,66.153846,93.846154
Negative_F1531,0.282828,0.424242,0.292929,0.424242,0.343434,0.232323,0.323232,0.363636,0.313131,0.353535,0.414141,0.232323,0.121212,0.777778,0.101010,0.434343,0.313131,0.252525,0.454545,0.282828,0.262626,0.275510,0.142857,0.265306,0.285714,0.234694,0.132653,0.244898,0.183673,0.234694,0.336735,0.204082,0.163265,0.204082,0.040816,0.142857,0.244898,0.224490,0.102041,0.255102,0.244898,0.163265,5.050505,23.232323,59.595960,74.747475,100.000000,1.010101,30.303030,51.515152,72.727273,96.969697,3.030303,19.191919,42.424242,76.767677,98.989899,1.010101,28.282828,53.535354,75.757576,96.969697,4.040404,22.222222,43.434343,76.767677,100.000000,3.030303,30.303030,47.474747,73.737374,97.979798,3.030303,19.191919,39.393939,58.585859,98.989899,1.010101,25.252525,54.545455,75.757576,96.969697,5.050505,28.282828,59.595960,74.747475,100.000000,1.010101,25.252525,56.565657,78.787879,95.959596,4.040404,23.232323,44.444444,70.707071,100.000000,3.030303,30.303030,47.474747,73.737374,97.979798,8.080808,20.202020,47.474747,66.666667,91.919192,1.010101,26.262626,51.515152,75.757576,100.000000,5.050505,23.232323,43.434343,78.787879,93.939394,4.040404,26.262626,48.484848,82.828283,98.989899,3.030303,19.191919,39.393939,58.585859,97.979798,1.010101,36.363636,62.626263,71.717172,100.000000,1.010101,15.151515,50.505051,79.797980,98.989899,5.050505,23.232323,59.595960,74.747475,100.000000,13.131313,32.323232,45.454545,68.686869,96.969697
Negative_F1555,0.360000,0.200000,0.440000,0.400000,0.320000,0.280000,0.440000,0.200000,0.360000,0.120000,0.600000,0.280000,0.280000,0.680000,0.040000,0.400000,0.400000,0.200000,0.520000,0.360000,0.120000,0.166667,0.375000,0.166667,0.333333,0.166667,0.208333,0.166667,0.375000,0.166667,0.250000,0.000000,0.375000,0.375000,0.000000,0.083333,0.416667,0.166667,0.083333,0.375000,0.083333,0.166667,8.000000,20.000000,56.000000,80.000000,100.000000,40.000000,60.000000,68.000000,72.000000,96.000000,4.000000,24.000000,36.000000,76.000000,92.000000,8.000000,40.000000,60.000000,76.000000,96.000000,4.000000,12.000000,28.000000,52.000000,88.000000,16.000000,20.000000,56.000000,84.000000,100.000000,4.000000,24.000000,36.000000,76.000000,92.000000,40.000000,60.000000,68.000000,72.000000,96.000000,8.000000,20.000000,56.000000,80.000000,100.000000,8.000000,8.000000,40.000000,72.000000,72.000000,4.000000,28.000000,52.000000,76.000000,96.000000,16.000000,20.000000,56.000000,84.000000,100.000000,16.000000,20.000000,56.000000,84.000000,100.000000,4.000000,32.000000,52.000000,72.000000,96.000000,8.000000,8.000000,8.000000,8.000000,8.000000,4.000000,20.000000,48.000000,80.000000,100.000000,12.000000,28.000000,36.000000,76.000000,92.000000,8.000000,60.000000,64.000000,68.000000,96.000000,4.000000,28.000000,40.000000,72.000000,92.000000,8.000000,20.000000,56.000000,80.000000,100.000000,60.000000,60.000000,68.000000,96.000000,96.000000
Negative_F1576,0.413793,0.206897,0.379310,0.275862,0.379310,0.344828,0.379310,0.172414,0.448276,0.172414,0.482759,0.344828,0.275862,0.655172,0.068966,0.517241,0.310345,0.172414,0.413793,0.413793,0.172414,0.142857,0.392857,0.107143,0.250000,0.214286,0.392857,0.071429,0.428571,0.178571,0.142857,0.107143,0.500000,0.357143,0.107143,0.035714,0.285714,0.178571,0.142857,0.428571,0.107143,0.107143,3.448276,13.793103,37.931034,75.862069,96.551724,51.724138,62.068966,65.517241,93.103448,100.000000,10.344828,20.689655,44.827586,72.413793,86.206897,10.344828,24.137931,62.068966,75.862069,100.000000,13.793103,31.034483,55.172414,82.758621,96.551724,3.448276,17.241379,34.482759,68.965517,89.655172,10.344828,20.689655,44.827586,72.413793,86.206897,51.724138,62.068966,65.517241,93.103448,100.000000,3.448276,27.586207,41.379310,75.862069,96.551724,51.724138,62.068966,65.517241,75.862069,100.000000,10.344828,24.137931,44.827586,82.758621,96.551724,3.448276,17.241379,34.482759,68.965517,89.655172,3.448276,6.896552,34.482759,48.275862,89.655172,10.344828,24.137931,58.620690,82.758621,100.000000,37.931034,37.931034,37.931034,75.862069,75.862069,3.448276,27.586207,41.379310,79.310345,96.551724,10.344828,24.137931,55.172414,62.068966,82.758621,13.793103,65.517241,75.862069,93.103448,100.000000,10.344828,20.689655,44.827586,72.413793,100.000000,3.448276,13.793103,37.931034,75.862069,96.551724,51.724138,62.068966,65.517241,68.965517,93.103448
Negative_F1596,0.410959,0.219178,0.369863,0.397260,0.383562,0.219178,0.369863,0.191781,0.438356,0.301370,0.479452,0.219178,0.123288,0.602740,0.273973,0.493151,0.287671,0.219178,0.506849,0.410959,0.082192,0.194444,0.305556,0.166667,0.402778,0.222222,0.180556,0.138889,0.333333,0.166667,0.333333,0.138889,0.263889,0.166667,0.083333,0.361111,0.291667,0.236111,0.125000,0.416667,0.083333,0.083333,8.219178,28.767123,56.164384,80.821918,97.260274,4.109589,21.917808,49.315068,69.863014,95.890411,1.369863,24.657534,47.945205,72.602740,100.000000,2.739726,23.287671,46.575342,76.712329,100.000000,5.479452,27.397260,52.054795,75.342466,98.630137,1.369863,17.808219,47.945205,69.863014,97.260274,1.369863,24.657534,47.945205,72.602740,100.000000,16.438356,26.027397,49.315068,76.712329,95.890411,4.109589,23.287671,56.164384,79.452055,97.260274,9.589041,23.287671,41.095890,71.232877,95.890411,2.739726,27.397260,56.164384,80.821918,100.000000,1.369863,17.808219,47.945205,69.863014,97.260274,13.698630,42.465753,60.273973,89.041096,97.260274,1.369863,24.657534,49.315068,72.602740,100.000000,8.219178,23.287671,46.575342,75.342466,94.520548,4.109589,26.027397,56.164384,76.712329,98.630137,1.369863,30.136986,50.684932,73.972603,100.000000,9.589041,21.917808,39.726027,54.794521,87.671233,1.369863,24.657534,47.945205,67.123288,100.000000,8.219178,28.767123,56.164384,80.821918,97.260274,4.109589,41.095890,54.794521,84.931507,90.410959
Negative_F1600,0.516854,0.449438,0.033708,0.528090,0.179775,0.292135,0.033708,0.449438,0.516854,0.404494,0.303371,0.292135,0.292135,0.550562,0.157303,0.595506,0.033708,0.370787,0.325843,0.516854,0.157303,0.625000,0.045455,0.022727,0.227273,0.352273,0.090909,0.022727,0.045455,0.625000,0.215909,0.261364,0.181818,0.397727,0.045455,0.250000,0.045455,0.511364,0.022727,0.488636,0.102273,0.181818,2.247191,21.348315,51.685393,75.280899,100.000000,1.123596,31.460674,49.438202,76.404494,98.876404,17.977528,17.977528,30.337079,57.303371,57.303371,1.123596,28.089888,50.561798,80.898876,98.876404,6.741573,23.595506,57.303371,78.651685,93.258427,2.247191,19.101124,43.820225,61.797753,100.000000,17.977528,17.977528,30.337079,57.303371,57.303371,1.123596,31.460674,49.438202,76.404494,98.876404,2.247191,21.348315,51.685393,75.280899,100.000000,5.617978,26.966292,64.044944,83.146067,98.876404,1.123596,30.337079,44.943820,75.280899,93.258427,2.247191,19.101124,43.820225,61.797753,100.000000,2.247191,19.101124,43.820225,61.797753,100.000000,1.123596,31.460674,53.932584,77.528090,98.876404,6.741573,20.224719,55.056180,82.022472,97.752809,2.247191,24.719101,48.314607,71.910112,100.000000,17.977528,17.977528,57.303371,85.393258,85.393258,1.123596,31.460674,53.932584,75.280899,97.752809,5.617978,30.337079,60.674157,80.898876,98.876404,2.247191,21.348315,51.685393,75.280899,100.000000,1.123596,31.460674,38.202247,49.438202,85.393258
Negative_F1628,0.076923,0.384615,0.538462,0.384615,0.461538,0.153846,0.538462,0.384615,0.076923,0.384615,0.461538,0.153846,0.076923,0.923077,0.000000,0.538462,0.153846,0.307692,0.846154,0.076923,0.076923,0.083333,0.083333,0.416667,0.416667,0.083333,0.166667,0.416667,0.083333,0.083333,0.416667,0.083333,0.166667,0.166667,0.000000,0.000000,0.166667,0.500000,0.000000,0.166667,0.166667,0.000000,92.307692,92.307692,92.307692,92.307692,92.307692,23.076923,30.769231,53.846154,61.538462,84.615385,7.692308,15.384615,46.153846,76.923077,100.000000,23.076923,30.769231,53.846154,61.538462,84.615385,15.384615,38.461538,46.153846,76.923077,100.000000,7.692308,7.692308,7.692308,92.307692,92.307692,7.692308,15.384615,46.153846,76.923077,100.000000,23.076923,30.769231,53.846154,61.538462,84.615385,92.307692,92.307692,92.307692,92.307692,92.307692,23.076923,30.769231,53.846154,61.538462,84.615385,15.384615,38.461538,46.153846,76.923077,100.000000,7.692308,7.692308,7.692308,92.307692,92.307692,92.307692,92.307692,92.307692,92.307692,92.307692,7.692308,23.076923,46.153846,69.230769,100.000000,0.000000,0.000000,0.000000,0.000000,0.000000,15.384615,38.461538,53.846154,76.923077,92.307692,7.692308,7.692308,7.692308,100.000000,100.000000,23.076923,23.076923,30.769231,61.538462,84.615385,7.692308,23.076923,46.153846,76.923077,100.000000,92.307692,92.307692,92.307692,92.307692,92.307692,61.538462,61.538462,61.538462,61.538462,61.538462
Negative_F1636,0.266667,0.333333,0.400000,0.400000,0.400000,0.200000,0.400000,0.333333,0.266667,0.266667,0.533333,0.200000,0.133333,0.800000,0.066667,0.366667,0.400000,0.233333,0.466667,0.266667,0.266667,0.103448,0.310345,0.379310,0.344828,0.206897,0.137931,0.379310,0.310345,0.103448,0.344828,0.172414,0.172414,0.241379,0.034483,0.103448,0.206897,0.137931,0.206897,0.344828,0.310345,0.068966,13.333333,16.666667,36.666667,53.333333,80.000000,3.333333,33.333333,66.666667,93.333333,100.000000,6.666667,20.000000,50.000000,70.000000,90.000000,3.333333,26.666667,66.666667,86.666667,100.000000,20.000000,40.000000,53.333333,63.333333,90.000000,6.666667,10.000000,16.666667,36.666667,80.000000,6.666667,20.000000,50.000000,70.000000,90.000000,3.333333,33.333333,66.666667,93.333333,100.000000,13.333333,16.666667,36.666667,53.333333,80.000000,3.333333,13.333333,33.333333,66.666667,93.333333,20.000000,43.333333,60.000000,83.333333,100.000000,6.666667,10.000000,16.666667,36.666667,80.000000,16.666667,16.666667,23.333333,36.666667,80.000000,3.333333,30.000000,56.666667,76.666667,100.000000,13.333333,13.333333,13.333333,53.333333,53.333333,16.666667,26.666667,50.000000,60.000000,83.333333,6.666667,20.000000,46.666667,73.333333,93.333333,3.333333,13.333333,63.333333,96.666667,100.000000,3.333333,20.000000,43.333333,70.000000,90.000000,13.333333,16.666667,36.666667,53.333333,80.000000,33.333333,46.666667,73.333333,93.333333,100.000000
Negative_F1638,0.076923,0.384615,0.538462,0.384615,0.384615,0.230769,0.538462,0.384615,0.076923,0.384615,0.384615,0.230769,0.076923,0.923077,0.000000,0.461538,0.230769,0.307692,0.769231,0.076923,0.153846,0.083333,0.083333,0.416667,0.416667,0.083333,0.166667,0.416667,0.083333,0.083333,0.416667,0.083333,0.166667,0.166667,0.000000,0.000000,0.083333,0.166667,0.166667,0.083333,0.250000,0.083333,84.615385,84.615385,84.615385,84.615385,84.615385,23.076923,30.769231,53.846154,61.538462,92.307692,7.692308,15.384615,46.153846,76.923077,100.000000,23.076923,30.769231,53.846154,61.538462,92.307692,15.384615,38.461538,46.153846,69.230769,100.000000,7.692308,7.692308,76.923077,84.615385,84.615385,7.692308,15.384615,46.153846,76.923077,100.000000,23.076923,30.769231,53.846154,61.538462,92.307692,84.615385,84.615385,84.615385,84.615385,84.615385,23.076923,30.769231,53.846154,61.538462,92.307692,15.384615,38.461538,46.153846,69.230769,100.000000,7.692308,7.692308,76.923077,84.615385,84.615385,84.615385,84.615385,84.615385,84.615385,84.615385,7.692308,23.076923,46.153846,69.230769,100.000000,0.000000,0.000000,0.000000,0.000000,0.000000,38.461538,69.230769,76.923077,92.307692,100.000000,7.692308,7.692308,15.384615,46.153846,46.153846,23.076923,23.076923,30.769231,53.846154,61.538462,7.692308,30.769231,46.153846,69.230769,100.000000,84.615385,84.615385,84.615385,84.615385,84.615385,23.076923,23.076923,23.076923,76.923077,76.923077
Negative_F1642,0.125000,0.416667,0.458333,0.458333,0.333333,0.208333,0.458333,0.375000,0.166667,0.291667,0.500000,0.208333,0.125000,0.875000,0.000000,0.500000,0.375000,0.125000,0.666667,0.125000,0.208333,0.043478,0.130435,0.391304,0.347826,0.130435,0.173913,0.347826,0.173913,0.086957,0.347826,0.086957,0.217391,0.173913,0.000000,0.000000,0.521739,0.173913,0.086957,0.130435,0.304348,0.043478,29.166667,29.166667,91.666667,95.833333,95.833333,12.500000,37.500000,45.833333,66.666667,87.500000,4.166667,20.833333,50.000000,75.000000,100.000000,12.500000,37.500000,62.500000,79.166667,100.000000,8.333333,20.833333,33.333333,54.166667,83.333333,4.166667,29.166667,45.833333,91.666667,95.833333,4.166667,20.833333,50.000000,75.000000,100.000000,12.500000,37.500000,58.333333,66.666667,87.500000,29.166667,29.166667,45.833333,91.666667,95.833333,16.666667,37.500000,62.500000,79.166667,87.500000,8.333333,20.833333,50.000000,70.833333,100.000000,4.166667,29.166667,45.833333,91.666667,95.833333,29.166667,29.166667,91.666667,95.833333,95.833333,4.166667,25.000000,50.000000,70.833333,100.000000,0.000000,0.000000,0.000000,0.000000,0.000000,8.333333,25.000000,41.666667,66.666667,95.833333,4.166667,33.333333,62.500000,75.000000,100.000000,12.500000,12.500000,58.333333,87.500000,87.500000,4.166667,20.833333,41.666667,70.833333,100.000000,29.166667,29.166667,91.666667,95.833333,95.833333,12.500000,45.833333,58.333333,62.500000,87.500000
Negative_F1643,0.208333,0.333333,0.458333,0.416667,0.250000,0.333333,0.458333,0.333333,0.208333,0.291667,0.375000,0.333333,0.166667,0.833333,0.000000,0.500000,0.375000,0.125000,0.666667,0.208333,0.125000,0.043478,0.304348,0.217391,0.173913,0.217391,0.173913,0.217391,0.304348,0.043478,0.173913,0.086957,0.304348,0.260870,0.000000,0.000000,0.434783,0.173913,0.086957,0.347826,0.260870,0.000000,29.166667,45.833333,79.166667,91.666667,95.833333,12.500000,16.666667,37.500000,58.333333,66.666667,4.166667,25.000000,54.166667,83.333333,100.000000,12.500000,20.833333,41.666667,66.666667,100.000000,25.000000,33.333333,45.833333,54.166667,83.333333,4.166667,8.333333,70.833333,87.500000,95.833333,4.166667,25.000000,54.166667,83.333333,100.000000,12.500000,16.666667,37.500000,58.333333,66.666667,29.166667,45.833333,79.166667,91.666667,95.833333,12.500000,16.666667,37.500000,62.500000,66.666667,25.000000,45.833333,54.166667,75.000000,100.000000,4.166667,8.333333,70.833333,87.500000,95.833333,29.166667,29.166667,79.166667,91.666667,95.833333,4.166667,20.833333,45.833333,66.666667,100.000000,0.000000,0.000000,0.000000,0.000000,0.000000,8.333333,25.000000,41.666667,66.666667,95.833333,4.166667,33.333333,70.833333,83.333333,100.000000,12.500000,12.500000,45.833333,58.333333,58.333333,4.166667,25.000000,50.000000,70.833333,100.000000,29.166667,45.833333,79.166667,91.666667,95.833333,8.333333,8.333333,16.666667,58.333333,58.333333
Negative_F1665,0.166667,0.500000,0.333333,0.566667,0.200000,0.233333,0.333333,0.500000,0.166667,0.400000,0.366667,0.233333,0.166667,0.833333,0.000000,0.266667,0.400000,0.333333,0.500000,0.166667,0.333333,0.172414,0.103448,0.344828,0.275862,0.310345,0.103448,0.344828,0.103448,0.172414,0.310345,0.172414,0.241379,0.275862,0.000000,0.000000,0.241379,0.172414,0.137931,0.206897,0.310345,0.068966,13.333333,30.000000,33.333333,63.333333,73.333333,3.333333,40.000000,53.333333,76.666667,96.666667,10.000000,23.333333,36.666667,90.000000,100.000000,3.333333,26.666667,50.000000,70.000000,96.666667,20.000000,36.666667,56.666667,93.333333,100.000000,13.333333,23.333333,33.333333,73.333333,90.000000,10.000000,23.333333,36.666667,90.000000,100.000000,3.333333,40.000000,53.333333,76.666667,96.666667,13.333333,30.000000,33.333333,63.333333,73.333333,16.666667,43.333333,53.333333,76.666667,96.666667,3.333333,10.000000,36.666667,80.000000,100.000000,13.333333,23.333333,33.333333,73.333333,90.000000,13.333333,30.000000,33.333333,63.333333,73.333333,3.333333,26.666667,53.333333,80.000000,100.000000,0.000000,0.000000,0.000000,0.000000,0.000000,13.333333,30.000000,53.333333,63.333333,80.000000,10.000000,23.333333,56.666667,90.000000,100.000000,3.333333,16.666667,43.333333,66.666667,83.333333,10.000000,23.333333,53.333333,80.000000,100.000000,13.333333,30.000000,33.333333,63.333333,73.333333,3.333333,43.333333,50.000000,83.333333,96.666667
Negative_F1666,0.266667,0.366667,0.366667,0.400000,0.400000,0.200000,0.366667,0.333333,0.300000,0.300000,0.500000,0.200000,0.166667,0.833333,0.000000,0.400000,0.233333,0.366667,0.533333,0.266667,0.200000,0.137931,0.275862,0.206897,0.275862,0.206897,0.206897,0.172414,0.310345,0.172414,0.137931,0.137931,0.275862,0.344828,0.000000,0.000000,0.206897,0.206897,0.206897,0.344828,0.275862,0.068966,6.666667,13.333333,33.333333,40.000000,96.666667,3.333333,56.666667,66.666667,80.000000,100.000000,10.000000,20.000000,43.333333,83.333333,90.000000,3.333333,23.333333,60.000000,76.666667,100.000000,13.333333,20.000000,36.666667,73.333333,90.000000,6.666667,33.333333,40.000000,70.000000,96.666667,10.000000,20.000000,43.333333,83.333333,90.000000,3.333333,56.666667,63.333333,80.000000,100.000000,6.666667,26.666667,36.666667,46.666667,96.666667,3.333333,56.666667,63.333333,76.666667,100.000000,10.000000,20.000000,36.666667,83.333333,93.333333,6.666667,33.333333,40.000000,70.000000,96.666667,6.666667,33.333333,40.000000,46.666667,96.666667,3.333333,26.666667,56.666667,76.666667,100.000000,0.000000,0.000000,0.000000,0.000000,0.000000,6.666667,26.666667,36.666667,46.666667,96.666667,10.000000,16.666667,53.333333,83.333333,86.666667,3.333333,50.000000,63.333333,80.000000,100.000000,3.333333,20.000000,53.333333,76.666667,100.000000,6.666667,13.333333,33.333333,40.000000,96.666667,50.000000,60.000000,66.666667,80.000000,93.333333
Negative_F1696,0.260870,0.478261,0.260870,0.652174,0.195652,0.152174,0.282609,0.434783,0.282609,0.413043,0.434783,0.152174,0.086957,0.826087,0.086957,0.304348,0.347826,0.347826,0.478261,0.260870,0.260870,0.333333,0.133333,0.222222,0.311111,0.222222,0.044444,0.244444,0.155556,0.355556,0.355556,0.133333,0.133333,0.133333,0.000000,0.155556,0.200000,0.311111,0.200000,0.266667,0.200000,0.200000,2.173913,28.260870,56.521739,67.391304,86.956522,8.695652,30.434783,43.478261,78.260870,100.000000,4.347826,10.869565,45.652174,76.086957,93.478261,2.173913,19.565217,41.304348,73.913043,100.000000,4.347826,39.130435,52.173913,80.434783,93.478261,21.739130,45.652174,67.391304,91.304348,97.826087,4.347826,13.043478,47.826087,80.434783,97.826087,8.695652,23.913043,41.304348,69.565217,100.000000,2.173913,39.130435,60.869565,71.739130,91.304348,2.173913,19.565217,36.956522,60.869565,100.000000,4.347826,26.086957,52.173913,78.260870,93.478261,21.739130,45.652174,67.391304,91.304348,97.826087,21.739130,21.739130,65.217391,67.391304,71.739130,4.347826,26.086957,45.652174,78.260870,100.000000,2.173913,2.173913,52.173913,60.869565,86.956522,15.217391,43.478261,65.217391,80.434783,100.000000,4.347826,10.869565,30.434783,50.000000,97.826087,2.173913,28.260870,54.347826,69.565217,89.130435,4.347826,17.391304,43.478261,76.086957,100.000000,2.173913,28.260870,56.521739,67.391304,86.956522,8.695652,30.434783,58.695652,78.260870,97.826087
Negative_F1736,0.238095,0.238095,0.523810,0.523810,0.333333,0.142857,0.523810,0.238095,0.238095,0.380952,0.476190,0.142857,0.000000,0.857143,0.142857,0.142857,0.523810,0.333333,0.571429,0.238095,0.190476,0.050000,0.300000,0.450000,0.300000,0.250000,0.050000,0.450000,0.300000,0.050000,0.400000,0.250000,0.050000,0.000000,0.000000,0.150000,0.200000,0.100000,0.450000,0.350000,0.400000,0.000000,4.761905,28.571429,61.904762,66.666667,85.714286,14.285714,23.809524,38.095238,76.190476,95.238095,9.523810,33.333333,52.380952,80.952381,100.000000,4.761905,23.809524,57.142857,71.428571,95.238095,28.571429,47.619048,80.952381,90.476190,100.000000,9.523810,9.523810,19.047619,33.333333,33.333333,9.523810,33.333333,52.380952,80.952381,100.000000,14.285714,23.809524,38.095238,76.190476,95.238095,4.761905,28.571429,61.904762,66.666667,85.714286,4.761905,14.285714,38.095238,66.666667,95.238095,28.571429,47.619048,57.142857,85.714286,100.000000,9.523810,9.523810,19.047619,33.333333,33.333333,0.000000,0.000000,0.000000,0.000000,0.000000,9.523810,28.571429,47.619048,80.952381,100.000000,4.761905,4.761905,61.904762,66.666667,66.666667,23.809524,23.809524,47.619048,90.476190,90.476190,9.523810,19.047619,52.380952,80.952381,100.000000,4.761905,28.571429,61.904762,76.190476,85.714286,9.523810,23.809524,47.619048,71.428571,100.000000,4.761905,28.571429,61.904762,66.666667,85.714286,14.285714,14.285714,38.095238,76.190476,95.238095
Negative_F1776,0.350000,0.275000,0.375000,0.200000,0.450000,0.350000,0.475000,0.125000,0.400000,0.125000,0.525000,0.350000,0.150000,0.700000,0.150000,0.525000,0.300000,0.175000,0.400000,0.350000,0.250000,0.230769,0.282051,0.179487,0.179487,0.205128,0.333333,0.102564,0.358974,0.128205,0.128205,0.102564,0.435897,0.205128,0.051282,0.205128,0.307692,0.307692,0.051282,0.282051,0.205128,0.230769,12.500000,27.500000,37.500000,65.000000,95.000000,2.500000,17.500000,47.500000,87.500000,100.000000,7.500000,32.500000,60.000000,80.000000,92.500000,2.500000,12.500000,22.500000,40.000000,87.500000,7.500000,32.500000,50.000000,72.500000,95.000000,5.000000,37.500000,62.500000,85.000000,100.000000,5.000000,32.500000,60.000000,80.000000,97.500000,2.500000,17.500000,22.500000,40.000000,87.500000,12.500000,27.500000,45.000000,65.000000,100.000000,2.500000,12.500000,30.000000,40.000000,87.500000,7.500000,25.000000,50.000000,70.000000,95.000000,5.000000,37.500000,62.500000,85.000000,100.000000,20.000000,27.500000,37.500000,65.000000,85.000000,2.500000,25.000000,52.500000,77.500000,100.000000,12.500000,15.000000,30.000000,75.000000,95.000000,2.500000,32.500000,47.500000,72.500000,100.000000,5.000000,25.000000,60.000000,80.000000,97.500000,12.500000,17.500000,30.000000,50.000000,87.500000,2.500000,25.000000,55.000000,72.500000,92.500000,12.500000,27.500000,37.500000,65.000000,95.000000,5.000000,22.500000,47.500000,87.500000,100.000000
Negative_F1790,0.375000,0.354167,0.270833,0.354167,0.375000,0.270833,0.312500,0.312500,0.375000,0.333333,0.395833,0.270833,0.187500,0.666667,0.145833,0.458333,0.270833,0.270833,0.416667,0.375000,0.208333,0.212766,0.255319,0.191489,0.255319,0.191489,0.255319,0.212766,0.276596,0.191489,0.255319,0.191489,0.255319,0.276596,0.063830,0.234043,0.234043,0.234043,0.191489,0.361702,0.170213,0.106383,4.166667,18.750000,47.916667,75.000000,87.500000,6.250000,31.250000,54.166667,89.583333,100.000000,2.083333,20.833333,52.083333,66.666667,91.666667,4.166667,29.166667,54.166667,89.583333,100.000000,10.416667,25.000000,60.416667,79.166667,91.666667,2.083333,18.750000,41.666667,58.333333,75.000000,2.083333,20.833333,39.583333,66.666667,91.666667,6.250000,29.166667,56.250000,93.750000,100.000000,4.166667,18.750000,47.916667,75.000000,87.500000,4.166667,27.083333,47.916667,85.416667,100.000000,10.416667,25.000000,62.500000,81.250000,93.750000,2.083333,18.750000,41.666667,58.333333,75.000000,12.500000,41.666667,50.000000,68.750000,75.000000,2.083333,27.083333,52.083333,77.083333,100.000000,4.166667,16.666667,47.916667,83.333333,87.500000,2.083333,25.000000,58.333333,75.000000,100.000000,8.333333,29.166667,37.500000,62.500000,97.916667,4.166667,27.083333,54.166667,85.416667,95.833333,8.333333,27.083333,52.083333,66.666667,100.000000,4.166667,18.750000,47.916667,75.000000,87.500000,2.083333,29.166667,39.583333,93.750000,97.916667
Negative_F1798,0.166667,0.375000,0.458333,0.458333,0.333333,0.208333,0.458333,0.375000,0.166667,0.333333,0.458333,0.208333,0.166667,0.833333,0.000000,0.375000,0.416667,0.208333,0.666667,0.166667,0.166667,0.086957,0.173913,0.347826,0.391304,0.173913,0.130435,0.347826,0.173913,0.086957,0.347826,0.086957,0.217391,0.260870,0.000000,0.000000,0.434783,0.086957,0.173913,0.217391,0.217391,0.043478,29.166667,29.166667,79.166667,91.666667,95.833333,12.500000,33.333333,45.833333,58.333333,87.500000,4.166667,20.833333,50.000000,75.000000,100.000000,12.500000,33.333333,54.166667,75.000000,100.000000,8.333333,20.833333,41.666667,66.666667,83.333333,4.166667,29.166667,79.166667,91.666667,95.833333,4.166667,20.833333,50.000000,75.000000,100.000000,12.500000,33.333333,45.833333,58.333333,87.500000,29.166667,29.166667,79.166667,91.666667,95.833333,16.666667,33.333333,45.833333,58.333333,87.500000,8.333333,20.833333,50.000000,75.000000,100.000000,4.166667,29.166667,79.166667,91.666667,95.833333,29.166667,29.166667,79.166667,91.666667,95.833333,4.166667,20.833333,45.833333,66.666667,100.000000,0.000000,0.000000,0.000000,0.000000,0.000000,8.333333,29.166667,37.500000,79.166667,95.833333,4.166667,41.666667,62.500000,83.333333,100.000000,12.500000,16.666667,45.833333,54.166667,58.333333,4.166667,20.833333,41.666667,66.666667,100.000000,29.166667,29.166667,79.166667,91.666667,95.833333,12.500000,12.500000,58.333333,62.500000,87.500000
Negative_F1799,0.166667,0.375000,0.458333,0.458333,0.291667,0.250000,0.458333,0.375000,0.166667,0.333333,0.416667,0.250000,0.166667,0.833333,0.000000,0.333333,0.416667,0.250000,0.666667,0.166667,0.166667,0.086957,0.173913,0.347826,0.347826,0.217391,0.173913,0.347826,0.173913,0.086957,0.347826,0.086957,0.304348,0.260870,0.000000,0.000000,0.304348,0.130435,0.217391,0.217391,0.217391,0.043478,29.166667,29.166667,79.166667,91.666667,95.833333,12.500000,33.333333,45.833333,58.333333,87.500000,4.166667,20.833333,50.000000,75.000000,100.000000,12.500000,33.333333,54.166667,75.000000,100.000000,8.333333,20.833333,41.666667,66.666667,83.333333,4.166667,29.166667,70.833333,91.666667,95.833333,4.166667,20.833333,50.000000,75.000000,100.000000,12.500000,33.333333,45.833333,58.333333,87.500000,29.166667,29.166667,79.166667,91.666667,95.833333,16.666667,33.333333,45.833333,58.333333,87.500000,8.333333,20.833333,41.666667,75.000000,100.000000,4.166667,29.166667,70.833333,91.666667,95.833333,29.166667,29.166667,79.166667,91.666667,95.833333,4.166667,20.833333,45.833333,66.666667,100.000000,0.000000,0.000000,0.000000,0.000000,0.000000,8.333333,20.833333,33.333333,79.166667,95.833333,4.166667,41.666667,62.500000,75.000000,100.000000,12.500000,16.666667,45.833333,58.333333,87.500000,4.166667,20.833333,41.666667,66.666667,100.000000,29.166667,29.166667,79.166667,91.666667,95.833333,12.500000,12.500000,58.333333,62.500000,87.500000
Negative_F1810,0.142857,0.523810,0.333333,0.523810,0.285714,0.190476,0.333333,0.523810,0.142857,0.523810,0.285714,0.190476,0.142857,0.857143,0.000000,0.523810,0.190476,0.285714,0.666667,0.142857,0.190476,0.200000,0.100000,0.450000,0.350000,0.300000,0.100000,0.450000,0.100000,0.200000,0.350000,0.300000,0.100000,0.300000,0.000000,0.000000,0.250000,0.400000,0.050000,0.200000,0.300000,0.100000,23.809524,23.809524,57.142857,71.428571,71.428571,4.761905,19.047619,38.095238,80.952381,95.238095,9.523810,42.857143,61.904762,85.714286,100.000000,4.761905,19.047619,38.095238,80.952381,95.238095,42.857143,47.619048,61.904762,85.714286,100.000000,9.523810,9.523810,23.809524,57.142857,71.428571,9.523810,42.857143,61.904762,85.714286,100.000000,4.761905,19.047619,38.095238,80.952381,95.238095,23.809524,23.809524,57.142857,71.428571,71.428571,4.761905,19.047619,38.095238,80.952381,95.238095,42.857143,47.619048,61.904762,85.714286,100.000000,9.523810,9.523810,23.809524,57.142857,71.428571,23.809524,23.809524,57.142857,71.428571,71.428571,4.761905,28.571429,47.619048,80.952381,100.000000,0.000000,0.000000,0.000000,0.000000,0.000000,9.523810,23.809524,57.142857,85.714286,100.000000,42.857143,42.857143,61.904762,66.666667,76.190476,4.761905,19.047619,33.333333,52.380952,90.476190,4.761905,33.333333,52.380952,85.714286,100.000000,23.809524,23.809524,57.142857,71.428571,71.428571,9.523810,9.523810,19.047619,38.095238,66.666667
Negative_F1884,0.400000,0.200000,0.400000,0.200000,0.300000,0.500000,0.400000,0.200000,0.400000,0.166667,0.333333,0.500000,0.400000,0.600000,0.000000,0.633333,0.233333,0.133333,0.466667,0.400000,0.133333,0.137931,0.310345,0.206897,0.206897,0.137931,0.172414,0.206897,0.310345,0.137931,0.206897,0.068966,0.241379,0.448276,0.000000,0.000000,0.310345,0.172414,0.103448,0.344828,0.103448,0.103448,3.333333,16.666667,40.000000,60.000000,73.333333,30.000000,43.333333,70.000000,90.000000,93.333333,6.666667,20.000000,46.666667,80.000000,100.000000,30.000000,43.333333,70.000000,90.000000,93.333333,20.000000,33.333333,76.666667,86.666667,100.000000,3.333333,13.333333,40.000000,60.000000,73.333333,6.666667,20.000000,46.666667,80.000000,100.000000,30.000000,43.333333,70.000000,90.000000,93.333333,3.333333,16.666667,40.000000,60.000000,73.333333,30.000000,43.333333,83.333333,90.000000,93.333333,20.000000,33.333333,70.000000,86.666667,100.000000,3.333333,13.333333,40.000000,60.000000,73.333333,3.333333,16.666667,40.000000,60.000000,73.333333,6.666667,30.000000,56.666667,86.666667,100.000000,0.000000,0.000000,0.000000,0.000000,0.000000,3.333333,23.333333,50.000000,73.333333,100.000000,6.666667,10.000000,46.666667,80.000000,93.333333,30.000000,30.000000,70.000000,83.333333,90.000000,6.666667,23.333333,46.666667,83.333333,100.000000,3.333333,16.666667,40.000000,60.000000,73.333333,30.000000,30.000000,70.000000,90.000000,93.333333
Negative_F1916,0.166667,0.333333,0.500000,0.416667,0.250000,0.333333,0.500000,0.333333,0.166667,0.250000,0.416667,0.333333,0.166667,0.833333,0.000000,0.416667,0.416667,0.166667,0.666667,0.166667,0.166667,0.130435,0.130435,0.391304,0.304348,0.260870,0.130435,0.391304,0.130435,0.130435,0.260870,0.086957,0.304348,0.260870,0.000000,0.000000,0.304348,0.217391,0.130435,0.173913,0.260870,0.086957,45.833333,45.833333,62.500000,91.666667,95.833333,12.500000,25.000000,37.500000,58.333333,87.500000,4.166667,16.666667,50.000000,70.833333,100.000000,12.500000,29.166667,41.666667,79.166667,100.000000,16.666667,20.833333,33.333333,66.666667,83.333333,4.166667,8.333333,50.000000,70.833333,95.833333,4.166667,16.666667,50.000000,70.833333,100.000000,12.500000,25.000000,37.500000,58.333333,87.500000,45.833333,45.833333,62.500000,91.666667,95.833333,25.000000,29.166667,37.500000,79.166667,87.500000,12.500000,20.833333,54.166667,75.000000,100.000000,4.166667,8.333333,50.000000,70.833333,95.833333,45.833333,45.833333,62.500000,91.666667,95.833333,4.166667,20.833333,41.666667,70.833333,100.000000,0.000000,0.000000,0.000000,0.000000,0.000000,16.666667,33.333333,41.666667,62.500000,95.833333,4.166667,20.833333,66.666667,83.333333,100.000000,12.500000,12.500000,29.166667,58.333333,79.166667,4.166667,20.833333,37.500000,66.666667,100.000000,45.833333,45.833333,62.500000,91.666667,95.833333,12.500000,12.500000,58.333333,79.166667,87.500000
Negative_F1995,0.333333,0.111111,0.555556,0.111111,0.388889,0.500000,0.555556,0.055556,0.388889,0.000000,0.500000,0.500000,0.277778,0.722222,0.000000,0.500000,0.444444,0.055556,0.555556,0.333333,0.111111,0.058824,0.235294,0.176471,0.058824,0.058824,0.588235,0.058824,0.352941,0.058824,0.000000,0.000000,0.647059,0.411765,0.000000,0.000000,0.294118,0.058824,0.058824,0.235294,0.176471,0.058824,5.555556,11.111111,66.666667,83.333333,88.888889,44.444444,44.444444,44.444444,61.111111,61.111111,16.666667,27.777778,38.888889,72.222222,100.000000,55.555556,55.555556,55.555556,61.111111,61.111111,16.666667,33.333333,72.222222,94.444444,100.000000,5.555556,22.222222,38.888889,66.666667,88.888889,16.666667,27.777778,38.888889,72.222222,100.000000,61.111111,61.111111,61.111111,61.111111,61.111111,5.555556,11.111111,66.666667,83.333333,88.888889,0.000000,0.000000,0.000000,0.000000,0.000000,16.666667,50.000000,61.111111,83.333333,100.000000,5.555556,22.222222,38.888889,66.666667,88.888889,5.555556,11.111111,66.666667,77.777778,88.888889,16.666667,33.333333,50.000000,72.222222,100.000000,0.000000,0.000000,0.000000,0.000000,0.000000,5.555556,44.444444,72.222222,83.333333,100.000000,16.666667,22.222222,33.333333,50.000000,94.444444,61.111111,61.111111,61.111111,61.111111,61.111111,16.666667,27.777778,38.888889,72.222222,100.000000,5.555556,11.111111,66.666667,83.333333,88.888889,44.444444,44.444444,44.444444,61.111111,61.111111
Negative_F1996,0.333333,0.333333,0.333333,0.400000,0.266667,0.333333,0.333333,0.333333,0.333333,0.333333,0.333333,0.333333,0.333333,0.666667,0.000000,0.600000,0.200000,0.200000,0.533333,0.333333,0.133333,0.285714,0.285714,0.214286,0.285714,0.357143,0.214286,0.214286,0.285714,0.285714,0.214286,0.285714,0.285714,0.571429,0.000000,0.000000,0.285714,0.214286,0.142857,0.428571,0.142857,0.142857,20.000000,26.666667,40.000000,60.000000,80.000000,6.666667,13.333333,33.333333,73.333333,93.333333,46.666667,53.333333,66.666667,86.666667,100.000000,6.666667,13.333333,33.333333,73.333333,93.333333,46.666667,46.666667,66.666667,86.666667,100.000000,20.000000,26.666667,40.000000,60.000000,80.000000,46.666667,53.333333,66.666667,86.666667,100.000000,6.666667,13.333333,33.333333,73.333333,93.333333,20.000000,26.666667,40.000000,60.000000,80.000000,6.666667,13.333333,33.333333,73.333333,93.333333,46.666667,53.333333,66.666667,86.666667,100.000000,20.000000,26.666667,40.000000,60.000000,80.000000,20.000000,26.666667,40.000000,60.000000,80.000000,6.666667,33.333333,53.333333,86.666667,100.000000,0.000000,0.000000,0.000000,0.000000,0.000000,20.000000,40.000000,60.000000,86.666667,100.000000,13.333333,13.333333,53.333333,66.666667,66.666667,6.666667,6.666667,33.333333,73.333333,73.333333,6.666667,33.333333,53.333333,86.666667,100.000000,20.000000,26.666667,40.000000,60.000000,80.000000,13.333333,13.333333,13.333333,73.333333,73.333333
Negative_F1998,0.277778,0.222222,0.500000,0.111111,0.444444,0.444444,0.555556,0.111111,0.333333,0.111111,0.444444,0.444444,0.222222,0.777778,0.000000,0.555556,0.333333,0.111111,0.444444,0.277778,0.277778,0.176471,0.294118,0.294118,0.058824,0.176471,0.470588,0.117647,0.470588,0.117647,0.058824,0.176471,0.470588,0.470588,0.000000,0.000000,0.470588,0.176471,0.058824,0.235294,0.294118,0.235294,11.111111,33.333333,50.000000,72.222222,77.777778,16.666667,16.666667,44.444444,55.555556,94.444444,5.555556,27.777778,61.111111,83.333333,100.000000,16.666667,16.666667,16.666667,55.555556,55.555556,27.777778,38.888889,66.666667,83.333333,100.000000,5.555556,11.111111,33.333333,50.000000,94.444444,5.555556,27.777778,44.444444,83.333333,100.000000,16.666667,16.666667,16.666667,55.555556,55.555556,11.111111,33.333333,50.000000,77.777778,94.444444,16.666667,16.666667,16.666667,55.555556,55.555556,27.777778,38.888889,66.666667,83.333333,100.000000,5.555556,11.111111,33.333333,50.000000,94.444444,11.111111,11.111111,33.333333,50.000000,77.777778,5.555556,27.777778,55.555556,83.333333,100.000000,0.000000,0.000000,0.000000,0.000000,0.000000,5.555556,27.777778,38.888889,77.777778,94.444444,16.666667,22.222222,44.444444,83.333333,100.000000,55.555556,55.555556,55.555556,72.222222,72.222222,22.222222,27.777778,61.111111,83.333333,100.000000,11.111111,33.333333,50.000000,72.222222,77.777778,5.555556,16.666667,44.444444,55.555556,94.444444
Negative_F1999,0.363636,0.227273,0.409091,0.181818,0.363636,0.454545,0.454545,0.136364,0.409091,0.090909,0.454545,0.454545,0.318182,0.681818,0.000000,0.545455,0.272727,0.181818,0.409091,0.363636,0.227273,0.095238,0.285714,0.190476,0.238095,0.142857,0.238095,0.190476,0.285714,0.095238,0.095238,0.095238,0.285714,0.285714,0.000000,0.000000,0.190476,0.142857,0.238095,0.285714,0.190476,0.095238,13.636364,18.181818,68.181818,77.272727,95.454545,9.090909,22.727273,27.272727,54.545455,59.090909,4.545455,36.363636,50.000000,86.363636,100.000000,9.090909,9.090909,27.272727,45.454545,54.545455,4.545455,31.818182,40.909091,63.636364,100.000000,13.636364,22.727273,68.181818,81.818182,95.454545,4.545455,36.363636,50.000000,86.363636,100.000000,9.090909,9.090909,27.272727,54.545455,54.545455,13.636364,22.727273,68.181818,77.272727,95.454545,9.090909,9.090909,9.090909,27.272727,27.272727,4.545455,36.363636,45.454545,63.636364,100.000000,13.636364,22.727273,68.181818,81.818182,95.454545,13.636364,18.181818,72.727273,81.818182,95.454545,4.545455,27.272727,45.454545,63.636364,100.000000,0.000000,0.000000,0.000000,0.000000,0.000000,13.636364,22.727273,68.181818,81.818182,100.000000,4.545455,31.818182,45.454545,59.090909,86.363636,9.090909,9.090909,27.272727,40.909091,54.545455,4.545455,31.818182,45.454545,63.636364,100.000000,13.636364,18.181818,68.181818,77.272727,95.454545,22.727273,27.272727,54.545455,59.090909,90.909091
Negative_F2008,0.217391,0.391304,0.391304,0.347826,0.434783,0.217391,0.391304,0.304348,0.304348,0.347826,0.434783,0.217391,0.086957,0.869565,0.043478,0.478261,0.304348,0.217391,0.652174,0.217391,0.130435,0.136364,0.181818,0.363636,0.318182,0.181818,0.181818,0.272727,0.272727,0.136364,0.318182,0.181818,0.181818,0.181818,0.000000,0.090909,0.272727,0.227273,0.181818,0.272727,0.136364,0.045455,17.391304,30.434783,47.826087,95.652174,100.000000,4.347826,43.478261,56.521739,69.565217,82.608696,8.695652,21.739130,39.130435,73.913043,91.304348,4.347826,17.391304,52.173913,65.217391,78.260870,13.043478,26.086957,60.869565,91.304348,100.000000,8.695652,30.434783,34.782609,47.826087,82.608696,8.695652,21.739130,39.130435,73.913043,91.304348,4.347826,43.478261,56.521739,69.565217,78.260870,17.391304,30.434783,47.826087,95.652174,100.000000,4.347826,17.391304,52.173913,65.217391,78.260870,13.043478,26.086957,60.869565,91.304348,100.000000,8.695652,30.434783,34.782609,47.826087,82.608696,30.434783,30.434783,30.434783,47.826087,47.826087,4.347826,26.086957,56.521739,78.260870,100.000000,17.391304,17.391304,17.391304,17.391304,17.391304,13.043478,34.782609,56.521739,82.608696,100.000000,8.695652,21.739130,39.130435,78.260870,91.304348,4.347826,17.391304,43.478261,65.217391,95.652174,4.347826,21.739130,52.173913,69.565217,91.304348,17.391304,30.434783,47.826087,95.652174,100.000000,34.782609,34.782609,78.260870,82.608696,82.608696
Negative_F2061,0.363636,0.242424,0.393939,0.409091,0.378788,0.212121,0.409091,0.212121,0.378788,0.227273,0.560606,0.212121,0.121212,0.727273,0.151515,0.424242,0.378788,0.196970,0.439394,0.363636,0.196970,0.200000,0.261538,0.138462,0.292308,0.230769,0.184615,0.123077,0.307692,0.184615,0.230769,0.107692,0.307692,0.215385,0.015385,0.200000,0.369231,0.153846,0.153846,0.307692,0.153846,0.153846,1.515152,28.787879,54.545455,78.787879,100.000000,12.121212,16.666667,37.878788,59.090909,84.848485,4.545455,21.212121,53.030303,71.212121,96.969697,6.060606,21.212121,37.878788,65.151515,84.848485,3.030303,34.848485,63.636364,87.878788,100.000000,1.515152,31.818182,50.000000,69.696970,98.484848,4.545455,21.212121,53.030303,71.212121,96.969697,12.121212,16.666667,33.333333,77.272727,84.848485,1.515152,31.818182,54.545455,78.787879,100.000000,13.636364,25.757576,48.484848,77.272727,84.848485,3.030303,24.242424,51.515152,74.242424,100.000000,1.515152,31.818182,50.000000,69.696970,98.484848,1.515152,9.090909,39.393939,69.696970,98.484848,4.545455,22.727273,48.484848,71.212121,100.000000,3.030303,45.454545,54.545455,90.909091,93.939394,1.515152,34.848485,69.696970,86.363636,100.000000,4.545455,18.181818,40.909091,63.636364,95.454545,12.121212,25.757576,42.424242,54.545455,75.757576,4.545455,30.303030,56.060606,77.272727,96.969697,1.515152,28.787879,54.545455,78.787879,100.000000,12.121212,16.666667,33.333333,50.000000,80.303030
Negative_F2116,0.272727,0.333333,0.393939,0.484848,0.303030,0.212121,0.393939,0.333333,0.272727,0.424242,0.363636,0.212121,0.151515,0.757576,0.090909,0.424242,0.272727,0.303030,0.636364,0.272727,0.090909,0.125000,0.250000,0.281250,0.406250,0.218750,0.093750,0.281250,0.250000,0.125000,0.406250,0.187500,0.125000,0.250000,0.062500,0.125000,0.281250,0.218750,0.250000,0.343750,0.125000,0.031250,12.121212,21.212121,45.454545,84.848485,93.939394,3.030303,36.363636,51.515152,60.606061,96.969697,6.060606,27.272727,63.636364,78.787879,100.000000,3.030303,30.303030,51.515152,72.727273,100.000000,9.090909,33.333333,63.636364,78.787879,93.939394,6.060606,15.151515,21.212121,69.696970,84.848485,6.060606,27.272727,63.636364,78.787879,100.000000,3.030303,36.363636,51.515152,60.606061,96.969697,12.121212,21.212121,45.454545,84.848485,93.939394,3.030303,30.303030,48.484848,60.606061,96.969697,9.090909,33.333333,66.666667,81.818182,100.000000,6.060606,15.151515,21.212121,69.696970,84.848485,15.151515,21.212121,45.454545,69.696970,84.848485,3.030303,33.333333,54.545455,75.757576,100.000000,12.121212,12.121212,24.242424,90.909091,90.909091,9.090909,30.303030,51.515152,75.757576,87.878788,6.060606,27.272727,39.393939,63.636364,100.000000,3.030303,24.242424,48.484848,90.909091,96.969697,6.060606,33.333333,51.515152,72.727273,100.000000,12.121212,21.212121,45.454545,84.848485,93.939394,3.030303,3.030303,57.575758,96.969697,96.969697
Negative_F2122,0.342857,0.435714,0.221429,0.442857,0.371429,0.185714,0.250000,0.400000,0.350000,0.407143,0.407143,0.185714,0.107143,0.721429,0.171429,0.478571,0.264286,0.257143,0.457143,0.342857,0.200000,0.302158,0.086331,0.237410,0.381295,0.187050,0.136691,0.230216,0.122302,0.280576,0.381295,0.172662,0.151079,0.151079,0.050360,0.251799,0.230216,0.273381,0.143885,0.201439,0.165468,0.187050,1.428571,24.285714,57.142857,81.428571,99.285714,5.000000,27.857143,51.428571,72.142857,100.000000,0.714286,18.571429,45.000000,67.142857,90.714286,1.428571,25.714286,52.142857,75.714286,100.000000,2.142857,28.571429,50.714286,77.857143,99.285714,0.714286,15.000000,32.142857,69.285714,97.142857,0.714286,26.428571,47.142857,71.428571,97.142857,5.000000,23.571429,49.285714,65.714286,100.000000,1.428571,25.000000,57.142857,81.428571,99.285714,1.428571,23.571429,49.285714,65.714286,100.000000,2.142857,34.285714,56.428571,80.714286,99.285714,0.714286,15.000000,32.142857,69.285714,97.142857,4.285714,15.000000,30.714286,57.142857,72.857143,0.714286,27.142857,50.000000,71.428571,100.000000,1.428571,32.857143,75.000000,87.857143,99.285714,0.714286,20.000000,44.285714,75.000000,100.000000,2.142857,28.571429,45.714286,58.571429,97.142857,1.428571,30.000000,62.142857,83.571429,98.571429,2.142857,21.428571,47.142857,63.571429,100.000000,1.428571,24.285714,57.142857,81.428571,99.285714,0.714286,30.000000,53.571429,85.714286,98.571429
Negative_F2147,0.176471,0.352941,0.470588,0.235294,0.411765,0.352941,0.529412,0.235294,0.235294,0.176471,0.470588,0.352941,0.176471,0.823529,0.000000,0.529412,0.294118,0.176471,0.588235,0.176471,0.235294,0.125000,0.125000,0.437500,0.250000,0.062500,0.312500,0.312500,0.250000,0.000000,0.125000,0.062500,0.312500,0.250000,0.000000,0.000000,0.312500,0.187500,0.125000,0.125000,0.375000,0.125000,41.176471,41.176471,47.058824,88.235294,88.235294,5.882353,23.529412,29.411765,64.705882,94.117647,11.764706,17.647059,58.823529,76.470588,100.000000,5.882353,5.882353,23.529412,29.411765,64.705882,17.647059,35.294118,70.588235,82.352941,100.000000,11.764706,41.176471,47.058824,88.235294,94.117647,11.764706,35.294118,58.823529,76.470588,100.000000,5.882353,5.882353,23.529412,29.411765,64.705882,41.176471,41.176471,47.058824,88.235294,94.117647,5.882353,5.882353,23.529412,29.411765,29.411765,17.647059,35.294118,64.705882,76.470588,100.000000,11.764706,41.176471,47.058824,88.235294,94.117647,41.176471,41.176471,47.058824,88.235294,88.235294,5.882353,23.529412,52.941176,76.470588,100.000000,0.000000,0.000000,0.000000,0.000000,0.000000,17.647059,35.294118,47.058824,82.352941,94.117647,11.764706,52.941176,70.588235,76.470588,100.000000,5.882353,5.882353,23.529412,64.705882,64.705882,5.882353,17.647059,35.294118,76.470588,100.000000,41.176471,41.176471,47.058824,88.235294,88.235294,23.529412,23.529412,52.941176,64.705882,94.117647
Negative_F2148,0.166667,0.333333,0.500000,0.277778,0.444444,0.277778,0.500000,0.277778,0.222222,0.222222,0.500000,0.277778,0.166667,0.833333,0.000000,0.611111,0.222222,0.166667,0.611111,0.166667,0.222222,0.058824,0.235294,0.352941,0.176471,0.235294,0.294118,0.294118,0.294118,0.117647,0.117647,0.176471,0.352941,0.294118,0.000000,0.000000,0.352941,0.294118,0.000000,0.294118,0.352941,0.000000,44.444444,44.444444,83.333333,100.000000,100.000000,5.555556,16.666667,22.222222,61.111111,66.666667,11.111111,33.333333,55.555556,77.777778,94.444444,5.555556,16.666667,22.222222,38.888889,61.111111,27.777778,33.333333,55.555556,77.777778,94.444444,11.111111,44.444444,66.666667,83.333333,100.000000,11.111111,33.333333,55.555556,77.777778,94.444444,5.555556,16.666667,22.222222,38.888889,61.111111,44.444444,44.444444,66.666667,83.333333,100.000000,5.555556,5.555556,16.666667,22.222222,38.888889,27.777778,50.000000,61.111111,77.777778,94.444444,11.111111,44.444444,66.666667,83.333333,100.000000,44.444444,44.444444,83.333333,100.000000,100.000000,5.555556,22.222222,50.000000,72.222222,94.444444,0.000000,0.000000,0.000000,0.000000,0.000000,11.111111,27.777778,44.444444,83.333333,100.000000,50.000000,50.000000,72.222222,77.777778,94.444444,5.555556,5.555556,22.222222,61.111111,61.111111,5.555556,27.777778,50.000000,77.777778,94.444444,44.444444,44.444444,83.333333,100.000000,100.000000,11.111111,11.111111,22.222222,61.111111,66.666667
Negative_F2162,0.318182,0.272727,0.409091,0.272727,0.318182,0.409091,0.409091,0.272727,0.318182,0.227273,0.363636,0.409091,0.272727,0.727273,0.000000,0.545455,0.272727,0.181818,0.590909,0.318182,0.090909,0.095238,0.285714,0.190476,0.190476,0.095238,0.190476,0.190476,0.285714,0.095238,0.238095,0.047619,0.238095,0.285714,0.000000,0.000000,0.380952,0.190476,0.047619,0.333333,0.095238,0.047619,9.090909,13.636364,31.818182,50.000000,68.181818,4.545455,54.545455,59.090909,81.818182,100.000000,22.727273,40.909091,63.636364,86.363636,95.454545,4.545455,54.545455,59.090909,81.818182,100.000000,40.909091,45.454545,63.636364,90.909091,95.454545,9.090909,18.181818,27.272727,36.363636,86.363636,22.727273,40.909091,63.636364,86.363636,95.454545,4.545455,54.545455,59.090909,81.818182,100.000000,9.090909,13.636364,31.818182,50.000000,68.181818,4.545455,54.545455,59.090909,77.272727,100.000000,40.909091,45.454545,63.636364,81.818182,95.454545,9.090909,18.181818,27.272727,36.363636,86.363636,9.090909,13.636364,18.181818,36.363636,68.181818,4.545455,40.909091,59.090909,81.818182,100.000000,0.000000,0.000000,0.000000,0.000000,0.000000,9.090909,18.181818,45.454545,68.181818,95.454545,4.545455,22.727273,27.272727,72.727273,86.363636,50.000000,50.000000,54.545455,81.818182,100.000000,22.727273,45.454545,63.636364,86.363636,100.000000,9.090909,13.636364,31.818182,50.000000,68.181818,4.545455,4.545455,4.545455,81.818182,81.818182
Negative_F2258,0.263736,0.428571,0.307692,0.505495,0.219780,0.274725,0.329670,0.395604,0.274725,0.362637,0.362637,0.274725,0.142857,0.802198,0.054945,0.362637,0.395604,0.241758,0.362637,0.263736,0.373626,0.133333,0.144444,0.255556,0.222222,0.255556,0.144444,0.222222,0.177778,0.122222,0.222222,0.166667,0.233333,0.177778,0.022222,0.066667,0.255556,0.166667,0.211111,0.188889,0.266667,0.088889,1.098901,16.483516,28.571429,47.252747,64.835165,3.296703,50.549451,72.527473,87.912088,100.000000,2.197802,15.384615,41.758242,65.934066,95.604396,7.692308,41.758242,67.032967,84.615385,100.000000,1.098901,12.087912,29.670330,58.241758,95.604396,2.197802,18.681319,34.065934,56.043956,90.109890,2.197802,15.384615,41.758242,65.934066,95.604396,13.186813,53.846154,73.626374,87.912088,100.000000,1.098901,17.582418,28.571429,47.252747,64.835165,10.989011,50.549451,72.527473,84.615385,100.000000,1.098901,19.780220,41.758242,58.241758,97.802198,2.197802,18.681319,34.065934,56.043956,90.109890,5.494505,17.582418,28.571429,48.351648,64.835165,1.098901,31.868132,58.241758,80.219780,100.000000,10.989011,23.076923,24.175824,40.659341,47.252747,5.494505,24.175824,39.560440,71.428571,91.208791,2.197802,27.472527,57.142857,72.527473,98.901099,1.098901,29.670330,47.252747,89.010989,100.000000,2.197802,19.780220,42.857143,65.934066,100.000000,1.098901,16.483516,28.571429,47.252747,64.835165,3.296703,60.439560,75.824176,87.912088,98.901099
Negative_F2350,0.273885,0.382166,0.343949,0.464968,0.280255,0.254777,0.388535,0.312102,0.299363,0.350318,0.394904,0.254777,0.101911,0.789809,0.108280,0.420382,0.324841,0.254777,0.503185,0.273885,0.222930,0.198718,0.173077,0.320513,0.250000,0.211538,0.160256,0.243590,0.217949,0.166667,0.262821,0.147436,0.224359,0.153846,0.025641,0.153846,0.269231,0.237179,0.134615,0.282051,0.282051,0.089744,3.184713,44.585987,65.605096,83.439490,98.726115,1.273885,26.114650,42.038217,66.242038,100.000000,0.636943,17.834395,43.312102,74.522293,99.363057,1.273885,26.114650,45.222930,71.337580,96.178344,1.910828,15.923567,49.044586,80.254777,99.363057,0.636943,36.305732,58.598726,78.343949,100.000000,0.636943,20.382166,47.770701,74.522293,100.000000,1.273885,25.477707,40.764331,63.057325,96.178344,3.184713,39.490446,64.968153,81.528662,98.726115,1.273885,25.477707,44.585987,70.700637,96.178344,1.910828,20.382166,49.044586,80.254777,99.363057,0.636943,36.305732,58.598726,78.343949,100.000000,3.821656,52.866242,68.152866,81.528662,97.452229,0.636943,22.292994,43.312102,72.611465,100.000000,15.923567,44.585987,56.687898,73.248408,94.904459,0.636943,21.019108,49.681529,79.617834,98.089172,5.732484,26.114650,55.414013,76.433121,100.000000,1.273885,32.484076,47.133758,71.974522,98.726115,1.910828,21.019108,43.312102,71.337580,99.363057,3.184713,44.585987,65.605096,83.439490,98.726115,0.636943,26.114650,42.675159,75.796178,100.000000
Negative_F2351,0.224490,0.503401,0.272109,0.578231,0.217687,0.204082,0.285714,0.428571,0.285714,0.408163,0.387755,0.204082,0.095238,0.829932,0.074830,0.285714,0.299320,0.414966,0.517007,0.224490,0.258503,0.184932,0.150685,0.273973,0.226027,0.267123,0.102740,0.226027,0.198630,0.246575,0.253425,0.198630,0.171233,0.178082,0.013699,0.116438,0.205479,0.267123,0.232877,0.232877,0.321918,0.102740,0.680272,27.891156,61.904762,76.190476,97.959184,2.040816,23.129252,38.095238,69.387755,100.000000,4.761905,32.653061,57.142857,80.952381,97.278912,0.680272,23.129252,50.340136,80.952381,100.000000,17.006803,29.931973,49.659864,70.068027,96.598639,2.721088,25.850340,48.979592,66.666667,97.959184,4.761905,40.136054,57.823129,80.952381,97.278912,2.040816,19.047619,38.775510,73.469388,100.000000,0.680272,27.891156,53.061224,72.108844,97.959184,0.680272,18.367347,35.374150,71.428571,100.000000,10.204082,43.537415,63.265306,80.272109,98.639456,2.721088,25.850340,48.979592,66.666667,97.959184,2.721088,13.605442,55.782313,70.748299,97.959184,2.040816,26.530612,47.619048,74.149660,100.000000,0.680272,18.367347,72.108844,88.435374,94.557823,2.721088,33.333333,57.142857,74.149660,100.000000,2.040816,32.653061,54.421769,79.591837,97.278912,0.680272,16.326531,36.734694,69.387755,99.319728,3.401361,23.809524,42.176871,72.789116,100.000000,0.680272,27.891156,61.904762,76.190476,97.959184,2.040816,25.850340,50.340136,78.231293,99.319728
Negative_F2396,0.250000,0.375000,0.375000,0.375000,0.125000,0.500000,0.458333,0.291667,0.250000,0.250000,0.250000,0.500000,0.250000,0.750000,0.000000,0.333333,0.416667,0.250000,0.458333,0.250000,0.291667,0.173913,0.347826,0.173913,0.000000,0.347826,0.260870,0.260870,0.347826,0.173913,0.130435,0.217391,0.391304,0.521739,0.000000,0.000000,0.304348,0.130435,0.304348,0.347826,0.086957,0.173913,29.166667,50.000000,58.333333,75.000000,83.333333,4.166667,16.666667,25.000000,37.500000,100.000000,8.333333,45.833333,62.500000,87.500000,95.833333,4.166667,12.500000,25.000000,79.166667,100.000000,45.833333,45.833333,62.500000,87.500000,87.500000,16.666667,37.500000,54.166667,70.833333,91.666667,8.333333,37.500000,54.166667,87.500000,95.833333,4.166667,12.500000,25.000000,79.166667,100.000000,29.166667,50.000000,58.333333,75.000000,83.333333,4.166667,12.500000,20.833333,79.166667,100.000000,8.333333,33.333333,45.833333,87.500000,95.833333,16.666667,37.500000,54.166667,70.833333,91.666667,29.166667,50.000000,58.333333,75.000000,83.333333,4.166667,20.833333,41.666667,79.166667,100.000000,0.000000,0.000000,0.000000,0.000000,0.000000,29.166667,45.833333,58.333333,66.666667,83.333333,8.333333,25.000000,41.666667,87.500000,95.833333,4.166667,12.500000,20.833333,79.166667,100.000000,4.166667,41.666667,62.500000,91.666667,100.000000,29.166667,50.000000,58.333333,75.000000,83.333333,12.500000,16.666667,25.000000,37.500000,79.166667
Negative_F8,0.209302,0.511628,0.279070,0.488372,0.139535,0.372093,0.302326,0.488372,0.209302,0.023256,0.604651,0.372093,0.209302,0.790698,0.000000,0.232558,0.279070,0.488372,0.302326,0.209302,0.488372,0.166667,0.190476,0.333333,0.166667,0.333333,0.119048,0.333333,0.190476,0.166667,0.047619,0.000000,0.452381,0.357143,0.000000,0.000000,0.190476,0.214286,0.285714,0.190476,0.333333,0.166667,2.325581,16.279070,27.906977,55.813953,83.720930,9.302326,32.558140,51.162791,79.069767,100.000000,4.651163,25.581395,53.488372,72.093023,97.674419,9.302326,32.558140,58.139535,79.069767,100.000000,13.953488,25.581395,53.488372,72.093023,90.697674,2.325581,16.279070,37.209302,65.116279,97.674419,4.651163,34.883721,53.488372,72.093023,97.674419,9.302326,32.558140,58.139535,79.069767,100.000000,2.325581,16.279070,27.906977,55.813953,83.720930,93.023256,93.023256,93.023256,93.023256,93.023256,9.302326,30.232558,53.488372,76.744186,100.000000,2.325581,16.279070,37.209302,65.116279,97.674419,2.325581,16.279070,27.906977,55.813953,83.720930,4.651163,32.558140,53.488372,79.069767,100.000000,0.000000,0.000000,0.000000,0.000000,0.000000,2.325581,16.279070,27.906977,74.418605,90.697674,4.651163,25.581395,44.186047,65.116279,97.674419,9.302326,32.558140,58.139535,79.069767,100.000000,4.651163,34.883721,62.790698,81.395349,97.674419,2.325581,16.279070,27.906977,55.813953,83.720930,9.302326,32.558140,51.162791,76.744186,100.000000
Negative_F10,0.297297,0.459459,0.243243,0.486486,0.324324,0.189189,0.243243,0.459459,0.297297,0.432432,0.378378,0.189189,0.135135,0.783784,0.081081,0.540541,0.243243,0.216216,0.594595,0.297297,0.108108,0.222222,0.166667,0.250000,0.333333,0.138889,0.166667,0.250000,0.166667,0.222222,0.361111,0.111111,0.194444,0.194444,0.083333,0.083333,0.250000,0.250000,0.111111,0.361111,0.194444,0.027778,5.405405,16.216216,32.432432,43.243243,97.297297,8.108108,54.054054,64.864865,83.783784,100.000000,2.702703,18.918919,48.648649,67.567568,91.891892,8.108108,45.945946,62.162162,83.783784,100.000000,5.405405,18.918919,37.837838,67.567568,91.891892,2.702703,10.810811,24.324324,40.540541,97.297297,2.702703,18.918919,48.648649,67.567568,91.891892,8.108108,54.054054,64.864865,83.783784,100.000000,5.405405,16.216216,32.432432,43.243243,97.297297,27.027027,45.945946,64.864865,83.783784,100.000000,5.405405,18.918919,37.837838,67.567568,91.891892,2.702703,10.810811,24.324324,40.540541,97.297297,13.513514,24.324324,35.135135,40.540541,97.297297,2.702703,32.432432,59.459459,78.378378,100.000000,16.216216,16.216216,21.621622,43.243243,43.243243,13.513514,24.324324,45.945946,81.081081,97.297297,2.702703,37.837838,51.351351,72.972973,91.891892,5.405405,8.108108,43.243243,62.162162,100.000000,2.702703,37.837838,59.459459,83.783784,100.000000,5.405405,16.216216,32.432432,43.243243,97.297297,8.108108,8.108108,54.054054,62.162162,72.972973
Negative_F29,0.380952,0.333333,0.285714,0.333333,0.285714,0.380952,0.285714,0.333333,0.380952,0.238095,0.380952,0.380952,0.238095,0.761905,0.000000,0.523810,0.238095,0.238095,0.333333,0.380952,0.285714,0.300000,0.250000,0.300000,0.400000,0.200000,0.150000,0.300000,0.250000,0.300000,0.300000,0.200000,0.150000,0.400000,0.000000,0.000000,0.250000,0.400000,0.100000,0.350000,0.300000,0.200000,4.761905,9.523810,42.857143,66.666667,95.238095,19.047619,28.571429,52.380952,76.190476,85.714286,14.285714,38.095238,47.619048,80.952381,100.000000,19.047619,28.571429,52.380952,76.190476,85.714286,4.761905,23.809524,47.619048,71.428571,80.952381,9.523810,14.285714,42.857143,90.476190,100.000000,14.285714,38.095238,47.619048,80.952381,100.000000,19.047619,28.571429,52.380952,76.190476,85.714286,4.761905,9.523810,42.857143,66.666667,95.238095,19.047619,33.333333,61.904762,76.190476,85.714286,4.761905,23.809524,47.619048,57.142857,80.952381,9.523810,14.285714,42.857143,90.476190,100.000000,9.523810,42.857143,66.666667,90.476190,95.238095,4.761905,23.809524,47.619048,71.428571,100.000000,0.000000,0.000000,0.000000,0.000000,0.000000,4.761905,23.809524,57.142857,80.952381,95.238095,14.285714,33.333333,38.095238,76.190476,100.000000,19.047619,28.571429,52.380952,61.904762,85.714286,14.285714,38.095238,61.904762,80.952381,100.000000,4.761905,9.523810,42.857143,66.666667,95.238095,19.047619,28.571429,33.333333,76.190476,85.714286
Negative_F31,0.307692,0.384615,0.307692,0.346154,0.230769,0.423077,0.346154,0.346154,0.307692,0.346154,0.230769,0.423077,0.230769,0.769231,0.000000,0.538462,0.269231,0.192308,0.461538,0.307692,0.230769,0.040000,0.320000,0.200000,0.080000,0.240000,0.240000,0.280000,0.320000,0.040000,0.080000,0.240000,0.240000,0.280000,0.000000,0.000000,0.400000,0.200000,0.120000,0.280000,0.240000,0.080000,3.846154,30.769231,61.538462,73.076923,88.461538,7.692308,15.384615,23.076923,46.153846,96.153846,26.923077,34.615385,65.384615,80.769231,100.000000,7.692308,15.384615,38.461538,46.153846,96.153846,26.923077,30.769231,53.846154,65.384615,76.923077,3.846154,34.615385,73.076923,88.461538,100.000000,19.230769,34.615385,65.384615,80.769231,100.000000,7.692308,15.384615,38.461538,46.153846,96.153846,3.846154,30.769231,61.538462,73.076923,88.461538,7.692308,15.384615,38.461538,46.153846,96.153846,26.923077,30.769231,53.846154,65.384615,76.923077,3.846154,34.615385,73.076923,88.461538,100.000000,3.846154,57.692308,69.230769,84.615385,88.461538,7.692308,23.076923,42.307692,65.384615,100.000000,0.000000,0.000000,0.000000,0.000000,0.000000,3.846154,30.769231,50.000000,73.076923,88.461538,19.230769,46.153846,65.384615,92.307692,100.000000,7.692308,11.538462,23.076923,38.461538,96.153846,15.384615,38.461538,53.846154,80.769231,100.000000,3.846154,30.769231,61.538462,73.076923,88.461538,7.692308,11.538462,19.230769,34.615385,46.153846
Negative_F32,0.236842,0.342105,0.421053,0.473684,0.236842,0.289474,0.421053,0.289474,0.289474,0.236842,0.473684,0.289474,0.131579,0.842105,0.026316,0.289474,0.394737,0.315789,0.526316,0.236842,0.236842,0.162162,0.243243,0.270270,0.270270,0.351351,0.108108,0.216216,0.297297,0.216216,0.189189,0.162162,0.297297,0.270270,0.000000,0.027027,0.351351,0.189189,0.216216,0.270270,0.243243,0.135135,2.631579,39.473684,60.526316,81.578947,94.736842,7.894737,18.421053,36.842105,52.631579,97.368421,5.263158,31.578947,57.894737,73.684211,100.000000,2.631579,18.421053,36.842105,71.052632,97.368421,21.052632,34.210526,57.894737,63.157895,84.210526,5.263158,42.105263,73.684211,86.842105,100.000000,5.263158,31.578947,57.894737,73.684211,100.000000,7.894737,18.421053,36.842105,65.789474,97.368421,2.631579,21.052632,52.631579,81.578947,94.736842,2.631579,10.526316,23.684211,50.000000,97.368421,13.157895,34.210526,47.368421,71.052632,92.105263,5.263158,42.105263,73.684211,86.842105,100.000000,42.105263,76.315789,81.578947,86.842105,94.736842,5.263158,23.684211,47.368421,68.421053,100.000000,2.631579,2.631579,2.631579,2.631579,2.631579,7.894737,34.210526,55.263158,81.578947,94.736842,5.263158,28.947368,63.157895,84.210526,100.000000,2.631579,21.052632,36.842105,50.000000,97.368421,5.263158,26.315789,50.000000,71.052632,100.000000,2.631579,39.473684,60.526316,81.578947,94.736842,10.526316,18.421053,47.368421,55.263158,97.368421
Negative_F39,0.190476,0.404762,0.404762,0.547619,0.238095,0.214286,0.404762,0.404762,0.190476,0.285714,0.500000,0.214286,0.142857,0.857143,0.000000,0.214286,0.380952,0.404762,0.547619,0.190476,0.261905,0.121951,0.170732,0.439024,0.341463,0.268293,0.097561,0.439024,0.170732,0.121951,0.243902,0.121951,0.243902,0.292683,0.000000,0.000000,0.146341,0.195122,0.365854,0.219512,0.390244,0.073171,26.190476,28.571429,61.904762,80.952381,95.238095,2.380952,14.285714,33.333333,69.047619,97.619048,7.142857,38.095238,54.761905,76.190476,100.000000,2.380952,19.047619,42.857143,73.809524,97.619048,7.142857,28.571429,40.476190,64.285714,85.714286,26.190476,59.523810,76.190476,88.095238,100.000000,7.142857,38.095238,54.761905,76.190476,100.000000,2.380952,14.285714,33.333333,69.047619,97.619048,26.190476,28.571429,61.904762,80.952381,95.238095,2.380952,9.523810,23.809524,69.047619,97.619048,7.142857,35.714286,50.000000,66.666667,92.857143,26.190476,59.523810,76.190476,88.095238,100.000000,26.190476,47.619048,61.904762,88.095238,95.238095,2.380952,21.428571,45.238095,71.428571,100.000000,0.000000,0.000000,0.000000,0.000000,0.000000,16.666667,47.619048,61.904762,80.952381,95.238095,7.142857,38.095238,54.761905,76.190476,100.000000,2.380952,14.285714,30.952381,57.142857,97.619048,4.761905,23.809524,45.238095,76.190476,100.000000,26.190476,28.571429,61.904762,80.952381,95.238095,2.380952,14.285714,52.380952,71.428571,97.619048
Negative_F53,0.166667,0.333333,0.500000,0.416667,0.291667,0.291667,0.500000,0.333333,0.166667,0.250000,0.458333,0.291667,0.166667,0.833333,0.000000,0.375000,0.500000,0.125000,0.583333,0.166667,0.250000,0.086957,0.173913,0.347826,0.304348,0.173913,0.130435,0.347826,0.173913,0.086957,0.304348,0.130435,0.173913,0.260870,0.000000,0.000000,0.260870,0.086957,0.173913,0.173913,0.347826,0.086957,29.166667,29.166667,45.833333,91.666667,95.833333,12.500000,16.666667,41.666667,62.500000,87.500000,4.166667,20.833333,50.000000,70.833333,100.000000,12.500000,37.500000,58.333333,79.166667,100.000000,8.333333,20.833333,54.166667,70.833333,83.333333,4.166667,25.000000,33.333333,91.666667,95.833333,4.166667,20.833333,50.000000,70.833333,100.000000,12.500000,16.666667,41.666667,62.500000,87.500000,29.166667,29.166667,45.833333,91.666667,95.833333,16.666667,37.500000,41.666667,79.166667,87.500000,8.333333,20.833333,58.333333,75.000000,100.000000,4.166667,25.000000,33.333333,91.666667,95.833333,29.166667,29.166667,45.833333,91.666667,95.833333,4.166667,20.833333,50.000000,70.833333,100.000000,0.000000,0.000000,0.000000,0.000000,0.000000,8.333333,29.166667,37.500000,45.833333,95.833333,4.166667,25.000000,62.500000,75.000000,100.000000,12.500000,12.500000,58.333333,79.166667,79.166667,4.166667,20.833333,41.666667,70.833333,100.000000,29.166667,29.166667,45.833333,91.666667,95.833333,12.500000,33.333333,58.333333,79.166667,87.500000
Negative_F56,0.181818,0.484848,0.333333,0.575758,0.272727,0.151515,0.333333,0.484848,0.181818,0.515152,0.333333,0.151515,0.121212,0.848485,0.030303,0.515152,0.212121,0.272727,0.606061,0.181818,0.212121,0.218750,0.156250,0.312500,0.250000,0.250000,0.062500,0.312500,0.156250,0.218750,0.312500,0.218750,0.093750,0.250000,0.000000,0.062500,0.218750,0.343750,0.125000,0.281250,0.281250,0.093750,12.121212,21.212121,45.454545,84.848485,93.939394,3.030303,30.303030,42.424242,72.727273,96.969697,6.060606,18.181818,54.545455,81.818182,100.000000,3.030303,30.303030,48.484848,78.787879,100.000000,6.060606,18.181818,54.545455,63.636364,87.878788,21.212121,27.272727,45.454545,84.848485,93.939394,6.060606,18.181818,54.545455,81.818182,100.000000,3.030303,30.303030,42.424242,72.727273,96.969697,12.121212,21.212121,45.454545,84.848485,93.939394,3.030303,30.303030,42.424242,72.727273,96.969697,6.060606,18.181818,57.575758,81.818182,100.000000,21.212121,27.272727,45.454545,84.848485,93.939394,21.212121,21.212121,45.454545,84.848485,93.939394,3.030303,27.272727,51.515152,72.727273,100.000000,12.121212,12.121212,12.121212,12.121212,12.121212,6.060606,30.303030,54.545455,75.757576,93.939394,27.272727,36.363636,72.727273,96.969697,100.000000,3.030303,15.151515,42.424242,60.606061,78.787879,3.030303,24.242424,42.424242,66.666667,100.000000,12.121212,21.212121,45.454545,84.848485,93.939394,15.151515,36.363636,69.696970,78.787879,96.969697
Negative_F76,0.076923,0.307692,0.615385,0.307692,0.461538,0.230769,0.615385,0.307692,0.076923,0.230769,0.538462,0.230769,0.076923,0.923077,0.000000,0.461538,0.384615,0.153846,0.769231,0.076923,0.153846,0.083333,0.083333,0.416667,0.333333,0.166667,0.250000,0.416667,0.083333,0.083333,0.250000,0.083333,0.333333,0.166667,0.000000,0.000000,0.500000,0.083333,0.250000,0.166667,0.333333,0.000000,53.846154,53.846154,53.846154,53.846154,53.846154,23.076923,23.076923,46.153846,76.923077,84.615385,7.692308,15.384615,38.461538,69.230769,100.000000,23.076923,23.076923,46.153846,76.923077,84.615385,15.384615,38.461538,61.538462,92.307692,100.000000,7.692308,7.692308,30.769231,53.846154,53.846154,7.692308,15.384615,38.461538,69.230769,100.000000,23.076923,23.076923,46.153846,76.923077,84.615385,53.846154,53.846154,53.846154,53.846154,53.846154,46.153846,46.153846,76.923077,84.615385,84.615385,15.384615,23.076923,61.538462,92.307692,100.000000,7.692308,7.692308,30.769231,53.846154,53.846154,53.846154,53.846154,53.846154,53.846154,53.846154,7.692308,23.076923,46.153846,76.923077,100.000000,0.000000,0.000000,0.000000,0.000000,0.000000,15.384615,38.461538,46.153846,69.230769,100.000000,7.692308,30.769231,61.538462,76.923077,92.307692,23.076923,23.076923,23.076923,84.615385,84.615385,7.692308,30.769231,46.153846,84.615385,100.000000,53.846154,53.846154,53.846154,53.846154,53.846154,23.076923,23.076923,23.076923,76.923077,76.923077
Negative_F86,0.218750,0.406250,0.375000,0.500000,0.250000,0.250000,0.375000,0.375000,0.250000,0.343750,0.406250,0.250000,0.125000,0.812500,0.062500,0.312500,0.343750,0.343750,0.500000,0.218750,0.281250,0.064516,0.258065,0.322581,0.193548,0.258065,0.193548,0.290323,0.290323,0.096774,0.322581,0.225806,0.225806,0.225806,0.032258,0.096774,0.193548,0.258065,0.193548,0.290323,0.258065,0.032258,12.500000,21.875000,34.375000,62.500000,68.750000,3.125000,43.750000,75.000000,90.625000,100.000000,6.250000,15.625000,40.625000,65.625000,87.500000,3.125000,37.500000,71.875000,87.500000,100.000000,9.375000,15.625000,21.875000,56.250000,78.125000,6.250000,25.000000,40.625000,53.125000,68.750000,6.250000,15.625000,40.625000,65.625000,87.500000,3.125000,37.500000,75.000000,90.625000,100.000000,12.500000,21.875000,34.375000,59.375000,68.750000,3.125000,31.250000,46.875000,81.250000,96.875000,9.375000,21.875000,65.625000,87.500000,100.000000,6.250000,25.000000,40.625000,53.125000,68.750000,25.000000,25.000000,34.375000,62.500000,68.750000,3.125000,28.125000,50.000000,81.250000,100.000000,12.500000,12.500000,12.500000,59.375000,59.375000,9.375000,28.125000,43.750000,56.250000,68.750000,6.250000,18.750000,65.625000,78.125000,87.500000,3.125000,21.875000,59.375000,93.750000,100.000000,3.125000,15.625000,40.625000,65.625000,87.500000,12.500000,21.875000,34.375000,62.500000,68.750000,37.500000,53.125000,84.375000,93.750000,100.000000
Negative_F94,0.333333,0.361111,0.305556,0.361111,0.333333,0.305556,0.305556,0.361111,0.333333,0.333333,0.361111,0.305556,0.277778,0.666667,0.055556,0.583333,0.166667,0.250000,0.611111,0.333333,0.055556,0.228571,0.200000,0.371429,0.428571,0.171429,0.200000,0.371429,0.200000,0.228571,0.371429,0.171429,0.200000,0.342857,0.028571,0.085714,0.142857,0.285714,0.142857,0.400000,0.085714,0.028571,11.111111,22.222222,41.666667,61.111111,100.000000,2.777778,33.333333,58.333333,77.777778,97.222222,8.333333,27.777778,50.000000,80.555556,94.444444,2.777778,33.333333,58.333333,77.777778,97.222222,8.333333,27.777778,47.222222,75.000000,94.444444,11.111111,22.222222,44.444444,63.888889,100.000000,8.333333,27.777778,50.000000,80.555556,94.444444,2.777778,33.333333,58.333333,77.777778,97.222222,11.111111,22.222222,41.666667,61.111111,100.000000,2.777778,19.444444,55.555556,77.777778,97.222222,8.333333,30.555556,61.111111,75.000000,94.444444,11.111111,22.222222,44.444444,63.888889,100.000000,11.111111,22.222222,41.666667,63.888889,100.000000,2.777778,27.777778,55.555556,77.777778,97.222222,30.555556,30.555556,30.555556,61.111111,61.111111,8.333333,25.000000,52.777778,69.444444,100.000000,36.111111,47.222222,50.000000,80.555556,86.111111,2.777778,19.444444,38.888889,72.222222,97.222222,2.777778,27.777778,50.000000,80.555556,97.222222,11.111111,22.222222,41.666667,61.111111,100.000000,58.333333,58.333333,58.333333,72.222222,72.222222
Negative_F106,0.440476,0.369048,0.190476,0.321429,0.392857,0.285714,0.202381,0.285714,0.511905,0.321429,0.392857,0.285714,0.142857,0.702381,0.154762,0.619048,0.119048,0.261905,0.440476,0.440476,0.119048,0.228916,0.216867,0.120482,0.168675,0.084337,0.265060,0.072289,0.265060,0.132530,0.168675,0.084337,0.265060,0.192771,0.060241,0.180723,0.156627,0.192771,0.036145,0.337349,0.096386,0.108434,2.380952,44.047619,60.714286,79.761905,100.000000,1.190476,15.476190,27.380952,66.666667,98.809524,3.571429,32.142857,55.952381,77.380952,97.619048,1.190476,11.904762,21.428571,33.333333,91.666667,2.380952,42.857143,61.904762,79.761905,97.619048,25.000000,46.428571,60.714286,80.952381,100.000000,3.571429,35.714286,55.952381,77.380952,97.619048,1.190476,11.904762,20.238095,29.761905,84.523810,2.380952,48.809524,64.285714,82.142857,100.000000,1.190476,11.904762,21.428571,33.333333,91.666667,2.380952,42.857143,61.904762,79.761905,97.619048,25.000000,46.428571,60.714286,80.952381,100.000000,25.000000,40.476190,52.380952,78.571429,100.000000,1.190476,19.047619,45.238095,73.809524,98.809524,5.952381,42.857143,57.142857,79.761905,91.666667,2.380952,38.095238,57.142857,78.571429,100.000000,23.809524,45.238095,47.619048,77.380952,92.857143,1.190476,10.714286,19.047619,33.333333,96.428571,3.571429,17.857143,30.952381,59.523810,97.619048,2.380952,44.047619,60.714286,79.761905,100.000000,1.190476,22.619048,66.666667,80.952381,98.809524
Negative_F115,0.312500,0.281250,0.406250,0.468750,0.218750,0.312500,0.468750,0.218750,0.312500,0.218750,0.468750,0.312500,0.156250,0.718750,0.125000,0.281250,0.406250,0.312500,0.437500,0.312500,0.250000,0.193548,0.225806,0.322581,0.129032,0.193548,0.193548,0.258065,0.290323,0.129032,0.290323,0.032258,0.354839,0.161290,0.064516,0.193548,0.225806,0.096774,0.290323,0.258065,0.258065,0.161290,18.750000,31.250000,50.000000,93.750000,100.000000,6.250000,25.000000,53.125000,62.500000,81.250000,3.125000,28.125000,46.875000,68.750000,90.625000,6.250000,15.625000,50.000000,62.500000,90.625000,40.625000,43.750000,65.625000,84.375000,96.875000,3.125000,21.875000,37.500000,81.250000,100.000000,3.125000,25.000000,46.875000,81.250000,90.625000,6.250000,12.500000,53.125000,62.500000,75.000000,18.750000,31.250000,50.000000,93.750000,100.000000,12.500000,31.250000,53.125000,62.500000,75.000000,6.250000,28.125000,46.875000,84.375000,96.875000,3.125000,21.875000,37.500000,81.250000,100.000000,18.750000,21.875000,78.125000,93.750000,100.000000,3.125000,25.000000,53.125000,71.875000,90.625000,31.250000,31.250000,40.625000,50.000000,96.875000,3.125000,21.875000,65.625000,93.750000,100.000000,9.375000,28.125000,46.875000,81.250000,90.625000,6.250000,31.250000,50.000000,62.500000,75.000000,9.375000,37.500000,53.125000,68.750000,90.625000,18.750000,31.250000,50.000000,93.750000,100.000000,3.125000,6.250000,25.000000,56.250000,81.250000
Negative_F193,0.320000,0.360000,0.320000,0.360000,0.400000,0.240000,0.320000,0.360000,0.320000,0.320000,0.440000,0.240000,0.200000,0.760000,0.040000,0.520000,0.240000,0.240000,0.560000,0.320000,0.120000,0.291667,0.250000,0.333333,0.375000,0.250000,0.208333,0.333333,0.250000,0.291667,0.333333,0.208333,0.250000,0.333333,0.041667,0.041667,0.375000,0.333333,0.125000,0.375000,0.083333,0.166667,20.000000,32.000000,60.000000,80.000000,100.000000,4.000000,16.000000,36.000000,56.000000,96.000000,8.000000,24.000000,52.000000,72.000000,88.000000,4.000000,16.000000,36.000000,56.000000,96.000000,24.000000,40.000000,64.000000,84.000000,92.000000,8.000000,20.000000,48.000000,76.000000,100.000000,8.000000,24.000000,52.000000,72.000000,88.000000,4.000000,16.000000,36.000000,56.000000,96.000000,20.000000,32.000000,60.000000,80.000000,100.000000,4.000000,12.000000,28.000000,44.000000,68.000000,24.000000,40.000000,72.000000,88.000000,96.000000,8.000000,20.000000,48.000000,76.000000,100.000000,20.000000,48.000000,60.000000,76.000000,100.000000,4.000000,24.000000,44.000000,72.000000,96.000000,80.000000,80.000000,80.000000,80.000000,80.000000,12.000000,40.000000,60.000000,80.000000,100.000000,8.000000,24.000000,36.000000,64.000000,88.000000,4.000000,16.000000,28.000000,68.000000,96.000000,4.000000,24.000000,44.000000,68.000000,88.000000,20.000000,32.000000,60.000000,80.000000,100.000000,16.000000,16.000000,36.000000,96.000000,96.000000
Negative_F205,0.363636,0.272727,0.363636,0.318182,0.454545,0.227273,0.363636,0.272727,0.363636,0.318182,0.454545,0.227273,0.181818,0.681818,0.136364,0.454545,0.272727,0.272727,0.545455,0.363636,0.090909,0.142857,0.285714,0.190476,0.285714,0.142857,0.285714,0.190476,0.285714,0.142857,0.285714,0.142857,0.285714,0.238095,0.095238,0.190476,0.333333,0.285714,0.142857,0.380952,0.142857,0.047619,18.181818,22.727273,36.363636,54.545455,100.000000,4.545455,45.454545,50.000000,72.727273,90.909091,9.090909,13.636364,59.090909,77.272727,95.454545,4.545455,36.363636,50.000000,72.727273,90.909091,9.090909,27.272727,59.090909,81.818182,95.454545,13.636364,22.727273,31.818182,40.909091,100.000000,9.090909,13.636364,59.090909,77.272727,95.454545,4.545455,45.454545,50.000000,72.727273,90.909091,18.181818,22.727273,36.363636,54.545455,100.000000,4.545455,36.363636,50.000000,72.727273,90.909091,9.090909,27.272727,59.090909,81.818182,95.454545,13.636364,22.727273,31.818182,40.909091,100.000000,22.727273,22.727273,31.818182,40.909091,100.000000,4.545455,18.181818,59.090909,77.272727,95.454545,36.363636,36.363636,54.545455,86.363636,86.363636,9.090909,22.727273,40.909091,59.090909,100.000000,13.636364,27.272727,63.636364,81.818182,95.454545,4.545455,36.363636,50.000000,72.727273,90.909091,4.545455,13.636364,59.090909,77.272727,95.454545,18.181818,22.727273,36.363636,54.545455,100.000000,50.000000,50.000000,50.000000,68.181818,68.181818
Negative_F213,0.275000,0.300000,0.425000,0.450000,0.275000,0.275000,0.425000,0.300000,0.275000,0.275000,0.450000,0.275000,0.200000,0.775000,0.025000,0.400000,0.375000,0.225000,0.550000,0.275000,0.175000,0.102564,0.205128,0.307692,0.230769,0.230769,0.179487,0.307692,0.205128,0.102564,0.282051,0.128205,0.282051,0.256410,0.051282,0.000000,0.333333,0.128205,0.179487,0.256410,0.256410,0.051282,5.000000,10.000000,22.500000,75.000000,90.000000,2.500000,35.000000,55.000000,67.500000,100.000000,15.000000,37.500000,57.500000,82.500000,97.500000,2.500000,35.000000,55.000000,72.500000,100.000000,10.000000,25.000000,57.500000,82.500000,97.500000,5.000000,12.500000,30.000000,75.000000,90.000000,15.000000,37.500000,57.500000,82.500000,97.500000,2.500000,35.000000,55.000000,67.500000,100.000000,5.000000,10.000000,22.500000,75.000000,90.000000,2.500000,35.000000,62.500000,72.500000,100.000000,10.000000,32.500000,52.500000,82.500000,97.500000,5.000000,12.500000,30.000000,75.000000,90.000000,5.000000,7.500000,20.000000,42.500000,90.000000,2.500000,35.000000,57.500000,80.000000,100.000000,10.000000,10.000000,10.000000,10.000000,10.000000,5.000000,12.500000,35.000000,75.000000,97.500000,15.000000,37.500000,60.000000,82.500000,92.500000,2.500000,27.500000,55.000000,65.000000,100.000000,2.500000,32.500000,52.500000,82.500000,100.000000,5.000000,10.000000,22.500000,75.000000,90.000000,47.500000,50.000000,62.500000,72.500000,92.500000
Negative_F241,0.138889,0.416667,0.444444,0.527778,0.138889,0.333333,0.444444,0.361111,0.194444,0.305556,0.361111,0.333333,0.111111,0.888889,0.000000,0.250000,0.388889,0.361111,0.638889,0.138889,0.222222,0.085714,0.200000,0.400000,0.057143,0.371429,0.142857,0.314286,0.285714,0.114286,0.200000,0.171429,0.342857,0.228571,0.000000,0.000000,0.285714,0.114286,0.342857,0.257143,0.314286,0.028571,11.111111,52.777778,75.000000,86.111111,97.222222,13.888889,25.000000,41.666667,69.444444,100.000000,2.777778,22.222222,50.000000,72.222222,94.444444,8.333333,22.222222,41.666667,77.777778,100.000000,2.777778,47.222222,50.000000,55.555556,97.222222,5.555556,25.000000,52.777778,75.000000,94.444444,2.777778,22.222222,50.000000,72.222222,94.444444,13.888889,30.555556,41.666667,69.444444,100.000000,11.111111,25.000000,52.777778,86.111111,97.222222,13.888889,19.444444,41.666667,69.444444,100.000000,2.777778,36.111111,50.000000,80.555556,97.222222,5.555556,25.000000,52.777778,75.000000,94.444444,11.111111,11.111111,52.777778,75.000000,86.111111,2.777778,25.000000,47.222222,72.222222,100.000000,0.000000,0.000000,0.000000,0.000000,0.000000,2.777778,25.000000,47.222222,75.000000,100.000000,5.555556,27.777778,55.555556,80.555556,94.444444,13.888889,30.555556,41.666667,69.444444,97.222222,2.777778,22.222222,50.000000,72.222222,100.000000,11.111111,52.777778,75.000000,86.111111,97.222222,19.444444,25.000000,41.666667,61.111111,91.666667
Negative_F252,0.218750,0.437500,0.343750,0.468750,0.375000,0.156250,0.343750,0.437500,0.218750,0.468750,0.375000,0.156250,0.093750,0.875000,0.031250,0.406250,0.250000,0.343750,0.593750,0.218750,0.187500,0.193548,0.161290,0.354839,0.387097,0.161290,0.161290,0.354839,0.161290,0.193548,0.387097,0.161290,0.161290,0.193548,0.000000,0.064516,0.129032,0.290323,0.258065,0.322581,0.258065,0.032258,21.875000,56.250000,71.875000,90.625000,100.000000,3.125000,25.000000,37.500000,65.625000,96.875000,6.250000,18.750000,50.000000,75.000000,87.500000,3.125000,25.000000,43.750000,68.750000,96.875000,6.250000,28.125000,59.375000,84.375000,100.000000,15.625000,21.875000,56.250000,75.000000,81.250000,6.250000,18.750000,50.000000,75.000000,87.500000,3.125000,25.000000,37.500000,65.625000,96.875000,21.875000,56.250000,71.875000,90.625000,100.000000,3.125000,25.000000,43.750000,68.750000,96.875000,6.250000,28.125000,59.375000,84.375000,100.000000,15.625000,21.875000,56.250000,75.000000,81.250000,21.875000,21.875000,56.250000,81.250000,81.250000,3.125000,25.000000,46.875000,75.000000,100.000000,68.750000,68.750000,68.750000,68.750000,68.750000,6.250000,40.625000,71.875000,87.500000,100.000000,15.625000,28.125000,37.500000,59.375000,75.000000,3.125000,12.500000,46.875000,68.750000,96.875000,6.250000,25.000000,50.000000,78.125000,96.875000,21.875000,56.250000,71.875000,90.625000,100.000000,3.125000,12.500000,34.375000,46.875000,65.625000
Negative_F255,0.210526,0.368421,0.421053,0.421053,0.421053,0.157895,0.421053,0.368421,0.210526,0.421053,0.421053,0.157895,0.105263,0.842105,0.052632,0.315789,0.368421,0.315789,0.736842,0.210526,0.052632,0.166667,0.166667,0.444444,0.500000,0.222222,0.111111,0.444444,0.166667,0.166667,0.500000,0.222222,0.111111,0.222222,0.000000,0.111111,0.222222,0.222222,0.277778,0.277778,0.055556,0.055556,21.052632,21.052632,36.842105,73.684211,78.947368,5.263158,31.578947,57.894737,84.210526,94.736842,10.526316,15.789474,47.368421,68.421053,100.000000,5.263158,21.052632,42.105263,63.157895,94.736842,10.526316,15.789474,52.631579,78.947368,100.000000,26.315789,26.315789,36.842105,73.684211,73.684211,10.526316,15.789474,47.368421,68.421053,100.000000,5.263158,31.578947,57.894737,84.210526,94.736842,21.052632,21.052632,36.842105,73.684211,78.947368,5.263158,21.052632,42.105263,63.157895,94.736842,10.526316,15.789474,52.631579,78.947368,100.000000,26.315789,26.315789,36.842105,73.684211,73.684211,36.842105,36.842105,36.842105,73.684211,73.684211,5.263158,26.315789,52.631579,78.947368,100.000000,21.052632,21.052632,21.052632,21.052632,21.052632,15.789474,31.578947,36.842105,84.210526,89.473684,10.526316,26.315789,47.368421,68.421053,100.000000,5.263158,21.052632,57.894737,78.947368,94.736842,5.263158,26.315789,52.631579,84.210526,100.000000,21.052632,21.052632,36.842105,73.684211,78.947368,42.105263,42.105263,42.105263,42.105263,42.105263
Negative_F259,0.294118,0.235294,0.470588,0.294118,0.470588,0.235294,0.470588,0.235294,0.294118,0.294118,0.470588,0.235294,0.176471,0.764706,0.058824,0.352941,0.470588,0.176471,0.647059,0.294118,0.058824,0.062500,0.312500,0.250000,0.250000,0.062500,0.187500,0.250000,0.312500,0.062500,0.250000,0.062500,0.187500,0.250000,0.000000,0.125000,0.437500,0.187500,0.125000,0.375000,0.125000,0.000000,23.529412,41.176471,47.058824,82.352941,88.235294,5.882353,5.882353,29.411765,58.823529,64.705882,11.764706,17.647059,52.941176,76.470588,100.000000,5.882353,23.529412,29.411765,58.823529,64.705882,11.764706,17.647059,70.588235,88.235294,100.000000,35.294118,35.294118,41.176471,47.058824,82.352941,11.764706,17.647059,52.941176,76.470588,100.000000,5.882353,5.882353,29.411765,58.823529,64.705882,23.529412,41.176471,47.058824,82.352941,88.235294,5.882353,23.529412,29.411765,58.823529,64.705882,11.764706,17.647059,70.588235,88.235294,100.000000,35.294118,35.294118,41.176471,47.058824,82.352941,41.176471,41.176471,47.058824,82.352941,82.352941,5.882353,29.411765,58.823529,76.470588,100.000000,23.529412,23.529412,23.529412,23.529412,23.529412,17.647059,29.411765,41.176471,58.823529,82.352941,11.764706,35.294118,64.705882,76.470588,100.000000,5.882353,5.882353,23.529412,88.235294,88.235294,5.882353,17.647059,52.941176,76.470588,100.000000,23.529412,41.176471,47.058824,82.352941,88.235294,64.705882,64.705882,64.705882,64.705882,64.705882
Negative_F260,0.294118,0.235294,0.470588,0.294118,0.529412,0.176471,0.470588,0.235294,0.294118,0.294118,0.529412,0.176471,0.176471,0.764706,0.058824,0.294118,0.411765,0.294118,0.647059,0.294118,0.058824,0.125000,0.250000,0.312500,0.375000,0.062500,0.187500,0.312500,0.250000,0.125000,0.375000,0.062500,0.187500,0.250000,0.000000,0.125000,0.250000,0.125000,0.312500,0.375000,0.125000,0.000000,23.529412,41.176471,47.058824,82.352941,88.235294,5.882353,5.882353,17.647059,52.941176,64.705882,11.764706,29.411765,58.823529,76.470588,100.000000,5.882353,17.647059,23.529412,52.941176,64.705882,11.764706,35.294118,70.588235,88.235294,100.000000,41.176471,41.176471,47.058824,82.352941,82.352941,11.764706,29.411765,58.823529,76.470588,100.000000,5.882353,5.882353,17.647059,52.941176,64.705882,23.529412,41.176471,47.058824,82.352941,88.235294,5.882353,17.647059,23.529412,52.941176,64.705882,11.764706,35.294118,70.588235,88.235294,100.000000,41.176471,41.176471,47.058824,82.352941,82.352941,41.176471,41.176471,47.058824,82.352941,82.352941,5.882353,29.411765,58.823529,76.470588,100.000000,23.529412,23.529412,23.529412,23.529412,23.529412,29.411765,41.176471,47.058824,52.941176,82.352941,11.764706,35.294118,70.588235,94.117647,100.000000,5.882353,17.647059,23.529412,64.705882,88.235294,5.882353,17.647059,52.941176,76.470588,100.000000,23.529412,41.176471,47.058824,82.352941,88.235294,64.705882,64.705882,64.705882,64.705882,64.705882
Negative_F262,0.176471,0.411765,0.411765,0.352941,0.411765,0.235294,0.411765,0.352941,0.235294,0.352941,0.411765,0.235294,0.117647,0.882353,0.000000,0.294118,0.411765,0.294118,0.647059,0.176471,0.176471,0.062500,0.187500,0.437500,0.312500,0.062500,0.312500,0.375000,0.250000,0.000000,0.312500,0.062500,0.312500,0.250000,0.000000,0.000000,0.312500,0.125000,0.312500,0.187500,0.312500,0.062500,47.058824,47.058824,82.352941,88.235294,88.235294,5.882353,17.647059,41.176471,70.588235,100.000000,11.764706,29.411765,52.941176,76.470588,94.117647,5.882353,17.647059,23.529412,70.588235,100.000000,11.764706,35.294118,58.823529,88.235294,94.117647,29.411765,29.411765,41.176471,47.058824,82.352941,11.764706,29.411765,52.941176,76.470588,94.117647,5.882353,17.647059,23.529412,70.588235,100.000000,41.176471,41.176471,47.058824,82.352941,88.235294,5.882353,17.647059,23.529412,70.588235,100.000000,11.764706,35.294118,58.823529,88.235294,94.117647,29.411765,29.411765,41.176471,47.058824,82.352941,47.058824,47.058824,47.058824,82.352941,82.352941,5.882353,23.529412,52.941176,76.470588,100.000000,0.000000,0.000000,0.000000,0.000000,0.000000,41.176471,47.058824,70.588235,82.352941,100.000000,11.764706,29.411765,52.941176,76.470588,94.117647,5.882353,17.647059,23.529412,64.705882,88.235294,5.882353,17.647059,52.941176,76.470588,100.000000,47.058824,47.058824,82.352941,88.235294,88.235294,23.529412,23.529412,41.176471,64.705882,64.705882
Negative_F267,0.264706,0.382353,0.352941,0.470588,0.117647,0.411765,0.470588,0.235294,0.294118,0.235294,0.352941,0.411765,0.264706,0.735294,0.000000,0.411765,0.411765,0.176471,0.500000,0.264706,0.235294,0.212121,0.272727,0.303030,0.090909,0.575758,0.090909,0.181818,0.333333,0.212121,0.151515,0.242424,0.424242,0.484848,0.000000,0.000000,0.424242,0.181818,0.151515,0.424242,0.333333,0.060606,14.705882,32.352941,41.176471,76.470588,97.058824,2.941176,23.529412,47.058824,58.823529,82.352941,5.882353,29.411765,61.764706,85.294118,100.000000,2.941176,11.764706,35.294118,73.529412,100.000000,55.882353,55.882353,61.764706,64.705882,94.117647,14.705882,32.352941,50.000000,76.470588,97.058824,5.882353,44.117647,61.764706,82.352941,100.000000,2.941176,8.823529,23.529412,47.058824,73.529412,14.705882,26.470588,38.235294,76.470588,97.058824,2.941176,8.823529,23.529412,47.058824,73.529412,5.882353,29.411765,61.764706,85.294118,100.000000,14.705882,32.352941,50.000000,76.470588,97.058824,14.705882,32.352941,41.176471,76.470588,97.058824,2.941176,26.470588,52.941176,73.529412,100.000000,0.000000,0.000000,0.000000,0.000000,0.000000,8.823529,26.470588,38.235294,76.470588,97.058824,5.882353,44.117647,55.882353,82.352941,100.000000,2.941176,11.764706,23.529412,58.823529,73.529412,5.882353,29.411765,55.882353,79.411765,100.000000,14.705882,32.352941,41.176471,76.470588,97.058824,2.941176,11.764706,50.000000,58.823529,82.352941
Negative_F270,0.200000,0.440000,0.360000,0.280000,0.240000,0.480000,0.360000,0.280000,0.360000,0.280000,0.240000,0.480000,0.200000,0.800000,0.000000,0.560000,0.280000,0.160000,0.640000,0.200000,0.160000,0.208333,0.041667,0.333333,0.125000,0.291667,0.208333,0.208333,0.166667,0.208333,0.125000,0.291667,0.208333,0.250000,0.000000,0.000000,0.375000,0.250000,0.083333,0.166667,0.208333,0.083333,28.000000,56.000000,88.000000,92.000000,96.000000,12.000000,36.000000,52.000000,72.000000,100.000000,4.000000,16.000000,24.000000,64.000000,80.000000,12.000000,32.000000,48.000000,60.000000,72.000000,20.000000,24.000000,40.000000,76.000000,80.000000,4.000000,16.000000,56.000000,88.000000,100.000000,4.000000,16.000000,24.000000,64.000000,80.000000,12.000000,32.000000,48.000000,60.000000,72.000000,28.000000,56.000000,84.000000,92.000000,100.000000,12.000000,32.000000,48.000000,60.000000,72.000000,20.000000,24.000000,40.000000,76.000000,80.000000,4.000000,16.000000,56.000000,88.000000,100.000000,28.000000,56.000000,88.000000,92.000000,96.000000,4.000000,20.000000,44.000000,68.000000,100.000000,0.000000,0.000000,0.000000,0.000000,0.000000,20.000000,44.000000,60.000000,88.000000,100.000000,4.000000,8.000000,24.000000,64.000000,80.000000,12.000000,12.000000,32.000000,52.000000,72.000000,4.000000,16.000000,36.000000,60.000000,80.000000,28.000000,56.000000,88.000000,92.000000,96.000000,44.000000,44.000000,68.000000,84.000000,100.000000
Negative_F274,0.333333,0.500000,0.166667,0.388889,0.333333,0.277778,0.222222,0.388889,0.388889,0.055556,0.666667,0.277778,0.166667,0.833333,0.000000,0.333333,0.166667,0.500000,0.222222,0.333333,0.444444,0.411765,0.058824,0.235294,0.294118,0.352941,0.235294,0.117647,0.058824,0.529412,0.058824,0.000000,0.588235,0.352941,0.000000,0.000000,0.000000,0.529412,0.117647,0.117647,0.235294,0.352941,11.111111,16.666667,22.222222,66.666667,94.444444,5.555556,38.888889,61.111111,77.777778,88.888889,33.333333,33.333333,44.444444,100.000000,100.000000,5.555556,27.777778,61.111111,77.777778,88.888889,11.111111,16.666667,33.333333,55.555556,100.000000,22.222222,38.888889,66.666667,83.333333,94.444444,33.333333,33.333333,38.888889,44.444444,100.000000,5.555556,27.777778,61.111111,77.777778,88.888889,11.111111,16.666667,55.555556,83.333333,94.444444,5.555556,5.555556,5.555556,5.555556,5.555556,11.111111,27.777778,50.000000,72.222222,100.000000,22.222222,38.888889,66.666667,83.333333,94.444444,22.222222,22.222222,66.666667,94.444444,94.444444,5.555556,27.777778,50.000000,77.777778,100.000000,0.000000,0.000000,0.000000,0.000000,0.000000,22.222222,55.555556,66.666667,94.444444,100.000000,33.333333,33.333333,38.888889,44.444444,44.444444,5.555556,16.666667,50.000000,72.222222,88.888889,5.555556,5.555556,33.333333,44.444444,100.000000,11.111111,16.666667,22.222222,66.666667,94.444444,27.777778,38.888889,61.111111,77.777778,88.888889
Negative_F289,0.466667,0.400000,0.133333,0.466667,0.133333,0.400000,0.200000,0.333333,0.466667,0.133333,0.466667,0.400000,0.266667,0.600000,0.133333,0.333333,0.133333,0.533333,0.066667,0.466667,0.466667,0.714286,0.142857,0.000000,0.142857,0.571429,0.071429,0.000000,0.285714,0.571429,0.142857,0.142857,0.500000,0.500000,0.071429,0.214286,0.071429,0.571429,0.142857,0.071429,0.000000,0.785714,13.333333,20.000000,46.666667,73.333333,93.333333,26.666667,40.000000,53.333333,80.000000,86.666667,6.666667,6.666667,6.666667,100.000000,100.000000,13.333333,26.666667,53.333333,80.000000,86.666667,6.666667,6.666667,6.666667,93.333333,93.333333,20.000000,40.000000,46.666667,73.333333,100.000000,6.666667,6.666667,40.000000,100.000000,100.000000,26.666667,53.333333,66.666667,80.000000,86.666667,13.333333,20.000000,46.666667,73.333333,93.333333,13.333333,13.333333,13.333333,33.333333,33.333333,6.666667,26.666667,66.666667,86.666667,93.333333,20.000000,40.000000,46.666667,73.333333,100.000000,20.000000,20.000000,46.666667,60.000000,73.333333,6.666667,40.000000,66.666667,86.666667,100.000000,13.333333,13.333333,13.333333,33.333333,33.333333,20.000000,46.666667,60.000000,73.333333,100.000000,6.666667,6.666667,6.666667,40.000000,40.000000,13.333333,26.666667,53.333333,80.000000,93.333333,6.666667,6.666667,6.666667,6.666667,6.666667,13.333333,20.000000,46.666667,73.333333,93.333333,26.666667,40.000000,66.666667,86.666667,100.000000
Negative_F290,0.437500,0.312500,0.250000,0.375000,0.187500,0.437500,0.312500,0.250000,0.437500,0.125000,0.437500,0.437500,0.250000,0.625000,0.125000,0.312500,0.250000,0.437500,0.187500,0.437500,0.375000,0.533333,0.133333,0.133333,0.066667,0.600000,0.200000,0.133333,0.266667,0.400000,0.133333,0.133333,0.666667,0.466667,0.066667,0.200000,0.133333,0.533333,0.266667,0.066667,0.200000,0.600000,12.500000,18.750000,43.750000,81.250000,87.500000,25.000000,37.500000,50.000000,62.500000,75.000000,6.250000,6.250000,68.750000,93.750000,100.000000,12.500000,25.000000,31.250000,62.500000,75.000000,6.250000,6.250000,87.500000,100.000000,100.000000,18.750000,37.500000,56.250000,81.250000,93.750000,6.250000,37.500000,68.750000,93.750000,100.000000,25.000000,25.000000,50.000000,62.500000,75.000000,12.500000,18.750000,43.750000,81.250000,87.500000,12.500000,12.500000,12.500000,31.250000,31.250000,6.250000,25.000000,62.500000,87.500000,100.000000,18.750000,37.500000,56.250000,81.250000,93.750000,18.750000,18.750000,43.750000,56.250000,81.250000,6.250000,37.500000,62.500000,87.500000,100.000000,12.500000,12.500000,12.500000,31.250000,31.250000,18.750000,43.750000,56.250000,81.250000,93.750000,6.250000,6.250000,37.500000,68.750000,100.000000,12.500000,25.000000,50.000000,75.000000,87.500000,6.250000,6.250000,68.750000,100.000000,100.000000,12.500000,18.750000,43.750000,81.250000,87.500000,25.000000,37.500000,50.000000,75.000000,93.750000
Negative_F296,0.459459,0.216216,0.324324,0.297297,0.378378,0.324324,0.324324,0.216216,0.459459,0.297297,0.378378,0.324324,0.243243,0.594595,0.162162,0.540541,0.162162,0.297297,0.432432,0.459459,0.108108,0.222222,0.333333,0.166667,0.305556,0.194444,0.361111,0.166667,0.333333,0.222222,0.305556,0.194444,0.361111,0.305556,0.138889,0.194444,0.222222,0.444444,0.055556,0.444444,0.083333,0.111111,13.513514,35.135135,54.054054,72.972973,97.297297,2.702703,10.810811,37.837838,67.567568,100.000000,5.405405,16.216216,45.945946,75.675676,94.594595,2.702703,21.621622,37.837838,81.081081,100.000000,5.405405,27.027027,56.756757,75.675676,97.297297,13.513514,24.324324,43.243243,72.972973,94.594595,5.405405,16.216216,45.945946,75.675676,94.594595,2.702703,10.810811,37.837838,67.567568,100.000000,13.513514,35.135135,54.054054,72.972973,97.297297,2.702703,21.621622,37.837838,81.081081,100.000000,5.405405,27.027027,56.756757,75.675676,97.297297,13.513514,24.324324,43.243243,72.972973,94.594595,13.513514,35.135135,43.243243,62.162162,78.378378,2.702703,24.324324,48.648649,83.783784,100.000000,21.621622,32.432432,51.351351,81.081081,89.189189,5.405405,18.918919,45.945946,70.270270,97.297297,24.324324,56.756757,64.864865,91.891892,94.594595,2.702703,21.621622,37.837838,81.081081,100.000000,2.702703,16.216216,45.945946,67.567568,94.594595,13.513514,35.135135,54.054054,72.972973,97.297297,10.810811,10.810811,29.729730,86.486486,100.000000
Negative_F318,0.230769,0.538462,0.230769,0.461538,0.230769,0.307692,0.307692,0.461538,0.230769,0.461538,0.230769,0.307692,0.153846,0.846154,0.000000,0.307692,0.384615,0.307692,0.384615,0.230769,0.384615,0.333333,0.083333,0.083333,0.083333,0.500000,0.166667,0.250000,0.083333,0.333333,0.083333,0.500000,0.166667,0.333333,0.000000,0.000000,0.250000,0.166667,0.250000,0.166667,0.166667,0.250000,46.153846,46.153846,76.923077,100.000000,100.000000,7.692308,15.384615,61.538462,84.615385,92.307692,23.076923,23.076923,30.769231,38.461538,38.461538,7.692308,15.384615,53.846154,84.615385,92.307692,30.769231,30.769231,38.461538,100.000000,100.000000,23.076923,23.076923,46.153846,61.538462,76.923077,23.076923,23.076923,30.769231,38.461538,61.538462,7.692308,15.384615,53.846154,84.615385,92.307692,46.153846,46.153846,76.923077,100.000000,100.000000,7.692308,15.384615,53.846154,84.615385,92.307692,30.769231,30.769231,38.461538,100.000000,100.000000,23.076923,23.076923,46.153846,61.538462,76.923077,46.153846,46.153846,46.153846,76.923077,76.923077,7.692308,23.076923,53.846154,84.615385,100.000000,0.000000,0.000000,0.000000,0.000000,0.000000,38.461538,38.461538,46.153846,76.923077,100.000000,23.076923,30.769231,61.538462,69.230769,84.615385,7.692308,7.692308,15.384615,53.846154,92.307692,15.384615,23.076923,30.769231,38.461538,53.846154,46.153846,46.153846,76.923077,100.000000,100.000000,7.692308,61.538462,69.230769,84.615385,92.307692
Negative_F326,0.303030,0.393939,0.303030,0.484848,0.333333,0.181818,0.303030,0.393939,0.303030,0.424242,0.393939,0.181818,0.151515,0.818182,0.030303,0.545455,0.151515,0.303030,0.515152,0.303030,0.181818,0.250000,0.250000,0.218750,0.281250,0.218750,0.156250,0.218750,0.250000,0.250000,0.281250,0.187500,0.187500,0.312500,0.000000,0.062500,0.187500,0.437500,0.093750,0.375000,0.250000,0.125000,12.121212,24.242424,45.454545,72.727273,96.969697,3.030303,36.363636,48.484848,75.757576,93.939394,6.060606,18.181818,54.545455,81.818182,100.000000,3.030303,30.303030,48.484848,78.787879,100.000000,6.060606,24.242424,57.575758,69.696970,96.969697,9.090909,21.212121,33.333333,72.727273,84.848485,6.060606,18.181818,54.545455,81.818182,100.000000,3.030303,36.363636,48.484848,75.757576,93.939394,12.121212,24.242424,45.454545,72.727273,96.969697,3.030303,30.303030,42.424242,75.757576,93.939394,6.060606,27.272727,63.636364,81.818182,100.000000,9.090909,21.212121,33.333333,72.727273,84.848485,21.212121,33.333333,45.454545,72.727273,84.848485,3.030303,27.272727,54.545455,78.787879,100.000000,12.121212,12.121212,12.121212,12.121212,12.121212,9.090909,30.303030,51.515152,72.727273,96.969697,6.060606,15.151515,36.363636,81.818182,100.000000,3.030303,24.242424,48.484848,78.787879,93.939394,3.030303,30.303030,51.515152,75.757576,100.000000,12.121212,24.242424,45.454545,72.727273,96.969697,9.090909,15.151515,36.363636,78.787879,90.909091
Negative_F329,0.236364,0.454545,0.309091,0.545455,0.163636,0.290909,0.363636,0.363636,0.272727,0.363636,0.345455,0.290909,0.127273,0.836364,0.036364,0.254545,0.400000,0.345455,0.436364,0.236364,0.327273,0.222222,0.148148,0.277778,0.148148,0.314815,0.092593,0.203704,0.259259,0.185185,0.148148,0.203704,0.203704,0.222222,0.000000,0.074074,0.203704,0.185185,0.296296,0.203704,0.314815,0.166667,16.363636,41.818182,63.636364,80.000000,96.363636,1.818182,27.272727,49.090909,74.545455,94.545455,9.090909,21.818182,50.909091,72.727273,100.000000,1.818182,14.545455,36.363636,72.727273,98.181818,16.363636,21.818182,41.818182,85.454545,100.000000,23.636364,45.454545,61.818182,74.545455,96.363636,9.090909,21.818182,50.909091,72.727273,100.000000,1.818182,10.909091,36.363636,56.363636,94.545455,16.363636,41.818182,63.636364,80.000000,96.363636,1.818182,10.909091,43.636364,76.363636,94.545455,9.090909,18.181818,30.909091,72.727273,100.000000,23.636364,45.454545,61.818182,74.545455,96.363636,40.000000,45.454545,63.636364,90.909091,96.363636,1.818182,21.818182,49.090909,74.545455,100.000000,25.454545,25.454545,25.454545,80.000000,80.000000,1.818182,40.000000,60.000000,74.545455,96.363636,3.636364,20.000000,38.181818,78.181818,100.000000,7.272727,27.272727,49.090909,76.363636,94.545455,1.818182,20.000000,43.636364,72.727273,100.000000,16.363636,41.818182,63.636364,80.000000,96.363636,3.636364,27.272727,52.727273,74.545455,94.545455
Negative_F332,0.394366,0.408451,0.197183,0.422535,0.323944,0.253521,0.197183,0.352113,0.450704,0.338028,0.408451,0.253521,0.126761,0.774648,0.098592,0.323944,0.239437,0.436620,0.338028,0.394366,0.267606,0.285714,0.200000,0.157143,0.214286,0.257143,0.128571,0.114286,0.242857,0.300000,0.228571,0.214286,0.171429,0.228571,0.028571,0.142857,0.185714,0.271429,0.228571,0.285714,0.214286,0.200000,4.225352,19.718310,46.478873,61.971831,98.591549,1.408451,28.169014,54.929577,83.098592,97.183099,2.816901,25.352113,50.704225,74.647887,100.000000,1.408451,26.760563,42.253521,77.464789,95.774648,2.816901,15.492958,47.887324,60.563380,91.549296,16.901408,43.661972,69.014085,88.732394,100.000000,2.816901,25.352113,50.704225,74.647887,100.000000,1.408451,26.760563,45.070423,78.873239,95.774648,4.225352,23.943662,49.295775,64.788732,98.591549,1.408451,32.394366,45.070423,70.422535,95.774648,2.816901,15.492958,40.845070,60.563380,91.549296,16.901408,43.661972,69.014085,88.732394,100.000000,16.901408,43.661972,71.830986,81.690141,98.591549,1.408451,22.535211,49.295775,77.464789,100.000000,18.309859,35.211268,46.478873,61.971831,64.788732,2.816901,23.943662,54.929577,81.690141,98.591549,12.676056,42.253521,63.380282,87.323944,100.000000,1.408451,18.309859,39.436620,67.605634,94.366197,2.816901,25.352113,63.380282,77.464789,100.000000,4.225352,19.718310,46.478873,61.971831,98.591549,1.408451,26.760563,42.253521,85.915493,97.183099
Negative_F347,0.285714,0.214286,0.500000,0.214286,0.214286,0.571429,0.500000,0.214286,0.285714,0.142857,0.285714,0.571429,0.285714,0.714286,0.000000,0.500000,0.285714,0.214286,0.642857,0.285714,0.071429,0.076923,0.000000,0.384615,0.230769,0.230769,0.230769,0.384615,0.000000,0.076923,0.153846,0.153846,0.307692,0.076923,0.000000,0.000000,0.230769,0.307692,0.153846,0.000000,0.076923,0.076923,7.142857,7.142857,14.285714,21.428571,28.571429,35.714286,35.714286,57.142857,85.714286,85.714286,42.857143,50.000000,71.428571,92.857143,100.000000,35.714286,35.714286,57.142857,85.714286,85.714286,42.857143,42.857143,64.285714,92.857143,92.857143,7.142857,14.285714,28.571429,71.428571,100.000000,42.857143,50.000000,71.428571,92.857143,100.000000,35.714286,35.714286,57.142857,85.714286,85.714286,7.142857,7.142857,14.285714,21.428571,28.571429,57.142857,57.142857,57.142857,85.714286,85.714286,35.714286,35.714286,42.857143,64.285714,92.857143,7.142857,14.285714,28.571429,71.428571,100.000000,7.142857,7.142857,14.285714,21.428571,28.571429,35.714286,50.000000,64.285714,85.714286,100.000000,0.000000,0.000000,0.000000,0.000000,0.000000,7.142857,14.285714,28.571429,64.285714,92.857143,50.000000,50.000000,71.428571,78.571429,100.000000,35.714286,35.714286,57.142857,85.714286,85.714286,42.857143,57.142857,71.428571,85.714286,100.000000,7.142857,7.142857,14.285714,21.428571,28.571429,35.714286,35.714286,35.714286,35.714286,35.714286
Negative_F349,0.100000,0.450000,0.450000,0.400000,0.400000,0.200000,0.450000,0.400000,0.150000,0.400000,0.400000,0.200000,0.050000,0.950000,0.000000,0.400000,0.200000,0.400000,0.700000,0.100000,0.200000,0.105263,0.105263,0.421053,0.421053,0.210526,0.105263,0.421053,0.105263,0.210526,0.421053,0.210526,0.105263,0.105263,0.000000,0.000000,0.263158,0.368421,0.157895,0.157895,0.210526,0.052632,60.000000,60.000000,60.000000,95.000000,95.000000,5.000000,35.000000,45.000000,75.000000,100.000000,10.000000,25.000000,50.000000,70.000000,90.000000,5.000000,20.000000,45.000000,75.000000,100.000000,10.000000,25.000000,50.000000,65.000000,85.000000,15.000000,15.000000,40.000000,90.000000,95.000000,10.000000,25.000000,50.000000,70.000000,90.000000,5.000000,20.000000,45.000000,75.000000,100.000000,40.000000,40.000000,60.000000,95.000000,95.000000,5.000000,20.000000,45.000000,75.000000,100.000000,10.000000,25.000000,50.000000,65.000000,85.000000,15.000000,15.000000,40.000000,90.000000,95.000000,95.000000,95.000000,95.000000,95.000000,95.000000,5.000000,25.000000,50.000000,75.000000,100.000000,0.000000,0.000000,0.000000,0.000000,0.000000,10.000000,15.000000,40.000000,70.000000,95.000000,25.000000,25.000000,50.000000,65.000000,90.000000,5.000000,20.000000,55.000000,75.000000,100.000000,5.000000,30.000000,50.000000,75.000000,90.000000,60.000000,60.000000,60.000000,95.000000,95.000000,15.000000,15.000000,20.000000,40.000000,100.000000
Negative_F362,0.333333,0.000000,0.666667,0.166667,0.416667,0.416667,0.666667,0.000000,0.333333,0.000000,0.583333,0.416667,0.333333,0.666667,0.000000,0.416667,0.583333,0.000000,0.666667,0.333333,0.000000,0.000000,0.545455,0.000000,0.181818,0.181818,0.545455,0.000000,0.545455,0.000000,0.000000,0.000000,0.727273,0.545455,0.000000,0.000000,0.545455,0.000000,0.000000,0.545455,0.000000,0.000000,8.333333,8.333333,33.333333,75.000000,100.000000,0.000000,0.000000,0.000000,0.000000,0.000000,16.666667,25.000000,50.000000,66.666667,91.666667,25.000000,25.000000,25.000000,91.666667,91.666667,16.666667,41.666667,50.000000,66.666667,83.333333,8.333333,33.333333,58.333333,75.000000,100.000000,16.666667,25.000000,50.000000,66.666667,91.666667,0.000000,0.000000,0.000000,0.000000,0.000000,8.333333,8.333333,33.333333,75.000000,100.000000,0.000000,0.000000,0.000000,0.000000,0.000000,16.666667,25.000000,50.000000,83.333333,91.666667,8.333333,33.333333,58.333333,75.000000,100.000000,8.333333,8.333333,33.333333,75.000000,100.000000,16.666667,25.000000,50.000000,66.666667,91.666667,0.000000,0.000000,0.000000,0.000000,0.000000,8.333333,33.333333,66.666667,75.000000,100.000000,16.666667,25.000000,50.000000,83.333333,91.666667,0.000000,0.000000,0.000000,0.000000,0.000000,16.666667,25.000000,50.000000,66.666667,91.666667,8.333333,8.333333,33.333333,75.000000,100.000000,0.000000,0.000000,0.000000,0.000000,0.000000
Negative_F368,0.310345,0.275862,0.413793,0.310345,0.344828,0.344828,0.413793,0.241379,0.344828,0.241379,0.413793,0.344828,0.206897,0.758621,0.034483,0.413793,0.344828,0.241379,0.586207,0.310345,0.103448,0.107143,0.392857,0.285714,0.178571,0.178571,0.321429,0.250000,0.428571,0.071429,0.214286,0.107143,0.392857,0.357143,0.000000,0.071429,0.357143,0.142857,0.178571,0.428571,0.142857,0.071429,13.793103,27.586207,41.379310,68.965517,82.758621,3.448276,17.241379,48.275862,89.655172,96.551724,6.896552,20.689655,51.724138,72.413793,100.000000,3.448276,34.482759,79.310345,93.103448,100.000000,6.896552,20.689655,51.724138,62.068966,86.206897,10.344828,31.034483,41.379310,68.965517,82.758621,6.896552,20.689655,51.724138,72.413793,100.000000,3.448276,17.241379,48.275862,93.103448,96.551724,13.793103,27.586207,41.379310,68.965517,82.758621,3.448276,17.241379,48.275862,93.103448,96.551724,6.896552,20.689655,55.172414,72.413793,100.000000,10.344828,31.034483,41.379310,68.965517,82.758621,24.137931,37.931034,41.379310,75.862069,82.758621,3.448276,27.586207,51.724138,79.310345,100.000000,13.793103,13.793103,13.793103,13.793103,13.793103,6.896552,24.137931,51.724138,68.965517,82.758621,10.344828,20.689655,44.827586,79.310345,100.000000,3.448276,27.586207,55.172414,93.103448,96.551724,3.448276,31.034483,58.620690,86.206897,100.000000,13.793103,27.586207,41.379310,68.965517,82.758621,17.241379,17.241379,48.275862,65.517241,65.517241
Negative_F369,0.235294,0.176471,0.588235,0.294118,0.352941,0.352941,0.588235,0.176471,0.235294,0.176471,0.470588,0.352941,0.235294,0.764706,0.000000,0.411765,0.529412,0.058824,0.588235,0.235294,0.176471,0.062500,0.187500,0.312500,0.312500,0.125000,0.187500,0.312500,0.187500,0.062500,0.312500,0.062500,0.250000,0.250000,0.000000,0.000000,0.250000,0.000000,0.125000,0.187500,0.312500,0.062500,41.176471,41.176471,47.058824,88.235294,94.117647,17.647059,17.647059,70.588235,82.352941,82.352941,5.882353,23.529412,35.294118,64.705882,100.000000,17.647059,64.705882,70.588235,82.352941,100.000000,11.764706,23.529412,29.411765,58.823529,76.470588,5.882353,41.176471,47.058824,88.235294,94.117647,5.882353,23.529412,35.294118,64.705882,100.000000,17.647059,17.647059,70.588235,82.352941,82.352941,41.176471,41.176471,47.058824,88.235294,94.117647,17.647059,17.647059,70.588235,82.352941,82.352941,11.764706,23.529412,35.294118,64.705882,100.000000,5.882353,41.176471,47.058824,88.235294,94.117647,41.176471,41.176471,47.058824,88.235294,94.117647,5.882353,23.529412,52.941176,70.588235,100.000000,0.000000,0.000000,0.000000,0.000000,0.000000,23.529412,29.411765,41.176471,88.235294,94.117647,5.882353,17.647059,58.823529,76.470588,100.000000,70.588235,70.588235,70.588235,70.588235,70.588235,5.882353,23.529412,35.294118,64.705882,100.000000,41.176471,41.176471,47.058824,88.235294,94.117647,17.647059,17.647059,70.588235,82.352941,82.352941
Negative_F373,0.166667,0.333333,0.500000,0.416667,0.291667,0.291667,0.500000,0.333333,0.166667,0.250000,0.458333,0.291667,0.166667,0.833333,0.000000,0.416667,0.416667,0.166667,0.708333,0.166667,0.125000,0.130435,0.130435,0.217391,0.260870,0.217391,0.173913,0.217391,0.130435,0.130435,0.173913,0.086957,0.304348,0.260870,0.000000,0.000000,0.260870,0.260870,0.086957,0.173913,0.173913,0.086957,45.833333,45.833333,62.500000,91.666667,95.833333,12.500000,16.666667,33.333333,41.666667,87.500000,4.166667,20.833333,54.166667,75.000000,100.000000,12.500000,29.166667,37.500000,75.000000,100.000000,8.333333,20.833333,54.166667,79.166667,83.333333,4.166667,45.833333,62.500000,91.666667,95.833333,4.166667,20.833333,54.166667,75.000000,100.000000,12.500000,16.666667,33.333333,41.666667,87.500000,45.833333,45.833333,62.500000,91.666667,95.833333,16.666667,29.166667,33.333333,41.666667,87.500000,8.333333,20.833333,58.333333,79.166667,100.000000,4.166667,45.833333,62.500000,91.666667,95.833333,45.833333,45.833333,62.500000,91.666667,95.833333,4.166667,20.833333,41.666667,70.833333,100.000000,0.000000,0.000000,0.000000,0.000000,0.000000,8.333333,33.333333,41.666667,62.500000,95.833333,4.166667,25.000000,66.666667,79.166667,100.000000,12.500000,12.500000,29.166667,58.333333,87.500000,4.166667,25.000000,41.666667,70.833333,100.000000,45.833333,45.833333,62.500000,91.666667,95.833333,12.500000,12.500000,58.333333,87.500000,87.500000
Negative_F377,0.375000,0.250000,0.375000,0.166667,0.583333,0.250000,0.375000,0.166667,0.458333,0.166667,0.583333,0.250000,0.125000,0.833333,0.041667,0.541667,0.250000,0.208333,0.500000,0.375000,0.125000,0.217391,0.347826,0.260870,0.304348,0.000000,0.434783,0.173913,0.434783,0.130435,0.304348,0.000000,0.434783,0.173913,0.000000,0.086957,0.347826,0.217391,0.086957,0.434783,0.130435,0.130435,12.500000,29.166667,58.333333,83.333333,100.000000,4.166667,16.666667,45.833333,62.500000,91.666667,8.333333,33.333333,50.000000,75.000000,95.833333,4.166667,4.166667,16.666667,45.833333,62.500000,8.333333,33.333333,58.333333,83.333333,100.000000,25.000000,29.166667,37.500000,70.833333,91.666667,8.333333,33.333333,50.000000,75.000000,95.833333,4.166667,4.166667,16.666667,45.833333,62.500000,12.500000,29.166667,58.333333,87.500000,100.000000,4.166667,4.166667,16.666667,45.833333,62.500000,8.333333,33.333333,58.333333,83.333333,100.000000,25.000000,29.166667,37.500000,70.833333,91.666667,25.000000,25.000000,29.166667,70.833333,70.833333,4.166667,20.833333,50.000000,79.166667,100.000000,58.333333,58.333333,58.333333,58.333333,58.333333,8.333333,29.166667,54.166667,70.833333,100.000000,16.666667,33.333333,37.500000,79.166667,95.833333,4.166667,12.500000,45.833333,83.333333,87.500000,4.166667,20.833333,45.833333,66.666667,95.833333,12.500000,29.166667,58.333333,83.333333,100.000000,16.666667,16.666667,54.166667,91.666667,91.666667
Negative_F396,0.176471,0.411765,0.411765,0.411765,0.470588,0.117647,0.411765,0.411765,0.176471,0.411765,0.470588,0.117647,0.117647,0.882353,0.000000,0.529412,0.117647,0.352941,0.764706,0.176471,0.058824,0.187500,0.187500,0.375000,0.437500,0.125000,0.125000,0.375000,0.187500,0.187500,0.437500,0.125000,0.125000,0.250000,0.000000,0.000000,0.125000,0.437500,0.125000,0.375000,0.125000,0.000000,47.058824,47.058824,64.705882,88.235294,88.235294,5.882353,17.647059,41.176471,76.470588,82.352941,11.764706,29.411765,58.823529,94.117647,100.000000,5.882353,17.647059,41.176471,76.470588,82.352941,11.764706,29.411765,58.823529,88.235294,100.000000,47.058824,47.058824,47.058824,64.705882,64.705882,11.764706,29.411765,58.823529,94.117647,100.000000,5.882353,17.647059,41.176471,76.470588,82.352941,47.058824,47.058824,64.705882,88.235294,88.235294,5.882353,17.647059,41.176471,76.470588,82.352941,11.764706,29.411765,58.823529,88.235294,100.000000,47.058824,47.058824,47.058824,64.705882,64.705882,47.058824,47.058824,47.058824,64.705882,64.705882,5.882353,23.529412,52.941176,82.352941,100.000000,0.000000,0.000000,0.000000,0.000000,0.000000,11.764706,47.058824,58.823529,82.352941,100.000000,29.411765,29.411765,29.411765,70.588235,70.588235,5.882353,17.647059,23.529412,76.470588,88.235294,5.882353,29.411765,52.941176,76.470588,100.000000,47.058824,47.058824,64.705882,88.235294,88.235294,23.529412,23.529412,23.529412,23.529412,23.529412
Negative_F397,0.260870,0.434783,0.304348,0.391304,0.347826,0.260870,0.304348,0.391304,0.304348,0.391304,0.347826,0.260870,0.217391,0.739130,0.043478,0.565217,0.086957,0.347826,0.652174,0.260870,0.086957,0.409091,0.136364,0.409091,0.454545,0.272727,0.181818,0.363636,0.181818,0.363636,0.454545,0.272727,0.181818,0.454545,0.000000,0.090909,0.045455,0.500000,0.136364,0.454545,0.045455,0.090909,17.391304,34.782609,47.826087,78.260870,95.652174,4.347826,21.739130,39.130435,82.608696,100.000000,8.695652,26.086957,56.521739,73.913043,86.956522,4.347826,30.434783,52.173913,82.608696,100.000000,8.695652,26.086957,56.521739,73.913043,95.652174,17.391304,21.739130,34.782609,60.869565,78.260870,8.695652,26.086957,56.521739,73.913043,86.956522,4.347826,30.434783,52.173913,82.608696,100.000000,17.391304,21.739130,47.826087,78.260870,95.652174,4.347826,30.434783,52.173913,82.608696,100.000000,8.695652,26.086957,56.521739,73.913043,95.652174,17.391304,21.739130,34.782609,60.869565,78.260870,17.391304,34.782609,47.826087,60.869565,78.260870,4.347826,26.086957,52.173913,73.913043,100.000000,95.652174,95.652174,95.652174,95.652174,95.652174,17.391304,39.130435,56.521739,73.913043,95.652174,8.695652,8.695652,8.695652,26.086957,26.086957,4.347826,13.043478,52.173913,82.608696,100.000000,4.347826,26.086957,52.173913,73.913043,91.304348,17.391304,34.782609,47.826087,78.260870,95.652174,21.739130,21.739130,21.739130,100.000000,100.000000
Negative_F403,0.142857,0.333333,0.523810,0.428571,0.428571,0.142857,0.523810,0.333333,0.142857,0.333333,0.523810,0.142857,0.142857,0.857143,0.000000,0.380952,0.285714,0.333333,0.761905,0.142857,0.095238,0.100000,0.100000,0.450000,0.500000,0.100000,0.100000,0.450000,0.100000,0.100000,0.450000,0.100000,0.100000,0.200000,0.000000,0.000000,0.300000,0.300000,0.250000,0.150000,0.150000,0.050000,23.809524,23.809524,52.380952,57.142857,57.142857,4.761905,19.047619,47.619048,85.714286,90.476190,9.523810,28.571429,61.904762,80.952381,100.000000,4.761905,38.095238,71.428571,85.714286,100.000000,9.523810,28.571429,42.857143,66.666667,95.238095,23.809524,23.809524,52.380952,57.142857,57.142857,9.523810,28.571429,61.904762,80.952381,100.000000,4.761905,19.047619,47.619048,85.714286,90.476190,23.809524,23.809524,52.380952,57.142857,57.142857,4.761905,19.047619,47.619048,85.714286,90.476190,9.523810,28.571429,61.904762,80.952381,100.000000,23.809524,23.809524,52.380952,57.142857,57.142857,23.809524,23.809524,52.380952,57.142857,57.142857,4.761905,28.571429,47.619048,80.952381,100.000000,0.000000,0.000000,0.000000,0.000000,0.000000,9.523810,14.285714,33.333333,57.142857,95.238095,28.571429,42.857143,61.904762,80.952381,100.000000,4.761905,19.047619,47.619048,85.714286,90.476190,4.761905,28.571429,47.619048,76.190476,100.000000,23.809524,23.809524,52.380952,57.142857,57.142857,19.047619,19.047619,19.047619,85.714286,85.714286
Negative_F452,0.404255,0.276596,0.319149,0.510638,0.191489,0.297872,0.319149,0.234043,0.446809,0.319149,0.382979,0.297872,0.170213,0.680851,0.148936,0.361702,0.340426,0.297872,0.404255,0.404255,0.191489,0.195652,0.260870,0.195652,0.130435,0.369565,0.130435,0.152174,0.304348,0.152174,0.152174,0.195652,0.304348,0.282609,0.043478,0.173913,0.260870,0.239130,0.152174,0.326087,0.217391,0.130435,2.127660,23.404255,55.319149,78.723404,97.872340,4.255319,25.531915,36.170213,61.702128,93.617021,6.382979,29.787234,63.829787,87.234043,100.000000,4.255319,25.531915,42.553191,74.468085,100.000000,8.510638,12.765957,55.319149,63.829787,97.872340,2.127660,31.914894,57.446809,82.978723,95.744681,6.382979,29.787234,63.829787,87.234043,100.000000,4.255319,19.148936,34.042553,68.085106,93.617021,2.127660,40.425532,55.319149,76.595745,97.872340,4.255319,19.148936,38.297872,70.212766,93.617021,6.382979,27.659574,51.063830,74.468085,100.000000,2.127660,31.914894,57.446809,82.978723,95.744681,2.127660,23.404255,57.446809,76.595745,95.744681,4.255319,25.531915,42.553191,70.212766,100.000000,8.510638,17.021277,46.808511,78.723404,80.851064,2.127660,23.404255,57.446809,65.957447,95.744681,4.255319,21.276596,42.553191,87.234043,100.000000,10.638298,27.659574,44.680851,70.212766,97.872340,6.382979,25.531915,51.063830,82.978723,100.000000,2.127660,23.404255,55.319149,78.723404,97.872340,4.255319,27.659574,38.297872,61.702128,93.617021
Negative_F467,0.264706,0.470588,0.264706,0.500000,0.264706,0.235294,0.294118,0.441176,0.264706,0.441176,0.323529,0.235294,0.147059,0.852941,0.000000,0.558824,0.176471,0.264706,0.617647,0.264706,0.117647,0.272727,0.151515,0.272727,0.212121,0.272727,0.090909,0.242424,0.181818,0.242424,0.242424,0.242424,0.121212,0.303030,0.000000,0.000000,0.212121,0.242424,0.151515,0.363636,0.121212,0.060606,20.588235,44.117647,67.647059,82.352941,94.117647,2.941176,23.529412,47.058824,64.705882,100.000000,5.882353,17.647059,41.176471,73.529412,97.058824,2.941176,26.470588,58.823529,79.411765,100.000000,14.705882,41.176471,67.647059,73.529412,94.117647,5.882353,17.647059,32.352941,44.117647,82.352941,5.882353,17.647059,38.235294,73.529412,97.058824,2.941176,23.529412,52.941176,76.470588,100.000000,20.588235,44.117647,67.647059,82.352941,94.117647,2.941176,23.529412,52.941176,76.470588,100.000000,14.705882,41.176471,70.588235,91.176471,97.058824,5.882353,17.647059,32.352941,44.117647,82.352941,20.588235,32.352941,44.117647,55.882353,82.352941,2.941176,26.470588,52.941176,76.470588,100.000000,0.000000,0.000000,0.000000,0.000000,0.000000,14.705882,32.352941,58.823529,76.470588,100.000000,5.882353,17.647059,35.294118,79.411765,97.058824,2.941176,11.764706,47.058824,61.764706,94.117647,2.941176,26.470588,52.941176,76.470588,100.000000,20.588235,44.117647,67.647059,82.352941,94.117647,8.823529,8.823529,11.764706,35.294118,47.058824
Negative_F469,0.538462,0.115385,0.346154,0.153846,0.384615,0.461538,0.346154,0.038462,0.615385,0.115385,0.423077,0.461538,0.384615,0.500000,0.115385,0.692308,0.192308,0.115385,0.384615,0.538462,0.076923,0.120000,0.400000,0.040000,0.160000,0.080000,0.240000,0.040000,0.400000,0.040000,0.120000,0.040000,0.280000,0.360000,0.040000,0.120000,0.240000,0.080000,0.040000,0.440000,0.000000,0.080000,11.538462,26.923077,50.000000,76.923077,100.000000,34.615385,34.615385,80.769231,84.615385,84.615385,3.846154,19.230769,46.153846,65.384615,96.153846,11.538462,11.538462,15.384615,34.615385,69.230769,3.846154,19.230769,46.153846,65.384615,100.000000,23.076923,38.461538,53.846154,80.769231,92.307692,3.846154,19.230769,46.153846,65.384615,96.153846,34.615385,34.615385,34.615385,34.615385,34.615385,11.538462,26.923077,53.846154,80.769231,100.000000,11.538462,11.538462,15.384615,34.615385,34.615385,3.846154,19.230769,57.692308,69.230769,100.000000,23.076923,38.461538,53.846154,80.769231,92.307692,23.076923,38.461538,50.000000,76.923077,92.307692,3.846154,30.769231,61.538462,80.769231,100.000000,11.538462,11.538462,15.384615,57.692308,57.692308,19.230769,38.461538,57.692308,80.769231,96.153846,3.846154,7.692308,30.769231,46.153846,69.230769,11.538462,11.538462,15.384615,100.000000,100.000000,3.846154,19.230769,34.615385,65.384615,96.153846,11.538462,26.923077,50.000000,76.923077,100.000000,80.769231,80.769231,80.769231,84.615385,84.615385
Negative_F470,0.290323,0.322581,0.387097,0.419355,0.354839,0.225806,0.387097,0.322581,0.290323,0.322581,0.451613,0.225806,0.161290,0.774194,0.064516,0.322581,0.322581,0.354839,0.612903,0.290323,0.096774,0.166667,0.300000,0.233333,0.333333,0.200000,0.266667,0.233333,0.300000,0.166667,0.300000,0.133333,0.333333,0.300000,0.033333,0.100000,0.366667,0.300000,0.233333,0.433333,0.100000,0.033333,12.903226,25.806452,61.290323,70.967742,96.774194,3.225806,29.032258,38.709677,87.096774,100.000000,6.451613,19.354839,48.387097,67.741935,93.548387,3.225806,32.258065,61.290323,87.096774,100.000000,6.451613,19.354839,48.387097,67.741935,96.774194,9.677419,22.580645,41.935484,70.967742,77.419355,6.451613,19.354839,48.387097,67.741935,93.548387,3.225806,29.032258,38.709677,87.096774,100.000000,12.903226,25.806452,61.290323,70.967742,96.774194,3.225806,29.032258,38.709677,83.870968,90.322581,6.451613,25.806452,54.838710,80.645161,100.000000,9.677419,22.580645,41.935484,70.967742,77.419355,22.580645,35.483871,64.516129,70.967742,77.419355,3.225806,25.806452,48.387097,80.645161,100.000000,12.903226,12.903226,12.903226,61.290323,61.290323,12.903226,29.032258,45.161290,70.967742,83.870968,6.451613,19.354839,48.387097,74.193548,93.548387,3.225806,25.806452,51.612903,90.322581,100.000000,6.451613,29.032258,48.387097,80.645161,93.548387,12.903226,25.806452,61.290323,70.967742,96.774194,3.225806,3.225806,51.612903,100.000000,100.000000
Negative_F481,0.076923,0.384615,0.538462,0.384615,0.461538,0.153846,0.538462,0.384615,0.076923,0.384615,0.461538,0.153846,0.076923,0.923077,0.000000,0.538462,0.230769,0.230769,0.692308,0.076923,0.230769,0.083333,0.083333,0.416667,0.416667,0.083333,0.166667,0.416667,0.083333,0.083333,0.416667,0.083333,0.166667,0.166667,0.000000,0.000000,0.166667,0.416667,0.083333,0.166667,0.333333,0.000000,84.615385,84.615385,84.615385,84.615385,84.615385,23.076923,30.769231,46.153846,53.846154,76.923077,7.692308,15.384615,61.538462,92.307692,100.000000,23.076923,30.769231,46.153846,53.846154,76.923077,15.384615,38.461538,61.538462,92.307692,100.000000,7.692308,7.692308,7.692308,84.615385,84.615385,7.692308,15.384615,61.538462,92.307692,100.000000,23.076923,30.769231,46.153846,53.846154,76.923077,84.615385,84.615385,84.615385,84.615385,84.615385,23.076923,30.769231,46.153846,53.846154,76.923077,15.384615,38.461538,61.538462,92.307692,100.000000,7.692308,7.692308,7.692308,84.615385,84.615385,84.615385,84.615385,84.615385,84.615385,84.615385,7.692308,23.076923,46.153846,69.230769,100.000000,0.000000,0.000000,0.000000,0.000000,0.000000,15.384615,30.769231,69.230769,92.307692,100.000000,7.692308,7.692308,38.461538,46.153846,46.153846,23.076923,23.076923,53.846154,76.923077,76.923077,7.692308,30.769231,61.538462,76.923077,100.000000,84.615385,84.615385,84.615385,84.615385,84.615385,23.076923,23.076923,46.153846,53.846154,53.846154
Negative_F490,0.310345,0.310345,0.379310,0.275862,0.379310,0.344828,0.413793,0.275862,0.310345,0.206897,0.448276,0.344828,0.241379,0.758621,0.000000,0.448276,0.379310,0.172414,0.551724,0.310345,0.137931,0.107143,0.250000,0.392857,0.357143,0.071429,0.142857,0.357143,0.285714,0.071429,0.250000,0.035714,0.178571,0.214286,0.000000,0.000000,0.392857,0.107143,0.250000,0.285714,0.214286,0.071429,3.448276,13.793103,72.413793,93.103448,100.000000,24.137931,41.379310,58.620690,65.517241,86.206897,6.896552,20.689655,37.931034,68.965517,89.655172,24.137931,34.482759,51.724138,62.068966,86.206897,6.896552,31.034483,48.275862,72.413793,89.655172,3.448276,13.793103,20.689655,93.103448,100.000000,6.896552,20.689655,37.931034,68.965517,89.655172,24.137931,34.482759,51.724138,62.068966,86.206897,3.448276,13.793103,72.413793,93.103448,100.000000,41.379310,51.724138,58.620690,65.517241,86.206897,6.896552,31.034483,44.827586,68.965517,89.655172,3.448276,13.793103,20.689655,93.103448,100.000000,3.448276,10.344828,82.758621,96.551724,100.000000,6.896552,31.034483,48.275862,68.965517,89.655172,0.000000,0.000000,0.000000,0.000000,0.000000,3.448276,27.586207,62.068966,86.206897,100.000000,6.896552,20.689655,44.827586,68.965517,89.655172,24.137931,34.482759,48.275862,65.517241,72.413793,6.896552,27.586207,44.827586,65.517241,89.655172,3.448276,13.793103,72.413793,93.103448,100.000000,24.137931,24.137931,34.482759,51.724138,79.310345
Negative_F496,0.255814,0.511628,0.232558,0.534884,0.255814,0.209302,0.279070,0.465116,0.255814,0.488372,0.302326,0.209302,0.116279,0.860465,0.023256,0.279070,0.279070,0.441860,0.581395,0.255814,0.162791,0.238095,0.095238,0.333333,0.357143,0.214286,0.023810,0.357143,0.119048,0.214286,0.404762,0.214286,0.023810,0.142857,0.000000,0.047619,0.071429,0.214286,0.404762,0.261905,0.214286,0.071429,2.325581,23.255814,39.534884,65.116279,100.000000,4.651163,30.232558,60.465116,83.720930,97.674419,16.279070,32.558140,41.860465,58.139535,95.348837,9.302326,32.558140,60.465116,83.720930,97.674419,11.627907,23.255814,55.813953,65.116279,76.744186,2.325581,6.976744,27.906977,46.511628,100.000000,4.651163,16.279070,37.209302,55.813953,95.348837,9.302326,34.883721,67.441860,83.720930,97.674419,2.325581,23.255814,39.534884,65.116279,100.000000,9.302326,39.534884,67.441860,83.720930,97.674419,11.627907,23.255814,51.162791,62.790698,76.744186,2.325581,6.976744,27.906977,46.511628,100.000000,2.325581,25.581395,27.906977,46.511628,100.000000,4.651163,30.232558,55.813953,76.744186,97.674419,39.534884,39.534884,39.534884,39.534884,39.534884,2.325581,27.906977,69.767442,79.069767,100.000000,4.651163,16.279070,37.209302,55.813953,95.348837,9.302326,23.255814,53.488372,74.418605,97.674419,9.302326,37.209302,55.813953,79.069767,95.348837,2.325581,23.255814,39.534884,65.116279,100.000000,4.651163,6.976744,34.883721,81.395349,97.674419
Negative_F502,0.192308,0.423077,0.384615,0.461538,0.423077,0.115385,0.384615,0.423077,0.192308,0.423077,0.461538,0.115385,0.115385,0.846154,0.038462,0.500000,0.153846,0.346154,0.692308,0.192308,0.115385,0.200000,0.200000,0.280000,0.400000,0.160000,0.080000,0.280000,0.200000,0.200000,0.400000,0.080000,0.160000,0.240000,0.000000,0.080000,0.120000,0.280000,0.200000,0.320000,0.120000,0.080000,30.769231,61.538462,73.076923,80.769231,88.461538,3.846154,19.230769,42.307692,92.307692,100.000000,7.692308,23.076923,50.000000,65.384615,84.615385,3.846154,19.230769,42.307692,76.923077,100.000000,7.692308,23.076923,53.846154,69.230769,88.461538,30.769231,30.769231,73.076923,80.769231,80.769231,7.692308,23.076923,50.000000,65.384615,84.615385,3.846154,19.230769,42.307692,92.307692,100.000000,30.769231,61.538462,73.076923,80.769231,88.461538,3.846154,19.230769,42.307692,92.307692,100.000000,7.692308,23.076923,53.846154,69.230769,88.461538,30.769231,30.769231,73.076923,80.769231,80.769231,30.769231,30.769231,73.076923,80.769231,80.769231,3.846154,23.076923,46.153846,76.923077,100.000000,61.538462,61.538462,61.538462,61.538462,61.538462,7.692308,38.461538,69.230769,84.615385,96.153846,11.538462,11.538462,23.076923,57.692308,65.384615,3.846154,19.230769,42.307692,61.538462,100.000000,3.846154,23.076923,42.307692,65.384615,96.153846,30.769231,61.538462,73.076923,80.769231,88.461538,19.230769,19.230769,76.923077,100.000000,100.000000
Negative_F509,0.347826,0.304348,0.347826,0.391304,0.326087,0.282609,0.347826,0.304348,0.347826,0.326087,0.391304,0.282609,0.217391,0.695652,0.086957,0.369565,0.369565,0.260870,0.521739,0.347826,0.130435,0.244444,0.288889,0.222222,0.266667,0.266667,0.222222,0.222222,0.288889,0.244444,0.266667,0.200000,0.288889,0.333333,0.022222,0.155556,0.266667,0.222222,0.288889,0.400000,0.133333,0.133333,10.869565,19.565217,43.478261,69.565217,97.826087,2.173913,28.260870,50.000000,73.913043,95.652174,4.347826,32.608696,47.826087,76.086957,100.000000,2.173913,30.434783,58.695652,80.434783,100.000000,4.347826,32.608696,47.826087,76.086957,97.826087,6.521739,19.565217,34.782609,60.869565,93.478261,4.347826,32.608696,47.826087,76.086957,100.000000,2.173913,28.260870,50.000000,73.913043,95.652174,10.869565,19.565217,43.478261,69.565217,97.826087,2.173913,30.434783,58.695652,78.260870,95.652174,4.347826,32.608696,47.826087,82.608696,100.000000,6.521739,19.565217,34.782609,60.869565,93.478261,10.869565,19.565217,26.086957,69.565217,93.478261,2.173913,28.260870,47.826087,73.913043,100.000000,54.347826,54.347826,63.043478,78.260870,97.826087,4.347826,21.739130,52.173913,65.217391,97.826087,6.521739,34.782609,47.826087,80.434783,100.000000,2.173913,15.217391,50.000000,73.913043,95.652174,2.173913,30.434783,50.000000,76.086957,100.000000,10.869565,19.565217,43.478261,69.565217,97.826087,8.695652,28.260870,45.652174,71.739130,80.434783
Negative_F524,0.130435,0.434783,0.434783,0.521739,0.217391,0.260870,0.478261,0.391304,0.130435,0.347826,0.391304,0.260870,0.130435,0.869565,0.000000,0.217391,0.565217,0.217391,0.521739,0.130435,0.347826,0.090909,0.136364,0.272727,0.181818,0.181818,0.136364,0.227273,0.181818,0.045455,0.272727,0.090909,0.227273,0.227273,0.000000,0.000000,0.272727,0.045455,0.136364,0.136364,0.363636,0.090909,17.391304,17.391304,60.869565,100.000000,100.000000,8.695652,21.739130,39.130435,82.608696,91.304348,4.347826,30.434783,56.521739,73.913043,95.652174,8.695652,30.434783,43.478261,73.913043,91.304348,4.347826,26.086957,65.217391,69.565217,95.652174,17.391304,21.739130,56.521739,78.260870,100.000000,4.347826,26.086957,56.521739,73.913043,95.652174,8.695652,34.782609,43.478261,82.608696,91.304348,17.391304,17.391304,60.869565,100.000000,100.000000,8.695652,13.043478,43.478261,82.608696,91.304348,4.347826,30.434783,52.173913,69.565217,95.652174,17.391304,21.739130,56.521739,78.260870,100.000000,17.391304,17.391304,60.869565,100.000000,100.000000,4.347826,26.086957,47.826087,73.913043,95.652174,0.000000,0.000000,0.000000,0.000000,0.000000,17.391304,26.086957,60.869565,65.217391,100.000000,4.347826,34.782609,69.565217,82.608696,95.652174,8.695652,13.043478,39.130435,43.478261,47.826087,4.347826,26.086957,52.173913,69.565217,95.652174,17.391304,17.391304,60.869565,100.000000,100.000000,13.043478,21.739130,39.130435,82.608696,91.304348
Negative_F528,0.465116,0.279070,0.255814,0.255814,0.232558,0.511628,0.302326,0.232558,0.465116,0.186047,0.302326,0.511628,0.395349,0.581395,0.023256,0.534884,0.302326,0.162791,0.395349,0.465116,0.139535,0.214286,0.309524,0.142857,0.119048,0.285714,0.238095,0.214286,0.333333,0.190476,0.095238,0.214286,0.309524,0.452381,0.023810,0.023810,0.380952,0.142857,0.166667,0.428571,0.095238,0.095238,6.976744,18.604651,34.883721,60.465116,97.674419,2.325581,39.534884,55.813953,81.395349,93.023256,4.651163,30.232558,62.790698,86.046512,100.000000,2.325581,39.534884,55.813953,88.372093,95.348837,4.651163,32.558140,46.511628,83.720930,100.000000,6.976744,18.604651,41.860465,67.441860,97.674419,4.651163,37.209302,65.116279,86.046512,100.000000,2.325581,39.534884,53.488372,81.395349,93.023256,6.976744,18.604651,34.883721,60.465116,97.674419,2.325581,20.930233,48.837209,55.813953,81.395349,4.651163,37.209302,76.744186,88.372093,100.000000,6.976744,18.604651,41.860465,67.441860,97.674419,6.976744,18.604651,34.883721,58.139535,97.674419,2.325581,37.209302,62.790698,83.720930,100.000000,76.744186,76.744186,76.744186,76.744186,76.744186,4.651163,18.604651,37.209302,67.441860,97.674419,13.953488,46.511628,65.116279,86.046512,100.000000,2.325581,39.534884,55.813953,88.372093,93.023256,2.325581,37.209302,55.813953,72.093023,100.000000,6.976744,18.604651,34.883721,60.465116,97.674419,20.930233,53.488372,79.069767,90.697674,93.023256
Negative_F534,0.250000,0.357143,0.392857,0.500000,0.285714,0.214286,0.392857,0.357143,0.250000,0.428571,0.357143,0.214286,0.178571,0.750000,0.071429,0.428571,0.357143,0.214286,0.571429,0.250000,0.178571,0.148148,0.296296,0.333333,0.333333,0.259259,0.185185,0.333333,0.296296,0.148148,0.370370,0.185185,0.259259,0.333333,0.037037,0.111111,0.296296,0.222222,0.185185,0.333333,0.259259,0.111111,14.285714,25.000000,67.857143,78.571429,85.714286,3.571429,28.571429,42.857143,57.142857,96.428571,7.142857,21.428571,60.714286,82.142857,100.000000,3.571429,28.571429,50.000000,82.142857,100.000000,7.142857,21.428571,46.428571,64.285714,89.285714,10.714286,25.000000,39.285714,78.571429,85.714286,7.142857,21.428571,60.714286,82.142857,100.000000,3.571429,28.571429,42.857143,57.142857,96.428571,14.285714,25.000000,67.857143,78.571429,85.714286,3.571429,17.857143,42.857143,57.142857,96.428571,7.142857,32.142857,60.714286,82.142857,100.000000,10.714286,25.000000,39.285714,78.571429,85.714286,25.000000,39.285714,71.428571,78.571429,85.714286,3.571429,28.571429,50.000000,75.000000,100.000000,14.285714,14.285714,14.285714,67.857143,67.857143,10.714286,35.714286,53.571429,71.428571,85.714286,7.142857,21.428571,42.857143,89.285714,100.000000,3.571429,14.285714,28.571429,67.857143,96.428571,3.571429,28.571429,50.000000,75.000000,100.000000,14.285714,25.000000,67.857143,78.571429,85.714286,10.714286,17.857143,42.857143,57.142857,92.857143
Negative_F539,0.405405,0.324324,0.270270,0.243243,0.243243,0.513514,0.324324,0.216216,0.459459,0.243243,0.243243,0.513514,0.297297,0.675676,0.027027,0.486486,0.297297,0.216216,0.459459,0.405405,0.135135,0.277778,0.250000,0.138889,0.083333,0.222222,0.194444,0.111111,0.333333,0.194444,0.083333,0.222222,0.194444,0.416667,0.000000,0.055556,0.333333,0.194444,0.166667,0.388889,0.083333,0.138889,10.810811,24.324324,51.351351,83.783784,100.000000,2.702703,32.432432,54.054054,67.567568,97.297297,5.405405,18.918919,45.945946,78.378378,89.189189,2.702703,35.135135,51.351351,56.756757,67.567568,27.027027,48.648649,78.378378,83.783784,91.891892,5.405405,18.918919,40.540541,75.675676,100.000000,5.405405,18.918919,48.648649,78.378378,97.297297,2.702703,16.216216,37.837838,56.756757,67.567568,10.810811,29.729730,51.351351,81.081081,100.000000,2.702703,35.135135,51.351351,56.756757,67.567568,27.027027,48.648649,78.378378,83.783784,91.891892,5.405405,18.918919,40.540541,75.675676,100.000000,10.810811,21.621622,40.540541,70.270270,100.000000,2.702703,32.432432,56.756757,78.378378,97.297297,51.351351,51.351351,51.351351,51.351351,51.351351,10.810811,24.324324,40.540541,70.270270,100.000000,5.405405,18.918919,54.054054,78.378378,97.297297,2.702703,37.837838,62.162162,81.081081,91.891892,2.702703,18.918919,45.945946,64.864865,89.189189,10.810811,24.324324,51.351351,83.783784,100.000000,32.432432,54.054054,72.972973,75.675676,97.297297
Negative_F540,0.300000,0.333333,0.366667,0.266667,0.300000,0.433333,0.400000,0.266667,0.333333,0.266667,0.300000,0.433333,0.266667,0.733333,0.000000,0.433333,0.333333,0.233333,0.633333,0.300000,0.066667,0.137931,0.206897,0.310345,0.241379,0.206897,0.206897,0.310345,0.275862,0.137931,0.241379,0.206897,0.206897,0.344828,0.000000,0.000000,0.344828,0.206897,0.241379,0.344828,0.068966,0.000000,13.333333,26.666667,36.666667,50.000000,63.333333,3.333333,43.333333,66.666667,83.333333,93.333333,6.666667,23.333333,60.000000,90.000000,100.000000,3.333333,20.000000,46.666667,73.333333,93.333333,33.333333,56.666667,70.000000,90.000000,100.000000,6.666667,16.666667,30.000000,53.333333,83.333333,6.666667,23.333333,60.000000,83.333333,100.000000,3.333333,20.000000,46.666667,73.333333,93.333333,13.333333,26.666667,36.666667,53.333333,80.000000,3.333333,20.000000,46.666667,73.333333,93.333333,33.333333,56.666667,70.000000,90.000000,100.000000,6.666667,16.666667,30.000000,53.333333,83.333333,13.333333,16.666667,30.000000,50.000000,63.333333,3.333333,33.333333,60.000000,83.333333,100.000000,0.000000,0.000000,0.000000,0.000000,0.000000,13.333333,26.666667,43.333333,60.000000,96.666667,6.666667,23.333333,56.666667,83.333333,100.000000,3.333333,40.000000,66.666667,86.666667,93.333333,3.333333,23.333333,60.000000,86.666667,100.000000,13.333333,26.666667,36.666667,50.000000,63.333333,80.000000,80.000000,80.000000,83.333333,83.333333
Negative_F542,0.076923,0.307692,0.615385,0.307692,0.538462,0.153846,0.615385,0.307692,0.076923,0.230769,0.615385,0.153846,0.076923,0.923077,0.000000,0.461538,0.230769,0.307692,0.769231,0.076923,0.153846,0.083333,0.083333,0.416667,0.416667,0.083333,0.166667,0.416667,0.083333,0.083333,0.250000,0.083333,0.166667,0.166667,0.000000,0.000000,0.250000,0.333333,0.166667,0.166667,0.333333,0.000000,53.846154,53.846154,53.846154,53.846154,53.846154,23.076923,23.076923,46.153846,76.923077,84.615385,7.692308,15.384615,38.461538,69.230769,100.000000,23.076923,23.076923,46.153846,76.923077,84.615385,15.384615,30.769231,61.538462,92.307692,100.000000,7.692308,7.692308,7.692308,53.846154,53.846154,7.692308,15.384615,38.461538,69.230769,100.000000,23.076923,23.076923,46.153846,76.923077,84.615385,53.846154,53.846154,53.846154,53.846154,53.846154,46.153846,46.153846,76.923077,84.615385,84.615385,15.384615,23.076923,38.461538,69.230769,100.000000,7.692308,7.692308,7.692308,53.846154,53.846154,53.846154,53.846154,53.846154,53.846154,53.846154,7.692308,23.076923,46.153846,76.923077,100.000000,0.000000,0.000000,0.000000,0.000000,0.000000,15.384615,38.461538,53.846154,69.230769,100.000000,7.692308,7.692308,30.769231,92.307692,92.307692,23.076923,23.076923,46.153846,76.923077,84.615385,7.692308,30.769231,46.153846,84.615385,100.000000,53.846154,53.846154,53.846154,53.846154,53.846154,23.076923,23.076923,23.076923,76.923077,76.923077
Negative_F543,0.230769,0.230769,0.538462,0.307692,0.538462,0.153846,0.538462,0.230769,0.230769,0.307692,0.538462,0.153846,0.076923,0.846154,0.076923,0.230769,0.461538,0.307692,0.615385,0.230769,0.153846,0.000000,0.333333,0.250000,0.333333,0.083333,0.250000,0.250000,0.333333,0.000000,0.333333,0.083333,0.250000,0.166667,0.000000,0.166667,0.250000,0.166667,0.416667,0.333333,0.166667,0.000000,30.769231,30.769231,53.846154,61.538462,61.538462,7.692308,7.692308,84.615385,92.307692,92.307692,15.384615,23.076923,46.153846,76.923077,100.000000,7.692308,7.692308,30.769231,84.615385,92.307692,15.384615,38.461538,61.538462,76.923077,100.000000,23.076923,23.076923,23.076923,53.846154,53.846154,15.384615,23.076923,46.153846,76.923077,100.000000,7.692308,7.692308,84.615385,92.307692,92.307692,30.769231,30.769231,53.846154,61.538462,61.538462,7.692308,7.692308,30.769231,84.615385,92.307692,15.384615,38.461538,61.538462,76.923077,100.000000,23.076923,23.076923,23.076923,53.846154,53.846154,53.846154,53.846154,53.846154,53.846154,53.846154,7.692308,23.076923,61.538462,84.615385,100.000000,30.769231,30.769231,30.769231,30.769231,30.769231,15.384615,15.384615,53.846154,100.000000,100.000000,23.076923,38.461538,46.153846,76.923077,92.307692,7.692308,7.692308,30.769231,61.538462,84.615385,7.692308,15.384615,38.461538,69.230769,100.000000,30.769231,30.769231,53.846154,61.538462,61.538462,84.615385,84.615385,84.615385,92.307692,92.307692
Negative_F581,0.261905,0.452381,0.285714,0.452381,0.285714,0.261905,0.309524,0.404762,0.285714,0.190476,0.547619,0.261905,0.142857,0.761905,0.095238,0.309524,0.309524,0.380952,0.309524,0.261905,0.428571,0.219512,0.195122,0.292683,0.341463,0.317073,0.073171,0.341463,0.195122,0.268293,0.268293,0.097561,0.292683,0.243902,0.000000,0.170732,0.170732,0.243902,0.317073,0.219512,0.268293,0.195122,2.380952,14.285714,47.619048,78.571429,97.619048,11.904762,30.952381,61.904762,80.952381,100.000000,4.761905,19.047619,45.238095,59.523810,90.476190,11.904762,30.952381,52.380952,73.809524,100.000000,2.380952,9.523810,45.238095,59.523810,90.476190,7.142857,21.428571,64.285714,83.333333,97.619048,4.761905,23.809524,50.000000,69.047619,90.476190,11.904762,30.952381,54.761905,73.809524,100.000000,2.380952,14.285714,47.619048,76.190476,97.619048,28.571429,33.333333,52.380952,80.952381,100.000000,2.380952,16.666667,45.238095,66.666667,90.476190,7.142857,21.428571,64.285714,83.333333,97.619048,7.142857,21.428571,40.476190,95.238095,97.619048,4.761905,28.571429,54.761905,73.809524,100.000000,2.380952,2.380952,14.285714,47.619048,52.380952,2.380952,14.285714,59.523810,78.571429,97.619048,4.761905,33.333333,50.000000,80.952381,90.476190,11.904762,28.571429,47.619048,66.666667,100.000000,4.761905,23.809524,50.000000,69.047619,92.857143,2.380952,14.285714,47.619048,78.571429,97.619048,11.904762,30.952381,54.761905,73.809524,100.000000
Negative_F593,0.219512,0.451220,0.329268,0.439024,0.353659,0.207317,0.353659,0.414634,0.231707,0.402439,0.390244,0.207317,0.109756,0.841463,0.048780,0.487805,0.280488,0.231707,0.658537,0.219512,0.121951,0.135802,0.209877,0.296296,0.271605,0.185185,0.172840,0.296296,0.234568,0.135802,0.259259,0.160494,0.197531,0.185185,0.012346,0.061728,0.283951,0.135802,0.148148,0.308642,0.172840,0.037037,2.439024,35.365854,50.000000,68.292683,97.560976,1.219512,23.170732,52.439024,74.390244,96.341463,3.658537,25.609756,48.780488,79.268293,100.000000,1.219512,19.512195,47.560976,74.390244,98.780488,2.439024,36.585366,57.317073,80.487805,97.560976,3.658537,26.829268,39.024390,64.634146,100.000000,3.658537,26.829268,48.780488,78.048780,100.000000,1.219512,21.951220,47.560976,74.390244,96.341463,2.439024,35.365854,51.219512,70.731707,97.560976,4.878049,23.170732,52.439024,74.390244,96.341463,1.219512,32.926829,56.097561,80.487805,98.780488,3.658537,26.829268,39.024390,64.634146,100.000000,6.097561,31.707317,37.804878,51.219512,68.292683,1.219512,24.390244,52.439024,78.048780,100.000000,43.902439,43.902439,65.853659,67.073171,85.365854,6.097561,35.365854,53.658537,71.951220,96.341463,3.658537,18.292683,41.463415,79.268293,100.000000,1.219512,14.634146,29.268293,74.390244,97.560976,3.658537,25.609756,48.780488,78.048780,100.000000,2.439024,35.365854,50.000000,68.292683,97.560976,1.219512,14.634146,40.243902,70.731707,87.804878
Negative_F599,0.405405,0.297297,0.297297,0.351351,0.243243,0.405405,0.297297,0.297297,0.405405,0.351351,0.243243,0.405405,0.270270,0.648649,0.081081,0.459459,0.243243,0.297297,0.513514,0.405405,0.081081,0.250000,0.277778,0.222222,0.194444,0.333333,0.166667,0.222222,0.277778,0.250000,0.194444,0.333333,0.166667,0.444444,0.055556,0.111111,0.277778,0.305556,0.166667,0.472222,0.111111,0.055556,5.405405,40.540541,67.567568,91.891892,100.000000,2.702703,13.513514,37.837838,70.270270,83.783784,8.108108,24.324324,43.243243,62.162162,89.189189,2.702703,18.918919,51.351351,81.081081,91.891892,24.324324,35.135135,62.162162,89.189189,100.000000,5.405405,21.621622,45.945946,67.567568,94.594595,8.108108,24.324324,43.243243,62.162162,89.189189,2.702703,13.513514,37.837838,70.270270,83.783784,5.405405,40.540541,67.567568,91.891892,100.000000,2.702703,18.918919,51.351351,81.081081,91.891892,24.324324,35.135135,62.162162,89.189189,100.000000,5.405405,21.621622,45.945946,67.567568,94.594595,5.405405,29.729730,48.648649,67.567568,94.594595,2.702703,18.918919,43.243243,70.270270,100.000000,78.378378,78.378378,86.486486,91.891892,91.891892,5.405405,29.729730,59.459459,78.378378,100.000000,8.108108,24.324324,43.243243,54.054054,72.972973,2.702703,13.513514,56.756757,86.486486,97.297297,2.702703,18.918919,43.243243,62.162162,89.189189,5.405405,40.540541,67.567568,91.891892,100.000000,10.810811,10.810811,32.432432,83.783784,83.783784
Negative_F622,0.209677,0.548387,0.241935,0.548387,0.209677,0.241935,0.274194,0.500000,0.225806,0.483871,0.274194,0.241935,0.096774,0.854839,0.048387,0.354839,0.258065,0.387097,0.629032,0.209677,0.161290,0.147541,0.098361,0.327869,0.180328,0.295082,0.098361,0.295082,0.098361,0.147541,0.196721,0.245902,0.147541,0.147541,0.016393,0.081967,0.147541,0.278689,0.213115,0.196721,0.245902,0.049180,1.612903,41.935484,48.387097,59.677419,83.870968,6.451613,24.193548,51.612903,80.645161,100.000000,4.838710,29.032258,50.000000,72.580645,95.161290,8.064516,24.193548,51.612903,82.258065,100.000000,1.612903,30.645161,41.935484,50.000000,77.419355,3.225806,37.096774,62.903226,79.032258,95.161290,4.838710,29.032258,38.709677,66.129032,95.161290,11.290323,24.193548,53.225806,85.483871,100.000000,1.612903,41.935484,48.387097,75.806452,83.870968,11.290323,24.193548,51.612903,80.645161,100.000000,1.612903,29.032258,41.935484,54.838710,88.709677,3.225806,37.096774,62.903226,79.032258,95.161290,3.225806,45.161290,58.064516,79.032258,83.870968,1.612903,24.193548,50.000000,75.806452,100.000000,41.935484,41.935484,46.774194,54.838710,54.838710,3.225806,32.258065,46.774194,67.741935,96.774194,4.838710,19.354839,38.709677,72.580645,95.161290,1.612903,20.967742,53.225806,85.483871,100.000000,4.838710,24.193548,43.548387,70.967742,100.000000,1.612903,41.935484,48.387097,59.677419,83.870968,6.451613,37.096774,74.193548,88.709677,98.387097
Negative_F640,0.290323,0.354839,0.354839,0.483871,0.322581,0.193548,0.354839,0.354839,0.290323,0.387097,0.419355,0.193548,0.193548,0.709677,0.096774,0.548387,0.225806,0.225806,0.612903,0.290323,0.096774,0.133333,0.333333,0.266667,0.300000,0.233333,0.166667,0.266667,0.333333,0.133333,0.333333,0.100000,0.300000,0.333333,0.066667,0.133333,0.233333,0.233333,0.166667,0.400000,0.100000,0.066667,16.129032,38.709677,64.516129,74.193548,96.774194,3.225806,29.032258,48.387097,87.096774,100.000000,6.451613,12.903226,54.838710,77.419355,93.548387,3.225806,29.032258,48.387097,87.096774,100.000000,6.451613,12.903226,45.161290,64.516129,83.870968,25.806452,38.709677,67.741935,80.645161,96.774194,6.451613,12.903226,54.838710,77.419355,93.548387,3.225806,29.032258,48.387097,87.096774,100.000000,16.129032,38.709677,64.516129,74.193548,96.774194,3.225806,19.354839,35.483871,51.612903,90.322581,6.451613,22.580645,61.290323,77.419355,100.000000,25.806452,38.709677,67.741935,80.645161,96.774194,25.806452,38.709677,67.741935,80.645161,96.774194,3.225806,22.580645,48.387097,77.419355,100.000000,16.129032,16.129032,41.935484,64.516129,64.516129,6.451613,25.806452,48.387097,67.741935,96.774194,19.354839,45.161290,77.419355,87.096774,93.548387,3.225806,16.129032,41.935484,90.322581,100.000000,3.225806,22.580645,48.387097,70.967742,93.548387,16.129032,38.709677,64.516129,74.193548,96.774194,19.354839,19.354839,87.096774,100.000000,100.000000
Negative_F650,0.170213,0.553191,0.276596,0.574468,0.170213,0.255319,0.340426,0.468085,0.191489,0.468085,0.276596,0.255319,0.106383,0.872340,0.021277,0.255319,0.425532,0.319149,0.531915,0.170213,0.297872,0.173913,0.086957,0.369565,0.260870,0.347826,0.086957,0.347826,0.108696,0.195652,0.304348,0.282609,0.152174,0.217391,0.000000,0.043478,0.217391,0.217391,0.173913,0.217391,0.282609,0.043478,12.765957,21.276596,36.170213,46.808511,97.872340,2.127660,17.021277,51.063830,76.595745,95.744681,25.531915,44.680851,63.829787,80.851064,100.000000,2.127660,29.787234,57.446809,78.723404,100.000000,21.276596,25.531915,44.680851,74.468085,91.489362,6.382979,14.893617,34.042553,53.191489,97.872340,14.893617,27.659574,48.936170,74.468085,100.000000,2.127660,23.404255,57.446809,78.723404,95.744681,6.382979,21.276596,36.170213,46.808511,97.872340,2.127660,23.404255,55.319149,76.595745,95.744681,21.276596,36.170213,61.702128,82.978723,100.000000,6.382979,14.893617,34.042553,53.191489,97.872340,12.765957,34.042553,38.297872,53.191489,97.872340,2.127660,25.531915,55.319149,76.595745,100.000000,46.808511,46.808511,46.808511,46.808511,46.808511,6.382979,34.042553,53.191489,70.212766,97.872340,2.127660,25.531915,42.553191,61.702128,100.000000,8.510638,21.276596,68.085106,85.106383,95.744681,10.638298,44.680851,65.957447,82.978723,100.000000,12.765957,21.276596,36.170213,46.808511,97.872340,2.127660,8.510638,27.659574,59.574468,93.617021
Negative_F652,0.255814,0.418605,0.325581,0.488372,0.279070,0.232558,0.395349,0.348837,0.255814,0.372093,0.395349,0.232558,0.116279,0.837209,0.046512,0.209302,0.418605,0.372093,0.581395,0.255814,0.162791,0.285714,0.190476,0.214286,0.380952,0.285714,0.047619,0.190476,0.214286,0.261905,0.357143,0.190476,0.142857,0.190476,0.000000,0.095238,0.119048,0.166667,0.309524,0.380952,0.166667,0.095238,4.651163,25.581395,41.860465,74.418605,97.674419,2.325581,16.279070,48.837209,81.395349,95.348837,18.604651,37.209302,58.139535,69.767442,100.000000,2.325581,34.883721,55.813953,81.395349,100.000000,13.953488,25.581395,60.465116,69.767442,86.046512,4.651163,9.302326,30.232558,44.186047,97.674419,6.976744,23.255814,44.186047,67.441860,100.000000,2.325581,27.906977,55.813953,83.720930,95.348837,4.651163,25.581395,41.860465,74.418605,97.674419,2.325581,27.906977,51.162791,79.069767,95.348837,13.953488,34.883721,60.465116,74.418605,100.000000,4.651163,9.302326,30.232558,44.186047,97.674419,4.651163,30.232558,32.558140,93.023256,97.674419,2.325581,23.255814,51.162791,74.418605,100.000000,41.860465,41.860465,41.860465,62.790698,62.790698,4.651163,32.558140,53.488372,76.744186,97.674419,2.325581,20.930233,39.534884,65.116279,100.000000,11.627907,25.581395,55.813953,81.395349,95.348837,11.627907,39.534884,60.465116,79.069767,100.000000,4.651163,25.581395,41.860465,74.418605,97.674419,2.325581,6.976744,20.930233,48.837209,88.372093
Negative_F657,0.297297,0.405405,0.297297,0.432432,0.324324,0.243243,0.351351,0.324324,0.324324,0.351351,0.405405,0.243243,0.108108,0.783784,0.108108,0.270270,0.378378,0.351351,0.405405,0.297297,0.297297,0.305556,0.194444,0.166667,0.388889,0.305556,0.111111,0.194444,0.277778,0.277778,0.333333,0.194444,0.222222,0.194444,0.027778,0.194444,0.194444,0.194444,0.305556,0.277778,0.194444,0.222222,13.513514,29.729730,54.054054,83.783784,91.891892,2.702703,10.810811,51.351351,72.972973,86.486486,18.918919,37.837838,48.648649,94.594595,100.000000,2.702703,16.216216,45.945946,72.972973,91.891892,13.513514,27.027027,54.054054,78.378378,97.297297,8.108108,29.729730,40.540541,67.567568,100.000000,8.108108,37.837838,48.648649,78.378378,100.000000,2.702703,10.810811,51.351351,72.972973,86.486486,13.513514,27.027027,45.945946,67.567568,91.891892,2.702703,16.216216,51.351351,72.972973,91.891892,13.513514,27.027027,54.054054,83.783784,97.297297,8.108108,29.729730,40.540541,67.567568,100.000000,29.729730,29.729730,35.135135,67.567568,89.189189,2.702703,21.621622,48.648649,75.675676,100.000000,45.945946,45.945946,54.054054,59.459459,91.891892,21.621622,35.135135,56.756757,70.270270,97.297297,2.702703,24.324324,43.243243,75.675676,100.000000,5.405405,16.216216,45.945946,81.081081,91.891892,10.810811,24.324324,48.648649,78.378378,100.000000,13.513514,29.729730,54.054054,83.783784,91.891892,2.702703,8.108108,51.351351,75.675676,86.486486
Negative_F659,0.189189,0.513514,0.297297,0.486486,0.216216,0.297297,0.351351,0.378378,0.270270,0.378378,0.324324,0.297297,0.081081,0.918919,0.000000,0.270270,0.351351,0.378378,0.513514,0.189189,0.297297,0.250000,0.111111,0.472222,0.305556,0.333333,0.083333,0.472222,0.166667,0.305556,0.472222,0.305556,0.111111,0.138889,0.000000,0.000000,0.083333,0.222222,0.444444,0.305556,0.388889,0.055556,2.702703,13.513514,45.945946,83.783784,97.297297,5.405405,21.621622,51.351351,75.675676,94.594595,18.918919,37.837838,59.459459,78.378378,100.000000,10.810811,27.027027,51.351351,72.972973,100.000000,13.513514,18.918919,45.945946,70.270270,83.783784,2.702703,8.108108,48.648649,86.486486,97.297297,5.405405,24.324324,48.648649,70.270270,100.000000,10.810811,27.027027,51.351351,72.972973,94.594595,2.702703,29.729730,45.945946,83.783784,97.297297,10.810811,27.027027,51.351351,72.972973,94.594595,13.513514,24.324324,45.945946,70.270270,100.000000,2.702703,8.108108,48.648649,86.486486,97.297297,2.702703,2.702703,29.729730,97.297297,97.297297,5.405405,27.027027,51.351351,75.675676,100.000000,0.000000,0.000000,0.000000,0.000000,0.000000,2.702703,32.432432,56.756757,81.081081,97.297297,5.405405,21.621622,43.243243,64.864865,100.000000,10.810811,27.027027,45.945946,72.972973,94.594595,10.810811,27.027027,56.756757,81.081081,100.000000,2.702703,13.513514,45.945946,83.783784,97.297297,5.405405,21.621622,40.540541,72.972973,91.891892
Negative_F661,0.227273,0.477273,0.295455,0.454545,0.318182,0.227273,0.340909,0.409091,0.250000,0.409091,0.363636,0.227273,0.068182,0.886364,0.045455,0.295455,0.318182,0.386364,0.568182,0.227273,0.204545,0.209302,0.116279,0.302326,0.279070,0.348837,0.093023,0.302326,0.116279,0.232558,0.255814,0.279070,0.162791,0.116279,0.023256,0.069767,0.116279,0.255814,0.255814,0.232558,0.255814,0.093023,6.818182,27.272727,34.090909,54.545455,59.090909,2.272727,18.181818,63.636364,84.090909,100.000000,20.454545,38.636364,61.363636,72.727273,95.454545,2.272727,18.181818,52.272727,81.818182,97.727273,15.909091,29.545455,50.000000,68.181818,88.636364,6.818182,22.727273,38.636364,79.545455,100.000000,11.363636,25.000000,45.454545,72.727273,95.454545,2.272727,18.181818,63.636364,84.090909,97.727273,6.818182,27.272727,43.181818,56.818182,100.000000,2.272727,18.181818,63.636364,84.090909,97.727273,15.909091,27.272727,43.181818,61.363636,88.636364,6.818182,22.727273,38.636364,79.545455,100.000000,6.818182,6.818182,34.090909,54.545455,54.545455,2.272727,25.000000,52.272727,79.545455,100.000000,50.000000,50.000000,50.000000,56.818182,56.818182,2.272727,50.000000,56.818182,88.636364,100.000000,4.545455,22.727273,38.636364,68.181818,79.545455,9.090909,27.272727,47.727273,77.272727,97.727273,2.272727,38.636364,63.636364,79.545455,97.727273,6.818182,27.272727,34.090909,54.545455,59.090909,4.545455,11.363636,31.818182,84.090909,100.000000
Negative_F674,0.205882,0.264706,0.529412,0.323529,0.411765,0.264706,0.529412,0.235294,0.235294,0.205882,0.529412,0.264706,0.117647,0.852941,0.029412,0.382353,0.411765,0.205882,0.617647,0.205882,0.176471,0.090909,0.272727,0.303030,0.212121,0.181818,0.212121,0.272727,0.303030,0.121212,0.212121,0.151515,0.242424,0.242424,0.000000,0.060606,0.424242,0.303030,0.090909,0.303030,0.272727,0.060606,14.705882,23.529412,38.235294,70.588235,79.411765,29.411765,55.882353,61.764706,88.235294,100.000000,2.941176,17.647059,44.117647,73.529412,97.058824,14.705882,35.294118,73.529412,91.176471,100.000000,11.764706,23.529412,44.117647,67.647059,97.058824,2.941176,8.823529,38.235294,61.764706,79.411765,2.941176,17.647059,44.117647,73.529412,97.058824,29.411765,35.294118,58.823529,88.235294,100.000000,14.705882,23.529412,38.235294,61.764706,79.411765,14.705882,29.411765,55.882353,76.470588,88.235294,11.764706,32.352941,50.000000,85.294118,100.000000,2.941176,8.823529,38.235294,61.764706,79.411765,26.470588,26.470588,38.235294,70.588235,79.411765,2.941176,29.411765,52.941176,76.470588,100.000000,14.705882,14.705882,14.705882,14.705882,14.705882,11.764706,32.352941,55.882353,70.588235,97.058824,2.941176,17.647059,44.117647,76.470588,91.176471,14.705882,23.529412,47.058824,94.117647,100.000000,2.941176,20.588235,50.000000,67.647059,97.058824,14.705882,23.529412,38.235294,70.588235,79.411765,29.411765,61.764706,76.470588,94.117647,100.000000
Negative_F677,0.190476,0.380952,0.428571,0.380952,0.428571,0.190476,0.428571,0.380952,0.190476,0.333333,0.476190,0.190476,0.142857,0.857143,0.000000,0.571429,0.190476,0.238095,0.714286,0.190476,0.095238,0.000000,0.150000,0.400000,0.400000,0.000000,0.200000,0.400000,0.150000,0.000000,0.400000,0.000000,0.200000,0.150000,0.000000,0.000000,0.250000,0.300000,0.100000,0.150000,0.200000,0.000000,66.666667,66.666667,71.428571,95.238095,100.000000,14.285714,19.047619,38.095238,52.380952,85.714286,4.761905,23.809524,47.619048,76.190476,90.476190,14.285714,19.047619,38.095238,52.380952,85.714286,9.523810,28.571429,61.904762,76.190476,90.476190,4.761905,4.761905,66.666667,95.238095,100.000000,4.761905,23.809524,47.619048,76.190476,90.476190,14.285714,19.047619,38.095238,52.380952,85.714286,66.666667,66.666667,71.428571,95.238095,100.000000,14.285714,19.047619,38.095238,57.142857,85.714286,9.523810,28.571429,52.380952,76.190476,90.476190,4.761905,4.761905,66.666667,95.238095,100.000000,66.666667,66.666667,95.238095,100.000000,100.000000,4.761905,23.809524,42.857143,71.428571,90.476190,0.000000,0.000000,0.000000,0.000000,0.000000,9.523810,38.095238,66.666667,80.952381,100.000000,4.761905,4.761905,28.571429,47.619048,61.904762,14.285714,19.047619,33.333333,52.380952,85.714286,4.761905,23.809524,42.857143,76.190476,90.476190,66.666667,66.666667,71.428571,95.238095,100.000000,19.047619,19.047619,19.047619,52.380952,52.380952
Negative_F709,0.171429,0.471429,0.357143,0.485714,0.357143,0.157143,0.385714,0.442857,0.171429,0.485714,0.357143,0.157143,0.085714,0.871429,0.042857,0.357143,0.385714,0.257143,0.642857,0.171429,0.185714,0.130435,0.101449,0.275362,0.304348,0.130435,0.144928,0.289855,0.115942,0.115942,0.304348,0.130435,0.144928,0.130435,0.014493,0.072464,0.144928,0.275362,0.217391,0.202899,0.289855,0.028986,18.571429,24.285714,70.000000,87.142857,94.285714,2.857143,15.714286,47.142857,64.285714,95.714286,1.428571,38.571429,51.428571,75.714286,100.000000,2.857143,17.142857,42.857143,64.285714,95.714286,1.428571,40.000000,58.571429,81.428571,98.571429,5.714286,20.000000,71.428571,87.142857,100.000000,1.428571,37.142857,51.428571,78.571429,100.000000,2.857143,15.714286,47.142857,64.285714,95.714286,18.571429,24.285714,70.000000,87.142857,94.285714,2.857143,17.142857,42.857143,64.285714,95.714286,1.428571,40.000000,58.571429,81.428571,98.571429,5.714286,20.000000,71.428571,87.142857,100.000000,18.571429,20.000000,30.000000,87.142857,91.428571,1.428571,27.142857,51.428571,74.285714,100.000000,24.285714,24.285714,28.571429,70.000000,70.000000,1.428571,25.714286,57.142857,80.000000,95.714286,5.714286,27.142857,48.571429,77.142857,100.000000,4.285714,24.285714,47.142857,67.142857,88.571429,1.428571,27.142857,50.000000,71.428571,100.000000,18.571429,24.285714,70.000000,87.142857,94.285714,5.714286,15.714286,48.571429,67.142857,85.714286
Negative_F734,0.120000,0.440000,0.440000,0.480000,0.280000,0.240000,0.440000,0.360000,0.200000,0.320000,0.440000,0.240000,0.000000,0.960000,0.040000,0.200000,0.480000,0.320000,0.480000,0.120000,0.400000,0.083333,0.166667,0.416667,0.250000,0.166667,0.250000,0.333333,0.250000,0.083333,0.291667,0.125000,0.291667,0.000000,0.000000,0.083333,0.166667,0.083333,0.250000,0.125000,0.416667,0.125000,44.000000,44.000000,60.000000,72.000000,72.000000,4.000000,12.000000,36.000000,64.000000,100.000000,16.000000,32.000000,68.000000,84.000000,96.000000,4.000000,12.000000,36.000000,88.000000,100.000000,16.000000,20.000000,44.000000,72.000000,80.000000,40.000000,52.000000,56.000000,76.000000,84.000000,16.000000,32.000000,68.000000,84.000000,96.000000,4.000000,12.000000,28.000000,64.000000,100.000000,40.000000,44.000000,52.000000,60.000000,72.000000,4.000000,8.000000,28.000000,64.000000,100.000000,16.000000,24.000000,48.000000,80.000000,96.000000,40.000000,52.000000,56.000000,76.000000,84.000000,0.000000,0.000000,0.000000,0.000000,0.000000,4.000000,24.000000,52.000000,76.000000,100.000000,44.000000,44.000000,44.000000,44.000000,44.000000,40.000000,44.000000,52.000000,56.000000,72.000000,16.000000,28.000000,68.000000,84.000000,96.000000,4.000000,8.000000,24.000000,60.000000,100.000000,4.000000,16.000000,48.000000,80.000000,96.000000,44.000000,44.000000,60.000000,72.000000,72.000000,8.000000,28.000000,40.000000,64.000000,100.000000
Negative_F781,0.176471,0.411765,0.411765,0.411765,0.470588,0.117647,0.411765,0.411765,0.176471,0.411765,0.470588,0.117647,0.117647,0.882353,0.000000,0.529412,0.117647,0.352941,0.764706,0.176471,0.058824,0.187500,0.187500,0.375000,0.500000,0.062500,0.187500,0.375000,0.187500,0.187500,0.500000,0.062500,0.187500,0.250000,0.000000,0.000000,0.125000,0.312500,0.125000,0.375000,0.125000,0.000000,47.058824,47.058824,64.705882,88.235294,88.235294,5.882353,17.647059,41.176471,76.470588,82.352941,11.764706,29.411765,58.823529,94.117647,100.000000,5.882353,17.647059,41.176471,76.470588,82.352941,11.764706,29.411765,47.058824,70.588235,100.000000,64.705882,64.705882,64.705882,88.235294,88.235294,11.764706,29.411765,58.823529,94.117647,100.000000,5.882353,17.647059,41.176471,76.470588,82.352941,47.058824,47.058824,64.705882,88.235294,88.235294,5.882353,17.647059,41.176471,76.470588,82.352941,11.764706,29.411765,47.058824,70.588235,100.000000,64.705882,64.705882,64.705882,88.235294,88.235294,64.705882,64.705882,64.705882,88.235294,88.235294,5.882353,23.529412,47.058824,76.470588,100.000000,0.000000,0.000000,0.000000,0.000000,0.000000,11.764706,52.941176,64.705882,88.235294,100.000000,35.294118,35.294118,35.294118,70.588235,70.588235,5.882353,17.647059,23.529412,47.058824,76.470588,5.882353,29.411765,52.941176,76.470588,100.000000,47.058824,47.058824,64.705882,88.235294,88.235294,23.529412,23.529412,23.529412,23.529412,23.529412
Negative_F796,0.153846,0.538462,0.307692,0.423077,0.269231,0.307692,0.384615,0.423077,0.192308,0.423077,0.269231,0.307692,0.076923,0.923077,0.000000,0.576923,0.230769,0.192308,0.653846,0.153846,0.192308,0.120000,0.080000,0.400000,0.240000,0.360000,0.200000,0.480000,0.160000,0.120000,0.240000,0.360000,0.200000,0.160000,0.000000,0.000000,0.240000,0.280000,0.080000,0.120000,0.240000,0.080000,3.846154,3.846154,7.692308,23.076923,50.000000,15.384615,34.615385,46.153846,76.923077,100.000000,11.538462,26.923077,65.384615,84.615385,96.153846,15.384615,42.307692,57.692308,80.769231,100.000000,3.846154,11.538462,61.538462,92.307692,96.153846,7.692308,19.230769,34.615385,50.000000,84.615385,11.538462,26.923077,61.538462,84.615385,96.153846,15.384615,42.307692,57.692308,80.769231,100.000000,3.846154,7.692308,23.076923,34.615385,50.000000,15.384615,42.307692,57.692308,80.769231,100.000000,3.846154,11.538462,61.538462,92.307692,96.153846,7.692308,19.230769,34.615385,50.000000,84.615385,7.692308,7.692308,7.692308,50.000000,50.000000,3.846154,26.923077,53.846154,76.923077,100.000000,0.000000,0.000000,0.000000,0.000000,0.000000,7.692308,26.923077,53.846154,88.461538,100.000000,19.230769,38.461538,57.692308,65.384615,84.615385,3.846154,23.076923,30.769231,46.153846,69.230769,11.538462,46.153846,69.230769,84.615385,100.000000,3.846154,3.846154,7.692308,23.076923,50.000000,19.230769,26.923077,34.615385,38.461538,57.692308
Negative_F797,0.338462,0.384615,0.276923,0.507692,0.261538,0.230769,0.292308,0.353846,0.353846,0.276923,0.492308,0.230769,0.169231,0.800000,0.030769,0.400000,0.307692,0.292308,0.476923,0.338462,0.184615,0.250000,0.156250,0.218750,0.234375,0.234375,0.187500,0.203125,0.171875,0.234375,0.281250,0.125000,0.296875,0.281250,0.015625,0.046875,0.218750,0.218750,0.156250,0.296875,0.234375,0.109375,1.538462,20.000000,49.230769,81.538462,100.000000,4.615385,29.230769,46.153846,72.307692,96.923077,13.846154,33.846154,55.384615,67.692308,95.384615,4.615385,29.230769,46.153846,64.615385,95.384615,1.538462,24.615385,55.384615,80.000000,98.461538,3.076923,23.076923,69.230769,81.538462,100.000000,13.846154,33.846154,58.461538,73.846154,95.384615,4.615385,18.461538,44.615385,63.076923,89.230769,1.538462,20.000000,56.923077,90.769231,100.000000,4.615385,18.461538,41.538462,63.076923,84.615385,1.538462,26.153846,49.230769,75.384615,98.461538,3.076923,23.076923,69.230769,81.538462,100.000000,3.076923,12.307692,69.230769,81.538462,100.000000,1.538462,26.153846,49.230769,72.307692,98.461538,20.000000,20.000000,20.000000,90.769231,90.769231,1.538462,26.153846,50.769231,81.538462,100.000000,13.846154,33.846154,58.461538,73.846154,95.384615,4.615385,16.923077,35.384615,63.076923,89.230769,4.615385,27.692308,50.769231,67.692308,95.384615,1.538462,20.000000,49.230769,81.538462,100.000000,6.153846,30.769231,46.153846,73.846154,96.923077
Negative_F799,0.342105,0.342105,0.315789,0.315789,0.368421,0.315789,0.342105,0.289474,0.368421,0.289474,0.394737,0.315789,0.184211,0.763158,0.052632,0.473684,0.315789,0.210526,0.526316,0.342105,0.131579,0.216216,0.297297,0.189189,0.189189,0.108108,0.189189,0.135135,0.351351,0.162162,0.243243,0.108108,0.189189,0.270270,0.027027,0.081081,0.378378,0.243243,0.054054,0.459459,0.162162,0.054054,2.631579,18.421053,36.842105,55.263158,97.368421,26.315789,57.894737,65.789474,86.842105,100.000000,5.263158,13.157895,39.473684,68.421053,92.105263,31.578947,47.368421,63.157895,84.210526,100.000000,10.526316,34.210526,50.000000,73.684211,92.105263,2.631579,7.894737,18.421053,42.105263,97.368421,5.263158,21.052632,50.000000,73.684211,94.736842,31.578947,57.894737,65.789474,86.842105,100.000000,2.631579,18.421053,34.210526,55.263158,97.368421,31.578947,47.368421,65.789474,86.842105,100.000000,10.526316,34.210526,52.631579,73.684211,92.105263,2.631579,7.894737,18.421053,42.105263,97.368421,2.631579,7.894737,18.421053,55.263158,97.368421,5.263158,34.210526,60.526316,78.947368,100.000000,23.684211,23.684211,23.684211,44.736842,44.736842,2.631579,23.684211,42.105263,71.052632,97.368421,5.263158,13.157895,52.631579,76.315789,94.736842,31.578947,36.842105,47.368421,63.157895,100.000000,5.263158,31.578947,57.894737,76.315789,100.000000,2.631579,18.421053,36.842105,55.263158,97.368421,26.315789,28.947368,63.157895,89.473684,94.736842
Negative_F806,0.166667,0.450000,0.383333,0.433333,0.450000,0.116667,0.400000,0.433333,0.166667,0.433333,0.450000,0.116667,0.083333,0.900000,0.016667,0.400000,0.366667,0.233333,0.683333,0.166667,0.150000,0.135593,0.101695,0.440678,0.508475,0.101695,0.101695,0.474576,0.101695,0.135593,0.508475,0.101695,0.101695,0.118644,0.016949,0.016949,0.288136,0.152542,0.220339,0.237288,0.305085,0.000000,13.333333,21.666667,76.666667,91.666667,98.333333,5.000000,18.333333,48.333333,71.666667,95.000000,1.666667,28.333333,50.000000,70.000000,100.000000,5.000000,26.666667,48.333333,71.666667,95.000000,1.666667,25.000000,46.666667,75.000000,100.000000,6.666667,21.666667,76.666667,91.666667,93.333333,1.666667,25.000000,46.666667,68.333333,100.000000,5.000000,26.666667,48.333333,71.666667,95.000000,13.333333,21.666667,76.666667,91.666667,98.333333,5.000000,26.666667,48.333333,71.666667,95.000000,1.666667,25.000000,46.666667,75.000000,100.000000,6.666667,21.666667,76.666667,91.666667,93.333333,21.666667,76.666667,85.000000,91.666667,93.333333,1.666667,26.666667,48.333333,71.666667,100.000000,20.000000,20.000000,20.000000,20.000000,20.000000,1.666667,20.000000,63.333333,85.000000,100.000000,3.333333,25.000000,46.666667,70.000000,96.666667,8.333333,31.666667,43.333333,61.666667,88.333333,1.666667,28.333333,51.666667,73.333333,100.000000,13.333333,21.666667,76.666667,91.666667,98.333333,6.666667,26.666667,43.333333,58.333333,71.666667
Negative_F808,0.101695,0.610169,0.288136,0.644068,0.237288,0.118644,0.305085,0.576271,0.118644,0.593220,0.288136,0.118644,0.050847,0.915254,0.033898,0.338983,0.237288,0.423729,0.779661,0.101695,0.118644,0.068966,0.051724,0.362069,0.362069,0.155172,0.034483,0.362069,0.068966,0.086207,0.362069,0.155172,0.034483,0.068966,0.034483,0.034483,0.103448,0.344828,0.224138,0.103448,0.137931,0.017241,6.779661,8.474576,13.559322,20.338983,100.000000,1.694915,30.508475,49.152542,71.186441,98.305085,10.169492,32.203390,64.406780,77.966102,96.610169,3.389831,28.813559,47.457627,74.576271,98.305085,11.864407,32.203390,57.627119,89.830508,100.000000,1.694915,6.779661,20.338983,71.186441,72.881356,1.694915,23.728814,57.627119,77.966102,96.610169,3.389831,33.898305,49.152542,74.576271,98.305085,6.779661,8.474576,15.254237,71.186441,100.000000,3.389831,28.813559,47.457627,74.576271,98.305085,10.169492,32.203390,59.322034,88.135593,100.000000,1.694915,6.779661,20.338983,71.186441,72.881356,6.779661,6.779661,13.559322,20.338983,20.338983,1.694915,32.203390,54.237288,77.966102,100.000000,8.474576,8.474576,8.474576,15.254237,15.254237,6.779661,27.118644,47.457627,69.491525,96.610169,1.694915,23.728814,57.627119,76.271186,89.830508,3.389831,25.423729,50.847458,79.661017,100.000000,10.169492,35.593220,54.237288,77.966102,98.305085,6.779661,8.474576,13.559322,20.338983,100.000000,1.694915,3.389831,30.508475,71.186441,83.050847
Negative_F821,0.301887,0.452830,0.245283,0.471698,0.320755,0.207547,0.264151,0.415094,0.320755,0.358491,0.433962,0.207547,0.113208,0.849057,0.037736,0.415094,0.150943,0.433962,0.528302,0.301887,0.169811,0.230769,0.153846,0.307692,0.288462,0.288462,0.057692,0.307692,0.153846,0.192308,0.230769,0.192308,0.153846,0.230769,0.000000,0.057692,0.134615,0.423077,0.134615,0.211538,0.096154,0.173077,1.886792,9.433962,22.641509,41.509434,100.000000,7.547170,37.735849,54.716981,75.471698,94.339623,11.320755,43.396226,60.377358,77.358491,98.113208,5.660377,39.622642,54.716981,75.471698,98.113208,1.886792,18.867925,30.188679,73.584906,100.000000,7.547170,11.320755,41.509434,77.358491,96.226415,11.320755,43.396226,60.377358,84.905660,98.113208,13.207547,39.622642,54.716981,75.471698,94.339623,1.886792,9.433962,22.641509,41.509434,100.000000,5.660377,39.622642,54.716981,79.245283,94.339623,1.886792,18.867925,43.396226,73.584906,100.000000,7.547170,11.320755,41.509434,77.358491,96.226415,9.433962,22.641509,33.962264,67.924528,96.226415,3.773585,30.188679,54.716981,77.358491,100.000000,1.886792,1.886792,1.886792,5.660377,5.660377,1.886792,22.641509,47.169811,75.471698,96.226415,43.396226,50.943396,64.150943,90.566038,98.113208,3.773585,20.754717,37.735849,69.811321,100.000000,18.867925,45.283019,58.490566,77.358491,98.113208,1.886792,9.433962,22.641509,41.509434,100.000000,7.547170,13.207547,32.075472,71.698113,94.339623
Negative_F827,0.194444,0.416667,0.388889,0.583333,0.388889,0.027778,0.388889,0.416667,0.194444,0.388889,0.583333,0.027778,0.000000,0.944444,0.055556,0.194444,0.361111,0.444444,0.555556,0.194444,0.250000,0.142857,0.200000,0.257143,0.371429,0.028571,0.028571,0.257143,0.200000,0.142857,0.428571,0.000000,0.057143,0.000000,0.000000,0.114286,0.228571,0.057143,0.400000,0.228571,0.228571,0.114286,5.555556,11.111111,22.222222,50.000000,52.777778,2.777778,27.777778,66.666667,88.888889,100.000000,8.333333,38.888889,47.222222,72.222222,97.222222,2.777778,27.777778,61.111111,77.777778,100.000000,11.111111,22.222222,41.666667,69.444444,97.222222,47.222222,47.222222,47.222222,47.222222,47.222222,8.333333,38.888889,47.222222,72.222222,97.222222,2.777778,27.777778,66.666667,88.888889,100.000000,5.555556,11.111111,22.222222,50.000000,52.777778,2.777778,25.000000,33.333333,75.000000,91.666667,8.333333,36.111111,52.777778,77.777778,100.000000,47.222222,47.222222,47.222222,47.222222,47.222222,0.000000,0.000000,0.000000,0.000000,0.000000,2.777778,27.777778,52.777778,77.777778,100.000000,5.555556,5.555556,5.555556,33.333333,33.333333,27.777778,30.555556,52.777778,69.444444,83.333333,8.333333,36.111111,47.222222,72.222222,97.222222,2.777778,16.666667,50.000000,77.777778,100.000000,8.333333,36.111111,55.555556,72.222222,97.222222,5.555556,11.111111,22.222222,50.000000,52.777778,2.777778,25.000000,75.000000,80.555556,100.000000
Negative_F833,0.238095,0.500000,0.261905,0.428571,0.238095,0.333333,0.333333,0.357143,0.309524,0.357143,0.309524,0.333333,0.119048,0.857143,0.023810,0.309524,0.404762,0.285714,0.500000,0.238095,0.261905,0.292683,0.097561,0.341463,0.243902,0.341463,0.097561,0.268293,0.170732,0.268293,0.317073,0.268293,0.170732,0.146341,0.000000,0.048780,0.219512,0.121951,0.268293,0.268293,0.365854,0.121951,2.380952,26.190476,40.476190,73.809524,100.000000,4.761905,23.809524,52.380952,80.952381,97.619048,16.666667,33.333333,59.523810,71.428571,92.857143,9.523810,30.952381,50.000000,76.190476,95.238095,11.904762,38.095238,59.523810,71.428571,83.333333,2.380952,19.047619,35.714286,85.714286,100.000000,4.761905,21.428571,38.095238,69.047619,92.857143,9.523810,30.952381,54.761905,80.952381,95.238095,2.380952,26.190476,47.619048,83.333333,100.000000,9.523810,30.952381,52.380952,76.190476,95.238095,11.904762,33.333333,59.523810,71.428571,90.476190,2.380952,19.047619,35.714286,85.714286,100.000000,2.380952,26.190476,28.571429,64.285714,100.000000,4.761905,23.809524,52.380952,76.190476,97.619048,40.476190,40.476190,40.476190,40.476190,40.476190,2.380952,28.571429,54.761905,85.714286,100.000000,4.761905,30.952381,42.857143,69.047619,92.857143,9.523810,14.285714,45.238095,73.809524,90.476190,9.523810,33.333333,54.761905,71.428571,95.238095,2.380952,26.190476,40.476190,73.809524,100.000000,4.761905,19.047619,52.380952,85.714286,97.619048
Negative_F837,0.222222,0.370370,0.407407,0.444444,0.222222,0.333333,0.407407,0.296296,0.296296,0.296296,0.370370,0.333333,0.111111,0.851852,0.037037,0.259259,0.444444,0.296296,0.407407,0.222222,0.370370,0.115385,0.153846,0.384615,0.192308,0.230769,0.192308,0.307692,0.230769,0.115385,0.307692,0.192308,0.230769,0.038462,0.000000,0.076923,0.115385,0.153846,0.269231,0.115385,0.346154,0.153846,3.703704,7.407407,11.111111,62.962963,74.074074,14.814815,29.629630,40.740741,66.666667,100.000000,22.222222,37.037037,70.370370,85.185185,96.296296,14.814815,29.629630,48.148148,88.888889,100.000000,22.222222,25.925926,37.037037,74.074074,81.481481,3.703704,11.111111,55.555556,70.370370,85.185185,22.222222,37.037037,70.370370,85.185185,96.296296,14.814815,18.518519,33.333333,66.666667,100.000000,3.703704,7.407407,44.444444,55.555556,74.074074,14.814815,18.518519,40.740741,66.666667,100.000000,22.222222,29.629630,51.851852,81.481481,96.296296,3.703704,11.111111,55.555556,70.370370,85.185185,3.703704,3.703704,7.407407,11.111111,11.111111,14.814815,33.333333,59.259259,81.481481,100.000000,48.148148,48.148148,48.148148,48.148148,48.148148,3.703704,7.407407,44.444444,59.259259,74.074074,22.222222,33.333333,70.370370,85.185185,96.296296,14.814815,18.518519,40.740741,62.962963,100.000000,18.518519,25.925926,70.370370,85.185185,96.296296,3.703704,7.407407,11.111111,62.962963,74.074074,14.814815,33.333333,44.444444,66.666667,100.000000
Negative_F846,0.365591,0.419355,0.215054,0.397849,0.290323,0.311828,0.268817,0.354839,0.376344,0.344086,0.344086,0.311828,0.161290,0.741935,0.096774,0.354839,0.247312,0.397849,0.419355,0.365591,0.215054,0.326087,0.206522,0.152174,0.195652,0.282609,0.206522,0.163043,0.260870,0.271739,0.250000,0.250000,0.239130,0.293478,0.032609,0.152174,0.195652,0.315217,0.184783,0.369565,0.163043,0.163043,1.075269,24.731183,46.236559,68.817204,98.924731,4.301075,31.182796,52.688172,81.720430,96.774194,2.150538,21.505376,47.311828,78.494624,100.000000,4.301075,24.731183,49.462366,76.344086,96.774194,1.075269,21.505376,47.311828,75.268817,94.623656,2.150538,29.032258,56.989247,73.118280,100.000000,2.150538,25.806452,47.311828,78.494624,100.000000,4.301075,35.483871,52.688172,81.720430,96.774194,1.075269,24.731183,48.387097,68.817204,98.924731,4.301075,22.580645,43.010753,74.193548,96.774194,1.075269,21.505376,49.462366,75.268817,94.623656,2.150538,29.032258,56.989247,73.118280,100.000000,3.225806,18.279570,48.387097,73.118280,98.924731,2.150538,30.107527,52.688172,78.494624,100.000000,1.075269,22.580645,32.258065,61.290323,77.419355,1.075269,26.881720,51.612903,67.741935,98.924731,2.150538,23.655914,47.311828,78.494624,100.000000,4.301075,32.258065,50.537634,81.720430,96.774194,2.150538,30.107527,59.139785,83.870968,100.000000,1.075269,24.731183,46.236559,68.817204,98.924731,5.376344,20.430108,41.935484,66.666667,90.322581
Negative_F856,0.116883,0.675325,0.207792,0.688312,0.194805,0.116883,0.220779,0.649351,0.129870,0.649351,0.233766,0.116883,0.025974,0.922078,0.051948,0.246753,0.233766,0.519481,0.506494,0.116883,0.376623,0.131579,0.039474,0.328947,0.276316,0.171053,0.065789,0.315789,0.052632,0.144737,0.355263,0.171053,0.065789,0.039474,0.013158,0.078947,0.157895,0.236842,0.184211,0.157895,0.368421,0.013158,1.298701,5.194805,10.389610,45.454545,83.116883,2.597403,32.467532,57.142857,81.818182,100.000000,11.688312,19.480519,35.064935,58.441558,77.922078,1.298701,29.870130,57.142857,81.818182,100.000000,3.896104,11.688312,25.974026,58.441558,76.623377,24.675325,40.259740,48.051948,63.636364,83.116883,11.688312,24.675325,40.259740,58.441558,77.922078,2.597403,32.467532,59.740260,84.415584,100.000000,1.298701,5.194805,10.389610,48.051948,83.116883,1.298701,29.870130,55.844156,84.415584,100.000000,3.896104,12.987013,28.571429,61.038961,76.623377,24.675325,40.259740,48.051948,63.636364,83.116883,45.454545,45.454545,45.454545,83.116883,83.116883,2.597403,27.272727,53.246753,76.623377,100.000000,1.298701,1.298701,5.194805,10.389610,44.155844,7.792208,14.285714,45.454545,72.727273,94.805195,12.987013,25.974026,41.558442,57.142857,85.714286,1.298701,28.571429,62.337662,81.818182,100.000000,2.597403,20.779221,38.961039,71.428571,98.701299,1.298701,5.194805,10.389610,45.454545,83.116883,18.181818,49.350649,63.636364,85.714286,100.000000
Negative_F857,0.016667,0.783333,0.200000,0.783333,0.216667,0.000000,0.200000,0.783333,0.016667,0.733333,0.266667,0.000000,0.000000,1.000000,0.000000,0.283333,0.216667,0.500000,0.716667,0.016667,0.266667,0.033898,0.000000,0.305085,0.338983,0.000000,0.000000,0.305085,0.000000,0.033898,0.372881,0.000000,0.000000,0.000000,0.000000,0.000000,0.067797,0.338983,0.203390,0.033898,0.355932,0.000000,15.000000,15.000000,15.000000,15.000000,15.000000,1.666667,21.666667,55.000000,81.666667,100.000000,26.666667,33.333333,50.000000,58.333333,78.333333,1.666667,21.666667,55.000000,81.666667,100.000000,15.000000,33.333333,50.000000,58.333333,78.333333,0.000000,0.000000,0.000000,0.000000,0.000000,26.666667,33.333333,50.000000,58.333333,78.333333,1.666667,21.666667,55.000000,81.666667,100.000000,15.000000,15.000000,15.000000,15.000000,15.000000,1.666667,21.666667,56.666667,81.666667,100.000000,6.666667,28.333333,45.000000,53.333333,78.333333,0.000000,0.000000,0.000000,0.000000,0.000000,0.000000,0.000000,0.000000,0.000000,0.000000,1.666667,25.000000,50.000000,75.000000,100.000000,0.000000,0.000000,0.000000,0.000000,0.000000,5.000000,18.333333,31.666667,56.666667,93.333333,10.000000,38.333333,53.333333,68.333333,78.333333,1.666667,36.666667,60.000000,85.000000,100.000000,1.666667,25.000000,46.666667,70.000000,98.333333,15.000000,15.000000,15.000000,15.000000,15.000000,6.666667,40.000000,68.333333,85.000000,100.000000
Negative_F862,0.187500,0.375000,0.437500,0.375000,0.375000,0.250000,0.437500,0.312500,0.250000,0.375000,0.375000,0.250000,0.125000,0.812500,0.062500,0.500000,0.250000,0.250000,0.687500,0.187500,0.125000,0.200000,0.200000,0.400000,0.333333,0.266667,0.133333,0.333333,0.266667,0.133333,0.333333,0.266667,0.133333,0.266667,0.000000,0.133333,0.200000,0.266667,0.200000,0.266667,0.133333,0.133333,25.000000,25.000000,43.750000,93.750000,93.750000,6.250000,37.500000,50.000000,81.250000,87.500000,12.500000,18.750000,56.250000,75.000000,100.000000,6.250000,25.000000,37.500000,81.250000,87.500000,12.500000,18.750000,56.250000,75.000000,100.000000,31.250000,31.250000,43.750000,50.000000,93.750000,12.500000,18.750000,56.250000,75.000000,100.000000,6.250000,37.500000,68.750000,81.250000,87.500000,25.000000,25.000000,43.750000,50.000000,93.750000,6.250000,25.000000,37.500000,81.250000,87.500000,12.500000,18.750000,56.250000,75.000000,100.000000,31.250000,31.250000,43.750000,50.000000,93.750000,43.750000,43.750000,43.750000,93.750000,93.750000,6.250000,31.250000,56.250000,75.000000,100.000000,25.000000,25.000000,25.000000,25.000000,25.000000,12.500000,18.750000,43.750000,81.250000,100.000000,31.250000,31.250000,56.250000,62.500000,75.000000,6.250000,6.250000,25.000000,68.750000,87.500000,6.250000,18.750000,56.250000,75.000000,100.000000,25.000000,25.000000,43.750000,93.750000,93.750000,50.000000,50.000000,50.000000,87.500000,87.500000
Negative_F867,0.047619,0.476190,0.476190,0.380952,0.428571,0.190476,0.476190,0.380952,0.142857,0.238095,0.571429,0.190476,0.047619,0.952381,0.000000,0.333333,0.285714,0.380952,0.619048,0.047619,0.333333,0.050000,0.050000,0.450000,0.300000,0.200000,0.200000,0.350000,0.150000,0.150000,0.300000,0.100000,0.300000,0.100000,0.000000,0.000000,0.200000,0.300000,0.200000,0.050000,0.300000,0.050000,38.095238,38.095238,38.095238,38.095238,38.095238,4.761905,33.333333,66.666667,90.476190,100.000000,9.523810,23.809524,42.857143,61.904762,80.952381,4.761905,19.047619,52.380952,90.476190,100.000000,9.523810,28.571429,47.619048,61.904762,80.952381,23.809524,23.809524,38.095238,71.428571,85.714286,9.523810,23.809524,42.857143,61.904762,80.952381,4.761905,19.047619,52.380952,90.476190,100.000000,38.095238,38.095238,71.428571,85.714286,85.714286,4.761905,19.047619,52.380952,66.666667,100.000000,9.523810,28.571429,47.619048,76.190476,95.238095,23.809524,23.809524,38.095238,71.428571,85.714286,38.095238,38.095238,38.095238,38.095238,38.095238,4.761905,23.809524,52.380952,76.190476,100.000000,0.000000,0.000000,0.000000,0.000000,0.000000,9.523810,14.285714,38.095238,76.190476,85.714286,23.809524,42.857143,47.619048,61.904762,80.952381,4.761905,19.047619,52.380952,90.476190,100.000000,4.761905,23.809524,47.619048,61.904762,80.952381,38.095238,38.095238,38.095238,38.095238,38.095238,19.047619,33.333333,85.714286,95.238095,100.000000
Negative_F882,0.187500,0.312500,0.500000,0.312500,0.625000,0.062500,0.500000,0.312500,0.187500,0.312500,0.625000,0.062500,0.062500,0.875000,0.062500,0.500000,0.250000,0.250000,0.687500,0.187500,0.125000,0.066667,0.200000,0.333333,0.400000,0.000000,0.133333,0.333333,0.200000,0.066667,0.400000,0.000000,0.133333,0.066667,0.066667,0.066667,0.200000,0.266667,0.133333,0.200000,0.200000,0.066667,18.750000,18.750000,25.000000,43.750000,43.750000,50.000000,56.250000,68.750000,87.500000,93.750000,6.250000,12.500000,37.500000,75.000000,100.000000,50.000000,56.250000,68.750000,87.500000,93.750000,6.250000,18.750000,37.500000,75.000000,100.000000,25.000000,25.000000,25.000000,25.000000,25.000000,6.250000,12.500000,37.500000,75.000000,100.000000,50.000000,56.250000,68.750000,87.500000,93.750000,18.750000,18.750000,25.000000,43.750000,43.750000,50.000000,56.250000,68.750000,87.500000,93.750000,6.250000,18.750000,37.500000,75.000000,100.000000,25.000000,25.000000,25.000000,25.000000,25.000000,25.000000,25.000000,25.000000,25.000000,25.000000,6.250000,37.500000,56.250000,81.250000,100.000000,18.750000,18.750000,18.750000,18.750000,18.750000,18.750000,25.000000,56.250000,75.000000,100.000000,6.250000,6.250000,12.500000,37.500000,50.000000,43.750000,43.750000,68.750000,87.500000,93.750000,6.250000,31.250000,62.500000,81.250000,100.000000,18.750000,18.750000,25.000000,43.750000,43.750000,50.000000,50.000000,50.000000,87.500000,87.500000
Negative_F933,0.255319,0.382979,0.361702,0.489362,0.234043,0.276596,0.404255,0.340426,0.255319,0.255319,0.468085,0.276596,0.148936,0.829787,0.021277,0.212766,0.425532,0.361702,0.510638,0.255319,0.234043,0.217391,0.152174,0.326087,0.304348,0.282609,0.108696,0.326087,0.152174,0.217391,0.282609,0.086957,0.304348,0.260870,0.000000,0.043478,0.086957,0.152174,0.347826,0.239130,0.239130,0.130435,2.127660,19.148936,31.914894,72.340426,97.872340,4.255319,34.042553,57.446809,80.851064,100.000000,6.382979,27.659574,46.808511,70.212766,95.744681,4.255319,23.404255,55.319149,82.978723,100.000000,2.127660,17.021277,36.170213,72.340426,78.723404,6.382979,29.787234,53.191489,61.702128,97.872340,6.382979,27.659574,48.936170,70.212766,95.744681,4.255319,21.276596,55.319149,80.851064,100.000000,2.127660,19.148936,31.914894,72.340426,97.872340,19.148936,34.042553,68.085106,82.978723,100.000000,2.127660,17.021277,38.297872,70.212766,87.234043,6.382979,29.787234,53.191489,61.702128,97.872340,12.765957,25.531915,51.063830,91.489362,97.872340,2.127660,27.659574,55.319149,76.595745,100.000000,19.148936,19.148936,19.148936,19.148936,19.148936,2.127660,25.531915,29.787234,89.361702,97.872340,6.382979,23.404255,48.936170,68.085106,95.744681,4.255319,31.914894,55.319149,76.595745,100.000000,6.382979,34.042553,48.936170,78.723404,95.744681,2.127660,19.148936,31.914894,72.340426,97.872340,4.255319,14.893617,55.319149,68.085106,100.000000
Negative_F952,0.381818,0.545455,0.072727,0.472727,0.236364,0.290909,0.181818,0.418182,0.400000,0.400000,0.309091,0.290909,0.145455,0.727273,0.127273,0.363636,0.163636,0.472727,0.327273,0.381818,0.290909,0.333333,0.074074,0.074074,0.240741,0.314815,0.129630,0.203704,0.129630,0.277778,0.203704,0.277778,0.166667,0.203704,0.055556,0.166667,0.092593,0.314815,0.203704,0.185185,0.222222,0.222222,1.818182,23.636364,67.272727,89.090909,100.000000,5.454545,32.727273,45.454545,61.818182,98.181818,14.545455,14.545455,18.181818,70.909091,78.181818,5.454545,32.727273,50.909091,69.090909,98.181818,3.636364,23.636364,70.909091,80.000000,96.363636,1.818182,20.000000,40.000000,63.636364,100.000000,14.545455,20.000000,34.545455,56.363636,78.181818,5.454545,32.727273,50.909091,65.454545,98.181818,1.818182,23.636364,67.272727,89.090909,100.000000,5.454545,36.363636,50.909091,65.454545,89.090909,3.636364,21.818182,69.090909,80.000000,98.181818,1.818182,20.000000,40.000000,63.636364,100.000000,1.818182,12.727273,47.272727,81.818182,100.000000,5.454545,30.909091,50.909091,70.909091,98.181818,3.636364,16.363636,27.272727,87.272727,89.090909,1.818182,16.363636,29.090909,80.000000,100.000000,18.181818,30.909091,40.000000,56.363636,78.181818,5.454545,38.181818,54.545455,76.363636,98.181818,18.181818,38.181818,50.909091,65.454545,78.181818,1.818182,23.636364,67.272727,89.090909,100.000000,5.454545,10.909091,34.545455,60.000000,98.181818
Negative_F963,0.255814,0.418605,0.325581,0.511628,0.162791,0.325581,0.325581,0.348837,0.325581,0.348837,0.325581,0.325581,0.186047,0.790698,0.023256,0.441860,0.325581,0.232558,0.534884,0.255814,0.209302,0.214286,0.190476,0.238095,0.166667,0.380952,0.119048,0.166667,0.261905,0.238095,0.214286,0.238095,0.261905,0.309524,0.000000,0.047619,0.309524,0.214286,0.119048,0.309524,0.285714,0.095238,9.302326,25.581395,67.441860,81.395349,100.000000,2.325581,32.558140,44.186047,72.093023,93.023256,6.976744,18.604651,46.511628,79.069767,95.348837,2.325581,23.255814,46.511628,74.418605,95.348837,11.627907,30.232558,58.139535,67.441860,88.372093,13.953488,25.581395,53.488372,81.395349,100.000000,6.976744,18.604651,46.511628,79.069767,95.348837,2.325581,23.255814,44.186047,72.093023,86.046512,9.302326,37.209302,62.790698,81.395349,100.000000,2.325581,16.279070,44.186047,72.093023,86.046512,6.976744,34.883721,55.813953,79.069767,95.348837,13.953488,25.581395,53.488372,81.395349,100.000000,20.930233,25.581395,69.767442,81.395349,100.000000,2.325581,27.906977,46.511628,72.093023,95.348837,9.302326,9.302326,9.302326,9.302326,9.302326,2.325581,39.534884,53.488372,76.744186,100.000000,4.651163,18.604651,32.558140,86.046512,95.348837,9.302326,23.255814,37.209302,72.093023,83.720930,2.325581,27.906977,51.162791,74.418605,95.348837,9.302326,25.581395,67.441860,81.395349,100.000000,4.651163,23.255814,34.883721,53.488372,93.023256
Negative_F973,0.333333,0.333333,0.333333,0.416667,0.250000,0.333333,0.388889,0.250000,0.361111,0.138889,0.527778,0.333333,0.250000,0.722222,0.027778,0.388889,0.388889,0.222222,0.416667,0.333333,0.250000,0.228571,0.228571,0.285714,0.228571,0.228571,0.257143,0.285714,0.285714,0.114286,0.200000,0.085714,0.400000,0.400000,0.028571,0.028571,0.257143,0.142857,0.257143,0.314286,0.257143,0.142857,2.777778,8.333333,38.888889,63.888889,100.000000,13.888889,25.000000,50.000000,61.111111,88.888889,11.111111,27.777778,66.666667,83.333333,97.222222,11.111111,22.222222,50.000000,69.444444,88.888889,2.777778,44.444444,63.888889,86.111111,97.222222,5.555556,19.444444,41.666667,72.222222,100.000000,11.111111,33.333333,66.666667,83.333333,97.222222,13.888889,25.000000,50.000000,58.333333,88.888889,2.777778,19.444444,41.666667,63.888889,100.000000,16.666667,25.000000,36.111111,52.777778,69.444444,2.777778,27.777778,58.333333,83.333333,97.222222,5.555556,19.444444,41.666667,72.222222,100.000000,5.555556,19.444444,38.888889,72.222222,100.000000,2.777778,27.777778,55.555556,77.777778,97.222222,44.444444,44.444444,44.444444,44.444444,44.444444,2.777778,19.444444,38.888889,55.555556,100.000000,11.111111,33.333333,66.666667,83.333333,97.222222,13.888889,16.666667,50.000000,63.888889,88.888889,11.111111,27.777778,66.666667,83.333333,97.222222,2.777778,8.333333,38.888889,63.888889,100.000000,13.888889,41.666667,52.777778,61.111111,88.888889
Negative_F979,0.176471,0.411765,0.411765,0.352941,0.470588,0.176471,0.470588,0.352941,0.176471,0.117647,0.705882,0.176471,0.058824,0.882353,0.058824,0.235294,0.411765,0.352941,0.529412,0.176471,0.294118,0.187500,0.062500,0.375000,0.312500,0.187500,0.125000,0.375000,0.125000,0.125000,0.187500,0.062500,0.250000,0.125000,0.000000,0.125000,0.187500,0.187500,0.312500,0.125000,0.437500,0.125000,11.764706,11.764706,17.647059,58.823529,58.823529,5.882353,23.529412,47.058824,70.588235,82.352941,29.411765,35.294118,76.470588,94.117647,100.000000,23.529412,41.176471,47.058824,70.588235,82.352941,11.764706,17.647059,35.294118,88.235294,100.000000,5.882353,5.882353,58.823529,76.470588,76.470588,5.882353,29.411765,52.941176,88.235294,100.000000,23.529412,41.176471,47.058824,70.588235,82.352941,11.764706,11.764706,17.647059,58.823529,58.823529,41.176471,41.176471,41.176471,64.705882,64.705882,11.764706,23.529412,47.058824,82.352941,100.000000,5.882353,5.882353,58.823529,76.470588,76.470588,58.823529,58.823529,58.823529,58.823529,58.823529,5.882353,29.411765,52.941176,82.352941,100.000000,17.647059,17.647059,17.647059,17.647059,17.647059,11.764706,11.764706,17.647059,35.294118,58.823529,5.882353,29.411765,76.470588,94.117647,100.000000,23.529412,41.176471,47.058824,70.588235,82.352941,29.411765,41.176471,64.705882,88.235294,100.000000,11.764706,11.764706,17.647059,58.823529,58.823529,5.882353,23.529412,47.058824,70.588235,82.352941
Negative_F982,0.280000,0.360000,0.360000,0.400000,0.400000,0.200000,0.360000,0.320000,0.320000,0.400000,0.400000,0.200000,0.160000,0.720000,0.120000,0.560000,0.160000,0.280000,0.600000,0.280000,0.120000,0.166667,0.250000,0.208333,0.375000,0.250000,0.166667,0.208333,0.250000,0.250000,0.375000,0.250000,0.166667,0.250000,0.083333,0.166667,0.083333,0.416667,0.125000,0.333333,0.166667,0.083333,16.000000,28.000000,48.000000,92.000000,96.000000,4.000000,36.000000,60.000000,68.000000,88.000000,8.000000,20.000000,52.000000,72.000000,100.000000,4.000000,32.000000,40.000000,68.000000,88.000000,8.000000,20.000000,52.000000,84.000000,100.000000,28.000000,44.000000,64.000000,80.000000,96.000000,8.000000,20.000000,52.000000,72.000000,100.000000,4.000000,32.000000,40.000000,68.000000,88.000000,16.000000,28.000000,48.000000,80.000000,96.000000,4.000000,32.000000,40.000000,68.000000,88.000000,8.000000,20.000000,52.000000,84.000000,100.000000,28.000000,44.000000,64.000000,80.000000,96.000000,28.000000,28.000000,44.000000,80.000000,96.000000,4.000000,24.000000,52.000000,72.000000,100.000000,16.000000,16.000000,48.000000,92.000000,92.000000,24.000000,44.000000,60.000000,80.000000,96.000000,8.000000,8.000000,12.000000,20.000000,100.000000,4.000000,16.000000,40.000000,76.000000,88.000000,4.000000,20.000000,40.000000,68.000000,100.000000,16.000000,28.000000,48.000000,92.000000,96.000000,64.000000,64.000000,76.000000,88.000000,88.000000
Negative_F986,0.344828,0.482759,0.172414,0.310345,0.206897,0.482759,0.172414,0.241379,0.586207,0.310345,0.206897,0.482759,0.172414,0.724138,0.103448,0.586207,0.137931,0.275862,0.344828,0.344828,0.310345,0.392857,0.000000,0.142857,0.107143,0.428571,0.107143,0.000000,0.142857,0.392857,0.107143,0.428571,0.107143,0.250000,0.071429,0.142857,0.142857,0.464286,0.000000,0.214286,0.250000,0.178571,3.448276,10.344828,20.689655,37.931034,86.206897,13.793103,41.379310,68.965517,89.655172,100.000000,48.275862,55.172414,58.620690,62.068966,65.517241,13.793103,27.586207,41.379310,82.758621,100.000000,6.896552,10.344828,58.620690,65.517241,86.206897,3.448276,31.034483,48.275862,72.413793,96.551724,48.275862,55.172414,58.620690,62.068966,65.517241,13.793103,34.482759,79.310345,89.655172,100.000000,3.448276,20.689655,37.931034,72.413793,96.551724,13.793103,27.586207,41.379310,82.758621,100.000000,6.896552,10.344828,58.620690,65.517241,86.206897,3.448276,31.034483,48.275862,72.413793,96.551724,3.448276,17.241379,31.034483,37.931034,75.862069,6.896552,44.827586,62.068966,82.758621,100.000000,10.344828,10.344828,20.689655,27.586207,27.586207,3.448276,24.137931,51.724138,75.862069,96.551724,48.275862,48.275862,58.620690,62.068966,65.517241,13.793103,20.689655,34.482759,79.310345,100.000000,13.793103,48.275862,62.068966,82.758621,100.000000,3.448276,10.344828,20.689655,37.931034,86.206897,24.137931,44.827586,55.172414,72.413793,96.551724
Negative_F995,0.326087,0.304348,0.369565,0.391304,0.326087,0.282609,0.369565,0.304348,0.326087,0.347826,0.369565,0.282609,0.195652,0.717391,0.086957,0.347826,0.347826,0.304348,0.608696,0.326087,0.065217,0.200000,0.333333,0.222222,0.244444,0.288889,0.244444,0.222222,0.333333,0.200000,0.244444,0.266667,0.266667,0.377778,0.022222,0.155556,0.288889,0.288889,0.266667,0.466667,0.066667,0.066667,10.869565,28.260870,52.173913,78.260870,97.826087,2.173913,17.391304,41.304348,73.913043,95.652174,4.347826,30.434783,56.521739,76.086957,100.000000,2.173913,21.739130,58.695652,82.608696,100.000000,4.347826,30.434783,54.347826,76.086957,97.826087,6.521739,19.565217,36.956522,60.869565,93.478261,4.347826,30.434783,56.521739,76.086957,100.000000,2.173913,17.391304,41.304348,73.913043,95.652174,10.869565,28.260870,52.173913,78.260870,97.826087,2.173913,17.391304,50.000000,73.913043,95.652174,4.347826,34.782609,56.521739,80.434783,100.000000,6.521739,19.565217,36.956522,60.869565,93.478261,10.869565,26.086957,43.478261,69.565217,93.478261,2.173913,23.913043,47.826087,73.913043,100.000000,54.347826,54.347826,63.043478,78.260870,97.826087,10.869565,26.086957,43.478261,69.565217,97.826087,4.347826,23.913043,56.521739,76.086957,100.000000,2.173913,17.391304,45.652174,73.913043,95.652174,2.173913,21.739130,47.826087,76.086957,100.000000,10.869565,28.260870,52.173913,78.260870,97.826087,8.695652,8.695652,60.869565,71.739130,71.739130
Negative_F998,0.166667,0.333333,0.500000,0.416667,0.333333,0.250000,0.500000,0.333333,0.166667,0.250000,0.500000,0.250000,0.166667,0.833333,0.000000,0.416667,0.458333,0.125000,0.666667,0.166667,0.166667,0.086957,0.173913,0.347826,0.304348,0.173913,0.217391,0.347826,0.173913,0.086957,0.347826,0.086957,0.304348,0.260870,0.000000,0.000000,0.391304,0.130435,0.130435,0.217391,0.217391,0.043478,29.166667,29.166667,45.833333,91.666667,95.833333,12.500000,16.666667,41.666667,62.500000,87.500000,4.166667,20.833333,50.000000,70.833333,100.000000,12.500000,37.500000,58.333333,79.166667,100.000000,8.333333,20.833333,33.333333,54.166667,83.333333,4.166667,29.166667,45.833333,91.666667,95.833333,4.166667,20.833333,50.000000,70.833333,100.000000,12.500000,16.666667,41.666667,62.500000,87.500000,29.166667,29.166667,45.833333,91.666667,95.833333,16.666667,37.500000,41.666667,79.166667,87.500000,8.333333,20.833333,50.000000,66.666667,100.000000,4.166667,29.166667,45.833333,91.666667,95.833333,29.166667,29.166667,45.833333,91.666667,95.833333,4.166667,20.833333,50.000000,70.833333,100.000000,0.000000,0.000000,0.000000,0.000000,0.000000,8.333333,25.000000,37.500000,79.166667,95.833333,4.166667,33.333333,62.500000,75.000000,100.000000,12.500000,12.500000,58.333333,87.500000,87.500000,4.166667,20.833333,41.666667,70.833333,100.000000,29.166667,29.166667,45.833333,91.666667,95.833333,12.500000,12.500000,58.333333,62.500000,87.500000
Negative_F1000,0.366667,0.333333,0.300000,0.433333,0.333333,0.233333,0.300000,0.333333,0.366667,0.366667,0.400000,0.233333,0.233333,0.666667,0.100000,0.666667,0.233333,0.100000,0.566667,0.366667,0.066667,0.241379,0.310345,0.206897,0.241379,0.241379,0.172414,0.206897,0.310345,0.241379,0.241379,0.206897,0.206897,0.344828,0.068966,0.137931,0.310345,0.172414,0.000000,0.482759,0.068966,0.068966,13.333333,26.666667,66.666667,83.333333,93.333333,3.333333,20.000000,33.333333,50.000000,96.666667,10.000000,46.666667,60.000000,80.000000,100.000000,3.333333,20.000000,36.666667,73.333333,100.000000,10.000000,46.666667,56.666667,76.666667,90.000000,13.333333,26.666667,66.666667,83.333333,93.333333,10.000000,46.666667,60.000000,80.000000,100.000000,3.333333,20.000000,33.333333,50.000000,96.666667,13.333333,26.666667,66.666667,83.333333,93.333333,3.333333,16.666667,33.333333,50.000000,96.666667,10.000000,46.666667,60.000000,80.000000,100.000000,13.333333,26.666667,66.666667,83.333333,93.333333,13.333333,26.666667,66.666667,83.333333,93.333333,3.333333,23.333333,46.666667,73.333333,100.000000,16.666667,16.666667,56.666667,90.000000,90.000000,6.666667,26.666667,56.666667,73.333333,93.333333,10.000000,43.333333,53.333333,96.666667,100.000000,3.333333,3.333333,16.666667,30.000000,30.000000,3.333333,23.333333,46.666667,63.333333,100.000000,13.333333,26.666667,66.666667,83.333333,93.333333,43.333333,43.333333,43.333333,96.666667,96.666667
Negative_F1003,0.242424,0.393939,0.363636,0.515152,0.242424,0.242424,0.363636,0.393939,0.242424,0.454545,0.303030,0.242424,0.151515,0.787879,0.060606,0.393939,0.303030,0.303030,0.545455,0.242424,0.212121,0.218750,0.156250,0.437500,0.375000,0.312500,0.125000,0.437500,0.156250,0.218750,0.437500,0.281250,0.156250,0.281250,0.031250,0.093750,0.312500,0.250000,0.281250,0.250000,0.250000,0.125000,12.121212,21.212121,45.454545,84.848485,93.939394,3.030303,36.363636,54.545455,69.696970,96.969697,6.060606,18.181818,39.393939,75.757576,100.000000,3.030303,36.363636,60.606061,78.787879,100.000000,9.090909,24.242424,39.393939,66.666667,87.878788,6.060606,18.181818,30.303030,57.575758,93.939394,6.060606,18.181818,39.393939,75.757576,100.000000,3.030303,36.363636,54.545455,69.696970,96.969697,12.121212,21.212121,45.454545,84.848485,93.939394,3.030303,27.272727,54.545455,72.727273,96.969697,9.090909,33.333333,51.515152,81.818182,100.000000,6.060606,18.181818,30.303030,57.575758,93.939394,21.212121,45.454545,57.575758,84.848485,93.939394,3.030303,27.272727,48.484848,72.727273,100.000000,12.121212,12.121212,12.121212,90.909091,90.909091,9.090909,30.303030,57.575758,75.757576,93.939394,6.060606,33.333333,51.515152,81.818182,100.000000,3.030303,15.151515,36.363636,69.696970,96.969697,3.030303,27.272727,42.424242,75.757576,100.000000,12.121212,21.212121,45.454545,84.848485,93.939394,15.151515,30.303030,60.606061,72.727273,96.969697
Negative_F1016,0.100000,0.500000,0.400000,0.450000,0.350000,0.200000,0.400000,0.450000,0.150000,0.400000,0.400000,0.200000,0.050000,0.950000,0.000000,0.500000,0.300000,0.200000,0.750000,0.100000,0.150000,0.052632,0.052632,0.473684,0.421053,0.105263,0.157895,0.421053,0.105263,0.105263,0.368421,0.052632,0.210526,0.105263,0.000000,0.000000,0.263158,0.315789,0.105263,0.105263,0.210526,0.000000,85.000000,85.000000,85.000000,90.000000,90.000000,15.000000,30.000000,40.000000,70.000000,95.000000,5.000000,10.000000,45.000000,65.000000,100.000000,15.000000,30.000000,40.000000,70.000000,95.000000,25.000000,45.000000,65.000000,90.000000,100.000000,5.000000,5.000000,10.000000,55.000000,85.000000,5.000000,10.000000,45.000000,65.000000,100.000000,15.000000,30.000000,40.000000,70.000000,95.000000,55.000000,55.000000,85.000000,90.000000,90.000000,15.000000,20.000000,35.000000,70.000000,95.000000,25.000000,45.000000,60.000000,80.000000,100.000000,5.000000,5.000000,10.000000,55.000000,85.000000,85.000000,85.000000,85.000000,85.000000,85.000000,5.000000,25.000000,50.000000,75.000000,100.000000,0.000000,0.000000,0.000000,0.000000,0.000000,20.000000,35.000000,45.000000,85.000000,100.000000,5.000000,10.000000,25.000000,65.000000,80.000000,15.000000,15.000000,50.000000,70.000000,90.000000,5.000000,20.000000,40.000000,75.000000,100.000000,85.000000,85.000000,85.000000,90.000000,90.000000,50.000000,50.000000,55.000000,70.000000,70.000000
Negative_F1021,0.217391,0.434783,0.347826,0.434783,0.347826,0.217391,0.347826,0.391304,0.260870,0.434783,0.347826,0.217391,0.130435,0.826087,0.043478,0.478261,0.217391,0.304348,0.695652,0.217391,0.086957,0.136364,0.181818,0.363636,0.409091,0.181818,0.181818,0.318182,0.227273,0.181818,0.409091,0.181818,0.181818,0.227273,0.045455,0.045455,0.272727,0.363636,0.090909,0.318182,0.181818,0.000000,13.043478,17.391304,30.434783,65.217391,100.000000,4.347826,39.130435,52.173913,82.608696,95.652174,8.695652,21.739130,43.478261,60.869565,91.304348,4.347826,34.782609,47.826087,78.260870,95.652174,8.695652,21.739130,56.521739,73.913043,100.000000,13.043478,26.086957,30.434783,65.217391,86.956522,8.695652,21.739130,43.478261,60.869565,91.304348,4.347826,39.130435,52.173913,78.260870,95.652174,13.043478,17.391304,30.434783,86.956522,100.000000,4.347826,34.782609,47.826087,78.260870,95.652174,8.695652,21.739130,56.521739,73.913043,100.000000,13.043478,26.086957,30.434783,65.217391,86.956522,13.043478,13.043478,30.434783,65.217391,65.217391,4.347826,34.782609,56.521739,82.608696,100.000000,17.391304,17.391304,17.391304,17.391304,17.391304,8.695652,30.434783,56.521739,82.608696,95.652174,21.739130,26.086957,60.869565,73.913043,91.304348,4.347826,17.391304,47.826087,69.565217,100.000000,4.347826,26.086957,47.826087,73.913043,95.652174,13.043478,17.391304,30.434783,65.217391,100.000000,52.173913,52.173913,52.173913,86.956522,86.956522
Negative_F1037,0.384615,0.365385,0.250000,0.384615,0.288462,0.326923,0.307692,0.288462,0.403846,0.307692,0.365385,0.326923,0.153846,0.788462,0.057692,0.384615,0.307692,0.307692,0.346154,0.384615,0.269231,0.235294,0.235294,0.274510,0.196078,0.313725,0.235294,0.274510,0.274510,0.196078,0.274510,0.274510,0.274510,0.235294,0.078431,0.039216,0.196078,0.313725,0.196078,0.254902,0.215686,0.215686,3.846154,17.307692,55.769231,73.076923,96.153846,1.923077,28.846154,53.846154,86.538462,100.000000,9.615385,26.923077,40.384615,57.692308,90.384615,7.692308,30.769231,51.923077,80.769231,98.076923,5.769231,17.307692,50.000000,76.923077,96.153846,1.923077,23.076923,48.076923,69.230769,100.000000,1.923077,21.153846,40.384615,59.615385,100.000000,7.692308,28.846154,51.923077,86.538462,98.076923,3.846154,23.076923,55.769231,73.076923,96.153846,7.692308,28.846154,51.923077,75.000000,98.076923,5.769231,21.153846,50.000000,78.846154,96.153846,1.923077,23.076923,48.076923,69.230769,100.000000,3.846154,23.076923,48.076923,73.076923,88.461538,1.923077,25.000000,46.153846,76.923077,100.000000,67.307692,67.307692,71.153846,75.000000,75.000000,3.846154,21.153846,50.000000,69.230769,96.153846,1.923077,30.769231,42.307692,63.461538,100.000000,7.692308,19.230769,67.307692,82.692308,98.076923,15.384615,28.846154,40.384615,63.461538,98.076923,3.846154,17.307692,55.769231,73.076923,96.153846,1.923077,25.000000,53.846154,86.538462,100.000000
Negative_F1052,0.328125,0.375000,0.296875,0.390625,0.296875,0.312500,0.359375,0.281250,0.359375,0.234375,0.453125,0.312500,0.140625,0.796875,0.062500,0.359375,0.359375,0.281250,0.375000,0.328125,0.296875,0.253968,0.190476,0.253968,0.285714,0.317460,0.158730,0.222222,0.253968,0.222222,0.253968,0.174603,0.301587,0.238095,0.015873,0.079365,0.301587,0.206349,0.206349,0.285714,0.269841,0.158730,3.125000,25.000000,46.875000,78.125000,96.875000,1.562500,26.562500,48.437500,73.437500,100.000000,9.375000,23.437500,54.687500,70.312500,98.437500,1.562500,23.437500,45.312500,71.875000,100.000000,4.687500,35.937500,59.375000,76.562500,98.437500,3.125000,25.000000,43.750000,84.375000,96.875000,9.375000,29.687500,53.125000,70.312500,98.437500,1.562500,20.312500,39.062500,73.437500,100.000000,3.125000,25.000000,51.562500,79.687500,96.875000,1.562500,20.312500,48.437500,73.437500,85.937500,4.687500,26.562500,54.687500,75.000000,100.000000,3.125000,25.000000,43.750000,84.375000,96.875000,3.125000,25.000000,32.812500,65.625000,96.875000,1.562500,23.437500,51.562500,73.437500,100.000000,35.937500,35.937500,76.562500,78.125000,89.062500,3.125000,25.000000,46.875000,70.312500,96.875000,7.812500,40.625000,53.125000,75.000000,98.437500,1.562500,17.187500,34.375000,79.687500,100.000000,1.562500,21.875000,45.312500,67.187500,98.437500,3.125000,25.000000,46.875000,78.125000,96.875000,6.250000,28.125000,60.937500,85.937500,100.000000
Negative_F1053,0.320755,0.207547,0.471698,0.264151,0.358491,0.377358,0.509434,0.132075,0.358491,0.132075,0.490566,0.377358,0.169811,0.754717,0.075472,0.396226,0.452830,0.150943,0.509434,0.320755,0.169811,0.096154,0.269231,0.230769,0.115385,0.173077,0.384615,0.115385,0.346154,0.096154,0.096154,0.076923,0.480769,0.192308,0.057692,0.096154,0.326923,0.115385,0.173077,0.269231,0.173077,0.096154,5.660377,28.301887,49.056604,81.132075,100.000000,1.886792,18.867925,35.849057,66.037736,90.566038,3.773585,30.188679,60.377358,77.358491,98.113208,1.886792,24.528302,45.283019,67.924528,90.566038,3.773585,16.981132,54.716981,81.132075,98.113208,7.547170,26.415094,49.056604,71.698113,100.000000,3.773585,24.528302,56.603774,77.358491,98.113208,1.886792,22.641509,47.169811,67.924528,90.566038,5.660377,28.301887,49.056604,81.132075,100.000000,1.886792,20.754717,33.962264,66.037736,67.924528,3.773585,30.188679,54.716981,79.245283,98.113208,7.547170,26.415094,49.056604,71.698113,100.000000,13.207547,32.075472,49.056604,83.018868,100.000000,1.886792,22.641509,47.169811,71.698113,98.113208,20.754717,20.754717,52.830189,81.132075,86.792453,7.547170,32.075472,52.830189,83.018868,100.000000,3.773585,22.641509,54.716981,71.698113,98.113208,1.886792,5.660377,33.962264,47.169811,90.566038,1.886792,30.188679,56.603774,75.471698,98.113208,5.660377,28.301887,49.056604,81.132075,100.000000,7.547170,18.867925,35.849057,67.924528,90.566038
Negative_F1054,0.325000,0.375000,0.300000,0.525000,0.175000,0.300000,0.300000,0.325000,0.375000,0.375000,0.325000,0.300000,0.200000,0.725000,0.075000,0.425000,0.275000,0.300000,0.500000,0.325000,0.175000,0.256410,0.205128,0.230769,0.230769,0.384615,0.128205,0.205128,0.230769,0.333333,0.230769,0.307692,0.205128,0.307692,0.051282,0.102564,0.230769,0.256410,0.153846,0.333333,0.230769,0.128205,12.500000,40.000000,60.000000,75.000000,87.500000,2.500000,17.500000,35.000000,65.000000,95.000000,7.500000,30.000000,47.500000,82.500000,100.000000,2.500000,17.500000,47.500000,77.500000,100.000000,27.500000,32.500000,67.500000,80.000000,97.500000,15.000000,25.000000,45.000000,70.000000,87.500000,7.500000,30.000000,47.500000,82.500000,100.000000,2.500000,17.500000,42.500000,65.000000,95.000000,12.500000,25.000000,52.500000,75.000000,87.500000,2.500000,12.500000,42.500000,65.000000,95.000000,7.500000,32.500000,67.500000,82.500000,100.000000,15.000000,25.000000,45.000000,70.000000,87.500000,15.000000,40.000000,60.000000,75.000000,87.500000,2.500000,25.000000,47.500000,77.500000,100.000000,12.500000,12.500000,32.500000,52.500000,52.500000,2.500000,20.000000,50.000000,75.000000,97.500000,7.500000,30.000000,47.500000,90.000000,100.000000,10.000000,22.500000,52.500000,62.500000,95.000000,2.500000,22.500000,47.500000,77.500000,100.000000,12.500000,40.000000,60.000000,75.000000,87.500000,10.000000,20.000000,35.000000,55.000000,90.000000
Negative_F1074,0.345679,0.234568,0.419753,0.345679,0.444444,0.209877,0.444444,0.185185,0.370370,0.222222,0.567901,0.209877,0.111111,0.740741,0.148148,0.481481,0.320988,0.197531,0.493827,0.345679,0.160494,0.150000,0.300000,0.237500,0.375000,0.150000,0.175000,0.162500,0.350000,0.150000,0.250000,0.087500,0.237500,0.187500,0.012500,0.237500,0.362500,0.250000,0.125000,0.350000,0.175000,0.100000,4.938272,23.456790,39.506173,62.962963,88.888889,1.234568,22.222222,59.259259,87.654321,97.530864,7.407407,32.098765,55.555556,75.308642,100.000000,1.234568,14.814815,46.913580,77.777778,100.000000,4.938272,20.987654,50.617284,71.604938,98.765432,18.518519,32.098765,54.320988,79.012346,95.061728,7.407407,32.098765,56.790123,75.308642,100.000000,1.234568,22.222222,51.851852,87.654321,97.530864,4.938272,23.456790,39.506173,64.197531,95.061728,1.234568,14.814815,30.864198,77.777778,97.530864,4.938272,28.395062,53.086420,74.074074,100.000000,18.518519,32.098765,54.320988,79.012346,95.061728,23.456790,38.271605,54.320988,62.962963,88.888889,1.234568,24.691358,55.555556,79.012346,100.000000,6.172840,13.580247,29.629630,45.679012,77.777778,1.234568,23.456790,44.444444,66.666667,98.765432,8.641975,32.098765,58.024691,79.012346,100.000000,2.469136,14.814815,51.851852,77.777778,97.530864,1.234568,20.987654,55.555556,76.543210,100.000000,4.938272,23.456790,39.506173,62.962963,88.888889,18.518519,25.925926,59.259259,79.012346,95.061728
Negative_F1082,0.163636,0.527273,0.309091,0.654545,0.181818,0.163636,0.309091,0.509091,0.181818,0.472727,0.363636,0.163636,0.054545,0.909091,0.036364,0.418182,0.254545,0.327273,0.636364,0.163636,0.200000,0.203704,0.111111,0.203704,0.111111,0.222222,0.092593,0.185185,0.129630,0.222222,0.240741,0.129630,0.185185,0.092593,0.000000,0.074074,0.259259,0.277778,0.129630,0.259259,0.277778,0.055556,12.727273,34.545455,47.272727,56.363636,100.000000,14.545455,29.090909,58.181818,74.545455,98.181818,1.818182,9.090909,52.727273,81.818182,96.363636,14.545455,29.090909,54.545455,74.545455,98.181818,1.818182,5.454545,12.727273,89.090909,92.727273,7.272727,30.909091,52.727273,70.909091,100.000000,1.818182,9.090909,52.727273,81.818182,96.363636,14.545455,27.272727,49.090909,72.727273,98.181818,12.727273,34.545455,47.272727,83.636364,100.000000,14.545455,27.272727,45.454545,74.545455,98.181818,1.818182,12.727273,50.909091,81.818182,96.363636,7.272727,30.909091,52.727273,70.909091,100.000000,43.636364,43.636364,56.363636,100.000000,100.000000,1.818182,23.636364,50.909091,76.363636,98.181818,25.454545,25.454545,25.454545,34.545455,34.545455,3.636364,16.363636,43.636364,74.545455,100.000000,1.818182,30.909091,52.727273,70.909091,96.363636,18.181818,29.090909,50.909091,78.181818,92.727273,1.818182,20.000000,52.727273,78.181818,98.181818,12.727273,34.545455,47.272727,56.363636,100.000000,18.181818,29.090909,65.454545,76.363636,83.636364
Negative_F1090,0.395349,0.395349,0.209302,0.360465,0.325581,0.313953,0.244186,0.244186,0.511628,0.325581,0.360465,0.313953,0.151163,0.639535,0.209302,0.616279,0.162791,0.220930,0.337209,0.395349,0.267442,0.294118,0.164706,0.188235,0.188235,0.294118,0.258824,0.141176,0.235294,0.188235,0.200000,0.282353,0.270588,0.200000,0.105882,0.258824,0.223529,0.305882,0.082353,0.270588,0.223529,0.188235,1.162791,23.255814,40.697674,70.930233,91.860465,2.325581,19.767442,54.651163,75.581395,100.000000,18.604651,39.534884,56.976744,89.534884,98.837209,1.162791,33.720930,53.488372,73.255814,96.511628,13.953488,24.418605,47.674419,80.232558,98.837209,2.325581,15.116279,46.511628,74.418605,100.000000,18.604651,39.534884,56.976744,89.534884,98.837209,8.139535,44.186047,61.627907,77.906977,96.511628,1.162791,13.953488,34.883721,66.279070,100.000000,1.162791,31.395349,51.162791,73.255814,96.511628,13.953488,26.744186,48.837209,80.232558,98.837209,2.325581,15.116279,46.511628,74.418605,100.000000,23.255814,30.232558,52.325581,70.930233,86.046512,2.325581,32.558140,56.976744,80.232558,100.000000,1.162791,13.953488,26.744186,53.488372,91.860465,2.325581,23.255814,52.325581,79.069767,100.000000,19.767442,32.558140,44.186047,81.395349,97.674419,1.162791,11.627907,51.162791,65.116279,91.860465,8.139535,43.023256,60.465116,82.558140,98.837209,1.162791,23.255814,40.697674,70.930233,91.860465,2.325581,12.790698,44.186047,75.581395,100.000000
Negative_F1106,0.200000,0.466667,0.333333,0.433333,0.333333,0.233333,0.333333,0.400000,0.266667,0.400000,0.366667,0.233333,0.100000,0.900000,0.000000,0.333333,0.300000,0.366667,0.600000,0.200000,0.200000,0.275862,0.068966,0.448276,0.448276,0.206897,0.137931,0.379310,0.137931,0.275862,0.448276,0.206897,0.137931,0.137931,0.000000,0.000000,0.172414,0.344828,0.241379,0.241379,0.275862,0.103448,16.666667,30.000000,40.000000,53.333333,73.333333,3.333333,26.666667,56.666667,76.666667,96.666667,6.666667,23.333333,46.666667,83.333333,100.000000,3.333333,36.666667,66.666667,83.333333,96.666667,23.333333,33.333333,46.666667,80.000000,100.000000,6.666667,10.000000,26.666667,53.333333,63.333333,6.666667,23.333333,46.666667,83.333333,100.000000,3.333333,20.000000,56.666667,76.666667,96.666667,16.666667,26.666667,40.000000,53.333333,73.333333,3.333333,20.000000,56.666667,76.666667,96.666667,23.333333,33.333333,60.000000,83.333333,100.000000,6.666667,10.000000,26.666667,53.333333,63.333333,16.666667,16.666667,50.000000,53.333333,53.333333,3.333333,26.666667,56.666667,80.000000,100.000000,0.000000,0.000000,0.000000,0.000000,0.000000,16.666667,43.333333,53.333333,73.333333,100.000000,6.666667,20.000000,33.333333,60.000000,83.333333,3.333333,30.000000,56.666667,86.666667,96.666667,6.666667,36.666667,60.000000,83.333333,100.000000,16.666667,30.000000,40.000000,53.333333,73.333333,3.333333,13.333333,20.000000,63.333333,86.666667
Negative_F1108,0.280899,0.415730,0.303371,0.494382,0.168539,0.337079,0.359551,0.303371,0.337079,0.247191,0.415730,0.337079,0.168539,0.752809,0.078652,0.314607,0.382022,0.303371,0.393258,0.280899,0.325843,0.204545,0.193182,0.261364,0.147727,0.329545,0.125000,0.215909,0.227273,0.170455,0.215909,0.147727,0.306818,0.284091,0.022727,0.113636,0.261364,0.204545,0.159091,0.250000,0.227273,0.147727,1.123596,19.101124,51.685393,75.280899,97.752809,3.370787,30.337079,48.314607,68.539326,100.000000,2.247191,25.842697,55.056180,82.022472,98.876404,3.370787,28.089888,49.438202,70.786517,95.505618,2.247191,20.224719,39.325843,87.640449,97.752809,1.123596,24.719101,51.685393,79.775281,100.000000,2.247191,24.719101,50.561798,82.022472,100.000000,3.370787,30.337079,48.314607,61.797753,95.505618,1.123596,19.101124,51.685393,77.528090,97.752809,7.865169,31.460674,53.932584,71.910112,95.505618,2.247191,23.595506,43.820225,74.157303,97.752809,1.123596,24.719101,51.685393,79.775281,100.000000,1.123596,16.853933,51.685393,77.528090,94.382022,2.247191,25.842697,48.314607,74.157303,100.000000,10.112360,17.977528,71.910112,84.269663,97.752809,1.123596,21.348315,51.685393,77.528090,97.752809,2.247191,32.584270,55.056180,83.146067,100.000000,3.370787,20.224719,43.820225,61.797753,84.269663,2.247191,25.842697,50.561798,80.898876,98.876404,1.123596,19.101124,51.685393,75.280899,97.752809,3.370787,33.707865,49.438202,68.539326,100.000000
Negative_F1109,0.214286,0.142857,0.642857,0.285714,0.357143,0.357143,0.642857,0.142857,0.214286,0.071429,0.571429,0.357143,0.142857,0.857143,0.000000,0.500000,0.357143,0.142857,0.642857,0.214286,0.142857,0.153846,0.307692,0.153846,0.153846,0.384615,0.307692,0.153846,0.307692,0.153846,0.076923,0.076923,0.615385,0.307692,0.000000,0.000000,0.538462,0.230769,0.076923,0.461538,0.307692,0.000000,64.285714,64.285714,78.571429,92.857143,92.857143,35.714286,35.714286,35.714286,85.714286,85.714286,7.142857,21.428571,42.857143,57.142857,100.000000,35.714286,35.714286,57.142857,85.714286,100.000000,14.285714,21.428571,42.857143,71.428571,78.571429,7.142857,28.571429,50.000000,64.285714,92.857143,7.142857,21.428571,42.857143,57.142857,100.000000,35.714286,35.714286,35.714286,85.714286,85.714286,64.285714,64.285714,78.571429,92.857143,92.857143,85.714286,85.714286,85.714286,85.714286,85.714286,14.285714,21.428571,42.857143,71.428571,100.000000,7.142857,28.571429,50.000000,64.285714,92.857143,64.285714,64.285714,64.285714,92.857143,92.857143,7.142857,21.428571,42.857143,71.428571,100.000000,0.000000,0.000000,0.000000,0.000000,0.000000,14.285714,21.428571,50.000000,78.571429,92.857143,7.142857,28.571429,57.142857,71.428571,100.000000,35.714286,35.714286,35.714286,85.714286,85.714286,7.142857,21.428571,42.857143,71.428571,100.000000,64.285714,64.285714,78.571429,92.857143,92.857143,35.714286,35.714286,35.714286,50.000000,50.000000
Negative_F1131,0.281250,0.468750,0.250000,0.479167,0.291667,0.229167,0.302083,0.395833,0.302083,0.406250,0.364583,0.229167,0.093750,0.833333,0.072917,0.333333,0.343750,0.322917,0.458333,0.281250,0.260417,0.210526,0.200000,0.189474,0.210526,0.178947,0.115789,0.200000,0.231579,0.200000,0.294737,0.157895,0.136842,0.178947,0.010526,0.126316,0.242105,0.178947,0.168421,0.294737,0.178947,0.115789,1.041667,31.250000,54.166667,75.000000,98.958333,2.083333,23.958333,50.000000,76.041667,93.750000,11.458333,25.000000,47.916667,65.625000,100.000000,1.041667,26.041667,46.875000,71.875000,93.750000,11.458333,22.916667,47.916667,62.500000,100.000000,5.208333,34.375000,60.416667,89.583333,98.958333,10.416667,30.208333,55.208333,77.083333,100.000000,2.083333,26.041667,46.875000,71.875000,93.750000,1.041667,20.833333,51.041667,73.958333,98.958333,1.041667,27.083333,52.083333,78.125000,93.750000,3.125000,19.791667,42.708333,65.625000,100.000000,5.208333,34.375000,60.416667,89.583333,98.958333,8.333333,35.416667,68.750000,79.166667,98.958333,2.083333,25.000000,48.958333,72.916667,100.000000,1.041667,18.750000,56.250000,78.125000,85.416667,2.083333,26.041667,53.125000,75.000000,98.958333,10.416667,33.333333,57.291667,76.041667,100.000000,1.041667,17.708333,42.708333,72.916667,96.875000,2.083333,26.041667,46.875000,65.625000,100.000000,1.041667,31.250000,54.166667,75.000000,98.958333,3.125000,17.708333,60.416667,83.333333,93.750000
Negative_F1153,0.090909,0.500000,0.409091,0.590909,0.363636,0.045455,0.409091,0.500000,0.090909,0.409091,0.545455,0.045455,0.000000,1.000000,0.000000,0.272727,0.545455,0.181818,0.590909,0.090909,0.318182,0.095238,0.095238,0.142857,0.380952,0.000000,0.095238,0.142857,0.095238,0.095238,0.428571,0.000000,0.095238,0.000000,0.000000,0.000000,0.333333,0.095238,0.190476,0.190476,0.285714,0.000000,45.454545,45.454545,45.454545,63.636364,63.636364,4.545455,13.636364,27.272727,68.181818,77.272727,36.363636,54.545455,81.818182,90.909091,100.000000,4.545455,18.181818,31.818182,72.727273,100.000000,36.363636,45.454545,59.090909,81.818182,95.454545,50.000000,50.000000,50.000000,50.000000,50.000000,36.363636,54.545455,81.818182,90.909091,100.000000,4.545455,13.636364,27.272727,68.181818,77.272727,45.454545,45.454545,45.454545,63.636364,63.636364,4.545455,18.181818,31.818182,68.181818,77.272727,13.636364,36.363636,59.090909,86.363636,100.000000,50.000000,50.000000,50.000000,50.000000,50.000000,0.000000,0.000000,0.000000,0.000000,0.000000,4.545455,27.272727,50.000000,77.272727,100.000000,0.000000,0.000000,0.000000,0.000000,0.000000,4.545455,18.181818,40.909091,63.636364,90.909091,9.090909,31.818182,54.545455,81.818182,100.000000,13.636364,13.636364,27.272727,68.181818,72.727273,4.545455,40.909091,59.090909,86.363636,100.000000,45.454545,45.454545,45.454545,63.636364,63.636364,9.090909,13.636364,27.272727,72.727273,77.272727
Negative_F1154,0.541667,0.000000,0.458333,0.000000,0.333333,0.666667,0.458333,0.000000,0.541667,0.000000,0.333333,0.666667,0.541667,0.458333,0.000000,0.541667,0.458333,0.000000,0.458333,0.541667,0.000000,0.000000,0.521739,0.000000,0.000000,0.000000,0.521739,0.000000,0.521739,0.000000,0.000000,0.000000,0.521739,0.521739,0.000000,0.000000,0.521739,0.000000,0.000000,0.521739,0.000000,0.000000,4.166667,25.000000,50.000000,79.166667,100.000000,0.000000,0.000000,0.000000,0.000000,0.000000,12.500000,29.166667,58.333333,75.000000,91.666667,0.000000,0.000000,0.000000,0.000000,0.000000,16.666667,29.166667,58.333333,70.833333,91.666667,4.166667,20.833333,41.666667,79.166667,100.000000,12.500000,29.166667,58.333333,75.000000,91.666667,0.000000,0.000000,0.000000,0.000000,0.000000,4.166667,25.000000,50.000000,79.166667,100.000000,0.000000,0.000000,0.000000,0.000000,0.000000,16.666667,29.166667,58.333333,70.833333,91.666667,4.166667,20.833333,41.666667,79.166667,100.000000,4.166667,25.000000,50.000000,79.166667,100.000000,12.500000,29.166667,58.333333,75.000000,91.666667,0.000000,0.000000,0.000000,0.000000,0.000000,4.166667,25.000000,50.000000,79.166667,100.000000,12.500000,29.166667,58.333333,75.000000,91.666667,0.000000,0.000000,0.000000,0.000000,0.000000,12.500000,29.166667,58.333333,75.000000,91.666667,4.166667,25.000000,50.000000,79.166667,100.000000,0.000000,0.000000,0.000000,0.000000,0.000000
Negative_F1166,0.219512,0.512195,0.268293,0.463415,0.219512,0.317073,0.341463,0.365854,0.292683,0.292683,0.390244,0.317073,0.097561,0.878049,0.024390,0.341463,0.341463,0.317073,0.341463,0.219512,0.439024,0.200000,0.150000,0.225000,0.225000,0.350000,0.125000,0.250000,0.225000,0.225000,0.150000,0.225000,0.250000,0.150000,0.000000,0.050000,0.325000,0.300000,0.275000,0.175000,0.325000,0.175000,14.634146,43.902439,53.658537,73.170732,97.560976,4.878049,31.707317,51.219512,78.048780,100.000000,2.439024,12.195122,41.463415,68.292683,95.121951,4.878049,29.268293,58.536585,80.487805,100.000000,9.756098,43.902439,53.658537,90.243902,97.560976,2.439024,19.512195,39.024390,70.731707,85.365854,2.439024,17.073171,41.463415,68.292683,95.121951,4.878049,24.390244,58.536585,82.926829,100.000000,14.634146,31.707317,48.780488,73.170732,97.560976,4.878049,24.390244,58.536585,75.609756,100.000000,7.317073,29.268293,53.658537,80.487805,97.560976,2.439024,19.512195,39.024390,70.731707,85.365854,14.634146,14.634146,26.829268,70.731707,73.170732,2.439024,24.390244,48.780488,78.048780,100.000000,53.658537,53.658537,53.658537,53.658537,53.658537,2.439024,19.512195,36.585366,70.731707,90.243902,4.878049,24.390244,51.219512,68.292683,95.121951,7.317073,34.146341,63.414634,87.804878,100.000000,9.756098,21.951220,41.463415,68.292683,95.121951,14.634146,43.902439,53.658537,73.170732,97.560976,2.439024,24.390244,48.780488,82.926829,100.000000
Negative_F1167,0.071429,0.571429,0.357143,0.714286,0.142857,0.142857,0.357143,0.571429,0.071429,0.571429,0.285714,0.142857,0.071429,0.928571,0.000000,0.071429,0.642857,0.285714,0.357143,0.071429,0.571429,0.000000,0.076923,0.461538,0.153846,0.153846,0.000000,0.461538,0.076923,0.000000,0.384615,0.076923,0.076923,0.076923,0.000000,0.000000,0.076923,0.000000,0.153846,0.076923,0.461538,0.000000,7.142857,7.142857,7.142857,7.142857,7.142857,21.428571,35.714286,64.285714,78.571429,92.857143,14.285714,28.571429,50.000000,57.142857,100.000000,14.285714,28.571429,42.857143,78.571429,92.857143,50.000000,50.000000,50.000000,57.142857,57.142857,7.142857,7.142857,7.142857,100.000000,100.000000,14.285714,28.571429,50.000000,57.142857,100.000000,21.428571,35.714286,64.285714,78.571429,92.857143,7.142857,7.142857,7.142857,7.142857,7.142857,21.428571,35.714286,64.285714,78.571429,92.857143,14.285714,14.285714,28.571429,50.000000,57.142857,7.142857,7.142857,7.142857,100.000000,100.000000,7.142857,7.142857,7.142857,7.142857,7.142857,14.285714,35.714286,57.142857,78.571429,100.000000,0.000000,0.000000,0.000000,0.000000,0.000000,7.142857,7.142857,7.142857,7.142857,7.142857,14.285714,28.571429,42.857143,57.142857,100.000000,64.285714,64.285714,71.428571,78.571429,85.714286,14.285714,28.571429,50.000000,57.142857,100.000000,7.142857,7.142857,7.142857,7.142857,7.142857,21.428571,35.714286,64.285714,78.571429,92.857143
Negative_F1172,0.131148,0.524590,0.344262,0.524590,0.311475,0.163934,0.344262,0.491803,0.163934,0.475410,0.360656,0.163934,0.065574,0.901639,0.032787,0.508197,0.262295,0.229508,0.737705,0.131148,0.131148,0.166667,0.100000,0.366667,0.333333,0.166667,0.083333,0.350000,0.116667,0.116667,0.383333,0.150000,0.100000,0.133333,0.000000,0.066667,0.300000,0.216667,0.116667,0.183333,0.183333,0.083333,4.918033,14.754098,37.704918,83.606557,90.163934,6.557377,29.508197,57.377049,77.049180,98.360656,1.639344,24.590164,44.262295,60.655738,100.000000,4.918033,27.868852,55.737705,75.409836,98.360656,1.639344,24.590164,39.344262,63.934426,86.885246,6.557377,16.393443,60.655738,85.245902,100.000000,1.639344,24.590164,44.262295,60.655738,100.000000,9.836066,32.786885,57.377049,77.049180,98.360656,4.918033,14.754098,37.704918,85.245902,90.163934,4.918033,29.508197,59.016393,77.049180,98.360656,1.639344,24.590164,39.344262,57.377049,86.885246,6.557377,16.393443,60.655738,85.245902,100.000000,14.754098,14.754098,65.573770,83.606557,90.163934,1.639344,27.868852,50.819672,75.409836,100.000000,4.918033,4.918033,4.918033,21.311475,21.311475,1.639344,29.508197,65.573770,85.245902,98.360656,3.278689,22.950820,44.262295,63.934426,100.000000,4.918033,21.311475,37.704918,57.377049,88.524590,1.639344,29.508197,50.819672,75.409836,100.000000,4.918033,14.754098,37.704918,83.606557,90.163934,6.557377,13.114754,42.622951,57.377049,85.245902
Negative_F1213,0.281250,0.312500,0.406250,0.406250,0.312500,0.281250,0.406250,0.281250,0.312500,0.343750,0.375000,0.281250,0.156250,0.750000,0.093750,0.500000,0.281250,0.218750,0.562500,0.281250,0.156250,0.161290,0.290323,0.387097,0.290323,0.290323,0.096774,0.322581,0.354839,0.161290,0.322581,0.225806,0.161290,0.290323,0.032258,0.161290,0.290323,0.225806,0.193548,0.387097,0.129032,0.064516,12.500000,34.375000,50.000000,75.000000,87.500000,3.125000,25.000000,37.500000,62.500000,96.875000,6.250000,28.125000,59.375000,78.125000,100.000000,3.125000,25.000000,43.750000,84.375000,100.000000,6.250000,28.125000,53.125000,71.875000,78.125000,18.750000,34.375000,62.500000,81.250000,90.625000,6.250000,28.125000,59.375000,78.125000,100.000000,3.125000,25.000000,37.500000,56.250000,96.875000,12.500000,34.375000,50.000000,75.000000,87.500000,3.125000,15.625000,37.500000,56.250000,96.875000,6.250000,28.125000,59.375000,75.000000,100.000000,18.750000,34.375000,62.500000,81.250000,90.625000,21.875000,34.375000,46.875000,81.250000,87.500000,3.125000,25.000000,53.125000,75.000000,100.000000,12.500000,12.500000,50.000000,71.875000,71.875000,9.375000,34.375000,56.250000,71.875000,90.625000,6.250000,18.750000,40.625000,84.375000,100.000000,3.125000,12.500000,37.500000,75.000000,96.875000,3.125000,25.000000,40.625000,68.750000,100.000000,12.500000,34.375000,50.000000,75.000000,87.500000,15.625000,62.500000,65.625000,90.625000,93.750000
Negative_F1217,0.263158,0.473684,0.263158,0.526316,0.210526,0.263158,0.263158,0.473684,0.263158,0.421053,0.315789,0.263158,0.105263,0.842105,0.052632,0.210526,0.368421,0.421053,0.473684,0.263158,0.263158,0.277778,0.222222,0.222222,0.111111,0.277778,0.166667,0.222222,0.222222,0.277778,0.333333,0.277778,0.166667,0.222222,0.000000,0.111111,0.222222,0.111111,0.444444,0.333333,0.166667,0.166667,31.578947,47.368421,57.894737,78.947368,100.000000,5.263158,15.789474,36.842105,52.631579,89.473684,26.315789,63.157895,68.421053,84.210526,94.736842,5.263158,15.789474,36.842105,52.631579,89.473684,31.578947,31.578947,63.157895,68.421053,100.000000,26.315789,57.894737,78.947368,84.210526,94.736842,26.315789,63.157895,68.421053,84.210526,94.736842,5.263158,15.789474,36.842105,52.631579,89.473684,31.578947,47.368421,57.894737,78.947368,100.000000,5.263158,10.526316,36.842105,52.631579,89.473684,15.789474,31.578947,42.105263,68.421053,100.000000,26.315789,57.894737,78.947368,84.210526,94.736842,57.894737,57.894737,57.894737,78.947368,78.947368,5.263158,21.052632,42.105263,73.684211,100.000000,47.368421,47.368421,47.368421,47.368421,47.368421,31.578947,31.578947,52.631579,57.894737,78.947368,10.526316,26.315789,63.157895,84.210526,94.736842,5.263158,15.789474,42.105263,73.684211,100.000000,5.263158,26.315789,63.157895,84.210526,94.736842,31.578947,47.368421,57.894737,78.947368,100.000000,10.526316,15.789474,36.842105,42.105263,73.684211
Negative_F1219,0.153846,0.230769,0.615385,0.230769,0.615385,0.153846,0.615385,0.230769,0.153846,0.153846,0.692308,0.153846,0.076923,0.923077,0.000000,0.461538,0.307692,0.230769,0.692308,0.153846,0.153846,0.166667,0.166667,0.333333,0.416667,0.083333,0.166667,0.333333,0.166667,0.166667,0.250000,0.083333,0.166667,0.166667,0.000000,0.000000,0.083333,0.333333,0.166667,0.250000,0.250000,0.083333,53.846154,53.846154,53.846154,84.615385,84.615385,23.076923,23.076923,46.153846,76.923077,76.923077,7.692308,15.384615,38.461538,69.230769,100.000000,23.076923,23.076923,46.153846,76.923077,76.923077,15.384615,30.769231,53.846154,69.230769,100.000000,7.692308,7.692308,7.692308,84.615385,84.615385,7.692308,15.384615,38.461538,69.230769,100.000000,23.076923,23.076923,46.153846,76.923077,76.923077,53.846154,53.846154,53.846154,84.615385,84.615385,46.153846,46.153846,46.153846,76.923077,76.923077,15.384615,30.769231,53.846154,69.230769,100.000000,7.692308,7.692308,7.692308,84.615385,84.615385,84.615385,84.615385,84.615385,84.615385,84.615385,7.692308,23.076923,46.153846,69.230769,100.000000,0.000000,0.000000,0.000000,0.000000,0.000000,15.384615,61.538462,69.230769,92.307692,100.000000,7.692308,7.692308,30.769231,38.461538,46.153846,23.076923,23.076923,53.846154,76.923077,76.923077,7.692308,30.769231,61.538462,76.923077,100.000000,53.846154,53.846154,53.846154,84.615385,84.615385,23.076923,23.076923,23.076923,46.153846,46.153846
Negative_F1221,0.250000,0.450000,0.300000,0.350000,0.400000,0.250000,0.350000,0.350000,0.300000,0.250000,0.500000,0.250000,0.100000,0.850000,0.050000,0.300000,0.300000,0.400000,0.450000,0.250000,0.300000,0.210526,0.210526,0.105263,0.157895,0.157895,0.263158,0.052632,0.263158,0.263158,0.210526,0.157895,0.263158,0.157895,0.052632,0.052632,0.210526,0.210526,0.105263,0.263158,0.210526,0.157895,15.000000,35.000000,40.000000,70.000000,85.000000,5.000000,30.000000,60.000000,90.000000,100.000000,20.000000,25.000000,45.000000,75.000000,80.000000,5.000000,10.000000,65.000000,95.000000,100.000000,15.000000,20.000000,40.000000,70.000000,80.000000,30.000000,35.000000,45.000000,60.000000,85.000000,20.000000,25.000000,45.000000,75.000000,80.000000,5.000000,10.000000,65.000000,95.000000,100.000000,15.000000,35.000000,40.000000,70.000000,85.000000,5.000000,10.000000,55.000000,65.000000,90.000000,15.000000,25.000000,50.000000,80.000000,100.000000,30.000000,35.000000,45.000000,60.000000,85.000000,35.000000,35.000000,35.000000,85.000000,85.000000,5.000000,25.000000,55.000000,75.000000,100.000000,40.000000,40.000000,40.000000,40.000000,40.000000,15.000000,20.000000,35.000000,60.000000,85.000000,25.000000,30.000000,45.000000,75.000000,80.000000,5.000000,10.000000,65.000000,90.000000,100.000000,5.000000,25.000000,50.000000,75.000000,90.000000,15.000000,35.000000,40.000000,70.000000,85.000000,10.000000,30.000000,60.000000,95.000000,100.000000
Negative_F1222,0.185185,0.555556,0.259259,0.481481,0.296296,0.222222,0.296296,0.481481,0.222222,0.481481,0.296296,0.222222,0.148148,0.814815,0.037037,0.592593,0.185185,0.222222,0.666667,0.185185,0.148148,0.153846,0.153846,0.307692,0.230769,0.192308,0.230769,0.269231,0.192308,0.153846,0.230769,0.192308,0.230769,0.269231,0.038462,0.038462,0.230769,0.192308,0.076923,0.269231,0.153846,0.038462,18.518519,40.740741,55.555556,70.370370,74.074074,3.703704,29.629630,59.259259,85.185185,100.000000,7.407407,22.222222,37.037037,77.777778,96.296296,3.703704,29.629630,48.148148,66.666667,88.888889,7.407407,22.222222,37.037037,74.074074,96.296296,18.518519,40.740741,55.555556,92.592593,100.000000,7.407407,22.222222,37.037037,77.777778,96.296296,3.703704,29.629630,48.148148,66.666667,88.888889,18.518519,40.740741,55.555556,74.074074,100.000000,3.703704,29.629630,48.148148,66.666667,88.888889,7.407407,22.222222,37.037037,74.074074,96.296296,18.518519,40.740741,55.555556,92.592593,100.000000,18.518519,18.518519,40.740741,55.555556,70.370370,3.703704,25.925926,48.148148,81.481481,100.000000,74.074074,74.074074,74.074074,74.074074,74.074074,18.518519,40.740741,62.962963,77.777778,100.000000,7.407407,22.222222,44.444444,88.888889,92.592593,3.703704,11.111111,14.814815,33.333333,59.259259,3.703704,22.222222,37.037037,66.666667,96.296296,18.518519,40.740741,55.555556,70.370370,74.074074,44.444444,44.444444,88.888889,92.592593,100.000000
Negative_F1226,0.076923,0.384615,0.538462,0.384615,0.538462,0.076923,0.538462,0.384615,0.076923,0.384615,0.538462,0.076923,0.000000,1.000000,0.000000,0.307692,0.384615,0.307692,0.769231,0.076923,0.153846,0.083333,0.083333,0.416667,0.500000,0.000000,0.083333,0.416667,0.083333,0.083333,0.500000,0.000000,0.083333,0.000000,0.000000,0.000000,0.166667,0.250000,0.250000,0.083333,0.250000,0.083333,53.846154,53.846154,53.846154,53.846154,53.846154,23.076923,30.769231,61.538462,76.923077,84.615385,7.692308,15.384615,46.153846,92.307692,100.000000,23.076923,30.769231,61.538462,76.923077,84.615385,15.384615,38.461538,53.846154,92.307692,100.000000,7.692308,7.692308,7.692308,7.692308,7.692308,7.692308,15.384615,46.153846,92.307692,100.000000,23.076923,30.769231,61.538462,76.923077,84.615385,53.846154,53.846154,53.846154,53.846154,53.846154,23.076923,30.769231,61.538462,76.923077,84.615385,15.384615,38.461538,53.846154,92.307692,100.000000,7.692308,7.692308,7.692308,7.692308,7.692308,0.000000,0.000000,0.000000,0.000000,0.000000,7.692308,30.769231,53.846154,76.923077,100.000000,0.000000,0.000000,0.000000,0.000000,0.000000,15.384615,15.384615,46.153846,92.307692,100.000000,7.692308,38.461538,61.538462,69.230769,76.923077,23.076923,23.076923,30.769231,53.846154,84.615385,7.692308,23.076923,38.461538,84.615385,100.000000,53.846154,53.846154,53.846154,53.846154,53.846154,61.538462,61.538462,61.538462,76.923077,76.923077
Negative_F1227,0.250000,0.312500,0.437500,0.437500,0.125000,0.437500,0.437500,0.312500,0.250000,0.125000,0.437500,0.437500,0.250000,0.750000,0.000000,0.312500,0.375000,0.312500,0.500000,0.250000,0.250000,0.000000,0.266667,0.333333,0.133333,0.400000,0.133333,0.333333,0.266667,0.000000,0.133333,0.066667,0.466667,0.266667,0.000000,0.000000,0.133333,0.000000,0.333333,0.266667,0.333333,0.000000,68.750000,68.750000,75.000000,87.500000,93.750000,6.250000,18.750000,37.500000,43.750000,50.000000,12.500000,25.000000,56.250000,81.250000,100.000000,6.250000,18.750000,43.750000,62.500000,100.000000,56.250000,56.250000,56.250000,81.250000,81.250000,12.500000,25.000000,68.750000,87.500000,93.750000,12.500000,25.000000,56.250000,81.250000,100.000000,6.250000,18.750000,37.500000,43.750000,50.000000,68.750000,68.750000,75.000000,87.500000,93.750000,6.250000,6.250000,6.250000,50.000000,50.000000,18.750000,37.500000,56.250000,81.250000,100.000000,12.500000,25.000000,68.750000,87.500000,93.750000,68.750000,68.750000,75.000000,87.500000,93.750000,6.250000,18.750000,37.500000,56.250000,100.000000,0.000000,0.000000,0.000000,0.000000,0.000000,68.750000,75.000000,81.250000,87.500000,93.750000,12.500000,25.000000,31.250000,62.500000,100.000000,6.250000,18.750000,37.500000,43.750000,50.000000,12.500000,25.000000,50.000000,62.500000,100.000000,68.750000,68.750000,75.000000,87.500000,93.750000,6.250000,6.250000,18.750000,37.500000,43.750000
Negative_F1228,0.187500,0.312500,0.500000,0.375000,0.125000,0.500000,0.500000,0.250000,0.250000,0.125000,0.375000,0.500000,0.187500,0.812500,0.000000,0.375000,0.375000,0.250000,0.437500,0.187500,0.375000,0.066667,0.200000,0.400000,0.066667,0.466667,0.200000,0.266667,0.333333,0.066667,0.066667,0.133333,0.533333,0.266667,0.000000,0.000000,0.400000,0.133333,0.200000,0.200000,0.533333,0.066667,68.750000,68.750000,87.500000,93.750000,93.750000,6.250000,18.750000,37.500000,43.750000,75.000000,12.500000,25.000000,50.000000,62.500000,100.000000,6.250000,37.500000,43.750000,75.000000,100.000000,25.000000,25.000000,25.000000,81.250000,81.250000,12.500000,18.750000,50.000000,68.750000,93.750000,12.500000,25.000000,50.000000,62.500000,100.000000,6.250000,6.250000,37.500000,43.750000,75.000000,18.750000,18.750000,68.750000,87.500000,93.750000,6.250000,6.250000,6.250000,75.000000,75.000000,25.000000,37.500000,43.750000,81.250000,100.000000,12.500000,18.750000,50.000000,68.750000,93.750000,68.750000,68.750000,87.500000,93.750000,93.750000,6.250000,25.000000,43.750000,62.500000,100.000000,0.000000,0.000000,0.000000,0.000000,0.000000,18.750000,56.250000,68.750000,87.500000,93.750000,12.500000,25.000000,31.250000,62.500000,100.000000,6.250000,6.250000,37.500000,43.750000,75.000000,12.500000,25.000000,50.000000,81.250000,100.000000,68.750000,68.750000,87.500000,93.750000,93.750000,6.250000,18.750000,37.500000,56.250000,75.000000
Negative_F1232,0.297872,0.446809,0.255319,0.489362,0.319149,0.191489,0.255319,0.446809,0.297872,0.468085,0.340426,0.191489,0.127660,0.829787,0.042553,0.382979,0.234043,0.382979,0.510638,0.297872,0.191489,0.217391,0.173913,0.260870,0.347826,0.130435,0.217391,0.260870,0.173913,0.217391,0.391304,0.130435,0.217391,0.239130,0.021739,0.065217,0.130435,0.347826,0.217391,0.282609,0.130435,0.108696,14.893617,31.914894,48.936170,68.085106,93.617021,2.127660,27.659574,57.446809,87.234043,100.000000,4.255319,12.765957,38.297872,70.212766,85.106383,2.127660,27.659574,57.446809,87.234043,100.000000,4.255319,19.148936,46.808511,72.340426,93.617021,6.382979,25.531915,48.936170,68.085106,78.723404,4.255319,12.765957,38.297872,70.212766,85.106383,2.127660,27.659574,57.446809,87.234043,100.000000,14.893617,31.914894,48.936170,68.085106,93.617021,2.127660,27.659574,55.319149,82.978723,100.000000,4.255319,19.148936,46.808511,72.340426,93.617021,6.382979,25.531915,48.936170,68.085106,78.723404,14.893617,25.531915,48.936170,68.085106,78.723404,2.127660,23.404255,51.063830,80.851064,100.000000,36.170213,36.170213,36.170213,76.595745,76.595745,14.893617,27.659574,53.191489,74.468085,97.872340,4.255319,12.765957,63.829787,80.851064,87.234043,2.127660,23.404255,40.425532,76.595745,100.000000,2.127660,21.276596,55.319149,72.340426,97.872340,14.893617,31.914894,48.936170,68.085106,93.617021,8.510638,23.404255,44.680851,89.361702,100.000000
Negative_F1244,0.142857,0.714286,0.142857,0.714286,0.071429,0.214286,0.214286,0.642857,0.142857,0.500000,0.285714,0.214286,0.000000,0.857143,0.142857,0.285714,0.142857,0.571429,0.285714,0.142857,0.571429,0.230769,0.076923,0.230769,0.076923,0.384615,0.076923,0.384615,0.076923,0.230769,0.230769,0.384615,0.076923,0.000000,0.000000,0.307692,0.076923,0.153846,0.230769,0.000000,0.538462,0.307692,64.285714,64.285714,64.285714,78.571429,78.571429,7.142857,21.428571,35.714286,71.428571,100.000000,57.142857,57.142857,57.142857,92.857143,92.857143,7.142857,21.428571,35.714286,78.571429,100.000000,64.285714,64.285714,64.285714,64.285714,64.285714,42.857143,42.857143,57.142857,92.857143,92.857143,42.857143,42.857143,57.142857,92.857143,92.857143,7.142857,21.428571,35.714286,71.428571,100.000000,64.285714,64.285714,64.285714,78.571429,78.571429,7.142857,35.714286,71.428571,85.714286,100.000000,14.285714,14.285714,21.428571,28.571429,64.285714,42.857143,42.857143,57.142857,92.857143,92.857143,0.000000,0.000000,0.000000,0.000000,0.000000,7.142857,21.428571,42.857143,71.428571,100.000000,64.285714,64.285714,64.285714,78.571429,78.571429,7.142857,7.142857,50.000000,57.142857,64.285714,42.857143,42.857143,42.857143,92.857143,92.857143,14.285714,21.428571,35.714286,78.571429,100.000000,7.142857,7.142857,35.714286,50.000000,92.857143,64.285714,64.285714,64.285714,78.571429,78.571429,14.285714,21.428571,42.857143,71.428571,100.000000
Negative_F1245,0.150000,0.550000,0.300000,0.550000,0.200000,0.250000,0.350000,0.500000,0.150000,0.350000,0.400000,0.250000,0.000000,0.900000,0.100000,0.250000,0.250000,0.500000,0.400000,0.150000,0.450000,0.210526,0.105263,0.368421,0.421053,0.263158,0.000000,0.368421,0.105263,0.210526,0.421053,0.210526,0.052632,0.000000,0.000000,0.210526,0.105263,0.315789,0.157895,0.105263,0.368421,0.210526,30.000000,30.000000,50.000000,95.000000,95.000000,10.000000,20.000000,40.000000,80.000000,100.000000,5.000000,45.000000,55.000000,70.000000,85.000000,10.000000,20.000000,40.000000,80.000000,100.000000,30.000000,30.000000,45.000000,85.000000,95.000000,5.000000,55.000000,65.000000,70.000000,75.000000,5.000000,45.000000,65.000000,75.000000,85.000000,10.000000,20.000000,35.000000,80.000000,100.000000,30.000000,30.000000,50.000000,95.000000,95.000000,25.000000,35.000000,50.000000,80.000000,90.000000,10.000000,15.000000,30.000000,85.000000,100.000000,5.000000,55.000000,65.000000,70.000000,75.000000,0.000000,0.000000,0.000000,0.000000,0.000000,5.000000,25.000000,55.000000,80.000000,100.000000,30.000000,30.000000,30.000000,50.000000,50.000000,30.000000,40.000000,55.000000,80.000000,85.000000,5.000000,45.000000,65.000000,70.000000,75.000000,10.000000,20.000000,35.000000,90.000000,100.000000,5.000000,25.000000,45.000000,70.000000,85.000000,30.000000,30.000000,50.000000,95.000000,95.000000,10.000000,20.000000,55.000000,75.000000,100.000000
Negative_F1249,0.176471,0.235294,0.588235,0.352941,0.470588,0.176471,0.588235,0.235294,0.176471,0.176471,0.647059,0.176471,0.176471,0.823529,0.000000,0.470588,0.411765,0.117647,0.705882,0.176471,0.117647,0.125000,0.125000,0.375000,0.375000,0.187500,0.062500,0.375000,0.125000,0.125000,0.250000,0.125000,0.125000,0.250000,0.000000,0.000000,0.375000,0.250000,0.000000,0.187500,0.187500,0.062500,47.058824,47.058824,88.235294,94.117647,94.117647,17.647059,17.647059,41.176471,70.588235,82.352941,5.882353,23.529412,35.294118,64.705882,100.000000,17.647059,41.176471,64.705882,82.352941,100.000000,5.882353,11.764706,29.411765,52.941176,76.470588,47.058824,47.058824,88.235294,94.117647,94.117647,5.882353,23.529412,35.294118,64.705882,100.000000,17.647059,17.647059,41.176471,70.588235,82.352941,47.058824,47.058824,88.235294,94.117647,94.117647,41.176471,41.176471,70.588235,82.352941,82.352941,5.882353,17.647059,35.294118,64.705882,100.000000,47.058824,47.058824,88.235294,94.117647,94.117647,47.058824,47.058824,88.235294,94.117647,94.117647,5.882353,23.529412,41.176471,70.588235,100.000000,0.000000,0.000000,0.000000,0.000000,0.000000,11.764706,23.529412,35.294118,70.588235,94.117647,5.882353,52.941176,64.705882,82.352941,100.000000,17.647059,17.647059,17.647059,41.176471,41.176471,5.882353,23.529412,41.176471,64.705882,100.000000,47.058824,47.058824,88.235294,94.117647,94.117647,17.647059,17.647059,17.647059,82.352941,82.352941
Negative_F1251,0.166667,0.400000,0.433333,0.566667,0.266667,0.166667,0.466667,0.366667,0.166667,0.300000,0.533333,0.166667,0.100000,0.866667,0.033333,0.166667,0.500000,0.333333,0.600000,0.166667,0.233333,0.172414,0.068966,0.482759,0.379310,0.137931,0.137931,0.448276,0.103448,0.137931,0.379310,0.068966,0.206897,0.206897,0.000000,0.068966,0.137931,0.206897,0.413793,0.103448,0.344828,0.137931,20.000000,76.666667,83.333333,96.666667,100.000000,3.333333,16.666667,50.000000,63.333333,93.333333,6.666667,30.000000,43.333333,66.666667,90.000000,3.333333,23.333333,50.000000,66.666667,90.000000,6.666667,20.000000,36.666667,60.000000,100.000000,33.333333,76.666667,83.333333,93.333333,96.666667,6.666667,30.000000,43.333333,73.333333,93.333333,3.333333,16.666667,50.000000,63.333333,80.000000,20.000000,76.666667,83.333333,96.666667,100.000000,3.333333,23.333333,53.333333,63.333333,80.000000,6.666667,20.000000,40.000000,66.666667,100.000000,33.333333,76.666667,83.333333,93.333333,96.666667,76.666667,76.666667,83.333333,96.666667,96.666667,3.333333,26.666667,46.666667,70.000000,100.000000,20.000000,20.000000,20.000000,20.000000,20.000000,20.000000,56.666667,76.666667,83.333333,96.666667,6.666667,30.000000,46.666667,73.333333,93.333333,3.333333,16.666667,40.000000,70.000000,100.000000,3.333333,26.666667,43.333333,63.333333,90.000000,20.000000,76.666667,83.333333,96.666667,100.000000,10.000000,23.333333,50.000000,80.000000,93.333333
Negative_F1267,0.368421,0.328947,0.302632,0.381579,0.342105,0.276316,0.315789,0.276316,0.407895,0.289474,0.434211,0.276316,0.157895,0.736842,0.105263,0.434211,0.302632,0.263158,0.460526,0.368421,0.171053,0.226667,0.253333,0.226667,0.280000,0.320000,0.173333,0.200000,0.293333,0.240000,0.213333,0.226667,0.266667,0.253333,0.040000,0.120000,0.306667,0.200000,0.186667,0.400000,0.146667,0.080000,5.263158,14.473684,40.789474,65.789474,94.736842,1.315789,39.473684,67.105263,84.210526,100.000000,2.631579,26.315789,48.684211,69.736842,97.368421,1.315789,43.421053,64.473684,82.894737,98.684211,3.947368,15.789474,27.631579,55.263158,97.368421,2.631579,31.578947,48.684211,81.578947,100.000000,2.631579,26.315789,48.684211,69.736842,100.000000,1.315789,35.526316,61.842105,80.263158,98.684211,5.263158,17.105263,44.736842,71.052632,94.736842,1.315789,32.894737,57.894737,76.315789,98.684211,3.947368,21.052632,47.368421,65.789474,97.368421,2.631579,31.578947,48.684211,81.578947,100.000000,9.210526,14.473684,40.789474,78.947368,94.736842,1.315789,28.947368,52.631579,75.000000,100.000000,6.578947,7.894737,18.421053,57.894737,77.631579,6.578947,27.631579,43.421053,71.052632,97.368421,2.631579,26.315789,56.578947,81.578947,100.000000,1.315789,23.684211,55.263158,76.315789,98.684211,1.315789,27.631579,46.052632,76.315789,97.368421,5.263158,14.473684,40.789474,65.789474,94.736842,31.578947,60.526316,73.684211,86.842105,100.000000
Negative_F1274,0.472222,0.250000,0.277778,0.305556,0.305556,0.388889,0.277778,0.250000,0.472222,0.250000,0.361111,0.388889,0.305556,0.611111,0.083333,0.500000,0.222222,0.277778,0.388889,0.472222,0.138889,0.228571,0.314286,0.200000,0.285714,0.142857,0.342857,0.200000,0.314286,0.228571,0.228571,0.085714,0.400000,0.428571,0.000000,0.114286,0.285714,0.257143,0.171429,0.428571,0.171429,0.114286,2.777778,27.777778,50.000000,69.444444,97.222222,8.333333,33.333333,44.444444,86.111111,100.000000,11.111111,22.222222,52.777778,77.777778,88.888889,8.333333,33.333333,47.222222,86.111111,100.000000,11.111111,22.222222,58.333333,77.777778,97.222222,2.777778,25.000000,38.888889,75.000000,94.444444,11.111111,22.222222,52.777778,77.777778,88.888889,8.333333,33.333333,44.444444,86.111111,100.000000,2.777778,27.777778,50.000000,69.444444,97.222222,8.333333,33.333333,44.444444,50.000000,100.000000,11.111111,41.666667,63.888889,86.111111,97.222222,2.777778,25.000000,38.888889,75.000000,94.444444,2.777778,25.000000,38.888889,75.000000,94.444444,8.333333,33.333333,58.333333,83.333333,100.000000,16.666667,16.666667,47.222222,50.000000,50.000000,2.777778,22.222222,33.333333,66.666667,97.222222,13.888889,36.111111,61.111111,77.777778,88.888889,8.333333,44.444444,50.000000,86.111111,100.000000,8.333333,22.222222,44.444444,77.777778,100.000000,2.777778,27.777778,50.000000,69.444444,97.222222,19.444444,36.111111,61.111111,86.111111,91.666667
Negative_F1278,0.366667,0.233333,0.400000,0.266667,0.266667,0.466667,0.400000,0.200000,0.400000,0.166667,0.366667,0.466667,0.300000,0.700000,0.000000,0.666667,0.233333,0.100000,0.500000,0.366667,0.133333,0.137931,0.344828,0.241379,0.068966,0.379310,0.344828,0.241379,0.344828,0.137931,0.068966,0.241379,0.482759,0.551724,0.000000,0.000000,0.344828,0.068966,0.103448,0.379310,0.172414,0.103448,10.000000,30.000000,50.000000,66.666667,90.000000,3.333333,16.666667,40.000000,93.333333,96.666667,6.666667,26.666667,56.666667,73.333333,100.000000,3.333333,13.333333,23.333333,40.000000,96.666667,6.666667,50.000000,60.000000,73.333333,90.000000,10.000000,30.000000,46.666667,80.000000,100.000000,6.666667,26.666667,56.666667,73.333333,100.000000,3.333333,16.666667,23.333333,76.666667,96.666667,10.000000,30.000000,50.000000,66.666667,93.333333,3.333333,23.333333,40.000000,76.666667,96.666667,6.666667,16.666667,56.666667,73.333333,90.000000,10.000000,30.000000,46.666667,80.000000,100.000000,10.000000,30.000000,46.666667,63.333333,86.666667,3.333333,26.666667,56.666667,80.000000,100.000000,0.000000,0.000000,0.000000,0.000000,0.000000,10.000000,40.000000,63.333333,80.000000,96.666667,6.666667,13.333333,33.333333,56.666667,100.000000,3.333333,3.333333,16.666667,23.333333,23.333333,3.333333,26.666667,56.666667,76.666667,100.000000,10.000000,30.000000,50.000000,66.666667,90.000000,16.666667,16.666667,23.333333,80.000000,93.333333
Negative_F1323,0.242424,0.454545,0.303030,0.545455,0.272727,0.181818,0.303030,0.454545,0.242424,0.484848,0.333333,0.181818,0.151515,0.787879,0.060606,0.515152,0.272727,0.212121,0.545455,0.242424,0.212121,0.281250,0.156250,0.312500,0.312500,0.250000,0.125000,0.312500,0.156250,0.281250,0.375000,0.218750,0.156250,0.281250,0.031250,0.093750,0.281250,0.218750,0.187500,0.312500,0.250000,0.125000,12.121212,21.212121,33.333333,57.575758,93.939394,3.030303,36.363636,54.545455,75.757576,96.969697,6.060606,18.181818,51.515152,81.818182,100.000000,3.030303,36.363636,54.545455,78.787879,100.000000,6.060606,18.181818,51.515152,63.636364,87.878788,21.212121,27.272727,33.333333,84.848485,93.939394,6.060606,18.181818,51.515152,81.818182,100.000000,3.030303,36.363636,54.545455,75.757576,96.969697,12.121212,21.212121,33.333333,57.575758,93.939394,3.030303,30.303030,48.484848,72.727273,96.969697,6.060606,18.181818,57.575758,81.818182,100.000000,21.212121,27.272727,33.333333,84.848485,93.939394,21.212121,33.333333,45.454545,84.848485,93.939394,3.030303,30.303030,54.545455,75.757576,100.000000,12.121212,12.121212,12.121212,24.242424,24.242424,9.090909,33.333333,54.545455,75.757576,93.939394,6.060606,27.272727,51.515152,81.818182,100.000000,3.030303,12.121212,48.484848,69.696970,78.787879,3.030303,27.272727,48.484848,75.757576,100.000000,12.121212,21.212121,33.333333,57.575758,93.939394,15.151515,36.363636,69.696970,78.787879,96.969697
Negative_F1325,0.214286,0.285714,0.500000,0.285714,0.428571,0.285714,0.500000,0.285714,0.214286,0.142857,0.571429,0.285714,0.142857,0.857143,0.000000,0.642857,0.142857,0.214286,0.642857,0.214286,0.142857,0.153846,0.307692,0.230769,0.307692,0.076923,0.461538,0.230769,0.307692,0.153846,0.153846,0.000000,0.538462,0.307692,0.000000,0.000000,0.153846,0.307692,0.076923,0.384615,0.153846,0.076923,21.428571,21.428571,50.000000,78.571429,78.571429,28.571429,28.571429,57.142857,64.285714,100.000000,7.142857,14.285714,42.857143,85.714286,92.857143,28.571429,28.571429,57.142857,64.285714,100.000000,14.285714,35.714286,50.000000,85.714286,92.857143,7.142857,7.142857,21.428571,42.857143,78.571429,7.142857,14.285714,42.857143,85.714286,92.857143,28.571429,28.571429,57.142857,64.285714,100.000000,21.428571,21.428571,50.000000,78.571429,78.571429,57.142857,57.142857,57.142857,64.285714,64.285714,14.285714,28.571429,50.000000,85.714286,100.000000,7.142857,7.142857,21.428571,42.857143,78.571429,21.428571,21.428571,21.428571,78.571429,78.571429,7.142857,28.571429,50.000000,71.428571,100.000000,0.000000,0.000000,0.000000,0.000000,0.000000,14.285714,35.714286,64.285714,78.571429,92.857143,7.142857,7.142857,7.142857,42.857143,42.857143,28.571429,28.571429,50.000000,100.000000,100.000000,7.142857,35.714286,57.142857,71.428571,92.857143,21.428571,21.428571,50.000000,78.571429,78.571429,28.571429,28.571429,28.571429,100.000000,100.000000
Negative_F1328,0.222222,0.481481,0.296296,0.481481,0.333333,0.185185,0.296296,0.481481,0.222222,0.444444,0.370370,0.185185,0.111111,0.888889,0.000000,0.518519,0.148148,0.333333,0.703704,0.222222,0.074074,0.192308,0.153846,0.307692,0.269231,0.230769,0.153846,0.307692,0.153846,0.192308,0.269231,0.230769,0.153846,0.230769,0.000000,0.000000,0.115385,0.307692,0.192308,0.307692,0.115385,0.038462,29.629630,40.740741,55.555556,96.296296,100.000000,3.703704,25.925926,48.148148,81.481481,92.592593,7.407407,18.518519,37.037037,59.259259,77.777778,3.703704,25.925926,48.148148,81.481481,92.592593,22.222222,51.851852,70.370370,77.777778,100.000000,7.407407,18.518519,29.629630,40.740741,55.555556,7.407407,18.518519,37.037037,59.259259,77.777778,3.703704,25.925926,48.148148,81.481481,92.592593,29.629630,40.740741,55.555556,96.296296,100.000000,3.703704,14.814815,44.444444,66.666667,88.888889,22.222222,51.851852,70.370370,92.592593,100.000000,7.407407,18.518519,29.629630,40.740741,55.555556,29.629630,29.629630,40.740741,55.555556,55.555556,3.703704,22.222222,51.851852,77.777778,100.000000,0.000000,0.000000,0.000000,0.000000,0.000000,22.222222,37.037037,48.148148,77.777778,100.000000,7.407407,7.407407,18.518519,59.259259,74.074074,3.703704,14.814815,62.962963,81.481481,92.592593,3.703704,22.222222,48.148148,74.074074,88.888889,29.629630,40.740741,55.555556,96.296296,100.000000,14.814815,14.814815,14.814815,92.592593,92.592593
Negative_F1350,0.263158,0.315789,0.421053,0.421053,0.315789,0.263158,0.421053,0.263158,0.315789,0.263158,0.473684,0.263158,0.157895,0.842105,0.000000,0.315789,0.421053,0.263158,0.578947,0.263158,0.157895,0.166667,0.388889,0.166667,0.277778,0.166667,0.277778,0.166667,0.388889,0.055556,0.166667,0.055556,0.388889,0.333333,0.000000,0.000000,0.277778,0.166667,0.277778,0.444444,0.222222,0.111111,42.105263,52.631579,63.157895,73.684211,94.736842,21.052632,26.315789,31.578947,84.210526,89.473684,5.263158,10.526316,36.842105,68.421053,100.000000,5.263158,21.052632,31.578947,84.210526,100.000000,10.526316,15.789474,42.105263,78.947368,94.736842,36.842105,47.368421,52.631579,63.157895,73.684211,5.263158,10.526316,36.842105,68.421053,100.000000,21.052632,26.315789,31.578947,84.210526,89.473684,42.105263,47.368421,52.631579,73.684211,94.736842,21.052632,26.315789,31.578947,84.210526,89.473684,5.263158,15.789474,57.894737,78.947368,100.000000,36.842105,47.368421,52.631579,63.157895,73.684211,52.631579,52.631579,63.157895,73.684211,73.684211,5.263158,21.052632,42.105263,78.947368,100.000000,0.000000,0.000000,0.000000,0.000000,0.000000,26.315789,47.368421,52.631579,73.684211,78.947368,5.263158,10.526316,36.842105,68.421053,100.000000,21.052632,31.578947,42.105263,89.473684,94.736842,5.263158,15.789474,36.842105,78.947368,100.000000,42.105263,52.631579,63.157895,73.684211,94.736842,21.052632,21.052632,47.368421,84.210526,84.210526
Negative_F1362,0.220000,0.500000,0.280000,0.440000,0.300000,0.260000,0.340000,0.400000,0.260000,0.380000,0.360000,0.260000,0.080000,0.880000,0.040000,0.300000,0.340000,0.360000,0.500000,0.220000,0.280000,0.285714,0.102041,0.306122,0.306122,0.224490,0.204082,0.265306,0.183673,0.224490,0.285714,0.204082,0.224490,0.142857,0.020408,0.040816,0.224490,0.224490,0.224490,0.183673,0.306122,0.204082,2.000000,18.000000,36.000000,52.000000,98.000000,4.000000,26.000000,58.000000,84.000000,100.000000,8.000000,30.000000,56.000000,70.000000,92.000000,14.000000,38.000000,60.000000,84.000000,96.000000,2.000000,18.000000,40.000000,68.000000,98.000000,4.000000,22.000000,42.000000,64.000000,100.000000,4.000000,24.000000,46.000000,68.000000,92.000000,14.000000,34.000000,60.000000,84.000000,96.000000,2.000000,18.000000,36.000000,52.000000,100.000000,14.000000,34.000000,60.000000,84.000000,94.000000,2.000000,24.000000,46.000000,70.000000,98.000000,4.000000,22.000000,42.000000,64.000000,100.000000,28.000000,28.000000,36.000000,44.000000,50.000000,4.000000,24.000000,56.000000,78.000000,100.000000,2.000000,2.000000,2.000000,52.000000,52.000000,2.000000,10.000000,36.000000,84.000000,100.000000,4.000000,38.000000,48.000000,68.000000,92.000000,12.000000,32.000000,58.000000,82.000000,96.000000,8.000000,34.000000,64.000000,80.000000,94.000000,2.000000,18.000000,36.000000,52.000000,98.000000,4.000000,22.000000,42.000000,72.000000,100.000000
Negative_F1413,0.062500,0.500000,0.437500,0.437500,0.375000,0.187500,0.437500,0.437500,0.125000,0.437500,0.375000,0.187500,0.062500,0.937500,0.000000,0.500000,0.187500,0.312500,0.687500,0.062500,0.250000,0.066667,0.066667,0.333333,0.266667,0.133333,0.200000,0.266667,0.133333,0.133333,0.266667,0.133333,0.200000,0.133333,0.000000,0.000000,0.066667,0.400000,0.133333,0.133333,0.400000,0.000000,25.000000,25.000000,25.000000,25.000000,25.000000,18.750000,43.750000,56.250000,68.750000,93.750000,6.250000,12.500000,37.500000,81.250000,100.000000,18.750000,43.750000,56.250000,68.750000,87.500000,12.500000,31.250000,37.500000,81.250000,100.000000,6.250000,6.250000,25.000000,93.750000,93.750000,6.250000,12.500000,37.500000,81.250000,100.000000,18.750000,43.750000,56.250000,68.750000,87.500000,25.000000,25.000000,25.000000,93.750000,93.750000,18.750000,43.750000,56.250000,68.750000,87.500000,12.500000,31.250000,37.500000,81.250000,100.000000,6.250000,6.250000,25.000000,93.750000,93.750000,25.000000,25.000000,25.000000,25.000000,25.000000,6.250000,31.250000,56.250000,81.250000,100.000000,0.000000,0.000000,0.000000,0.000000,0.000000,25.000000,31.250000,56.250000,81.250000,100.000000,6.250000,6.250000,12.500000,37.500000,37.500000,18.750000,43.750000,62.500000,68.750000,87.500000,6.250000,18.750000,50.000000,75.000000,100.000000,25.000000,25.000000,25.000000,25.000000,25.000000,43.750000,43.750000,62.500000,87.500000,93.750000
Negative_F1419,0.000000,0.437500,0.562500,0.375000,0.562500,0.062500,0.562500,0.375000,0.062500,0.312500,0.625000,0.062500,0.000000,1.000000,0.000000,0.437500,0.250000,0.312500,0.750000,0.000000,0.250000,0.000000,0.000000,0.533333,0.466667,0.066667,0.066667,0.466667,0.066667,0.066667,0.333333,0.066667,0.066667,0.000000,0.000000,0.000000,0.200000,0.400000,0.133333,0.000000,0.400000,0.000000,0.000000,0.000000,0.000000,0.000000,0.000000,18.750000,25.000000,62.500000,87.500000,93.750000,6.250000,31.250000,50.000000,75.000000,100.000000,18.750000,25.000000,43.750000,68.750000,87.500000,6.250000,31.250000,50.000000,75.000000,100.000000,93.750000,93.750000,93.750000,93.750000,93.750000,6.250000,31.250000,50.000000,75.000000,100.000000,18.750000,25.000000,43.750000,68.750000,87.500000,93.750000,93.750000,93.750000,93.750000,93.750000,18.750000,25.000000,62.500000,68.750000,87.500000,6.250000,31.250000,43.750000,75.000000,100.000000,93.750000,93.750000,93.750000,93.750000,93.750000,0.000000,0.000000,0.000000,0.000000,0.000000,6.250000,25.000000,50.000000,75.000000,100.000000,0.000000,0.000000,0.000000,0.000000,0.000000,12.500000,25.000000,75.000000,93.750000,100.000000,6.250000,6.250000,31.250000,37.500000,56.250000,18.750000,43.750000,62.500000,68.750000,87.500000,6.250000,18.750000,37.500000,68.750000,100.000000,0.000000,0.000000,0.000000,0.000000,0.000000,43.750000,43.750000,62.500000,87.500000,93.750000
Negative_F1425,0.305085,0.389831,0.305085,0.491525,0.203390,0.305085,0.338983,0.288136,0.372881,0.305085,0.389831,0.305085,0.152542,0.745763,0.101695,0.338983,0.322034,0.338983,0.406780,0.305085,0.288136,0.155172,0.206897,0.241379,0.137931,0.362069,0.137931,0.137931,0.293103,0.137931,0.241379,0.189655,0.310345,0.275862,0.034483,0.120690,0.275862,0.206897,0.224138,0.241379,0.275862,0.120690,1.694915,37.288136,50.847458,86.440678,93.220339,5.084746,22.033898,54.237288,72.881356,100.000000,3.389831,27.118644,40.677966,77.966102,98.305085,1.694915,20.338983,44.067797,69.491525,98.305085,6.779661,32.203390,52.542373,84.745763,93.220339,5.084746,35.593220,49.152542,76.271186,100.000000,3.389831,25.423729,40.677966,77.966102,100.000000,11.864407,22.033898,44.067797,69.491525,81.355932,1.694915,38.983051,55.932203,86.440678,96.610169,1.694915,20.338983,30.508475,61.016949,81.355932,3.389831,32.203390,64.406780,84.745763,98.305085,5.084746,35.593220,49.152542,76.271186,100.000000,13.559322,45.762712,57.627119,74.576271,91.525424,3.389831,25.423729,52.542373,77.966102,100.000000,1.694915,6.779661,8.474576,50.847458,67.796610,6.779661,37.288136,52.542373,76.271186,96.610169,3.389831,16.949153,35.593220,77.966102,100.000000,1.694915,20.338983,54.237288,71.186441,89.830508,3.389831,27.118644,47.457627,66.101695,98.305085,1.694915,37.288136,50.847458,86.440678,93.220339,5.084746,22.033898,44.067797,72.881356,100.000000
Negative_F1428,0.250000,0.416667,0.333333,0.500000,0.166667,0.333333,0.333333,0.375000,0.291667,0.291667,0.375000,0.333333,0.166667,0.791667,0.041667,0.375000,0.333333,0.291667,0.500000,0.250000,0.250000,0.130435,0.086957,0.304348,0.130435,0.347826,0.043478,0.260870,0.130435,0.173913,0.304348,0.217391,0.173913,0.130435,0.000000,0.086957,0.260870,0.130435,0.304348,0.086957,0.217391,0.130435,4.166667,8.333333,12.500000,41.666667,45.833333,20.833333,33.333333,54.166667,75.000000,95.833333,16.666667,37.500000,70.833333,87.500000,100.000000,16.666667,29.166667,50.000000,62.500000,100.000000,45.833333,45.833333,83.333333,87.500000,91.666667,4.166667,8.333333,25.000000,66.666667,79.166667,16.666667,37.500000,70.833333,87.500000,100.000000,20.833333,33.333333,54.166667,62.500000,95.833333,4.166667,8.333333,25.000000,45.833333,79.166667,29.166667,41.666667,58.333333,75.000000,95.833333,16.666667,33.333333,54.166667,87.500000,100.000000,4.166667,8.333333,25.000000,66.666667,79.166667,4.166667,4.166667,8.333333,12.500000,25.000000,16.666667,37.500000,62.500000,83.333333,100.000000,41.666667,41.666667,41.666667,41.666667,41.666667,4.166667,12.500000,62.500000,79.166667,91.666667,16.666667,29.166667,50.000000,70.833333,100.000000,20.833333,33.333333,45.833333,58.333333,95.833333,16.666667,58.333333,70.833333,87.500000,100.000000,4.166667,8.333333,12.500000,41.666667,45.833333,20.833333,29.166667,33.333333,54.166667,79.166667
Negative_F1490,0.125000,0.800000,0.075000,0.750000,0.091667,0.158333,0.158333,0.716667,0.125000,0.750000,0.091667,0.158333,0.075000,0.891667,0.033333,0.141667,0.108333,0.750000,0.791667,0.125000,0.083333,0.159664,0.016807,0.117647,0.168067,0.260504,0.000000,0.260504,0.033613,0.142857,0.168067,0.260504,0.000000,0.117647,0.016807,0.025210,0.025210,0.243697,0.184874,0.159664,0.142857,0.016807,0.833333,7.500000,50.000000,73.333333,99.166667,2.500000,23.333333,49.166667,76.666667,100.000000,30.000000,46.666667,52.500000,61.666667,78.333333,0.833333,25.000000,49.166667,75.000000,98.333333,30.000000,46.666667,54.166667,70.000000,78.333333,1.666667,10.833333,41.666667,91.666667,100.000000,3.333333,26.666667,52.500000,78.333333,100.000000,2.500000,25.000000,49.166667,75.833333,98.333333,0.833333,7.500000,50.000000,73.333333,99.166667,0.833333,25.000000,49.166667,75.000000,98.333333,30.000000,46.666667,54.166667,70.000000,78.333333,1.666667,10.833333,41.666667,91.666667,100.000000,1.666667,7.500000,41.666667,81.666667,99.166667,2.500000,25.833333,53.333333,75.833333,100.000000,0.833333,0.833333,48.333333,50.833333,51.666667,1.666667,38.333333,54.166667,73.333333,99.166667,3.333333,20.833333,47.500000,85.833333,100.000000,0.833333,25.000000,49.166667,75.000000,98.333333,2.500000,27.500000,52.500000,75.000000,98.333333,0.833333,7.500000,50.000000,73.333333,99.166667,3.333333,15.000000,26.666667,91.666667,100.000000
Negative_F1517,0.090909,0.500000,0.409091,0.272727,0.318182,0.409091,0.409091,0.272727,0.318182,0.272727,0.318182,0.409091,0.090909,0.909091,0.000000,0.409091,0.409091,0.181818,0.636364,0.090909,0.272727,0.142857,0.047619,0.476190,0.238095,0.285714,0.333333,0.285714,0.238095,0.238095,0.238095,0.285714,0.333333,0.190476,0.000000,0.000000,0.333333,0.142857,0.190476,0.142857,0.333333,0.047619,63.636364,63.636364,63.636364,81.818182,81.818182,13.636364,31.818182,54.545455,86.363636,100.000000,4.545455,22.727273,36.363636,59.090909,90.909091,31.818182,45.454545,54.545455,86.363636,100.000000,9.090909,22.727273,40.909091,72.727273,90.909091,4.545455,18.181818,50.000000,77.272727,95.454545,4.545455,22.727273,36.363636,59.090909,90.909091,31.818182,45.454545,54.545455,86.363636,100.000000,13.636364,18.181818,63.636364,81.818182,95.454545,31.818182,45.454545,54.545455,86.363636,100.000000,9.090909,22.727273,40.909091,72.727273,90.909091,4.545455,18.181818,50.000000,77.272727,95.454545,63.636364,63.636364,63.636364,81.818182,81.818182,4.545455,22.727273,45.454545,72.727273,100.000000,0.000000,0.000000,0.000000,0.000000,0.000000,13.636364,50.000000,68.181818,81.818182,95.454545,4.545455,22.727273,36.363636,59.090909,90.909091,31.818182,31.818182,45.454545,54.545455,100.000000,4.545455,27.272727,40.909091,72.727273,100.000000,63.636364,63.636364,63.636364,81.818182,81.818182,13.636364,18.181818,45.454545,77.272727,95.454545
Negative_F1522,0.322581,0.290323,0.387097,0.419355,0.354839,0.225806,0.387097,0.290323,0.322581,0.290323,0.483871,0.225806,0.161290,0.741935,0.096774,0.387097,0.290323,0.322581,0.580645,0.322581,0.096774,0.066667,0.400000,0.200000,0.133333,0.200000,0.266667,0.200000,0.400000,0.066667,0.166667,0.133333,0.333333,0.266667,0.066667,0.133333,0.333333,0.200000,0.200000,0.433333,0.066667,0.033333,12.903226,25.806452,38.709677,64.516129,77.419355,3.225806,32.258065,83.870968,90.322581,100.000000,6.451613,16.129032,48.387097,67.741935,93.548387,3.225806,29.032258,74.193548,90.322581,100.000000,9.677419,19.354839,54.838710,64.516129,80.645161,6.451613,22.580645,41.935484,70.967742,77.419355,6.451613,16.129032,48.387097,67.741935,93.548387,3.225806,32.258065,83.870968,90.322581,100.000000,12.903226,25.806452,38.709677,64.516129,77.419355,3.225806,25.806452,32.258065,83.870968,90.322581,9.677419,38.709677,61.290323,80.645161,100.000000,6.451613,22.580645,41.935484,70.967742,77.419355,22.580645,35.483871,51.612903,70.967742,77.419355,3.225806,29.032258,58.064516,83.870968,100.000000,12.903226,12.903226,25.806452,38.709677,38.709677,9.677419,35.483871,51.612903,70.967742,83.870968,6.451613,19.354839,41.935484,54.838710,93.548387,3.225806,25.806452,61.290323,90.322581,100.000000,3.225806,19.354839,48.387097,80.645161,93.548387,12.903226,25.806452,38.709677,64.516129,77.419355,29.032258,29.032258,96.774194,100.000000,100.000000
Negative_F1526,0.316832,0.376238,0.306931,0.366337,0.306931,0.326733,0.336634,0.316832,0.346535,0.326733,0.346535,0.326733,0.148515,0.792079,0.059406,0.405941,0.346535,0.247525,0.425743,0.316832,0.257426,0.290000,0.210000,0.190000,0.220000,0.210000,0.250000,0.180000,0.280000,0.220000,0.230000,0.180000,0.280000,0.280000,0.000000,0.110000,0.330000,0.190000,0.130000,0.320000,0.200000,0.180000,0.990099,27.722772,46.534653,80.198020,100.000000,1.980198,32.673267,58.415842,73.267327,99.009901,2.970297,14.851485,38.613861,70.297030,96.039604,0.990099,27.722772,56.435644,69.306931,97.029703,2.970297,14.851485,57.425743,87.128713,100.000000,3.960396,32.673267,44.554455,63.366337,99.009901,2.970297,17.821782,38.613861,70.297030,99.009901,1.980198,36.633663,59.405941,73.267327,97.029703,0.990099,28.712871,46.534653,80.198020,100.000000,0.990099,22.772277,59.405941,73.267327,97.029703,2.970297,17.821782,51.485149,86.138614,100.000000,3.960396,32.673267,44.554455,63.366337,99.009901,12.871287,39.603960,46.534653,66.336634,90.099010,1.980198,21.782178,52.475248,77.227723,100.000000,0.990099,22.772277,27.722772,71.287129,93.069307,5.940594,28.712871,46.534653,80.198020,98.019802,2.970297,18.811881,45.544554,70.297030,99.009901,0.990099,27.722772,59.405941,76.237624,100.000000,1.980198,17.821782,47.524752,74.257426,96.039604,0.990099,27.722772,46.534653,80.198020,100.000000,4.950495,32.673267,55.445545,72.277228,99.009901
Negative_F1527,0.200000,0.380000,0.420000,0.440000,0.260000,0.300000,0.420000,0.320000,0.260000,0.300000,0.400000,0.300000,0.120000,0.860000,0.020000,0.380000,0.360000,0.260000,0.640000,0.200000,0.160000,0.204082,0.163265,0.306122,0.204082,0.265306,0.204082,0.204082,0.265306,0.183673,0.204082,0.142857,0.326531,0.224490,0.020408,0.020408,0.387755,0.142857,0.163265,0.285714,0.244898,0.081633,14.000000,34.000000,44.000000,74.000000,94.000000,16.000000,26.000000,54.000000,78.000000,100.000000,2.000000,12.000000,46.000000,76.000000,98.000000,16.000000,32.000000,54.000000,80.000000,100.000000,6.000000,14.000000,30.000000,64.000000,92.000000,2.000000,34.000000,58.000000,74.000000,98.000000,2.000000,12.000000,46.000000,76.000000,98.000000,16.000000,22.000000,52.000000,78.000000,100.000000,14.000000,38.000000,58.000000,68.000000,94.000000,16.000000,22.000000,52.000000,80.000000,100.000000,6.000000,24.000000,46.000000,70.000000,92.000000,2.000000,34.000000,58.000000,74.000000,98.000000,34.000000,38.000000,44.000000,74.000000,94.000000,2.000000,22.000000,50.000000,78.000000,100.000000,64.000000,64.000000,64.000000,64.000000,64.000000,6.000000,18.000000,44.000000,68.000000,94.000000,2.000000,32.000000,56.000000,88.000000,98.000000,16.000000,26.000000,52.000000,72.000000,100.000000,2.000000,18.000000,42.000000,76.000000,100.000000,14.000000,34.000000,44.000000,74.000000,94.000000,26.000000,48.000000,58.000000,68.000000,96.000000
Negative_F1545,0.200000,0.480000,0.320000,0.600000,0.120000,0.280000,0.400000,0.360000,0.240000,0.320000,0.400000,0.280000,0.080000,0.840000,0.080000,0.240000,0.480000,0.280000,0.480000,0.200000,0.320000,0.125000,0.250000,0.250000,0.083333,0.458333,0.125000,0.250000,0.250000,0.125000,0.375000,0.166667,0.416667,0.166667,0.000000,0.166667,0.208333,0.125000,0.375000,0.333333,0.208333,0.041667,16.000000,56.000000,84.000000,92.000000,100.000000,4.000000,12.000000,32.000000,48.000000,76.000000,20.000000,36.000000,68.000000,80.000000,96.000000,4.000000,20.000000,44.000000,72.000000,92.000000,64.000000,64.000000,80.000000,100.000000,100.000000,16.000000,32.000000,52.000000,84.000000,96.000000,20.000000,36.000000,64.000000,80.000000,96.000000,4.000000,12.000000,28.000000,48.000000,76.000000,16.000000,52.000000,56.000000,92.000000,100.000000,4.000000,12.000000,48.000000,60.000000,92.000000,8.000000,28.000000,44.000000,80.000000,100.000000,16.000000,32.000000,52.000000,84.000000,96.000000,16.000000,16.000000,16.000000,84.000000,84.000000,4.000000,28.000000,48.000000,72.000000,100.000000,56.000000,56.000000,56.000000,92.000000,92.000000,4.000000,12.000000,16.000000,84.000000,100.000000,20.000000,32.000000,48.000000,72.000000,96.000000,8.000000,28.000000,56.000000,76.000000,92.000000,4.000000,20.000000,64.000000,76.000000,96.000000,16.000000,56.000000,84.000000,92.000000,100.000000,8.000000,24.000000,32.000000,44.000000,52.000000
Negative_F1558,0.320000,0.520000,0.160000,0.480000,0.160000,0.360000,0.160000,0.480000,0.360000,0.360000,0.280000,0.360000,0.240000,0.720000,0.040000,0.480000,0.240000,0.280000,0.280000,0.320000,0.400000,0.416667,0.083333,0.166667,0.166667,0.416667,0.166667,0.166667,0.083333,0.416667,0.166667,0.333333,0.250000,0.458333,0.041667,0.041667,0.166667,0.375000,0.083333,0.166667,0.291667,0.333333,20.000000,44.000000,68.000000,80.000000,96.000000,4.000000,16.000000,32.000000,64.000000,100.000000,36.000000,36.000000,48.000000,52.000000,92.000000,4.000000,12.000000,32.000000,64.000000,100.000000,52.000000,52.000000,68.000000,84.000000,92.000000,16.000000,36.000000,48.000000,72.000000,96.000000,36.000000,36.000000,48.000000,52.000000,92.000000,4.000000,12.000000,32.000000,64.000000,100.000000,16.000000,44.000000,68.000000,80.000000,96.000000,4.000000,24.000000,32.000000,64.000000,100.000000,8.000000,40.000000,68.000000,88.000000,92.000000,16.000000,36.000000,48.000000,72.000000,96.000000,20.000000,44.000000,60.000000,80.000000,96.000000,4.000000,24.000000,40.000000,76.000000,100.000000,68.000000,68.000000,68.000000,68.000000,68.000000,4.000000,16.000000,60.000000,80.000000,96.000000,32.000000,36.000000,48.000000,56.000000,64.000000,8.000000,24.000000,40.000000,88.000000,100.000000,4.000000,12.000000,48.000000,76.000000,92.000000,20.000000,44.000000,68.000000,80.000000,96.000000,8.000000,24.000000,32.000000,64.000000,100.000000
Negative_F1583,0.380952,0.285714,0.333333,0.285714,0.380952,0.333333,0.333333,0.285714,0.380952,0.285714,0.380952,0.333333,0.238095,0.761905,0.000000,0.619048,0.142857,0.238095,0.523810,0.380952,0.095238,0.250000,0.300000,0.150000,0.150000,0.250000,0.300000,0.150000,0.300000,0.250000,0.150000,0.250000,0.300000,0.400000,0.000000,0.000000,0.200000,0.400000,0.050000,0.450000,0.100000,0.100000,14.285714,28.571429,47.619048,71.428571,100.000000,19.047619,42.857143,52.380952,61.904762,85.714286,4.761905,9.523810,38.095238,90.476190,95.238095,19.047619,42.857143,52.380952,61.904762,85.714286,9.523810,14.285714,33.333333,90.476190,100.000000,4.761905,28.571429,47.619048,71.428571,80.952381,4.761905,9.523810,38.095238,90.476190,95.238095,19.047619,42.857143,52.380952,61.904762,85.714286,14.285714,28.571429,47.619048,71.428571,100.000000,19.047619,42.857143,52.380952,61.904762,85.714286,9.523810,14.285714,33.333333,90.476190,100.000000,4.761905,28.571429,47.619048,71.428571,80.952381,28.571429,47.619048,66.666667,71.428571,80.952381,4.761905,19.047619,42.857143,76.190476,100.000000,0.000000,0.000000,0.000000,0.000000,0.000000,9.523810,28.571429,57.142857,76.190476,95.238095,4.761905,4.761905,38.095238,52.380952,52.380952,14.285714,33.333333,61.904762,85.714286,100.000000,4.761905,19.047619,42.857143,76.190476,95.238095,14.285714,28.571429,47.619048,71.428571,100.000000,52.380952,52.380952,52.380952,85.714286,85.714286
Negative_F1591,0.157895,0.342105,0.500000,0.473684,0.236842,0.289474,0.500000,0.315789,0.184211,0.236842,0.473684,0.289474,0.078947,0.868421,0.052632,0.289474,0.447368,0.263158,0.578947,0.157895,0.263158,0.054054,0.162162,0.378378,0.351351,0.135135,0.135135,0.351351,0.189189,0.081081,0.324324,0.108108,0.162162,0.081081,0.027027,0.081081,0.270270,0.162162,0.270270,0.162162,0.324324,0.054054,28.947368,31.578947,47.368421,76.315789,81.578947,5.263158,18.421053,44.736842,65.789474,94.736842,2.631579,26.315789,52.631579,84.210526,100.000000,5.263158,18.421053,42.105263,68.421053,92.105263,15.789474,34.210526,47.368421,76.315789,89.473684,2.631579,31.578947,55.263158,94.736842,100.000000,2.631579,26.315789,52.631579,84.210526,100.000000,5.263158,13.157895,42.105263,60.526316,92.105263,28.947368,31.578947,73.684211,81.578947,94.736842,5.263158,18.421053,44.736842,65.789474,92.105263,7.894737,26.315789,42.105263,76.315789,89.473684,2.631579,31.578947,55.263158,94.736842,100.000000,28.947368,28.947368,31.578947,73.684211,73.684211,2.631579,23.684211,52.631579,78.947368,100.000000,47.368421,47.368421,47.368421,76.315789,76.315789,15.789474,31.578947,50.000000,76.315789,94.736842,2.631579,26.315789,52.631579,84.210526,100.000000,5.263158,18.421053,42.105263,65.789474,92.105263,2.631579,26.315789,55.263158,78.947368,100.000000,28.947368,31.578947,47.368421,76.315789,81.578947,5.263158,13.157895,42.105263,60.526316,94.736842
Negative_F1601,0.105263,0.684211,0.210526,0.631579,0.210526,0.157895,0.263158,0.631579,0.105263,0.631579,0.210526,0.157895,0.105263,0.894737,0.000000,0.210526,0.263158,0.526316,0.578947,0.105263,0.315789,0.111111,0.055556,0.388889,0.388889,0.055556,0.055556,0.388889,0.111111,0.055556,0.388889,0.055556,0.055556,0.166667,0.000000,0.000000,0.166667,0.111111,0.222222,0.111111,0.222222,0.055556,5.263158,5.263158,5.263158,94.736842,94.736842,10.526316,31.578947,57.894737,73.684211,100.000000,15.789474,15.789474,36.842105,52.631579,89.473684,10.526316,26.315789,47.368421,68.421053,84.210526,15.789474,15.789474,36.842105,52.631579,89.473684,5.263158,5.263158,94.736842,100.000000,100.000000,15.789474,36.842105,52.631579,89.473684,100.000000,10.526316,26.315789,47.368421,68.421053,84.210526,5.263158,5.263158,5.263158,94.736842,94.736842,10.526316,26.315789,47.368421,68.421053,84.210526,15.789474,15.789474,36.842105,52.631579,89.473684,5.263158,5.263158,94.736842,100.000000,100.000000,5.263158,5.263158,5.263158,94.736842,94.736842,10.526316,31.578947,52.631579,73.684211,100.000000,0.000000,0.000000,0.000000,0.000000,0.000000,5.263158,5.263158,10.526316,36.842105,94.736842,15.789474,52.631579,84.210526,89.473684,100.000000,21.052632,31.578947,47.368421,68.421053,78.947368,10.526316,21.052632,36.842105,63.157895,89.473684,5.263158,5.263158,5.263158,94.736842,94.736842,42.105263,47.368421,73.684211,84.210526,100.000000
Negative_F1607,0.105263,0.526316,0.368421,0.315789,0.263158,0.421053,0.421053,0.315789,0.263158,0.315789,0.263158,0.421053,0.052632,0.947368,0.000000,0.473684,0.263158,0.263158,0.684211,0.105263,0.210526,0.055556,0.166667,0.222222,0.111111,0.166667,0.222222,0.111111,0.277778,0.166667,0.111111,0.166667,0.222222,0.111111,0.000000,0.000000,0.277778,0.222222,0.111111,0.222222,0.333333,0.000000,15.789474,15.789474,15.789474,89.473684,89.473684,36.842105,52.631579,63.157895,78.947368,100.000000,5.263158,10.526316,26.315789,47.368421,84.210526,42.105263,63.157895,68.421053,94.736842,100.000000,21.052632,26.315789,47.368421,84.210526,89.473684,5.263158,10.526316,31.578947,52.631579,78.947368,5.263158,10.526316,26.315789,47.368421,84.210526,42.105263,63.157895,68.421053,94.736842,100.000000,15.789474,36.842105,52.631579,57.894737,89.473684,42.105263,63.157895,68.421053,94.736842,100.000000,21.052632,26.315789,47.368421,84.210526,89.473684,5.263158,10.526316,31.578947,52.631579,78.947368,15.789474,15.789474,15.789474,15.789474,15.789474,5.263158,31.578947,52.631579,78.947368,100.000000,0.000000,0.000000,0.000000,0.000000,0.000000,15.789474,26.315789,52.631579,84.210526,100.000000,5.263158,10.526316,31.578947,47.368421,78.947368,42.105263,63.157895,68.421053,73.684211,89.473684,5.263158,26.315789,47.368421,73.684211,100.000000,15.789474,15.789474,15.789474,89.473684,89.473684,36.842105,36.842105,52.631579,57.894737,78.947368
Negative_F1616,0.301887,0.283019,0.415094,0.301887,0.415094,0.283019,0.433962,0.264151,0.301887,0.301887,0.415094,0.283019,0.150943,0.811321,0.037736,0.490566,0.301887,0.207547,0.622642,0.301887,0.075472,0.211538,0.307692,0.211538,0.230769,0.269231,0.230769,0.230769,0.326923,0.192308,0.230769,0.269231,0.230769,0.288462,0.000000,0.076923,0.365385,0.250000,0.134615,0.461538,0.076923,0.057692,11.320755,32.075472,52.830189,75.471698,100.000000,3.773585,26.415094,41.509434,67.924528,96.226415,1.886792,18.867925,54.716981,79.245283,98.113208,3.773585,28.301887,45.283019,67.924528,96.226415,9.433962,20.754717,56.603774,81.132075,98.113208,1.886792,24.528302,43.396226,77.358491,100.000000,1.886792,18.867925,54.716981,79.245283,98.113208,3.773585,28.301887,41.509434,67.924528,96.226415,11.320755,32.075472,52.830189,75.471698,100.000000,3.773585,28.301887,45.283019,67.924528,96.226415,9.433962,20.754717,56.603774,81.132075,98.113208,1.886792,24.528302,43.396226,77.358491,100.000000,11.320755,24.528302,49.056604,84.905660,100.000000,1.886792,22.641509,47.169811,73.584906,98.113208,58.490566,58.490566,58.490566,75.471698,75.471698,1.886792,20.754717,41.509434,69.811321,100.000000,7.547170,26.415094,54.716981,79.245283,98.113208,5.660377,30.188679,58.490566,75.471698,96.226415,3.773585,22.641509,50.943396,73.584906,98.113208,11.320755,32.075472,52.830189,75.471698,100.000000,1.886792,1.886792,26.415094,30.188679,83.018868
Negative_F1644,0.333333,0.303030,0.363636,0.454545,0.363636,0.181818,0.363636,0.303030,0.333333,0.393939,0.424242,0.181818,0.181818,0.727273,0.090909,0.484848,0.242424,0.272727,0.606061,0.333333,0.060606,0.125000,0.312500,0.218750,0.343750,0.218750,0.156250,0.218750,0.312500,0.125000,0.312500,0.218750,0.156250,0.281250,0.093750,0.093750,0.250000,0.312500,0.218750,0.406250,0.093750,0.031250,9.090909,15.151515,36.363636,84.848485,93.939394,3.030303,42.424242,51.515152,60.606061,96.969697,6.060606,27.272727,63.636364,78.787879,100.000000,3.030303,36.363636,54.545455,81.818182,100.000000,6.060606,24.242424,39.393939,75.757576,87.878788,9.090909,15.151515,21.212121,69.696970,93.939394,6.060606,27.272727,63.636364,78.787879,100.000000,3.030303,42.424242,51.515152,60.606061,96.969697,9.090909,15.151515,36.363636,84.848485,93.939394,3.030303,36.363636,51.515152,60.606061,96.969697,6.060606,27.272727,63.636364,81.818182,100.000000,9.090909,15.151515,21.212121,69.696970,93.939394,9.090909,15.151515,21.212121,69.696970,93.939394,3.030303,30.303030,54.545455,75.757576,100.000000,12.121212,12.121212,36.363636,90.909091,90.909091,6.060606,21.212121,51.515152,75.757576,93.939394,18.181818,27.272727,39.393939,63.636364,100.000000,3.030303,24.242424,48.484848,60.606061,96.969697,3.030303,30.303030,51.515152,72.727273,100.000000,9.090909,15.151515,36.363636,84.848485,93.939394,57.575758,57.575758,57.575758,96.969697,96.969697
Negative_F1661,0.272727,0.333333,0.393939,0.454545,0.363636,0.181818,0.393939,0.333333,0.272727,0.393939,0.424242,0.181818,0.181818,0.757576,0.060606,0.484848,0.242424,0.272727,0.636364,0.272727,0.090909,0.125000,0.250000,0.281250,0.343750,0.218750,0.156250,0.281250,0.250000,0.125000,0.343750,0.187500,0.187500,0.312500,0.062500,0.062500,0.250000,0.312500,0.218750,0.343750,0.125000,0.031250,12.121212,21.212121,45.454545,84.848485,93.939394,3.030303,36.363636,51.515152,60.606061,96.969697,6.060606,27.272727,63.636364,78.787879,100.000000,3.030303,36.363636,54.545455,81.818182,100.000000,6.060606,18.181818,33.333333,66.666667,87.878788,15.151515,21.212121,45.454545,84.848485,93.939394,6.060606,27.272727,63.636364,78.787879,100.000000,3.030303,36.363636,51.515152,60.606061,96.969697,12.121212,21.212121,45.454545,84.848485,93.939394,3.030303,36.363636,51.515152,60.606061,96.969697,6.060606,24.242424,39.393939,78.787879,100.000000,15.151515,21.212121,45.454545,84.848485,93.939394,15.151515,21.212121,45.454545,84.848485,93.939394,3.030303,30.303030,51.515152,72.727273,100.000000,12.121212,12.121212,12.121212,90.909091,90.909091,9.090909,30.303030,51.515152,75.757576,93.939394,6.060606,18.181818,39.393939,63.636364,100.000000,3.030303,24.242424,48.484848,60.606061,96.969697,6.060606,33.333333,51.515152,72.727273,100.000000,12.121212,21.212121,45.454545,84.848485,93.939394,3.030303,3.030303,57.575758,96.969697,96.969697
Negative_F1679,0.281250,0.562500,0.156250,0.468750,0.187500,0.343750,0.281250,0.406250,0.312500,0.343750,0.312500,0.343750,0.125000,0.875000,0.000000,0.281250,0.281250,0.437500,0.406250,0.281250,0.312500,0.322581,0.096774,0.129032,0.129032,0.322581,0.161290,0.193548,0.225806,0.258065,0.193548,0.258065,0.225806,0.225806,0.000000,0.000000,0.129032,0.290323,0.290323,0.290323,0.322581,0.129032,25.000000,43.750000,71.875000,78.125000,100.000000,9.375000,21.875000,40.625000,81.250000,96.875000,3.125000,6.250000,46.875000,59.375000,68.750000,12.500000,28.125000,53.125000,87.500000,96.875000,3.125000,31.250000,43.750000,75.000000,78.125000,6.250000,15.625000,37.500000,81.250000,100.000000,3.125000,15.625000,37.500000,59.375000,81.250000,12.500000,28.125000,53.125000,87.500000,96.875000,9.375000,31.250000,56.250000,78.125000,100.000000,12.500000,21.875000,53.125000,90.625000,96.875000,3.125000,43.750000,50.000000,68.750000,78.125000,6.250000,15.625000,37.500000,81.250000,100.000000,25.000000,25.000000,71.875000,84.375000,100.000000,3.125000,21.875000,46.875000,68.750000,96.875000,0.000000,0.000000,0.000000,0.000000,0.000000,9.375000,21.875000,53.125000,84.375000,100.000000,3.125000,15.625000,37.500000,59.375000,81.250000,18.750000,40.625000,56.250000,78.125000,96.875000,3.125000,21.875000,46.875000,68.750000,96.875000,25.000000,43.750000,71.875000,78.125000,100.000000,9.375000,18.750000,37.500000,65.625000,87.500000
Negative_F1711,0.090909,0.545455,0.363636,0.681818,0.136364,0.181818,0.363636,0.500000,0.136364,0.454545,0.363636,0.181818,0.045455,0.954545,0.000000,0.181818,0.454545,0.363636,0.500000,0.090909,0.409091,0.142857,0.047619,0.333333,0.190476,0.333333,0.047619,0.333333,0.047619,0.238095,0.380952,0.285714,0.095238,0.095238,0.000000,0.000000,0.142857,0.142857,0.333333,0.095238,0.380952,0.095238,59.090909,59.090909,59.090909,81.818182,81.818182,9.090909,18.181818,40.909091,63.636364,86.363636,4.545455,27.272727,50.000000,90.909091,100.000000,9.090909,31.818182,50.000000,72.727273,100.000000,4.545455,4.545455,27.272727,81.818182,81.818182,18.181818,18.181818,59.090909,77.272727,90.909091,4.545455,27.272727,50.000000,90.909091,100.000000,9.090909,22.727273,45.454545,68.181818,86.363636,18.181818,18.181818,59.090909,81.818182,81.818182,9.090909,22.727273,45.454545,68.181818,86.363636,4.545455,27.272727,40.909091,81.818182,100.000000,18.181818,18.181818,59.090909,77.272727,90.909091,59.090909,59.090909,59.090909,59.090909,59.090909,4.545455,27.272727,50.000000,77.272727,100.000000,0.000000,0.000000,0.000000,0.000000,0.000000,18.181818,18.181818,27.272727,54.545455,59.090909,4.545455,31.818182,50.000000,90.909091,100.000000,13.636364,22.727273,45.454545,72.727273,86.363636,4.545455,31.818182,54.545455,90.909091,100.000000,59.090909,59.090909,59.090909,81.818182,81.818182,9.090909,18.181818,36.363636,63.636364,86.363636
Negative_F1721,0.437500,0.187500,0.375000,0.250000,0.437500,0.312500,0.375000,0.187500,0.437500,0.250000,0.437500,0.312500,0.250000,0.687500,0.062500,0.562500,0.187500,0.250000,0.562500,0.437500,0.000000,0.133333,0.266667,0.200000,0.200000,0.133333,0.266667,0.200000,0.266667,0.133333,0.200000,0.133333,0.266667,0.266667,0.000000,0.133333,0.200000,0.333333,0.133333,0.400000,0.000000,0.000000,18.750000,25.000000,56.250000,87.500000,93.750000,6.250000,6.250000,43.750000,75.000000,75.000000,12.500000,31.250000,37.500000,68.750000,100.000000,6.250000,6.250000,43.750000,50.000000,75.000000,12.500000,31.250000,62.500000,93.750000,100.000000,18.750000,25.000000,37.500000,81.250000,87.500000,12.500000,31.250000,37.500000,68.750000,100.000000,6.250000,6.250000,43.750000,75.000000,75.000000,18.750000,25.000000,56.250000,87.500000,93.750000,6.250000,6.250000,43.750000,50.000000,75.000000,12.500000,31.250000,62.500000,93.750000,100.000000,18.750000,25.000000,37.500000,81.250000,87.500000,18.750000,18.750000,25.000000,81.250000,87.500000,6.250000,31.250000,56.250000,75.000000,100.000000,50.000000,50.000000,50.000000,50.000000,50.000000,12.500000,25.000000,43.750000,62.500000,87.500000,37.500000,37.500000,68.750000,100.000000,100.000000,6.250000,6.250000,50.000000,75.000000,93.750000,6.250000,31.250000,43.750000,68.750000,100.000000,18.750000,25.000000,56.250000,87.500000,93.750000,0.000000,0.000000,0.000000,0.000000,0.000000
Negative_F1725,0.344828,0.310345,0.344828,0.310345,0.482759,0.206897,0.379310,0.275862,0.344828,0.275862,0.517241,0.206897,0.137931,0.827586,0.034483,0.517241,0.206897,0.275862,0.551724,0.344828,0.103448,0.250000,0.214286,0.357143,0.428571,0.178571,0.250000,0.321429,0.250000,0.214286,0.357143,0.178571,0.250000,0.250000,0.035714,0.035714,0.250000,0.392857,0.107143,0.321429,0.071429,0.142857,13.793103,24.137931,51.724138,89.655172,100.000000,3.448276,34.482759,58.620690,72.413793,93.103448,6.896552,20.689655,41.379310,62.068966,86.206897,3.448276,27.586207,48.275862,65.517241,93.103448,10.344828,41.379310,62.068966,86.206897,100.000000,6.896552,17.241379,24.137931,51.724138,82.758621,6.896552,20.689655,44.827586,68.965517,86.206897,3.448276,27.586207,48.275862,65.517241,93.103448,13.793103,24.137931,51.724138,89.655172,100.000000,3.448276,13.793103,34.482759,58.620690,72.413793,10.344828,41.379310,68.965517,89.655172,100.000000,6.896552,17.241379,24.137931,51.724138,82.758621,17.241379,17.241379,24.137931,37.931034,51.724138,3.448276,31.034483,58.620690,79.310345,100.000000,13.793103,13.793103,13.793103,13.793103,13.793103,3.448276,20.689655,51.724138,75.862069,100.000000,6.896552,41.379310,44.827586,68.965517,82.758621,13.793103,27.586207,48.275862,79.310345,93.103448,3.448276,20.689655,44.827586,62.068966,86.206897,13.793103,24.137931,51.724138,89.655172,100.000000,27.586207,27.586207,82.758621,93.103448,93.103448
Negative_F1731,0.277778,0.222222,0.500000,0.222222,0.555556,0.222222,0.500000,0.222222,0.277778,0.166667,0.611111,0.222222,0.166667,0.833333,0.000000,0.444444,0.333333,0.222222,0.666667,0.277778,0.055556,0.117647,0.470588,0.235294,0.235294,0.117647,0.352941,0.235294,0.470588,0.117647,0.235294,0.117647,0.352941,0.352941,0.000000,0.000000,0.411765,0.117647,0.117647,0.588235,0.117647,0.000000,22.222222,33.333333,50.000000,77.777778,88.888889,16.666667,16.666667,38.888889,61.111111,66.666667,5.555556,27.777778,55.555556,83.333333,100.000000,16.666667,16.666667,38.888889,61.111111,66.666667,5.555556,33.333333,55.555556,88.888889,100.000000,11.111111,11.111111,22.222222,50.000000,77.777778,5.555556,27.777778,55.555556,83.333333,100.000000,16.666667,16.666667,38.888889,61.111111,66.666667,22.222222,33.333333,50.000000,77.777778,88.888889,16.666667,16.666667,38.888889,61.111111,61.111111,5.555556,33.333333,66.666667,88.888889,100.000000,11.111111,11.111111,22.222222,50.000000,77.777778,22.222222,22.222222,50.000000,77.777778,77.777778,5.555556,27.777778,55.555556,83.333333,100.000000,0.000000,0.000000,0.000000,0.000000,0.000000,5.555556,16.666667,44.444444,72.222222,88.888889,11.111111,27.777778,55.555556,94.444444,100.000000,33.333333,33.333333,38.888889,61.111111,66.666667,5.555556,16.666667,44.444444,72.222222,100.000000,22.222222,33.333333,50.000000,77.777778,88.888889,66.666667,66.666667,66.666667,66.666667,66.666667
Negative_F1733,0.285714,0.357143,0.357143,0.357143,0.428571,0.214286,0.357143,0.357143,0.285714,0.357143,0.428571,0.214286,0.214286,0.714286,0.071429,0.500000,0.214286,0.285714,0.642857,0.285714,0.071429,0.230769,0.384615,0.076923,0.076923,0.230769,0.230769,0.076923,0.384615,0.230769,0.076923,0.230769,0.230769,0.461538,0.000000,0.153846,0.307692,0.307692,0.000000,0.538462,0.076923,0.076923,14.285714,14.285714,28.571429,64.285714,92.857143,50.000000,57.142857,71.428571,78.571429,85.714286,7.142857,21.428571,35.714286,42.857143,100.000000,50.000000,57.142857,71.428571,78.571429,85.714286,7.142857,21.428571,28.571429,42.857143,100.000000,14.285714,14.285714,64.285714,92.857143,92.857143,7.142857,21.428571,35.714286,42.857143,100.000000,50.000000,57.142857,71.428571,78.571429,85.714286,14.285714,14.285714,28.571429,64.285714,92.857143,50.000000,57.142857,71.428571,78.571429,85.714286,7.142857,21.428571,28.571429,42.857143,100.000000,14.285714,14.285714,64.285714,92.857143,92.857143,14.285714,14.285714,64.285714,92.857143,92.857143,7.142857,35.714286,50.000000,78.571429,100.000000,28.571429,28.571429,28.571429,28.571429,28.571429,14.285714,21.428571,42.857143,85.714286,92.857143,7.142857,7.142857,35.714286,100.000000,100.000000,50.000000,50.000000,57.142857,71.428571,78.571429,7.142857,35.714286,50.000000,78.571429,100.000000,14.285714,14.285714,28.571429,64.285714,92.857143,57.142857,57.142857,57.142857,57.142857,57.142857
Negative_F1752,0.130435,0.347826,0.521739,0.434783,0.391304,0.173913,0.521739,0.347826,0.130435,0.304348,0.521739,0.173913,0.130435,0.869565,0.000000,0.434783,0.391304,0.173913,0.652174,0.130435,0.217391,0.090909,0.181818,0.363636,0.318182,0.090909,0.227273,0.363636,0.181818,0.090909,0.363636,0.090909,0.227273,0.272727,0.000000,0.000000,0.454545,0.090909,0.181818,0.181818,0.272727,0.090909,30.434783,30.434783,47.826087,91.304348,91.304348,13.043478,17.391304,43.478261,60.869565,95.652174,4.347826,21.739130,52.173913,73.913043,100.000000,13.043478,39.130435,56.521739,78.260870,100.000000,8.695652,26.086957,52.173913,69.565217,86.956522,4.347826,4.347826,30.434783,47.826087,91.304348,4.347826,21.739130,52.173913,73.913043,100.000000,13.043478,17.391304,43.478261,60.869565,95.652174,30.434783,30.434783,47.826087,91.304348,91.304348,13.043478,17.391304,43.478261,78.260870,95.652174,8.695652,26.086957,56.521739,73.913043,100.000000,4.347826,4.347826,30.434783,47.826087,91.304348,30.434783,30.434783,47.826087,91.304348,91.304348,4.347826,21.739130,52.173913,73.913043,100.000000,0.000000,0.000000,0.000000,0.000000,0.000000,8.695652,30.434783,39.130435,78.260870,91.304348,4.347826,21.739130,65.217391,82.608696,100.000000,17.391304,17.391304,43.478261,56.521739,60.869565,4.347826,21.739130,52.173913,78.260870,100.000000,30.434783,30.434783,47.826087,91.304348,91.304348,13.043478,43.478261,56.521739,60.869565,95.652174
Negative_F1771,0.062500,0.500000,0.437500,0.562500,0.250000,0.187500,0.437500,0.437500,0.125000,0.312500,0.500000,0.187500,0.062500,0.937500,0.000000,0.312500,0.437500,0.250000,0.562500,0.062500,0.375000,0.133333,0.000000,0.600000,0.266667,0.333333,0.066667,0.533333,0.066667,0.200000,0.333333,0.266667,0.133333,0.133333,0.000000,0.000000,0.333333,0.133333,0.400000,0.066667,0.600000,0.066667,56.250000,56.250000,56.250000,56.250000,56.250000,6.250000,12.500000,37.500000,62.500000,87.500000,18.750000,31.250000,68.750000,93.750000,100.000000,6.250000,25.000000,43.750000,62.500000,81.250000,18.750000,18.750000,75.000000,93.750000,100.000000,31.250000,31.250000,56.250000,87.500000,87.500000,18.750000,31.250000,68.750000,93.750000,100.000000,6.250000,12.500000,37.500000,62.500000,81.250000,56.250000,56.250000,56.250000,87.500000,87.500000,6.250000,37.500000,50.000000,62.500000,81.250000,12.500000,18.750000,43.750000,75.000000,100.000000,31.250000,31.250000,56.250000,87.500000,87.500000,56.250000,56.250000,56.250000,56.250000,56.250000,6.250000,25.000000,50.000000,81.250000,100.000000,0.000000,0.000000,0.000000,0.000000,0.000000,6.250000,56.250000,75.000000,87.500000,93.750000,18.750000,31.250000,50.000000,81.250000,100.000000,12.500000,12.500000,25.000000,37.500000,62.500000,6.250000,31.250000,62.500000,75.000000,100.000000,56.250000,56.250000,56.250000,56.250000,56.250000,12.500000,25.000000,37.500000,81.250000,87.500000
Negative_F1782,0.315789,0.347368,0.336842,0.410526,0.357895,0.231579,0.347368,0.336842,0.315789,0.357895,0.410526,0.231579,0.126316,0.768421,0.105263,0.389474,0.368421,0.242105,0.484211,0.315789,0.200000,0.244681,0.223404,0.244681,0.329787,0.223404,0.138298,0.223404,0.223404,0.244681,0.308511,0.202128,0.159574,0.202128,0.010638,0.159574,0.308511,0.234043,0.180851,0.340426,0.170213,0.127660,4.210526,29.473684,57.894737,76.842105,98.947368,1.052632,21.052632,54.736842,78.947368,100.000000,2.105263,23.157895,42.105263,69.473684,97.894737,1.052632,20.000000,52.631579,78.947368,100.000000,3.157895,24.210526,48.421053,75.789474,98.947368,2.105263,37.894737,45.263158,68.421053,88.421053,2.105263,24.210526,43.157895,69.473684,97.894737,1.052632,20.000000,54.736842,78.947368,100.000000,4.210526,29.473684,57.894737,76.842105,98.947368,1.052632,18.947368,54.736842,78.947368,100.000000,3.157895,26.315789,50.526316,75.789474,98.947368,2.105263,37.894737,45.263158,68.421053,88.421053,5.263158,37.894737,47.368421,68.421053,81.052632,1.052632,24.210526,50.526316,74.736842,100.000000,4.210526,16.842105,41.052632,76.842105,92.631579,3.157895,38.947368,66.315789,84.210526,100.000000,2.105263,21.052632,40.000000,56.842105,89.473684,1.052632,18.947368,51.578947,76.842105,98.947368,1.052632,18.947368,48.421053,77.894737,100.000000,4.210526,29.473684,57.894737,76.842105,98.947368,9.473684,30.526316,51.578947,65.263158,95.789474
Negative_F1815,0.142857,0.523810,0.333333,0.523810,0.285714,0.190476,0.333333,0.523810,0.142857,0.523810,0.285714,0.190476,0.142857,0.857143,0.000000,0.571429,0.142857,0.285714,0.714286,0.142857,0.142857,0.200000,0.100000,0.450000,0.350000,0.300000,0.100000,0.450000,0.100000,0.200000,0.350000,0.300000,0.100000,0.300000,0.000000,0.000000,0.200000,0.350000,0.100000,0.250000,0.250000,0.050000,23.809524,23.809524,57.142857,71.428571,71.428571,4.761905,19.047619,38.095238,80.952381,95.238095,9.523810,42.857143,61.904762,85.714286,100.000000,4.761905,19.047619,38.095238,80.952381,95.238095,42.857143,47.619048,61.904762,85.714286,100.000000,9.523810,9.523810,23.809524,57.142857,71.428571,9.523810,42.857143,61.904762,85.714286,100.000000,4.761905,19.047619,38.095238,80.952381,95.238095,23.809524,23.809524,57.142857,71.428571,71.428571,4.761905,19.047619,38.095238,80.952381,95.238095,42.857143,47.619048,61.904762,85.714286,100.000000,9.523810,9.523810,23.809524,57.142857,71.428571,23.809524,23.809524,57.142857,71.428571,71.428571,4.761905,28.571429,47.619048,80.952381,100.000000,0.000000,0.000000,0.000000,0.000000,0.000000,9.523810,23.809524,57.142857,71.428571,100.000000,42.857143,42.857143,76.190476,85.714286,85.714286,4.761905,19.047619,33.333333,52.380952,90.476190,4.761905,33.333333,61.904762,85.714286,100.000000,23.809524,23.809524,57.142857,71.428571,71.428571,9.523810,9.523810,19.047619,38.095238,38.095238
Negative_F1822,0.350000,0.400000,0.250000,0.400000,0.375000,0.225000,0.250000,0.375000,0.375000,0.400000,0.375000,0.225000,0.175000,0.775000,0.050000,0.550000,0.275000,0.175000,0.550000,0.350000,0.100000,0.256410,0.205128,0.205128,0.282051,0.179487,0.179487,0.205128,0.205128,0.256410,0.282051,0.179487,0.179487,0.205128,0.051282,0.051282,0.384615,0.179487,0.128205,0.410256,0.102564,0.051282,10.000000,22.500000,37.500000,72.500000,97.500000,2.500000,40.000000,65.000000,87.500000,100.000000,5.000000,15.000000,32.500000,62.500000,85.000000,2.500000,42.500000,65.000000,87.500000,100.000000,7.500000,27.500000,57.500000,72.500000,85.000000,5.000000,12.500000,22.500000,40.000000,97.500000,5.000000,15.000000,32.500000,62.500000,85.000000,2.500000,42.500000,70.000000,90.000000,100.000000,10.000000,22.500000,40.000000,72.500000,97.500000,2.500000,42.500000,65.000000,87.500000,100.000000,7.500000,27.500000,57.500000,72.500000,85.000000,5.000000,12.500000,22.500000,40.000000,97.500000,10.000000,12.500000,22.500000,45.000000,97.500000,2.500000,35.000000,60.000000,80.000000,100.000000,27.500000,27.500000,27.500000,47.500000,47.500000,7.500000,27.500000,50.000000,77.500000,97.500000,5.000000,25.000000,52.500000,67.500000,92.500000,2.500000,17.500000,47.500000,82.500000,100.000000,2.500000,25.000000,60.000000,80.000000,100.000000,10.000000,22.500000,37.500000,72.500000,97.500000,40.000000,40.000000,42.500000,52.500000,92.500000
Negative_F1825,0.205882,0.441176,0.352941,0.558824,0.147059,0.294118,0.411765,0.352941,0.235294,0.352941,0.352941,0.294118,0.176471,0.794118,0.029412,0.264706,0.441176,0.294118,0.500000,0.205882,0.294118,0.151515,0.121212,0.363636,0.151515,0.363636,0.090909,0.363636,0.181818,0.151515,0.242424,0.212121,0.242424,0.212121,0.000000,0.060606,0.212121,0.121212,0.272727,0.212121,0.424242,0.060606,44.117647,50.000000,76.470588,97.058824,100.000000,2.941176,17.647059,52.941176,67.647059,91.176471,8.823529,26.470588,35.294118,70.588235,94.117647,2.941176,17.647059,52.941176,73.529412,94.117647,26.470588,32.352941,35.294118,47.058824,85.294118,14.705882,44.117647,55.882353,79.411765,100.000000,8.823529,29.411765,41.176471,70.588235,94.117647,2.941176,11.764706,23.529412,64.705882,91.176471,38.235294,44.117647,61.764706,79.411765,100.000000,2.941176,11.764706,23.529412,64.705882,91.176471,8.823529,29.411765,41.176471,70.588235,94.117647,14.705882,44.117647,55.882353,79.411765,100.000000,44.117647,50.000000,76.470588,97.058824,100.000000,2.941176,20.588235,41.176471,70.588235,94.117647,61.764706,61.764706,61.764706,61.764706,61.764706,23.529412,38.235294,50.000000,79.411765,100.000000,5.882353,29.411765,47.058824,85.294118,94.117647,2.941176,17.647059,52.941176,64.705882,82.352941,2.941176,26.470588,41.176471,70.588235,94.117647,44.117647,50.000000,76.470588,97.058824,100.000000,5.882353,17.647059,38.235294,67.647059,91.176471
Negative_F1827,0.361702,0.382979,0.255319,0.255319,0.340426,0.404255,0.255319,0.234043,0.510638,0.255319,0.340426,0.404255,0.234043,0.680851,0.085106,0.510638,0.276596,0.212766,0.382979,0.361702,0.255319,0.173913,0.304348,0.195652,0.173913,0.173913,0.282609,0.173913,0.326087,0.130435,0.173913,0.173913,0.282609,0.347826,0.043478,0.130435,0.260870,0.152174,0.195652,0.391304,0.152174,0.086957,10.638298,38.297872,55.319149,76.595745,97.872340,2.127660,14.893617,34.042553,70.212766,93.617021,12.765957,27.659574,48.936170,72.340426,100.000000,14.893617,34.042553,65.957447,80.851064,93.617021,19.148936,36.170213,57.446809,78.723404,100.000000,2.127660,10.638298,31.914894,61.702128,95.744681,12.765957,27.659574,48.936170,72.340426,100.000000,14.893617,34.042553,68.085106,82.978723,93.617021,2.127660,17.021277,40.425532,61.702128,97.872340,14.893617,34.042553,65.957447,80.851064,93.617021,19.148936,36.170213,57.446809,78.723404,100.000000,2.127660,10.638298,31.914894,61.702128,95.744681,10.638298,31.914894,46.808511,76.595745,95.744681,2.127660,21.276596,51.063830,72.340426,100.000000,25.531915,25.531915,44.680851,55.319149,89.361702,2.127660,17.021277,38.297872,74.468085,95.744681,12.765957,42.553191,57.446809,72.340426,100.000000,14.893617,34.042553,59.574468,82.978723,97.872340,12.765957,27.659574,48.936170,78.723404,100.000000,10.638298,38.297872,55.319149,76.595745,97.872340,2.127660,6.382979,29.787234,65.957447,85.106383
Negative_F1833,0.367347,0.387755,0.244898,0.489796,0.265306,0.244898,0.306122,0.285714,0.408163,0.306122,0.448980,0.244898,0.122449,0.755102,0.122449,0.346939,0.326531,0.326531,0.428571,0.367347,0.204082,0.229167,0.166667,0.333333,0.208333,0.312500,0.187500,0.291667,0.250000,0.145833,0.270833,0.166667,0.333333,0.250000,0.000000,0.145833,0.208333,0.270833,0.291667,0.250000,0.270833,0.145833,12.244898,26.530612,55.102041,85.714286,100.000000,2.040816,24.489796,48.979592,73.469388,93.877551,4.081633,22.448980,42.857143,71.428571,95.918367,2.040816,22.448980,48.979592,71.428571,93.877551,12.244898,26.530612,63.265306,85.714286,100.000000,4.081633,24.489796,44.897959,69.387755,91.836735,4.081633,22.448980,51.020408,75.510204,95.918367,2.040816,36.734694,48.979592,73.469388,93.877551,12.244898,24.489796,44.897959,83.673469,100.000000,2.040816,36.734694,55.102041,73.469388,93.877551,8.163265,22.448980,42.857143,81.632653,100.000000,4.081633,24.489796,44.897959,69.387755,91.836735,32.653061,44.897959,65.306122,87.755102,91.836735,2.040816,28.571429,51.020408,75.510204,97.959184,12.244898,14.285714,16.326531,55.102041,100.000000,12.244898,28.571429,63.265306,85.714286,100.000000,4.081633,22.448980,51.020408,73.469388,95.918367,2.040816,14.285714,40.816327,59.183673,93.877551,2.040816,30.612245,48.979592,71.428571,95.918367,12.244898,26.530612,55.102041,85.714286,100.000000,10.204082,24.489796,36.734694,73.469388,93.877551
Negative_F1834,0.440000,0.280000,0.280000,0.280000,0.200000,0.520000,0.280000,0.240000,0.480000,0.280000,0.200000,0.520000,0.280000,0.600000,0.120000,0.480000,0.360000,0.160000,0.320000,0.440000,0.240000,0.250000,0.250000,0.208333,0.041667,0.333333,0.375000,0.166667,0.291667,0.208333,0.041667,0.333333,0.375000,0.375000,0.125000,0.125000,0.333333,0.125000,0.208333,0.250000,0.166667,0.250000,16.000000,28.000000,60.000000,76.000000,88.000000,8.000000,12.000000,40.000000,92.000000,100.000000,4.000000,32.000000,52.000000,80.000000,96.000000,8.000000,12.000000,40.000000,92.000000,100.000000,28.000000,44.000000,64.000000,72.000000,80.000000,4.000000,32.000000,52.000000,68.000000,96.000000,4.000000,32.000000,52.000000,80.000000,96.000000,8.000000,12.000000,20.000000,92.000000,100.000000,16.000000,28.000000,56.000000,72.000000,88.000000,8.000000,12.000000,40.000000,92.000000,100.000000,28.000000,44.000000,64.000000,72.000000,80.000000,4.000000,32.000000,52.000000,68.000000,96.000000,16.000000,24.000000,60.000000,76.000000,84.000000,4.000000,20.000000,40.000000,80.000000,100.000000,44.000000,44.000000,72.000000,88.000000,88.000000,16.000000,44.000000,60.000000,76.000000,100.000000,4.000000,20.000000,36.000000,64.000000,96.000000,8.000000,8.000000,28.000000,40.000000,88.000000,4.000000,32.000000,52.000000,80.000000,100.000000,16.000000,28.000000,60.000000,76.000000,88.000000,8.000000,12.000000,20.000000,48.000000,92.000000
Negative_F1837,0.368421,0.263158,0.368421,0.421053,0.263158,0.315789,0.421053,0.210526,0.368421,0.315789,0.368421,0.315789,0.157895,0.684211,0.157895,0.315789,0.421053,0.263158,0.578947,0.368421,0.052632,0.166667,0.222222,0.222222,0.111111,0.388889,0.166667,0.222222,0.222222,0.166667,0.222222,0.277778,0.277778,0.222222,0.111111,0.111111,0.222222,0.166667,0.222222,0.388889,0.111111,0.000000,10.526316,15.789474,47.368421,68.421053,100.000000,5.263158,21.052632,26.315789,57.894737,78.947368,31.578947,36.842105,73.684211,89.473684,94.736842,5.263158,15.789474,42.105263,63.157895,84.210526,31.578947,36.842105,47.368421,94.736842,100.000000,10.526316,26.315789,52.631579,73.684211,89.473684,26.315789,31.578947,63.157895,84.210526,94.736842,5.263158,5.263158,21.052632,57.894737,78.947368,10.526316,15.789474,47.368421,68.421053,100.000000,5.263158,15.789474,21.052632,57.894737,78.947368,31.578947,36.842105,63.157895,94.736842,100.000000,10.526316,26.315789,52.631579,73.684211,89.473684,10.526316,10.526316,52.631579,68.421053,68.421053,5.263158,31.578947,63.157895,84.210526,100.000000,15.789474,15.789474,42.105263,47.368421,47.368421,5.263158,10.526316,47.368421,68.421053,78.947368,26.315789,31.578947,63.157895,84.210526,94.736842,15.789474,21.052632,42.105263,57.894737,100.000000,5.263158,31.578947,63.157895,84.210526,94.736842,10.526316,15.789474,47.368421,68.421053,100.000000,26.315789,26.315789,26.315789,26.315789,26.315789
Negative_F1846,0.240000,0.400000,0.360000,0.420000,0.360000,0.220000,0.460000,0.260000,0.280000,0.280000,0.500000,0.220000,0.040000,0.820000,0.140000,0.280000,0.520000,0.200000,0.440000,0.240000,0.320000,0.163265,0.163265,0.265306,0.326531,0.265306,0.102041,0.326531,0.183673,0.183673,0.285714,0.224490,0.142857,0.081633,0.000000,0.204082,0.204082,0.163265,0.244898,0.244898,0.265306,0.081633,8.000000,14.000000,22.000000,42.000000,94.000000,4.000000,40.000000,52.000000,74.000000,100.000000,2.000000,28.000000,56.000000,76.000000,88.000000,4.000000,24.000000,48.000000,66.000000,100.000000,2.000000,20.000000,38.000000,78.000000,94.000000,10.000000,42.000000,62.000000,88.000000,98.000000,2.000000,36.000000,58.000000,78.000000,98.000000,4.000000,40.000000,52.000000,68.000000,100.000000,8.000000,18.000000,30.000000,62.000000,94.000000,4.000000,22.000000,48.000000,68.000000,100.000000,2.000000,26.000000,40.000000,72.000000,94.000000,10.000000,42.000000,62.000000,88.000000,98.000000,42.000000,42.000000,42.000000,86.000000,86.000000,2.000000,34.000000,56.000000,76.000000,100.000000,8.000000,12.000000,20.000000,32.000000,80.000000,12.000000,20.000000,32.000000,62.000000,86.000000,2.000000,46.000000,64.000000,84.000000,100.000000,4.000000,18.000000,40.000000,60.000000,94.000000,2.000000,26.000000,52.000000,72.000000,88.000000,8.000000,14.000000,22.000000,42.000000,94.000000,4.000000,46.000000,62.000000,90.000000,100.000000
Negative_F1847,0.181818,0.409091,0.409091,0.545455,0.250000,0.204545,0.431818,0.363636,0.204545,0.363636,0.431818,0.204545,0.045455,0.863636,0.090909,0.363636,0.340909,0.295455,0.636364,0.181818,0.181818,0.162791,0.116279,0.325581,0.302326,0.232558,0.162791,0.325581,0.116279,0.162791,0.372093,0.162791,0.232558,0.069767,0.023256,0.162791,0.232558,0.232558,0.209302,0.209302,0.255814,0.069767,22.727273,38.636364,65.909091,70.454545,95.454545,2.272727,11.363636,34.090909,59.090909,93.181818,13.636364,29.545455,47.727273,86.363636,100.000000,2.272727,18.181818,43.181818,70.454545,93.181818,13.636364,40.909091,65.909091,90.909091,97.727273,15.909091,34.090909,47.727273,68.181818,100.000000,13.636364,29.545455,47.727273,86.363636,100.000000,2.272727,9.090909,31.818182,59.090909,93.181818,22.727273,52.272727,65.909091,70.454545,95.454545,2.272727,11.363636,31.818182,59.090909,79.545455,9.090909,36.363636,65.909091,88.636364,97.727273,15.909091,34.090909,47.727273,68.181818,100.000000,38.636364,38.636364,38.636364,68.181818,68.181818,2.272727,25.000000,47.727273,79.545455,100.000000,22.727273,22.727273,54.545455,70.454545,77.272727,4.545455,29.545455,52.272727,68.181818,90.909091,15.909091,34.090909,47.727273,86.363636,100.000000,2.272727,18.181818,31.818182,70.454545,95.454545,2.272727,20.454545,45.454545,75.000000,100.000000,22.727273,38.636364,65.909091,70.454545,95.454545,6.818182,9.090909,34.090909,59.090909,93.181818
Negative_F1859,0.333333,0.400000,0.266667,0.366667,0.166667,0.466667,0.333333,0.333333,0.333333,0.366667,0.166667,0.466667,0.233333,0.733333,0.033333,0.300000,0.366667,0.333333,0.533333,0.333333,0.133333,0.379310,0.172414,0.206897,0.172414,0.413793,0.172414,0.275862,0.241379,0.310345,0.172414,0.413793,0.172414,0.344828,0.000000,0.068966,0.172414,0.241379,0.344828,0.413793,0.137931,0.137931,6.666667,20.000000,53.333333,80.000000,93.333333,3.333333,16.666667,33.333333,50.000000,96.666667,23.333333,36.666667,63.333333,83.333333,100.000000,3.333333,13.333333,40.000000,70.000000,96.666667,20.000000,36.666667,66.666667,73.333333,86.666667,6.666667,30.000000,56.666667,83.333333,100.000000,16.666667,30.000000,60.000000,83.333333,100.000000,3.333333,26.666667,40.000000,70.000000,96.666667,6.666667,20.000000,53.333333,80.000000,93.333333,3.333333,13.333333,40.000000,70.000000,96.666667,20.000000,36.666667,66.666667,73.333333,86.666667,6.666667,30.000000,56.666667,83.333333,100.000000,6.666667,43.333333,56.666667,90.000000,93.333333,3.333333,26.666667,46.666667,73.333333,100.000000,13.333333,13.333333,13.333333,13.333333,13.333333,6.666667,36.666667,53.333333,80.000000,93.333333,16.666667,30.000000,63.333333,86.666667,100.000000,3.333333,20.000000,33.333333,66.666667,76.666667,3.333333,26.666667,46.666667,73.333333,100.000000,6.666667,20.000000,53.333333,80.000000,93.333333,16.666667,16.666667,30.000000,50.000000,96.666667
Negative_F1861,0.278689,0.377049,0.344262,0.475410,0.229508,0.295082,0.409836,0.295082,0.295082,0.311475,0.393443,0.295082,0.114754,0.803279,0.081967,0.245902,0.409836,0.344262,0.475410,0.278689,0.245902,0.216667,0.200000,0.250000,0.183333,0.333333,0.116667,0.266667,0.216667,0.166667,0.250000,0.183333,0.266667,0.166667,0.016667,0.150000,0.200000,0.116667,0.250000,0.250000,0.266667,0.166667,1.639344,19.672131,49.180328,85.245902,98.360656,4.918033,22.950820,52.459016,65.573770,91.803279,8.196721,27.868852,60.655738,77.049180,100.000000,3.278689,31.147541,54.098361,68.852459,100.000000,8.196721,32.786885,47.540984,86.885246,96.721311,1.639344,19.672131,36.065574,70.491803,98.360656,6.557377,26.229508,59.016393,73.770492,100.000000,4.918033,31.147541,52.459016,65.573770,91.803279,1.639344,14.754098,42.622951,85.245902,98.360656,3.278689,29.508197,52.459016,67.213115,91.803279,8.196721,32.786885,60.655738,81.967213,100.000000,1.639344,19.672131,36.065574,70.491803,98.360656,1.639344,14.754098,49.180328,85.245902,98.360656,4.918033,29.508197,54.098361,73.770492,100.000000,3.278689,11.475410,42.622951,80.327869,90.163934,1.639344,14.754098,49.180328,77.049180,98.360656,6.557377,26.229508,44.262295,70.491803,100.000000,3.278689,32.786885,55.737705,80.327869,95.081967,4.918033,27.868852,57.377049,72.131148,100.000000,1.639344,19.672131,49.180328,85.245902,98.360656,6.557377,22.950820,45.901639,65.573770,91.803279
Negative_F1873,0.370370,0.351852,0.277778,0.435185,0.250000,0.314815,0.287037,0.305556,0.407407,0.277778,0.407407,0.314815,0.194444,0.712963,0.092593,0.453704,0.268519,0.277778,0.425926,0.370370,0.203704,0.214953,0.233645,0.233645,0.177570,0.196262,0.186916,0.196262,0.271028,0.177570,0.242991,0.130841,0.252336,0.299065,0.009346,0.130841,0.233645,0.233645,0.177570,0.345794,0.214953,0.102804,0.925926,21.296296,37.037037,64.814815,100.000000,4.629630,35.185185,55.555556,75.000000,99.074074,1.851852,28.703704,56.481481,78.703704,96.296296,4.629630,45.370370,62.037037,79.629630,99.074074,6.481481,33.333333,44.444444,81.481481,100.000000,0.925926,13.888889,25.925926,69.444444,95.370370,1.851852,25.000000,56.481481,78.703704,96.296296,4.629630,35.185185,55.555556,75.925926,99.074074,0.925926,22.222222,41.666667,69.444444,100.000000,4.629630,31.481481,55.555556,75.000000,99.074074,6.481481,38.888889,60.185185,81.481481,100.000000,0.925926,13.888889,25.925926,69.444444,95.370370,0.925926,14.814815,23.148148,36.111111,95.370370,1.851852,31.481481,54.629630,75.925926,99.074074,41.666667,44.444444,62.962963,89.814815,100.000000,0.925926,19.444444,36.111111,70.370370,100.000000,1.851852,47.222222,60.185185,82.407407,96.296296,4.629630,37.037037,51.851852,75.925926,98.148148,1.851852,28.703704,53.703704,75.925926,99.074074,0.925926,21.296296,37.037037,64.814815,100.000000,8.333333,45.370370,61.111111,79.629630,98.148148
Negative_F1905,0.307692,0.423077,0.269231,0.442308,0.269231,0.288462,0.307692,0.326923,0.365385,0.288462,0.423077,0.288462,0.173077,0.788462,0.038462,0.423077,0.307692,0.269231,0.461538,0.307692,0.230769,0.235294,0.137255,0.352941,0.196078,0.235294,0.196078,0.274510,0.215686,0.196078,0.294118,0.137255,0.294118,0.235294,0.000000,0.078431,0.196078,0.274510,0.176471,0.235294,0.333333,0.137255,7.692308,25.000000,51.923077,67.307692,100.000000,3.846154,17.307692,46.153846,73.076923,96.153846,1.923077,30.769231,48.076923,80.769231,94.230769,3.846154,28.846154,48.076923,76.923077,94.230769,1.923077,19.230769,40.384615,80.769231,100.000000,17.307692,26.923077,57.692308,73.076923,98.076923,1.923077,30.769231,55.769231,80.769231,96.153846,3.846154,15.384615,44.230769,71.153846,92.307692,7.692308,25.000000,51.923077,67.307692,100.000000,5.769231,15.384615,46.153846,76.923077,92.307692,1.923077,23.076923,42.307692,80.769231,100.000000,17.307692,26.923077,57.692308,73.076923,98.076923,21.153846,26.923077,63.461538,67.307692,98.076923,1.923077,30.769231,50.000000,76.923077,100.000000,7.692308,7.692308,7.692308,11.538462,11.538462,5.769231,17.307692,38.461538,63.461538,98.076923,1.923077,34.615385,73.076923,88.461538,96.153846,3.846154,32.692308,44.230769,71.153846,100.000000,1.923077,23.076923,44.230769,71.153846,94.230769,7.692308,25.000000,51.923077,67.307692,100.000000,3.846154,17.307692,53.846154,76.923077,96.153846
Negative_F1909,0.343750,0.343750,0.312500,0.375000,0.375000,0.250000,0.312500,0.312500,0.375000,0.375000,0.375000,0.250000,0.156250,0.750000,0.093750,0.468750,0.218750,0.312500,0.593750,0.343750,0.062500,0.193548,0.225806,0.225806,0.258065,0.290323,0.225806,0.225806,0.225806,0.258065,0.258065,0.290323,0.225806,0.258065,0.064516,0.129032,0.193548,0.322581,0.129032,0.419355,0.129032,0.000000,12.500000,34.375000,71.875000,90.625000,100.000000,3.125000,28.125000,50.000000,68.750000,96.875000,6.250000,15.625000,40.625000,65.625000,84.375000,3.125000,25.000000,46.875000,68.750000,96.875000,6.250000,18.750000,43.750000,78.125000,100.000000,9.375000,21.875000,50.000000,62.500000,90.625000,6.250000,15.625000,40.625000,65.625000,84.375000,3.125000,28.125000,46.875000,68.750000,96.875000,12.500000,34.375000,62.500000,87.500000,100.000000,3.125000,25.000000,46.875000,68.750000,96.875000,6.250000,18.750000,43.750000,78.125000,100.000000,9.375000,21.875000,50.000000,62.500000,90.625000,21.875000,34.375000,62.500000,75.000000,90.625000,3.125000,25.000000,46.875000,68.750000,100.000000,12.500000,12.500000,71.875000,93.750000,93.750000,21.875000,37.500000,53.125000,71.875000,90.625000,6.250000,9.375000,18.750000,65.625000,78.125000,3.125000,25.000000,59.375000,93.750000,100.000000,3.125000,18.750000,43.750000,68.750000,96.875000,12.500000,34.375000,71.875000,90.625000,100.000000,50.000000,50.000000,50.000000,56.250000,56.250000
Negative_F1922,0.302326,0.372093,0.325581,0.558140,0.186047,0.255814,0.372093,0.302326,0.325581,0.348837,0.395349,0.255814,0.139535,0.790698,0.069767,0.302326,0.395349,0.302326,0.488372,0.302326,0.209302,0.238095,0.214286,0.357143,0.285714,0.309524,0.095238,0.333333,0.285714,0.214286,0.380952,0.166667,0.238095,0.190476,0.023810,0.119048,0.261905,0.190476,0.309524,0.309524,0.238095,0.142857,13.953488,23.255814,48.837209,88.372093,100.000000,2.325581,20.930233,44.186047,62.790698,95.348837,4.651163,34.883721,58.139535,74.418605,90.697674,2.325581,25.581395,51.162791,79.069767,95.348837,18.604651,27.906977,41.860465,69.767442,93.023256,4.651163,20.930233,48.837209,76.744186,100.000000,4.651163,25.581395,55.813953,72.093023,90.697674,2.325581,30.232558,51.162791,67.441860,95.348837,13.953488,23.255814,37.209302,88.372093,100.000000,2.325581,30.232558,53.488372,81.395349,95.348837,9.302326,27.906977,46.511628,74.418605,93.023256,4.651163,20.930233,48.837209,76.744186,100.000000,13.953488,23.255814,48.837209,97.674419,100.000000,2.325581,27.906977,46.511628,72.093023,95.348837,16.279070,16.279070,60.465116,88.372093,88.372093,13.953488,32.558140,51.162791,74.418605,100.000000,4.651163,34.883721,58.139535,79.069767,90.697674,2.325581,16.279070,39.534884,60.465116,95.348837,2.325581,34.883721,53.488372,72.093023,95.348837,13.953488,23.255814,48.837209,88.372093,100.000000,11.627907,30.232558,39.534884,67.441860,86.046512
Negative_F1929,0.257143,0.314286,0.428571,0.542857,0.342857,0.114286,0.428571,0.314286,0.257143,0.285714,0.600000,0.114286,0.085714,0.857143,0.057143,0.257143,0.342857,0.400000,0.628571,0.257143,0.114286,0.176471,0.117647,0.294118,0.500000,0.176471,0.058824,0.294118,0.117647,0.176471,0.411765,0.058824,0.176471,0.147059,0.029412,0.088235,0.205882,0.264706,0.205882,0.264706,0.205882,0.029412,17.142857,25.714286,31.428571,42.857143,62.857143,14.285714,40.000000,60.000000,85.714286,97.142857,2.857143,11.428571,65.714286,82.857143,100.000000,2.857143,31.428571,51.428571,77.142857,97.142857,5.714286,11.428571,57.142857,74.285714,100.000000,20.000000,20.000000,34.285714,42.857143,80.000000,2.857143,11.428571,65.714286,82.857143,100.000000,14.285714,40.000000,60.000000,85.714286,97.142857,17.142857,25.714286,31.428571,42.857143,62.857143,14.285714,31.428571,51.428571,85.714286,97.142857,2.857143,22.857143,57.142857,74.285714,100.000000,20.000000,20.000000,34.285714,42.857143,80.000000,20.000000,20.000000,34.285714,42.857143,42.857143,2.857143,28.571429,57.142857,80.000000,100.000000,25.714286,25.714286,25.714286,31.428571,31.428571,8.571429,20.000000,42.857143,74.285714,97.142857,2.857143,11.428571,48.571429,80.000000,100.000000,14.285714,31.428571,51.428571,71.428571,88.571429,2.857143,22.857143,60.000000,85.714286,100.000000,17.142857,25.714286,31.428571,42.857143,62.857143,40.000000,40.000000,51.428571,71.428571,77.142857
Negative_F1931,0.400000,0.200000,0.400000,0.150000,0.300000,0.550000,0.450000,0.150000,0.400000,0.100000,0.350000,0.550000,0.350000,0.650000,0.000000,0.600000,0.350000,0.050000,0.500000,0.400000,0.100000,0.105263,0.315789,0.315789,0.210526,0.105263,0.210526,0.263158,0.368421,0.052632,0.105263,0.105263,0.210526,0.315789,0.000000,0.000000,0.473684,0.052632,0.052632,0.368421,0.157895,0.052632,5.000000,10.000000,60.000000,90.000000,100.000000,40.000000,40.000000,50.000000,70.000000,80.000000,15.000000,20.000000,35.000000,55.000000,85.000000,40.000000,40.000000,50.000000,80.000000,80.000000,25.000000,30.000000,35.000000,55.000000,65.000000,5.000000,15.000000,70.000000,90.000000,100.000000,15.000000,30.000000,45.000000,65.000000,85.000000,40.000000,40.000000,50.000000,80.000000,80.000000,5.000000,10.000000,60.000000,90.000000,100.000000,50.000000,50.000000,50.000000,80.000000,80.000000,25.000000,30.000000,40.000000,55.000000,65.000000,5.000000,15.000000,70.000000,90.000000,100.000000,5.000000,10.000000,75.000000,95.000000,100.000000,15.000000,30.000000,45.000000,65.000000,85.000000,0.000000,0.000000,0.000000,0.000000,0.000000,5.000000,25.000000,50.000000,80.000000,100.000000,15.000000,20.000000,55.000000,70.000000,85.000000,40.000000,40.000000,40.000000,40.000000,40.000000,15.000000,30.000000,45.000000,65.000000,85.000000,5.000000,10.000000,60.000000,90.000000,100.000000,40.000000,40.000000,40.000000,70.000000,70.000000
Negative_F1953,0.307692,0.230769,0.461538,0.461538,0.192308,0.346154,0.500000,0.153846,0.346154,0.153846,0.500000,0.346154,0.153846,0.846154,0.000000,0.307692,0.423077,0.269231,0.500000,0.307692,0.192308,0.120000,0.240000,0.280000,0.160000,0.400000,0.120000,0.200000,0.320000,0.120000,0.160000,0.160000,0.360000,0.320000,0.000000,0.000000,0.240000,0.280000,0.200000,0.280000,0.160000,0.080000,3.846154,30.769231,57.692308,65.384615,96.153846,7.692308,11.538462,19.230769,73.076923,80.769231,15.384615,26.923077,50.000000,84.615385,100.000000,7.692308,26.923077,50.000000,76.923077,92.307692,3.846154,15.384615,46.153846,61.538462,65.384615,11.538462,30.769231,57.692308,84.615385,100.000000,15.384615,34.615385,50.000000,84.615385,100.000000,7.692308,7.692308,19.230769,73.076923,80.769231,3.846154,30.769231,57.692308,65.384615,96.153846,7.692308,7.692308,19.230769,73.076923,80.769231,3.846154,38.461538,50.000000,65.384615,92.307692,11.538462,30.769231,57.692308,84.615385,100.000000,30.769231,30.769231,57.692308,69.230769,96.153846,3.846154,23.076923,46.153846,76.923077,100.000000,0.000000,0.000000,0.000000,0.000000,0.000000,3.846154,11.538462,23.076923,57.692308,96.153846,26.923077,38.461538,53.846154,88.461538,100.000000,7.692308,19.230769,61.538462,73.076923,80.769231,15.384615,42.307692,73.076923,84.615385,100.000000,3.846154,30.769231,57.692308,65.384615,96.153846,7.692308,11.538462,19.230769,23.076923,34.615385
Negative_F1955,0.153846,0.700855,0.145299,0.675214,0.094017,0.230769,0.213675,0.623932,0.162393,0.547009,0.222222,0.230769,0.136752,0.863248,0.000000,0.247863,0.247863,0.504274,0.307692,0.153846,0.538462,0.224138,0.077586,0.146552,0.103448,0.318966,0.034483,0.206897,0.120690,0.198276,0.155172,0.250000,0.103448,0.267241,0.000000,0.000000,0.198276,0.224138,0.198276,0.103448,0.318966,0.198276,0.854701,27.350427,47.008547,70.940171,99.145299,1.709402,20.512821,42.735043,70.085470,100.000000,37.606838,60.683761,79.487179,94.017094,98.290598,1.709402,22.222222,47.863248,73.504274,100.000000,37.606838,54.700855,87.179487,96.581197,98.290598,0.854701,26.495726,47.008547,70.940171,99.145299,14.529915,46.153846,76.923077,89.743590,98.290598,1.709402,19.658120,42.735043,65.811966,100.000000,0.854701,27.350427,50.427350,74.358974,99.145299,1.709402,17.094017,35.897436,64.102564,100.000000,23.076923,59.829060,71.794872,89.743590,98.290598,0.854701,26.495726,47.008547,70.940171,99.145299,0.854701,21.367521,44.444444,62.393162,99.145299,1.709402,25.641026,52.136752,77.777778,100.000000,0.000000,0.000000,0.000000,0.000000,0.000000,0.854701,41.025641,62.393162,82.051282,99.145299,14.529915,47.863248,64.102564,87.179487,98.290598,1.709402,16.239316,34.188034,63.247863,100.000000,1.709402,40.170940,64.957265,86.324786,100.000000,0.854701,27.350427,47.008547,70.940171,99.145299,2.564103,17.094017,38.461538,68.376068,93.162393
Negative_F1988,0.240000,0.320000,0.440000,0.400000,0.320000,0.280000,0.440000,0.280000,0.280000,0.280000,0.440000,0.280000,0.080000,0.880000,0.040000,0.280000,0.480000,0.240000,0.480000,0.240000,0.280000,0.208333,0.291667,0.291667,0.291667,0.208333,0.291667,0.291667,0.291667,0.208333,0.333333,0.166667,0.333333,0.166667,0.000000,0.083333,0.333333,0.083333,0.166667,0.291667,0.250000,0.208333,8.000000,24.000000,44.000000,60.000000,72.000000,4.000000,12.000000,36.000000,64.000000,100.000000,16.000000,32.000000,68.000000,84.000000,96.000000,4.000000,28.000000,48.000000,92.000000,100.000000,8.000000,16.000000,32.000000,60.000000,80.000000,24.000000,40.000000,56.000000,76.000000,84.000000,16.000000,32.000000,68.000000,84.000000,96.000000,4.000000,12.000000,36.000000,88.000000,100.000000,8.000000,24.000000,44.000000,60.000000,72.000000,4.000000,12.000000,36.000000,88.000000,100.000000,8.000000,20.000000,48.000000,80.000000,96.000000,24.000000,40.000000,56.000000,76.000000,84.000000,24.000000,24.000000,24.000000,52.000000,52.000000,4.000000,28.000000,56.000000,80.000000,100.000000,44.000000,44.000000,44.000000,44.000000,44.000000,24.000000,40.000000,52.000000,72.000000,80.000000,16.000000,28.000000,64.000000,84.000000,96.000000,4.000000,8.000000,12.000000,60.000000,100.000000,4.000000,16.000000,48.000000,80.000000,96.000000,8.000000,24.000000,44.000000,60.000000,72.000000,28.000000,36.000000,56.000000,88.000000,100.000000
Negative_F1992,0.538462,0.346154,0.115385,0.269231,0.230769,0.500000,0.115385,0.269231,0.615385,0.269231,0.230769,0.500000,0.346154,0.653846,0.000000,0.692308,0.192308,0.115385,0.192308,0.538462,0.269231,0.120000,0.080000,0.080000,0.000000,0.200000,0.320000,0.080000,0.080000,0.120000,0.000000,0.200000,0.320000,0.440000,0.000000,0.000000,0.120000,0.000000,0.120000,0.080000,0.200000,0.120000,19.230769,30.769231,42.307692,80.769231,100.000000,3.846154,57.692308,65.384615,73.076923,96.153846,11.538462,11.538462,15.384615,92.307692,92.307692,3.846154,7.692308,69.230769,76.923077,96.153846,15.384615,23.076923,26.923077,46.153846,50.000000,11.538462,34.615385,57.692308,84.615385,100.000000,11.538462,11.538462,15.384615,92.307692,92.307692,3.846154,7.692308,69.230769,76.923077,96.153846,19.230769,30.769231,46.153846,61.538462,100.000000,3.846154,7.692308,69.230769,76.923077,96.153846,15.384615,23.076923,26.923077,46.153846,50.000000,11.538462,34.615385,57.692308,84.615385,100.000000,19.230769,34.615385,53.846154,84.615385,100.000000,3.846154,23.076923,50.000000,69.230769,96.153846,0.000000,0.000000,0.000000,0.000000,0.000000,19.230769,34.615385,50.000000,84.615385,100.000000,7.692308,11.538462,15.384615,65.384615,76.923077,3.846154,3.846154,69.230769,73.076923,73.076923,3.846154,11.538462,15.384615,73.076923,96.153846,19.230769,30.769231,42.307692,80.769231,100.000000,7.692308,57.692308,65.384615,76.923077,92.307692
Negative_F2032,0.309524,0.357143,0.333333,0.476190,0.238095,0.285714,0.357143,0.309524,0.333333,0.309524,0.404762,0.285714,0.166667,0.761905,0.071429,0.285714,0.357143,0.357143,0.523810,0.309524,0.166667,0.195122,0.219512,0.219512,0.195122,0.317073,0.146341,0.219512,0.268293,0.195122,0.243902,0.219512,0.243902,0.292683,0.024390,0.121951,0.268293,0.243902,0.219512,0.341463,0.268293,0.073171,7.142857,26.190476,45.238095,66.666667,100.000000,2.380952,16.666667,59.523810,83.333333,97.619048,9.523810,28.571429,38.095238,80.952381,95.238095,2.380952,19.047619,57.142857,80.952381,97.619048,7.142857,21.428571,38.095238,54.761905,95.238095,11.904762,28.571429,52.380952,71.428571,100.000000,9.523810,28.571429,40.476190,80.952381,95.238095,2.380952,16.666667,59.523810,83.333333,97.619048,7.142857,26.190476,45.238095,66.666667,100.000000,2.380952,23.809524,59.523810,83.333333,97.619048,7.142857,21.428571,40.476190,64.285714,95.238095,11.904762,28.571429,52.380952,71.428571,100.000000,11.904762,26.190476,42.857143,76.190476,100.000000,2.380952,28.571429,52.380952,78.571429,97.619048,7.142857,7.142857,23.809524,54.761905,54.761905,7.142857,26.190476,54.761905,73.809524,100.000000,9.523810,28.571429,40.476190,80.952381,95.238095,2.380952,16.666667,50.000000,78.571429,97.619048,2.380952,28.571429,50.000000,80.952381,97.619048,7.142857,26.190476,45.238095,66.666667,100.000000,4.761905,16.666667,57.142857,83.333333,90.476190
Negative_F2033,0.210526,0.368421,0.421053,0.263158,0.368421,0.368421,0.421053,0.263158,0.315789,0.210526,0.421053,0.368421,0.210526,0.789474,0.000000,0.631579,0.157895,0.210526,0.473684,0.210526,0.315789,0.000000,0.166667,0.388889,0.277778,0.111111,0.277778,0.277778,0.277778,0.111111,0.222222,0.055556,0.333333,0.166667,0.000000,0.000000,0.277778,0.333333,0.055556,0.111111,0.388889,0.055556,36.842105,36.842105,42.105263,94.736842,100.000000,5.263158,21.052632,57.894737,78.947368,84.210526,10.526316,15.789474,47.368421,68.421053,89.473684,5.263158,21.052632,26.315789,57.894737,78.947368,10.526316,15.789474,52.631579,73.684211,89.473684,36.842105,42.105263,63.157895,94.736842,100.000000,10.526316,15.789474,47.368421,68.421053,89.473684,5.263158,21.052632,26.315789,57.894737,78.947368,36.842105,42.105263,63.157895,94.736842,100.000000,5.263158,5.263158,21.052632,26.315789,78.947368,10.526316,15.789474,52.631579,68.421053,89.473684,36.842105,42.105263,63.157895,94.736842,100.000000,36.842105,36.842105,42.105263,94.736842,100.000000,5.263158,21.052632,52.631579,73.684211,89.473684,0.000000,0.000000,0.000000,0.000000,0.000000,10.526316,26.315789,42.105263,73.684211,100.000000,52.631579,52.631579,68.421053,89.473684,89.473684,5.263158,5.263158,21.052632,57.894737,78.947368,5.263158,15.789474,31.578947,68.421053,89.473684,36.842105,36.842105,42.105263,94.736842,100.000000,21.052632,47.368421,57.894737,78.947368,84.210526
Negative_F2039,0.555556,0.222222,0.222222,0.277778,0.222222,0.500000,0.222222,0.166667,0.611111,0.222222,0.277778,0.500000,0.388889,0.555556,0.055556,0.611111,0.166667,0.222222,0.333333,0.555556,0.111111,0.352941,0.117647,0.117647,0.117647,0.294118,0.176471,0.058824,0.176471,0.294118,0.117647,0.294118,0.176471,0.411765,0.058824,0.000000,0.235294,0.352941,0.000000,0.294118,0.058824,0.176471,5.555556,22.222222,33.333333,77.777778,100.000000,16.666667,16.666667,38.888889,66.666667,94.444444,50.000000,50.000000,55.555556,61.111111,88.888889,5.555556,16.666667,38.888889,88.888889,94.444444,55.555556,55.555556,61.111111,83.333333,100.000000,11.111111,27.777778,44.444444,66.666667,77.777778,50.000000,50.000000,55.555556,61.111111,88.888889,16.666667,16.666667,38.888889,94.444444,94.444444,5.555556,22.222222,44.444444,77.777778,100.000000,5.555556,5.555556,16.666667,38.888889,94.444444,55.555556,61.111111,83.333333,88.888889,100.000000,11.111111,27.777778,44.444444,66.666667,77.777778,11.111111,22.222222,33.333333,72.222222,77.777778,16.666667,50.000000,61.111111,88.888889,100.000000,5.555556,5.555556,5.555556,5.555556,5.555556,11.111111,27.777778,61.111111,77.777778,94.444444,50.000000,50.000000,55.555556,88.888889,88.888889,5.555556,5.555556,16.666667,38.888889,100.000000,16.666667,50.000000,55.555556,88.888889,94.444444,5.555556,22.222222,33.333333,77.777778,100.000000,38.888889,38.888889,38.888889,66.666667,66.666667
Negative_F2056,0.359375,0.304688,0.335938,0.390625,0.320312,0.289062,0.375000,0.242188,0.382812,0.312500,0.398438,0.289062,0.156250,0.734375,0.109375,0.382812,0.328125,0.289062,0.468750,0.359375,0.171875,0.267717,0.275591,0.236220,0.275591,0.275591,0.188976,0.204724,0.338583,0.220472,0.267717,0.220472,0.244094,0.251969,0.023622,0.165354,0.307087,0.212598,0.212598,0.377953,0.149606,0.165354,0.781250,27.343750,50.781250,75.000000,99.218750,2.343750,25.000000,46.093750,73.437500,97.656250,1.562500,23.437500,56.250000,76.562500,100.000000,3.125000,28.125000,51.562500,72.656250,98.437500,1.562500,30.468750,56.250000,75.781250,100.000000,0.781250,16.406250,46.875000,77.343750,99.218750,1.562500,22.656250,48.437500,75.781250,100.000000,7.031250,25.000000,46.093750,73.437500,97.656250,0.781250,28.906250,52.343750,75.000000,99.218750,3.125000,25.000000,46.093750,68.750000,97.656250,1.562500,30.468750,57.031250,76.562500,100.000000,0.781250,16.406250,46.875000,77.343750,99.218750,0.781250,10.937500,52.343750,77.343750,99.218750,1.562500,26.562500,48.437500,75.781250,100.000000,3.125000,27.343750,50.781250,70.312500,92.187500,0.781250,24.218750,57.812500,79.687500,100.000000,1.562500,26.562500,47.656250,75.781250,98.437500,3.125000,28.906250,46.093750,67.187500,97.656250,1.562500,23.437500,51.562500,76.562500,100.000000,0.781250,27.343750,50.781250,75.000000,99.218750,2.343750,28.125000,40.625000,60.937500,95.312500
Negative_F2066,0.307692,0.384615,0.307692,0.384615,0.307692,0.307692,0.307692,0.384615,0.307692,0.384615,0.307692,0.307692,0.230769,0.692308,0.076923,0.384615,0.307692,0.307692,0.538462,0.307692,0.153846,0.250000,0.250000,0.250000,0.083333,0.416667,0.083333,0.250000,0.250000,0.250000,0.083333,0.416667,0.083333,0.333333,0.000000,0.166667,0.333333,0.250000,0.166667,0.416667,0.250000,0.083333,15.384615,15.384615,53.846154,61.538462,76.923077,7.692308,23.076923,30.769231,46.153846,100.000000,38.461538,38.461538,69.230769,84.615385,92.307692,7.692308,23.076923,30.769231,46.153846,100.000000,69.230769,69.230769,76.923077,84.615385,92.307692,15.384615,15.384615,38.461538,53.846154,61.538462,38.461538,38.461538,69.230769,84.615385,92.307692,7.692308,23.076923,30.769231,46.153846,100.000000,15.384615,15.384615,53.846154,61.538462,76.923077,7.692308,23.076923,30.769231,46.153846,100.000000,69.230769,69.230769,76.923077,84.615385,92.307692,15.384615,15.384615,38.461538,53.846154,61.538462,15.384615,15.384615,53.846154,61.538462,61.538462,7.692308,30.769231,46.153846,84.615385,100.000000,76.923077,76.923077,76.923077,76.923077,76.923077,15.384615,53.846154,61.538462,76.923077,100.000000,38.461538,38.461538,69.230769,84.615385,92.307692,7.692308,7.692308,23.076923,30.769231,46.153846,7.692308,23.076923,69.230769,92.307692,100.000000,15.384615,15.384615,53.846154,61.538462,76.923077,30.769231,30.769231,30.769231,46.153846,46.153846
Negative_F2068,0.157895,0.421053,0.421053,0.473684,0.368421,0.157895,0.421053,0.421053,0.157895,0.473684,0.368421,0.157895,0.052632,0.894737,0.052632,0.315789,0.315789,0.368421,0.578947,0.157895,0.263158,0.277778,0.055556,0.388889,0.444444,0.111111,0.166667,0.388889,0.055556,0.277778,0.444444,0.111111,0.166667,0.111111,0.000000,0.111111,0.277778,0.388889,0.166667,0.111111,0.333333,0.222222,15.789474,15.789474,26.315789,84.210526,84.210526,10.526316,21.052632,47.368421,68.421053,89.473684,5.263158,36.842105,57.894737,78.947368,100.000000,10.526316,26.315789,47.368421,68.421053,89.473684,5.263158,15.789474,42.105263,78.947368,94.736842,63.157895,63.157895,84.210526,100.000000,100.000000,5.263158,36.842105,57.894737,78.947368,100.000000,10.526316,21.052632,47.368421,68.421053,89.473684,15.789474,15.789474,26.315789,84.210526,84.210526,10.526316,26.315789,47.368421,68.421053,89.473684,5.263158,15.789474,42.105263,78.947368,94.736842,63.157895,63.157895,84.210526,100.000000,100.000000,84.210526,84.210526,84.210526,84.210526,84.210526,5.263158,31.578947,52.631579,73.684211,100.000000,26.315789,26.315789,26.315789,26.315789,26.315789,15.789474,31.578947,42.105263,84.210526,94.736842,5.263158,36.842105,57.894737,78.947368,100.000000,10.526316,21.052632,47.368421,73.684211,89.473684,5.263158,36.842105,57.894737,78.947368,100.000000,15.789474,15.789474,26.315789,84.210526,84.210526,10.526316,21.052632,47.368421,68.421053,89.473684
Negative_F2073,0.406250,0.234375,0.359375,0.281250,0.312500,0.406250,0.375000,0.187500,0.437500,0.171875,0.421875,0.406250,0.250000,0.718750,0.031250,0.453125,0.296875,0.250000,0.375000,0.406250,0.218750,0.222222,0.333333,0.190476,0.174603,0.238095,0.222222,0.158730,0.365079,0.190476,0.142857,0.142857,0.317460,0.412698,0.015873,0.047619,0.222222,0.269841,0.206349,0.380952,0.206349,0.174603,1.562500,29.687500,45.312500,75.000000,90.625000,6.250000,28.125000,53.125000,81.250000,98.437500,3.125000,21.875000,51.562500,76.562500,100.000000,6.250000,43.750000,62.500000,81.250000,98.437500,3.125000,21.875000,45.312500,67.187500,100.000000,1.562500,23.437500,40.625000,75.000000,93.750000,3.125000,21.875000,51.562500,76.562500,100.000000,6.250000,12.500000,53.125000,73.437500,98.437500,1.562500,29.687500,45.312500,70.312500,90.625000,6.250000,28.125000,59.375000,70.312500,92.187500,3.125000,29.687500,56.250000,82.812500,100.000000,1.562500,23.437500,40.625000,75.000000,93.750000,1.562500,23.437500,46.875000,78.125000,90.625000,3.125000,25.000000,48.437500,73.437500,100.000000,60.937500,60.937500,60.937500,70.312500,70.312500,1.562500,23.437500,45.312500,75.000000,90.625000,6.250000,25.000000,56.250000,87.500000,100.000000,4.687500,28.125000,53.125000,70.312500,98.437500,3.125000,25.000000,51.562500,76.562500,100.000000,1.562500,29.687500,45.312500,75.000000,90.625000,6.250000,20.312500,50.000000,73.437500,98.437500
Negative_F2075,0.444444,0.444444,0.111111,0.444444,0.111111,0.444444,0.111111,0.444444,0.444444,0.333333,0.222222,0.444444,0.444444,0.555556,0.000000,0.666667,0.111111,0.222222,0.444444,0.444444,0.111111,0.352941,0.058824,0.176471,0.176471,0.352941,0.058824,0.176471,0.058824,0.352941,0.117647,0.176471,0.235294,0.411765,0.000000,0.000000,0.117647,0.235294,0.117647,0.235294,0.058824,0.176471,11.111111,16.666667,44.444444,83.333333,100.000000,5.555556,22.222222,50.000000,61.111111,88.888889,27.777778,27.777778,27.777778,72.222222,72.222222,5.555556,22.222222,50.000000,61.111111,88.888889,27.777778,27.777778,27.777778,72.222222,72.222222,11.111111,16.666667,44.444444,83.333333,100.000000,27.777778,27.777778,27.777778,72.222222,72.222222,5.555556,22.222222,50.000000,61.111111,88.888889,11.111111,16.666667,44.444444,83.333333,100.000000,5.555556,33.333333,50.000000,61.111111,66.666667,22.222222,22.222222,27.777778,72.222222,88.888889,11.111111,16.666667,44.444444,83.333333,100.000000,11.111111,16.666667,44.444444,83.333333,100.000000,5.555556,27.777778,50.000000,66.666667,88.888889,0.000000,0.000000,0.000000,0.000000,0.000000,5.555556,16.666667,44.444444,77.777778,100.000000,27.777778,27.777778,27.777778,72.222222,72.222222,22.222222,22.222222,61.111111,66.666667,88.888889,5.555556,27.777778,50.000000,61.111111,72.222222,11.111111,16.666667,44.444444,83.333333,100.000000,22.222222,22.222222,22.222222,88.888889,88.888889
Negative_F2080,0.281250,0.375000,0.343750,0.437500,0.250000,0.312500,0.343750,0.343750,0.312500,0.343750,0.343750,0.312500,0.218750,0.718750,0.062500,0.406250,0.312500,0.281250,0.500000,0.281250,0.218750,0.096774,0.096774,0.354839,0.258065,0.322581,0.064516,0.322581,0.129032,0.129032,0.193548,0.258065,0.129032,0.129032,0.064516,0.064516,0.225806,0.290323,0.290323,0.129032,0.322581,0.064516,3.125000,28.125000,71.875000,93.750000,100.000000,9.375000,18.750000,37.500000,59.375000,87.500000,12.500000,43.750000,56.250000,81.250000,90.625000,9.375000,21.875000,37.500000,62.500000,93.750000,25.000000,46.875000,56.250000,68.750000,84.375000,3.125000,15.625000,43.750000,90.625000,100.000000,12.500000,43.750000,56.250000,81.250000,90.625000,9.375000,21.875000,40.625000,62.500000,87.500000,3.125000,15.625000,31.250000,93.750000,100.000000,9.375000,21.875000,37.500000,62.500000,93.750000,12.500000,46.875000,56.250000,81.250000,87.500000,3.125000,15.625000,43.750000,90.625000,100.000000,3.125000,6.250000,71.875000,96.875000,100.000000,9.375000,25.000000,50.000000,68.750000,90.625000,28.125000,28.125000,28.125000,93.750000,93.750000,3.125000,25.000000,65.625000,78.125000,100.000000,12.500000,43.750000,50.000000,68.750000,90.625000,9.375000,28.125000,40.625000,59.375000,93.750000,12.500000,37.500000,50.000000,68.750000,90.625000,3.125000,28.125000,71.875000,93.750000,100.000000,9.375000,15.625000,34.375000,62.500000,87.500000
Negative_F2083,0.266667,0.433333,0.300000,0.533333,0.233333,0.233333,0.300000,0.433333,0.266667,0.433333,0.333333,0.233333,0.233333,0.766667,0.000000,0.400000,0.400000,0.200000,0.500000,0.266667,0.233333,0.172414,0.206897,0.275862,0.241379,0.206897,0.103448,0.275862,0.206897,0.172414,0.275862,0.172414,0.137931,0.310345,0.000000,0.000000,0.275862,0.206897,0.206897,0.310345,0.344828,0.068966,16.666667,30.000000,43.333333,83.333333,100.000000,3.333333,23.333333,56.666667,70.000000,93.333333,10.000000,26.666667,50.000000,73.333333,86.666667,3.333333,23.333333,56.666667,73.333333,93.333333,10.000000,13.333333,46.666667,83.333333,86.666667,16.666667,30.000000,43.333333,96.666667,100.000000,10.000000,26.666667,50.000000,73.333333,86.666667,3.333333,23.333333,56.666667,70.000000,93.333333,16.666667,30.000000,43.333333,83.333333,100.000000,3.333333,23.333333,56.666667,70.000000,93.333333,10.000000,26.666667,50.000000,80.000000,86.666667,16.666667,30.000000,43.333333,96.666667,100.000000,16.666667,30.000000,43.333333,96.666667,100.000000,3.333333,23.333333,56.666667,76.666667,93.333333,0.000000,0.000000,0.000000,0.000000,0.000000,3.333333,30.000000,43.333333,60.000000,100.000000,10.000000,20.000000,50.000000,73.333333,90.000000,6.666667,36.666667,56.666667,83.333333,93.333333,3.333333,26.666667,56.666667,76.666667,93.333333,16.666667,30.000000,43.333333,83.333333,100.000000,6.666667,20.000000,36.666667,70.000000,90.000000
Negative_F2090,0.375000,0.375000,0.250000,0.382353,0.301471,0.316176,0.272059,0.338235,0.389706,0.323529,0.360294,0.316176,0.227941,0.691176,0.080882,0.595588,0.235294,0.169118,0.411765,0.375000,0.213235,0.266667,0.207407,0.170370,0.214815,0.222222,0.200000,0.162963,0.244444,0.244444,0.237037,0.170370,0.251852,0.311111,0.029630,0.118519,0.333333,0.185185,0.096296,0.311111,0.185185,0.162963,2.205882,27.205882,50.735294,77.941176,99.264706,1.470588,18.382353,33.088235,70.588235,100.000000,0.735294,46.323529,62.500000,80.882353,96.323529,1.470588,18.382353,35.294118,71.323529,100.000000,4.411765,44.852941,61.029412,77.941176,98.529412,0.735294,20.588235,41.911765,73.529412,99.264706,0.735294,45.588235,62.500000,77.205882,96.323529,1.470588,16.911765,32.352941,67.647059,100.000000,2.205882,27.941176,50.735294,77.941176,99.264706,1.470588,16.911765,35.294118,70.588235,100.000000,4.411765,41.176471,56.617647,77.941176,98.529412,0.735294,20.588235,41.911765,73.529412,99.264706,2.205882,17.647059,38.970588,61.764706,99.264706,0.735294,25.000000,50.735294,75.000000,100.000000,37.500000,54.411765,69.852941,78.676471,98.529412,0.735294,22.058824,48.529412,72.794118,100.000000,2.941176,33.823529,55.147059,77.205882,96.323529,8.088235,22.794118,42.647059,75.735294,97.794118,1.470588,26.470588,55.882353,76.470588,100.000000,2.205882,27.205882,50.735294,77.941176,99.264706,0.735294,21.323529,33.823529,64.705882,89.705882
Negative_F2102,0.384615,0.461538,0.153846,0.307692,0.230769,0.461538,0.307692,0.307692,0.384615,0.307692,0.230769,0.461538,0.307692,0.615385,0.076923,0.461538,0.230769,0.307692,0.307692,0.384615,0.307692,0.416667,0.000000,0.333333,0.083333,0.333333,0.416667,0.083333,0.083333,0.333333,0.083333,0.333333,0.416667,0.416667,0.166667,0.000000,0.250000,0.333333,0.083333,0.083333,0.333333,0.333333,7.692308,15.384615,23.076923,38.461538,61.538462,30.769231,46.153846,53.846154,84.615385,100.000000,76.923077,76.923077,76.923077,92.307692,92.307692,30.769231,30.769231,46.153846,53.846154,100.000000,15.384615,15.384615,76.923077,92.307692,92.307692,7.692308,23.076923,38.461538,69.230769,84.615385,69.230769,69.230769,76.923077,84.615385,92.307692,30.769231,30.769231,46.153846,53.846154,100.000000,7.692308,15.384615,23.076923,38.461538,61.538462,30.769231,30.769231,46.153846,53.846154,100.000000,15.384615,15.384615,76.923077,92.307692,92.307692,7.692308,23.076923,38.461538,69.230769,84.615385,7.692308,7.692308,23.076923,38.461538,61.538462,30.769231,46.153846,69.230769,84.615385,100.000000,15.384615,15.384615,15.384615,15.384615,15.384615,7.692308,15.384615,23.076923,61.538462,76.923077,69.230769,69.230769,84.615385,92.307692,92.307692,30.769231,30.769231,46.153846,53.846154,100.000000,46.153846,46.153846,76.923077,92.307692,100.000000,7.692308,15.384615,23.076923,38.461538,61.538462,30.769231,30.769231,53.846154,69.230769,84.615385
Negative_F2106,0.344828,0.310345,0.344828,0.448276,0.344828,0.206897,0.344828,0.310345,0.344828,0.379310,0.413793,0.206897,0.172414,0.758621,0.068966,0.482759,0.275862,0.241379,0.482759,0.344828,0.172414,0.250000,0.250000,0.214286,0.250000,0.250000,0.178571,0.214286,0.250000,0.250000,0.321429,0.214286,0.214286,0.321429,0.035714,0.107143,0.178571,0.321429,0.142857,0.357143,0.214286,0.142857,13.793103,27.586207,41.379310,68.965517,93.103448,3.448276,31.034483,55.172414,75.862069,96.551724,6.896552,20.689655,48.275862,79.310345,100.000000,3.448276,31.034483,55.172414,79.310345,100.000000,6.896552,27.586207,48.275862,62.068966,86.206897,10.344828,24.137931,37.931034,82.758621,93.103448,6.896552,20.689655,48.275862,79.310345,100.000000,3.448276,31.034483,55.172414,75.862069,96.551724,13.793103,27.586207,41.379310,68.965517,93.103448,3.448276,17.241379,41.379310,75.862069,96.551724,6.896552,27.586207,51.724138,65.517241,100.000000,10.344828,24.137931,37.931034,82.758621,93.103448,24.137931,37.931034,68.965517,82.758621,93.103448,3.448276,27.586207,51.724138,75.862069,100.000000,13.793103,13.793103,13.793103,41.379310,41.379310,10.344828,34.482759,58.620690,82.758621,93.103448,6.896552,17.241379,44.827586,79.310345,100.000000,3.448276,13.793103,41.379310,65.517241,75.862069,3.448276,31.034483,48.275862,79.310345,100.000000,13.793103,27.586207,41.379310,68.965517,93.103448,10.344828,17.241379,55.172414,75.862069,96.551724
Negative_F2108,0.076923,0.384615,0.538462,0.384615,0.307692,0.307692,0.538462,0.384615,0.076923,0.307692,0.384615,0.307692,0.076923,0.923077,0.000000,0.615385,0.230769,0.153846,0.846154,0.076923,0.076923,0.083333,0.083333,0.416667,0.416667,0.083333,0.083333,0.416667,0.083333,0.083333,0.250000,0.083333,0.083333,0.166667,0.000000,0.000000,0.166667,0.333333,0.000000,0.166667,0.166667,0.000000,84.615385,84.615385,84.615385,84.615385,84.615385,23.076923,46.153846,53.846154,69.230769,76.923077,7.692308,15.384615,38.461538,92.307692,100.000000,23.076923,46.153846,53.846154,69.230769,76.923077,15.384615,15.384615,30.769231,38.461538,61.538462,7.692308,7.692308,84.615385,92.307692,100.000000,7.692308,15.384615,38.461538,92.307692,100.000000,23.076923,46.153846,53.846154,69.230769,76.923077,84.615385,84.615385,84.615385,84.615385,84.615385,46.153846,46.153846,53.846154,69.230769,76.923077,15.384615,23.076923,30.769231,38.461538,61.538462,7.692308,7.692308,84.615385,92.307692,100.000000,84.615385,84.615385,84.615385,84.615385,84.615385,7.692308,23.076923,46.153846,69.230769,100.000000,0.000000,0.000000,0.000000,0.000000,0.000000,15.384615,30.769231,46.153846,69.230769,84.615385,7.692308,7.692308,92.307692,100.000000,100.000000,23.076923,23.076923,23.076923,53.846154,53.846154,7.692308,30.769231,53.846154,76.923077,100.000000,84.615385,84.615385,84.615385,84.615385,84.615385,23.076923,23.076923,23.076923,23.076923,23.076923
Negative_F2115,0.133333,0.400000,0.466667,0.400000,0.333333,0.266667,0.466667,0.400000,0.133333,0.400000,0.333333,0.266667,0.133333,0.866667,0.000000,0.533333,0.133333,0.333333,0.733333,0.133333,0.133333,0.142857,0.071429,0.428571,0.428571,0.142857,0.142857,0.428571,0.071429,0.142857,0.428571,0.142857,0.142857,0.214286,0.000000,0.000000,0.142857,0.357143,0.071429,0.142857,0.214286,0.071429,73.333333,73.333333,73.333333,100.000000,100.000000,20.000000,26.666667,46.666667,66.666667,93.333333,6.666667,13.333333,40.000000,80.000000,86.666667,20.000000,26.666667,46.666667,66.666667,93.333333,13.333333,33.333333,40.000000,60.000000,86.666667,6.666667,6.666667,73.333333,80.000000,100.000000,6.666667,13.333333,40.000000,80.000000,86.666667,20.000000,26.666667,46.666667,66.666667,93.333333,73.333333,73.333333,73.333333,100.000000,100.000000,20.000000,26.666667,46.666667,66.666667,93.333333,13.333333,33.333333,40.000000,60.000000,86.666667,6.666667,6.666667,73.333333,80.000000,100.000000,73.333333,73.333333,73.333333,100.000000,100.000000,6.666667,26.666667,46.666667,66.666667,93.333333,0.000000,0.000000,0.000000,0.000000,0.000000,13.333333,33.333333,66.666667,80.000000,100.000000,6.666667,6.666667,6.666667,40.000000,40.000000,20.000000,26.666667,46.666667,53.333333,93.333333,6.666667,26.666667,46.666667,66.666667,93.333333,73.333333,73.333333,73.333333,100.000000,100.000000,20.000000,20.000000,20.000000,80.000000,80.000000
Negative_F2137,0.333333,0.166667,0.500000,0.166667,0.500000,0.333333,0.500000,0.166667,0.333333,0.166667,0.500000,0.333333,0.333333,0.666667,0.000000,0.583333,0.416667,0.000000,0.666667,0.333333,0.000000,0.000000,0.454545,0.363636,0.363636,0.000000,0.454545,0.363636,0.454545,0.000000,0.363636,0.000000,0.454545,0.454545,0.000000,0.000000,0.636364,0.000000,0.000000,0.454545,0.000000,0.000000,25.000000,25.000000,75.000000,83.333333,100.000000,41.666667,41.666667,41.666667,58.333333,58.333333,8.333333,16.666667,33.333333,66.666667,91.666667,41.666667,41.666667,41.666667,58.333333,58.333333,8.333333,16.666667,33.333333,66.666667,91.666667,25.000000,25.000000,75.000000,83.333333,100.000000,8.333333,16.666667,33.333333,66.666667,91.666667,41.666667,41.666667,41.666667,58.333333,58.333333,25.000000,25.000000,75.000000,83.333333,100.000000,41.666667,41.666667,41.666667,58.333333,58.333333,8.333333,16.666667,33.333333,66.666667,91.666667,25.000000,25.000000,75.000000,83.333333,100.000000,25.000000,25.000000,75.000000,83.333333,100.000000,8.333333,16.666667,41.666667,58.333333,91.666667,0.000000,0.000000,0.000000,0.000000,0.000000,25.000000,41.666667,66.666667,83.333333,100.000000,8.333333,16.666667,33.333333,50.000000,91.666667,0.000000,0.000000,0.000000,0.000000,0.000000,8.333333,16.666667,41.666667,58.333333,91.666667,25.000000,25.000000,75.000000,83.333333,100.000000,0.000000,0.000000,0.000000,0.000000,0.000000
Negative_F2152,0.218750,0.468750,0.312500,0.468750,0.218750,0.312500,0.312500,0.406250,0.281250,0.343750,0.343750,0.312500,0.156250,0.812500,0.031250,0.343750,0.312500,0.343750,0.531250,0.218750,0.250000,0.258065,0.096774,0.322581,0.225806,0.290323,0.161290,0.258065,0.161290,0.258065,0.322581,0.258065,0.193548,0.290323,0.032258,0.032258,0.225806,0.161290,0.258065,0.290323,0.258065,0.064516,18.750000,21.875000,43.750000,81.250000,100.000000,6.250000,25.000000,56.250000,84.375000,96.875000,3.125000,40.625000,50.000000,62.500000,87.500000,12.500000,34.375000,65.625000,87.500000,96.875000,3.125000,9.375000,46.875000,62.500000,100.000000,6.250000,18.750000,40.625000,71.875000,81.250000,3.125000,40.625000,50.000000,62.500000,87.500000,12.500000,34.375000,65.625000,84.375000,96.875000,6.250000,18.750000,28.125000,71.875000,100.000000,12.500000,31.250000,65.625000,90.625000,96.875000,3.125000,21.875000,50.000000,68.750000,100.000000,6.250000,18.750000,40.625000,71.875000,81.250000,18.750000,28.125000,43.750000,71.875000,81.250000,3.125000,31.250000,53.125000,78.125000,100.000000,21.875000,21.875000,21.875000,21.875000,21.875000,6.250000,18.750000,28.125000,71.875000,81.250000,3.125000,40.625000,50.000000,75.000000,93.750000,12.500000,34.375000,65.625000,90.625000,100.000000,3.125000,40.625000,56.250000,75.000000,96.875000,18.750000,21.875000,43.750000,81.250000,100.000000,6.250000,12.500000,34.375000,68.750000,93.750000
Negative_F2170,0.260870,0.608696,0.130435,0.521739,0.043478,0.434783,0.217391,0.521739,0.260870,0.347826,0.217391,0.434783,0.260870,0.739130,0.000000,0.304348,0.304348,0.391304,0.173913,0.260870,0.565217,0.363636,0.136364,0.090909,0.000000,0.545455,0.045455,0.227273,0.181818,0.318182,0.227273,0.409091,0.181818,0.500000,0.000000,0.000000,0.181818,0.272727,0.363636,0.181818,0.136364,0.318182,8.695652,47.826087,65.217391,86.956522,100.000000,17.391304,30.434783,43.478261,69.565217,95.652174,4.347826,4.347826,13.043478,91.304348,91.304348,17.391304,26.086957,43.478261,69.565217,95.652174,4.347826,4.347826,4.347826,4.347826,4.347826,8.695652,39.130435,52.173913,86.956522,100.000000,4.347826,13.043478,39.130435,52.173913,91.304348,17.391304,26.086957,43.478261,69.565217,95.652174,8.695652,47.826087,65.217391,86.956522,100.000000,17.391304,26.086957,60.869565,78.260870,95.652174,4.347826,21.739130,30.434783,43.478261,56.521739,8.695652,39.130435,52.173913,86.956522,100.000000,8.695652,47.826087,65.217391,86.956522,100.000000,4.347826,26.086957,43.478261,69.565217,95.652174,0.000000,0.000000,0.000000,0.000000,0.000000,4.347826,8.695652,65.217391,86.956522,100.000000,13.043478,17.391304,39.130435,60.869565,91.304348,21.739130,34.782609,56.521739,78.260870,95.652174,4.347826,4.347826,13.043478,78.260870,91.304348,8.695652,47.826087,65.217391,86.956522,100.000000,17.391304,30.434783,43.478261,60.869565,95.652174
Negative_F2172,0.464286,0.357143,0.178571,0.321429,0.214286,0.464286,0.250000,0.285714,0.464286,0.250000,0.285714,0.464286,0.357143,0.607143,0.035714,0.500000,0.214286,0.285714,0.285714,0.464286,0.250000,0.407407,0.111111,0.259259,0.296296,0.185185,0.000000,0.222222,0.222222,0.296296,0.222222,0.111111,0.074074,0.333333,0.000000,0.037037,0.222222,0.407407,0.074074,0.259259,0.259259,0.259259,3.571429,14.285714,35.714286,64.285714,100.000000,21.428571,42.857143,60.714286,82.142857,96.428571,32.142857,46.428571,53.571429,78.571429,85.714286,42.857143,60.714286,75.000000,92.857143,100.000000,46.428571,53.571429,57.142857,85.714286,89.285714,3.571429,14.285714,25.000000,35.714286,71.428571,21.428571,28.571429,46.428571,78.571429,85.714286,42.857143,50.000000,67.857143,82.142857,96.428571,3.571429,14.285714,35.714286,64.285714,100.000000,42.857143,50.000000,75.000000,96.428571,100.000000,46.428571,53.571429,67.857143,82.142857,89.285714,3.571429,14.285714,25.000000,35.714286,71.428571,3.571429,10.714286,17.857143,39.285714,71.428571,21.428571,46.428571,60.714286,82.142857,96.428571,100.000000,100.000000,100.000000,100.000000,100.000000,3.571429,14.285714,35.714286,64.285714,85.714286,21.428571,28.571429,32.142857,53.571429,92.857143,42.857143,60.714286,75.000000,89.285714,100.000000,32.142857,42.857143,53.571429,78.571429,96.428571,3.571429,14.285714,35.714286,64.285714,100.000000,21.428571,28.571429,67.857143,82.142857,92.857143
Negative_F2173,0.375000,0.375000,0.250000,0.406250,0.187500,0.406250,0.250000,0.375000,0.375000,0.187500,0.406250,0.406250,0.281250,0.687500,0.031250,0.375000,0.281250,0.343750,0.312500,0.375000,0.312500,0.354839,0.258065,0.225806,0.161290,0.419355,0.129032,0.225806,0.258065,0.354839,0.096774,0.096774,0.451613,0.516129,0.000000,0.064516,0.225806,0.387097,0.258065,0.290323,0.258065,0.322581,9.375000,18.750000,43.750000,75.000000,100.000000,6.250000,40.625000,56.250000,78.125000,93.750000,3.125000,15.625000,28.125000,50.000000,87.500000,6.250000,46.875000,62.500000,81.250000,96.875000,21.875000,28.125000,37.500000,90.625000,100.000000,3.125000,15.625000,34.375000,59.375000,75.000000,3.125000,15.625000,28.125000,50.000000,87.500000,6.250000,40.625000,56.250000,78.125000,93.750000,9.375000,18.750000,43.750000,75.000000,100.000000,6.250000,78.125000,81.250000,93.750000,96.875000,21.875000,37.500000,53.125000,71.875000,100.000000,3.125000,15.625000,34.375000,59.375000,75.000000,9.375000,18.750000,34.375000,59.375000,75.000000,3.125000,31.250000,53.125000,81.250000,100.000000,96.875000,96.875000,96.875000,96.875000,96.875000,9.375000,18.750000,37.500000,65.625000,100.000000,3.125000,21.875000,50.000000,84.375000,93.750000,6.250000,40.625000,56.250000,78.125000,96.875000,3.125000,15.625000,28.125000,68.750000,87.500000,9.375000,18.750000,43.750000,75.000000,100.000000,31.250000,46.875000,56.250000,78.125000,93.750000
Negative_F2178,0.180000,0.480000,0.340000,0.520000,0.240000,0.240000,0.380000,0.420000,0.200000,0.200000,0.560000,0.240000,0.100000,0.860000,0.040000,0.280000,0.280000,0.440000,0.460000,0.180000,0.360000,0.142857,0.102041,0.367347,0.244898,0.285714,0.102041,0.326531,0.122449,0.122449,0.244898,0.122449,0.265306,0.183673,0.020408,0.061224,0.122449,0.265306,0.224490,0.142857,0.448980,0.102041,12.000000,30.000000,80.000000,84.000000,96.000000,4.000000,26.000000,42.000000,74.000000,100.000000,2.000000,24.000000,48.000000,60.000000,94.000000,4.000000,28.000000,50.000000,72.000000,92.000000,2.000000,10.000000,44.000000,56.000000,96.000000,16.000000,24.000000,70.000000,88.000000,100.000000,2.000000,24.000000,54.000000,70.000000,100.000000,4.000000,26.000000,40.000000,66.000000,92.000000,12.000000,30.000000,80.000000,86.000000,98.000000,8.000000,38.000000,52.000000,78.000000,92.000000,2.000000,20.000000,44.000000,60.000000,96.000000,16.000000,24.000000,70.000000,88.000000,100.000000,18.000000,30.000000,62.000000,80.000000,84.000000,2.000000,24.000000,48.000000,72.000000,100.000000,86.000000,86.000000,86.000000,96.000000,96.000000,2.000000,30.000000,48.000000,82.000000,98.000000,10.000000,46.000000,58.000000,72.000000,100.000000,4.000000,22.000000,38.000000,74.000000,92.000000,2.000000,28.000000,48.000000,64.000000,94.000000,12.000000,30.000000,80.000000,84.000000,96.000000,4.000000,22.000000,42.000000,76.000000,100.000000
Negative_F2179,0.216216,0.513514,0.270270,0.540541,0.297297,0.162162,0.324324,0.459459,0.216216,0.459459,0.378378,0.162162,0.081081,0.891892,0.027027,0.324324,0.432432,0.243243,0.486486,0.216216,0.297297,0.194444,0.166667,0.222222,0.361111,0.138889,0.138889,0.250000,0.166667,0.194444,0.388889,0.111111,0.166667,0.138889,0.000000,0.055556,0.250000,0.111111,0.277778,0.194444,0.305556,0.166667,2.702703,8.108108,29.729730,48.648649,83.783784,10.810811,35.135135,67.567568,89.189189,100.000000,5.405405,21.621622,40.540541,62.162162,86.486486,5.405405,18.918919,54.054054,78.378378,97.297297,8.108108,27.027027,45.945946,70.270270,86.486486,2.702703,29.729730,40.540541,72.972973,100.000000,5.405405,21.621622,43.243243,70.270270,100.000000,10.810811,35.135135,64.864865,81.081081,97.297297,2.702703,8.108108,29.729730,48.648649,83.783784,10.810811,35.135135,59.459459,81.081081,97.297297,5.405405,21.621622,43.243243,70.270270,86.486486,2.702703,29.729730,40.540541,72.972973,100.000000,2.702703,2.702703,29.729730,48.648649,48.648649,5.405405,27.027027,56.756757,78.378378,100.000000,37.837838,37.837838,37.837838,37.837838,37.837838,2.702703,27.027027,35.135135,75.675676,97.297297,5.405405,18.918919,45.945946,70.270270,100.000000,8.108108,51.351351,56.756757,78.378378,89.189189,5.405405,32.432432,45.945946,86.486486,97.297297,2.702703,8.108108,29.729730,48.648649,83.783784,10.810811,24.324324,59.459459,78.378378,100.000000
Negative_F2195,0.333333,0.166667,0.500000,0.166667,0.166667,0.666667,0.500000,0.166667,0.333333,0.166667,0.166667,0.666667,0.333333,0.666667,0.000000,0.500000,0.416667,0.083333,0.416667,0.333333,0.250000,0.000000,0.636364,0.272727,0.090909,0.181818,0.272727,0.272727,0.636364,0.000000,0.090909,0.181818,0.272727,0.636364,0.000000,0.000000,0.636364,0.181818,0.000000,0.636364,0.090909,0.000000,41.666667,41.666667,66.666667,83.333333,100.000000,8.333333,8.333333,8.333333,25.000000,25.000000,16.666667,33.333333,50.000000,75.000000,91.666667,8.333333,8.333333,8.333333,25.000000,25.000000,33.333333,33.333333,33.333333,91.666667,91.666667,16.666667,41.666667,58.333333,75.000000,100.000000,16.666667,33.333333,50.000000,75.000000,91.666667,8.333333,8.333333,8.333333,25.000000,25.000000,41.666667,41.666667,66.666667,83.333333,100.000000,8.333333,8.333333,8.333333,25.000000,25.000000,33.333333,33.333333,33.333333,91.666667,91.666667,16.666667,41.666667,58.333333,75.000000,100.000000,41.666667,41.666667,66.666667,83.333333,100.000000,8.333333,16.666667,33.333333,58.333333,91.666667,0.000000,0.000000,0.000000,0.000000,0.000000,16.666667,33.333333,41.666667,83.333333,100.000000,8.333333,50.000000,58.333333,75.000000,91.666667,25.000000,25.000000,25.000000,25.000000,25.000000,33.333333,50.000000,58.333333,75.000000,91.666667,41.666667,41.666667,66.666667,83.333333,100.000000,8.333333,8.333333,16.666667,25.000000,25.000000
Negative_F2198,0.277778,0.277778,0.444444,0.166667,0.333333,0.500000,0.500000,0.166667,0.333333,0.166667,0.333333,0.500000,0.222222,0.777778,0.000000,0.388889,0.444444,0.166667,0.500000,0.277778,0.222222,0.176471,0.294118,0.352941,0.117647,0.176471,0.352941,0.176471,0.352941,0.117647,0.117647,0.176471,0.352941,0.352941,0.000000,0.000000,0.352941,0.117647,0.176471,0.411765,0.352941,0.058824,16.666667,33.333333,61.111111,72.222222,77.777778,5.555556,44.444444,66.666667,83.333333,94.444444,11.111111,22.222222,38.888889,55.555556,100.000000,5.555556,5.555556,66.666667,94.444444,94.444444,11.111111,22.222222,27.777778,55.555556,61.111111,16.666667,44.444444,72.222222,83.333333,100.000000,11.111111,27.777778,44.444444,55.555556,100.000000,5.555556,5.555556,66.666667,94.444444,94.444444,16.666667,33.333333,61.111111,77.777778,83.333333,5.555556,5.555556,66.666667,94.444444,94.444444,11.111111,22.222222,27.777778,55.555556,61.111111,16.666667,44.444444,72.222222,83.333333,100.000000,16.666667,16.666667,33.333333,72.222222,77.777778,5.555556,27.777778,50.000000,83.333333,100.000000,0.000000,0.000000,0.000000,0.000000,0.000000,16.666667,27.777778,61.111111,77.777778,83.333333,11.111111,22.222222,44.444444,55.555556,100.000000,5.555556,5.555556,66.666667,94.444444,94.444444,11.111111,27.777778,50.000000,66.666667,100.000000,16.666667,33.333333,61.111111,72.222222,77.777778,5.555556,5.555556,44.444444,83.333333,94.444444
Negative_F2205,0.400000,0.333333,0.266667,0.400000,0.266667,0.333333,0.266667,0.333333,0.400000,0.333333,0.333333,0.333333,0.333333,0.666667,0.000000,0.533333,0.266667,0.200000,0.400000,0.400000,0.200000,0.428571,0.214286,0.142857,0.357143,0.357143,0.142857,0.142857,0.214286,0.428571,0.285714,0.285714,0.214286,0.500000,0.000000,0.000000,0.428571,0.142857,0.000000,0.357143,0.142857,0.285714,6.666667,26.666667,40.000000,66.666667,86.666667,33.333333,53.333333,73.333333,80.000000,93.333333,13.333333,13.333333,20.000000,46.666667,100.000000,20.000000,33.333333,53.333333,80.000000,93.333333,13.333333,13.333333,46.666667,86.666667,100.000000,6.666667,26.666667,40.000000,60.000000,66.666667,13.333333,13.333333,20.000000,46.666667,100.000000,33.333333,53.333333,73.333333,80.000000,93.333333,6.666667,26.666667,40.000000,66.666667,86.666667,33.333333,53.333333,73.333333,80.000000,93.333333,13.333333,20.000000,46.666667,86.666667,100.000000,6.666667,26.666667,40.000000,60.000000,66.666667,6.666667,26.666667,40.000000,60.000000,66.666667,13.333333,33.333333,53.333333,86.666667,100.000000,0.000000,0.000000,0.000000,0.000000,0.000000,6.666667,26.666667,46.666667,66.666667,100.000000,13.333333,13.333333,20.000000,33.333333,53.333333,80.000000,80.000000,86.666667,93.333333,93.333333,13.333333,20.000000,46.666667,80.000000,100.000000,6.666667,26.666667,40.000000,66.666667,86.666667,33.333333,33.333333,53.333333,93.333333,93.333333
Negative_F2213,0.230769,0.230769,0.538462,0.307692,0.230769,0.461538,0.538462,0.230769,0.230769,0.230769,0.307692,0.461538,0.230769,0.769231,0.000000,0.384615,0.538462,0.076923,0.538462,0.230769,0.230769,0.166667,0.083333,0.250000,0.166667,0.250000,0.166667,0.250000,0.083333,0.166667,0.166667,0.250000,0.166667,0.250000,0.000000,0.000000,0.416667,0.083333,0.083333,0.083333,0.166667,0.166667,46.153846,46.153846,92.307692,100.000000,100.000000,7.692308,7.692308,38.461538,53.846154,53.846154,15.384615,23.076923,61.538462,76.923077,84.615385,7.692308,7.692308,38.461538,53.846154,61.538462,15.384615,15.384615,69.230769,76.923077,76.923077,23.076923,30.769231,46.153846,92.307692,100.000000,15.384615,23.076923,61.538462,76.923077,84.615385,7.692308,7.692308,38.461538,53.846154,53.846154,46.153846,46.153846,92.307692,100.000000,100.000000,7.692308,7.692308,38.461538,53.846154,53.846154,15.384615,15.384615,61.538462,69.230769,76.923077,23.076923,30.769231,46.153846,92.307692,100.000000,46.153846,46.153846,92.307692,100.000000,100.000000,7.692308,23.076923,38.461538,69.230769,84.615385,0.000000,0.000000,0.000000,0.000000,0.000000,7.692308,30.769231,46.153846,92.307692,100.000000,15.384615,23.076923,61.538462,76.923077,84.615385,53.846154,53.846154,53.846154,53.846154,53.846154,7.692308,15.384615,61.538462,76.923077,84.615385,46.153846,46.153846,92.307692,100.000000,100.000000,30.769231,30.769231,38.461538,53.846154,53.846154
Negative_F2222,0.212766,0.531915,0.255319,0.617021,0.191489,0.191489,0.361702,0.425532,0.212766,0.276596,0.531915,0.191489,0.085106,0.893617,0.021277,0.276596,0.382979,0.340426,0.446809,0.212766,0.340426,0.239130,0.108696,0.239130,0.282609,0.195652,0.065217,0.304348,0.173913,0.173913,0.304348,0.130435,0.130435,0.130435,0.000000,0.043478,0.260870,0.173913,0.260870,0.152174,0.195652,0.195652,2.127660,14.893617,48.936170,82.978723,100.000000,4.255319,27.659574,53.191489,78.723404,97.872340,12.765957,29.787234,40.425532,65.957447,74.468085,4.255319,27.659574,55.319149,70.212766,97.872340,10.638298,21.276596,31.914894,48.936170,80.851064,2.127660,42.553191,82.978723,93.617021,100.000000,12.765957,31.914894,44.680851,68.085106,93.617021,4.255319,25.531915,51.063830,76.595745,97.872340,2.127660,14.893617,48.936170,82.978723,100.000000,4.255319,27.659574,51.063830,70.212766,91.489362,6.382979,23.404255,44.680851,68.085106,97.872340,2.127660,42.553191,82.978723,93.617021,100.000000,2.127660,2.127660,82.978723,95.744681,100.000000,4.255319,25.531915,46.808511,72.340426,97.872340,70.212766,70.212766,70.212766,70.212766,70.212766,2.127660,25.531915,38.297872,80.851064,100.000000,12.765957,29.787234,44.680851,68.085106,93.617021,4.255319,21.276596,59.574468,78.723404,97.872340,12.765957,31.914894,46.808511,68.085106,91.489362,2.127660,14.893617,48.936170,82.978723,100.000000,4.255319,17.021277,53.191489,76.595745,97.872340
Negative_F2243,0.380952,0.333333,0.285714,0.238095,0.190476,0.571429,0.333333,0.238095,0.428571,0.238095,0.190476,0.571429,0.285714,0.666667,0.047619,0.571429,0.285714,0.142857,0.523810,0.380952,0.095238,0.400000,0.200000,0.150000,0.100000,0.300000,0.300000,0.150000,0.250000,0.250000,0.100000,0.300000,0.300000,0.550000,0.050000,0.050000,0.200000,0.200000,0.100000,0.450000,0.000000,0.150000,19.047619,28.571429,61.904762,80.952381,95.238095,14.285714,33.333333,57.142857,90.476190,100.000000,4.761905,9.523810,23.809524,42.857143,76.190476,14.285714,33.333333,52.380952,57.142857,71.428571,23.809524,23.809524,38.095238,66.666667,85.714286,4.761905,19.047619,47.619048,80.952381,100.000000,4.761905,9.523810,38.095238,76.190476,100.000000,14.285714,33.333333,52.380952,57.142857,71.428571,19.047619,47.619048,66.666667,85.714286,95.238095,14.285714,33.333333,52.380952,57.142857,71.428571,23.809524,23.809524,38.095238,66.666667,85.714286,4.761905,19.047619,47.619048,80.952381,100.000000,19.047619,28.571429,47.619048,80.952381,95.238095,4.761905,23.809524,42.857143,71.428571,100.000000,85.714286,85.714286,85.714286,85.714286,85.714286,19.047619,28.571429,57.142857,80.952381,95.238095,4.761905,9.523810,38.095238,76.190476,100.000000,14.285714,14.285714,52.380952,71.428571,71.428571,4.761905,14.285714,38.095238,57.142857,76.190476,19.047619,28.571429,61.904762,80.952381,95.238095,90.476190,90.476190,90.476190,100.000000,100.000000
Negative_F2246,0.266667,0.333333,0.400000,0.133333,0.466667,0.400000,0.533333,0.133333,0.333333,0.133333,0.466667,0.400000,0.133333,0.866667,0.000000,0.333333,0.400000,0.266667,0.466667,0.266667,0.266667,0.214286,0.357143,0.142857,0.071429,0.142857,0.428571,0.142857,0.500000,0.071429,0.071429,0.142857,0.428571,0.285714,0.000000,0.000000,0.285714,0.000000,0.357143,0.428571,0.214286,0.142857,13.333333,13.333333,46.666667,73.333333,86.666667,40.000000,60.000000,66.666667,93.333333,100.000000,6.666667,20.000000,26.666667,53.333333,80.000000,66.666667,66.666667,66.666667,100.000000,100.000000,6.666667,13.333333,33.333333,73.333333,80.000000,20.000000,40.000000,46.666667,86.666667,93.333333,6.666667,20.000000,33.333333,60.000000,93.333333,66.666667,66.666667,66.666667,100.000000,100.000000,13.333333,40.000000,46.666667,73.333333,86.666667,66.666667,66.666667,66.666667,100.000000,100.000000,6.666667,13.333333,33.333333,73.333333,80.000000,20.000000,40.000000,46.666667,86.666667,93.333333,46.666667,46.666667,46.666667,86.666667,86.666667,6.666667,26.666667,53.333333,73.333333,100.000000,0.000000,0.000000,0.000000,0.000000,0.000000,26.666667,33.333333,40.000000,46.666667,86.666667,6.666667,20.000000,53.333333,80.000000,93.333333,13.333333,13.333333,66.666667,73.333333,100.000000,6.666667,20.000000,33.333333,66.666667,80.000000,13.333333,13.333333,46.666667,73.333333,86.666667,40.000000,40.000000,60.000000,93.333333,100.000000
Negative_F2260,0.310559,0.459627,0.229814,0.465839,0.279503,0.254658,0.260870,0.397516,0.341615,0.428571,0.316770,0.254658,0.111801,0.770186,0.118012,0.372671,0.242236,0.385093,0.453416,0.310559,0.236025,0.237500,0.168750,0.200000,0.262500,0.275000,0.168750,0.237500,0.193750,0.225000,0.281250,0.243750,0.200000,0.168750,0.043750,0.181250,0.150000,0.318750,0.218750,0.287500,0.218750,0.118750,0.621118,26.086957,44.099379,68.944099,99.378882,1.863354,25.465839,52.173913,75.155280,98.757764,1.242236,23.602484,50.310559,78.260870,100.000000,1.863354,27.950311,52.795031,74.534161,98.136646,0.621118,30.434783,61.490683,79.503106,99.378882,2.484472,19.254658,39.751553,68.322981,100.000000,1.242236,21.118012,44.720497,77.639752,100.000000,1.863354,27.950311,52.795031,74.534161,98.136646,0.621118,22.981366,46.583851,78.881988,99.378882,1.863354,31.055901,54.037267,74.534161,98.136646,0.621118,22.981366,52.173913,79.503106,99.378882,2.484472,19.254658,39.751553,68.322981,100.000000,6.832298,22.360248,42.857143,68.322981,91.925466,0.621118,25.465839,51.552795,75.776398,100.000000,6.211180,22.981366,42.236025,73.913043,99.378882,0.621118,26.086957,58.385093,79.503106,99.378882,1.242236,19.875776,45.341615,77.639752,100.000000,1.863354,27.950311,51.552795,71.428571,94.409938,1.242236,32.919255,57.142857,77.018634,100.000000,0.621118,26.086957,44.099379,68.944099,99.378882,1.863354,11.801242,37.267081,75.155280,98.757764
Negative_F2261,0.348387,0.445161,0.206452,0.477419,0.258065,0.264516,0.245161,0.380645,0.374194,0.451613,0.283871,0.264516,0.122581,0.748387,0.129032,0.354839,0.225806,0.419355,0.419355,0.348387,0.232258,0.259740,0.162338,0.168831,0.246753,0.285714,0.162338,0.201299,0.194805,0.227273,0.279221,0.266234,0.181818,0.181818,0.038961,0.175325,0.142857,0.305195,0.214286,0.285714,0.240260,0.136364,0.645161,27.741935,44.516129,70.322581,99.354839,1.935484,22.580645,50.322581,73.548387,98.709677,1.290323,26.451613,57.419355,78.709677,100.000000,2.580645,25.161290,50.322581,73.548387,99.354839,0.645161,27.741935,49.032258,68.387097,97.419355,1.935484,23.225806,47.741935,81.935484,100.000000,1.290323,24.516129,48.387097,77.419355,100.000000,2.580645,25.161290,50.967742,73.548387,96.129032,0.645161,27.741935,47.741935,79.354839,99.354839,2.580645,25.806452,50.967742,73.548387,99.354839,0.645161,26.451613,49.032258,68.387097,97.419355,1.935484,23.225806,47.741935,81.935484,100.000000,12.903226,23.225806,47.741935,80.000000,98.064516,1.290323,25.806452,50.967742,74.193548,100.000000,0.645161,16.129032,39.354839,78.064516,99.354839,0.645161,27.741935,57.419355,81.935484,98.709677,1.290323,23.870968,47.096774,76.774194,100.000000,2.580645,25.161290,50.322581,71.612903,99.354839,1.290323,30.967742,51.612903,76.129032,100.000000,0.645161,27.741935,44.516129,70.322581,99.354839,1.935484,12.258065,47.096774,74.193548,98.709677
Negative_F2263,0.359477,0.424837,0.215686,0.450980,0.281046,0.267974,0.254902,0.366013,0.379085,0.424837,0.307190,0.267974,0.130719,0.732026,0.137255,0.366013,0.248366,0.385621,0.437908,0.359477,0.202614,0.263158,0.177632,0.171053,0.256579,0.269737,0.184211,0.210526,0.203947,0.223684,0.269737,0.243421,0.210526,0.197368,0.039474,0.190789,0.171053,0.296053,0.243421,0.309211,0.210526,0.131579,0.653595,26.797386,47.058824,77.777778,99.346405,1.960784,24.836601,50.326797,73.202614,98.692810,1.307190,25.490196,56.862745,78.431373,100.000000,2.614379,28.758170,51.633987,73.856209,99.346405,0.653595,22.875817,47.712418,67.973856,96.732026,1.960784,22.222222,47.058824,81.699346,100.000000,1.307190,22.875817,47.712418,77.124183,100.000000,2.614379,26.143791,50.980392,73.202614,96.078431,0.653595,26.797386,47.058824,79.084967,99.346405,2.614379,29.411765,52.287582,73.856209,99.346405,0.653595,19.607843,47.712418,67.973856,96.732026,1.960784,22.222222,47.058824,81.699346,100.000000,11.764706,22.222222,47.058824,79.738562,98.039216,1.307190,25.490196,50.326797,73.856209,100.000000,0.653595,17.647059,39.215686,77.777778,99.346405,0.653595,26.797386,56.209150,79.738562,98.692810,1.307190,19.607843,45.098039,73.856209,100.000000,2.614379,27.450980,50.980392,74.509804,99.346405,1.307190,29.411765,50.980392,75.816993,100.000000,0.653595,26.797386,47.058824,77.777778,99.346405,1.960784,13.071895,49.673203,75.163399,98.692810
Negative_F2266,0.303030,0.363636,0.333333,0.333333,0.303030,0.363636,0.363636,0.272727,0.363636,0.272727,0.363636,0.363636,0.242424,0.757576,0.000000,0.424242,0.303030,0.272727,0.454545,0.303030,0.242424,0.125000,0.281250,0.187500,0.218750,0.218750,0.312500,0.156250,0.312500,0.156250,0.156250,0.156250,0.375000,0.406250,0.000000,0.000000,0.343750,0.250000,0.187500,0.281250,0.250000,0.125000,3.030303,12.121212,30.303030,42.424242,96.969697,45.454545,54.545455,72.727273,81.818182,93.939394,9.090909,18.181818,39.393939,66.666667,100.000000,9.090909,45.454545,60.606061,75.757576,87.878788,12.121212,27.272727,39.393939,66.666667,100.000000,3.030303,15.151515,36.363636,81.818182,96.969697,9.090909,18.181818,39.393939,66.666667,100.000000,45.454545,54.545455,69.696970,75.757576,87.878788,3.030303,12.121212,33.333333,57.575758,96.969697,45.454545,54.545455,69.696970,75.757576,87.878788,9.090909,18.181818,33.333333,63.636364,100.000000,3.030303,15.151515,36.363636,81.818182,96.969697,3.030303,6.060606,30.303030,42.424242,96.969697,9.090909,33.333333,60.606061,78.787879,100.000000,0.000000,0.000000,0.000000,0.000000,0.000000,3.030303,24.242424,39.393939,75.757576,96.969697,9.090909,21.212121,48.484848,90.909091,100.000000,12.121212,45.454545,54.545455,69.696970,87.878788,9.090909,21.212121,51.515152,75.757576,100.000000,3.030303,12.121212,30.303030,42.424242,96.969697,45.454545,54.545455,72.727273,81.818182,93.939394
Negative_F2272,0.149254,0.388060,0.462687,0.447761,0.358209,0.194030,0.477612,0.343284,0.179104,0.298507,0.507463,0.194030,0.059701,0.895522,0.044776,0.417910,0.313433,0.268657,0.626866,0.149254,0.223881,0.121212,0.060606,0.439394,0.348485,0.212121,0.075758,0.363636,0.106061,0.136364,0.318182,0.121212,0.166667,0.106061,0.015152,0.075758,0.242424,0.257576,0.181818,0.106061,0.303030,0.075758,2.985075,29.850746,32.835821,59.701493,85.074627,4.477612,37.313433,52.238806,77.611940,100.000000,1.492537,17.910448,50.746269,79.104478,98.507463,4.477612,38.805970,53.731343,80.597015,100.000000,5.970149,14.925373,31.343284,62.686567,94.029851,1.492537,29.850746,58.208955,85.074627,98.507463,1.492537,17.910448,50.746269,74.626866,98.507463,4.477612,37.313433,52.238806,77.611940,100.000000,2.985075,26.865672,32.835821,59.701493,97.014925,7.462687,37.313433,52.238806,77.611940,100.000000,4.477612,17.910448,41.791045,67.164179,94.029851,1.492537,29.850746,58.208955,85.074627,98.507463,2.985075,2.985075,29.850746,58.208955,85.074627,1.492537,23.880597,50.746269,76.119403,100.000000,31.343284,31.343284,34.328358,70.149254,70.149254,1.492537,17.910448,31.343284,59.701493,97.014925,8.955224,40.298507,56.716418,82.089552,98.507463,4.477612,41.791045,61.194030,80.597015,100.000000,8.955224,23.880597,53.731343,80.597015,100.000000,2.985075,29.850746,32.835821,59.701493,85.074627,1.492537,26.865672,49.253731,73.134328,97.014925
Negative_F2277,0.225806,0.516129,0.258065,0.591398,0.150538,0.258065,0.279570,0.419355,0.301075,0.322581,0.419355,0.258065,0.118280,0.795699,0.086022,0.365591,0.290323,0.344086,0.430108,0.225806,0.344086,0.282609,0.086957,0.260870,0.195652,0.347826,0.065217,0.239130,0.086957,0.304348,0.315217,0.195652,0.217391,0.195652,0.021739,0.152174,0.184783,0.293478,0.163043,0.206522,0.239130,0.163043,2.150538,22.580645,51.612903,78.494624,98.924731,1.075269,20.430108,46.236559,67.741935,100.000000,9.677419,29.032258,53.763441,82.795699,96.774194,1.075269,24.731183,49.462366,74.193548,100.000000,21.505376,36.559140,59.139785,89.247312,96.774194,2.150538,19.354839,40.860215,62.365591,92.473118,9.677419,29.032258,53.763441,82.795699,96.774194,1.075269,18.279570,45.161290,66.666667,100.000000,2.150538,22.580645,51.612903,79.569892,98.924731,1.075269,30.107527,46.236559,74.193548,98.924731,3.225806,27.956989,54.838710,80.645161,100.000000,2.150538,19.354839,40.860215,62.365591,92.473118,2.150538,15.053763,38.709677,62.365591,81.720430,1.075269,26.881720,49.462366,74.193548,100.000000,21.505376,30.107527,73.118280,86.021505,98.924731,2.150538,38.709677,62.365591,84.946237,97.849462,9.677419,29.032258,48.387097,69.892473,94.623656,1.075269,11.827957,37.634409,63.440860,100.000000,1.075269,31.182796,53.763441,76.344086,97.849462,2.150538,22.580645,51.612903,78.494624,98.924731,3.225806,17.204301,45.161290,66.666667,100.000000
Negative_F2285,0.322368,0.407895,0.269737,0.375000,0.368421,0.256579,0.335526,0.309211,0.355263,0.335526,0.407895,0.256579,0.092105,0.815789,0.092105,0.322368,0.315789,0.361842,0.394737,0.322368,0.282895,0.291391,0.165563,0.264901,0.317881,0.185430,0.205298,0.225166,0.231788,0.238411,0.311258,0.165563,0.225166,0.185430,0.000000,0.145695,0.205298,0.245033,0.205298,0.264901,0.251656,0.192053,1.973684,38.815789,56.578947,79.605263,100.000000,1.315789,23.684211,50.657895,73.026316,98.684211,0.657895,17.105263,38.157895,65.789474,99.342105,1.315789,23.684211,45.394737,70.394737,96.052632,1.973684,22.368421,49.342105,79.605263,100.000000,0.657895,34.210526,55.921053,72.368421,98.684211,0.657895,17.105263,46.052632,72.368421,99.342105,1.315789,19.736842,45.394737,70.394737,96.052632,1.973684,38.815789,57.236842,79.605263,100.000000,1.315789,23.026316,46.710526,71.710526,96.052632,1.973684,23.684211,48.684211,79.605263,100.000000,0.657895,34.210526,55.921053,72.368421,98.684211,3.947368,24.342105,53.289474,68.421053,89.473684,0.657895,23.026316,50.657895,76.973684,100.000000,16.447368,30.263158,41.447368,62.500000,84.210526,0.657895,24.342105,46.710526,68.421053,100.000000,5.263158,21.710526,53.947368,74.342105,99.342105,2.631579,27.631579,50.657895,80.921053,97.368421,1.315789,20.394737,46.052632,77.631579,99.342105,1.973684,38.815789,56.578947,79.605263,100.000000,0.657895,19.736842,50.000000,69.736842,98.684211
